setting,seed,truth,estimate,se,covers
"ER, mean, oracle",0,1.491,1.4828279912208029,0.06436088231954196,True
"ER, mean, linear (correct)",0,1.491,1.4856010271622684,0.06504686421189518,True
"ER, sum, oracle",0,2.9985,2.954241919240322,0.1361711326070427,True
"BA (hubs), mean, oracle",0,1.5,1.3809160079319205,0.10996088024906403,True
"BA (hubs), mean, linear (correct)",0,1.5,1.391669379518484,0.09649582682934683,True
"BA (hubs), sum, oracle",0,2.998,2.87728478619046,0.17694281140660964,True
"flu_town (n=3000), HGB",0,-4.943333333333333,-4.351959033784682,0.5968064331185313,True
"referral_app (n=4000), HGB",0,52.0,52.74025000878963,1.9083705656062955,True
"ER, mean, oracle",1,1.49025,1.4069970084328722,0.09430480664605308,True
"ER, mean, linear (correct)",1,1.49025,1.4425395298629216,0.07770573806716136,True
"ER, sum, oracle",1,2.983,2.7666157412908143,0.20697975714143496,True
"BA (hubs), mean, oracle",1,1.5,1.5153709420461703,0.09553872788289883,True
"BA (hubs), mean, linear (correct)",1,1.5,1.5215220651551697,0.10279256867483459,True
"BA (hubs), sum, oracle",1,2.998,3.080975821158179,0.1811210045638962,True
"flu_town (n=3000), HGB",1,-4.922000000000001,-4.953911736543903,0.589867385870973,True
"referral_app (n=4000), HGB",1,52.0,51.24613442161858,1.628042576149647,True
"ER, mean, oracle",2,1.49075,1.4822466329312696,0.0825709000274974,True
"ER, mean, linear (correct)",2,1.49075,1.4961798519856706,0.0774847577333669,True
"ER, sum, oracle",2,3.0315,3.12411546589955,0.15296002208154533,True
"BA (hubs), mean, oracle",2,1.5,1.4524214552997794,0.08997842978389138,True
"BA (hubs), mean, linear (correct)",2,1.5,1.4575099571900507,0.08635938835261582,True
"BA (hubs), sum, oracle",2,2.998,2.8715264074371367,0.14958137499953722,True
"flu_town (n=3000), HGB",2,-4.876666666666667,-5.866668839522482,0.4931459238864125,False
"referral_app (n=4000), HGB",2,52.0,52.933616016254966,1.6199174504159586,True
"ER, mean, oracle",3,1.492,1.4401256859724842,0.06778516602772307,True
"ER, mean, linear (correct)",3,1.492,1.4405649761796249,0.06864187835884011,True
"ER, sum, oracle",3,3.001,2.9561846021540052,0.1428268145932208,True
"BA (hubs), mean, oracle",3,1.5,1.4855590765459963,0.11883112851125449,True
"BA (hubs), mean, linear (correct)",3,1.5,1.466555813935867,0.11480683547626983,True
"BA (hubs), sum, oracle",3,2.998,2.9765048942525385,0.20064486496784076,True
"flu_town (n=3000), HGB",3,-4.948333333333333,-4.51767949634068,0.4950703111786851,True
"referral_app (n=4000), HGB",3,52.0,55.16001746624769,1.8072224783160993,True
"ER, mean, oracle",4,1.4865,1.5822880474937562,0.08415202737088279,True
"ER, mean, linear (correct)",4,1.4865,1.587025084739882,0.08256520914531183,True
"ER, sum, oracle",4,2.917,3.096678452322406,0.16193020088689336,True
"BA (hubs), mean, oracle",4,1.5,1.6324310383884741,0.09940686681810819,True
"BA (hubs), mean, linear (correct)",4,1.5,1.6579629793146524,0.10221647715591149,True
"BA (hubs), sum, oracle",4,2.998,3.1834572418543186,0.17168970045761497,True
"flu_town (n=3000), HGB",4,-4.975666666666667,-4.852642897169247,0.6242650751803752,True
"referral_app (n=4000), HGB",4,52.0,52.20623600207933,2.2013843063166805,True
"ER, mean, oracle",5,1.491,1.5211721031630194,0.07377933318273683,True
"ER, mean, linear (correct)",5,1.491,1.5225010032350232,0.07931891138828039,True
"ER, sum, oracle",5,2.956,3.016373566769094,0.12722606110333456,True
"BA (hubs), mean, oracle",5,1.5,1.3678346256565463,0.08558946083506826,True
"BA (hubs), mean, linear (correct)",5,1.5,1.36298506410156,0.08364894880106409,True
"BA (hubs), sum, oracle",5,2.998,2.7670363796259756,0.14578208294764725,True
"flu_town (n=3000), HGB",5,-4.929,-5.569923381893413,0.5603633027000469,True
"referral_app (n=4000), HGB",5,52.0,51.09400988803132,1.6667087446060609,True
"ER, mean, oracle",6,1.4905,1.4406911588861449,0.07415667282293498,True
"ER, mean, linear (correct)",6,1.4905,1.4418000318674353,0.07562274679288712,True
"ER, sum, oracle",6,3.0245,2.8934411016952404,0.1379575793446921,True
"BA (hubs), mean, oracle",6,1.5,1.4530130300527648,0.08938636952289038,True
"BA (hubs), mean, linear (correct)",6,1.5,1.4398442635426236,0.09746572899376449,True
"BA (hubs), sum, oracle",6,2.998,2.7693227650521197,0.15584071729569843,True
"flu_town (n=3000), HGB",6,-4.975333333333333,-5.397091642060831,0.5151504091883509,True
"referral_app (n=4000), HGB",6,52.0,51.252707590301206,1.6688510392722498,True
"ER, mean, oracle",7,1.48875,1.4443765221296307,0.060058966797260825,True
"ER, mean, linear (correct)",7,1.48875,1.431893740590294,0.06406280215680006,True
"ER, sum, oracle",7,2.9524999999999997,2.834754780081199,0.12482282733555775,True
"BA (hubs), mean, oracle",7,1.5,1.4428395735855528,0.10080629356104726,True
"BA (hubs), mean, linear (correct)",7,1.5,1.4532063185582285,0.09743067786690317,True
"BA (hubs), sum, oracle",7,2.998,2.887849916677625,0.16702039721839282,True
"flu_town (n=3000), HGB",7,-4.8740000000000006,-4.626038329601442,0.5822276413230006,True
"referral_app (n=4000), HGB",7,52.0,52.88489944083979,1.7272849224671445,True
"ER, mean, oracle",8,1.492,1.3731481207274072,0.08825004888034055,True
"ER, mean, linear (correct)",8,1.492,1.3844577486553025,0.09482507025954608,True
"ER, sum, oracle",8,3.0105,2.920422414488441,0.16463209237815787,True
"BA (hubs), mean, oracle",8,1.5,1.580721321168381,0.1036597928673462,True
"BA (hubs), mean, linear (correct)",8,1.5,1.5729490153336116,0.10326447059478133,True
"BA (hubs), sum, oracle",8,2.998,3.111541649415221,0.17618026250567348,True
"flu_town (n=3000), HGB",8,-4.9863333333333335,-4.49923565729975,0.5041138290023148,True
"referral_app (n=4000), HGB",8,52.0,50.676871929234146,1.690386797288182,True
"ER, mean, oracle",9,1.49225,1.3804012082185606,0.07490261031991864,True
"ER, mean, linear (correct)",9,1.49225,1.3854141014357357,0.07538612385275886,True
"ER, sum, oracle",9,2.9604999999999997,2.7521127985293923,0.1624026880954907,True
"BA (hubs), mean, oracle",9,1.5,1.5190070103909867,0.09013640949698748,True
"BA (hubs), mean, linear (correct)",9,1.5,1.517079424794136,0.08945886731445674,True
"BA (hubs), sum, oracle",9,2.998,2.978014734817943,0.15066362946501646,True
"flu_town (n=3000), HGB",9,-4.9286666666666665,-5.048925558773263,0.6291609752587911,True
"referral_app (n=4000), HGB",9,52.0,54.3552492240195,1.8482137687084472,True
"ER, mean, oracle",10,1.49075,1.3212692631387328,0.08996596355772975,True
"ER, mean, linear (correct)",10,1.49075,1.3180835792920407,0.08416000863092372,False
"ER, sum, oracle",10,2.948,2.715744239992084,0.15469514622797476,True
"BA (hubs), mean, oracle",10,1.5,1.621231065161978,0.07886780932948514,True
"BA (hubs), mean, linear (correct)",10,1.5,1.60714924129506,0.07818242103158465,True
"BA (hubs), sum, oracle",10,2.998,3.234604344701257,0.12593970898730739,True
"flu_town (n=3000), HGB",10,-4.9399999999999995,-5.358833910761852,0.662009869502638,True
"referral_app (n=4000), HGB",10,52.0,55.19540853074325,1.6125449657891917,False
"ER, mean, oracle",11,1.49025,1.4466141746692622,0.09078308785742216,True
"ER, mean, linear (correct)",11,1.49025,1.4477711242367741,0.08466320344356092,True
"ER, sum, oracle",11,3.012,2.927636454049416,0.16290904080720975,True
"BA (hubs), mean, oracle",11,1.5,1.5186838843942587,0.09978806154463227,True
"BA (hubs), mean, linear (correct)",11,1.5,1.539754914867404,0.09939106913694779,True
"BA (hubs), sum, oracle",11,2.998,2.9973210475360608,0.17470037751480577,True
"flu_town (n=3000), HGB",11,-4.942666666666667,-5.100096931904098,0.6606431414200928,True
"referral_app (n=4000), HGB",11,52.0,51.456356629011495,1.706036693101242,True
"ER, mean, oracle",12,1.491,1.4885530572102197,0.07723462748869266,True
"ER, mean, linear (correct)",12,1.491,1.49720114507555,0.07302463642587813,True
"ER, sum, oracle",12,2.9615,3.040122821681149,0.13936816548730355,True
"BA (hubs), mean, oracle",12,1.5,1.692173905086253,0.10246486790744945,True
"BA (hubs), mean, linear (correct)",12,1.5,1.7071444042219857,0.09196325576041608,False
"BA (hubs), sum, oracle",12,2.998,3.3905057516137513,0.17065851619388803,False
"flu_town (n=3000), HGB",12,-4.911,-3.952121910008545,0.5027857446168013,True
"referral_app (n=4000), HGB",12,52.0,52.31052707637748,1.6756175491953298,True
"ER, mean, oracle",13,1.4917500000000001,1.4479410968895123,0.07261406804319043,True
"ER, mean, linear (correct)",13,1.4917500000000001,1.4504232501235432,0.07639960404437247,True
"ER, sum, oracle",13,2.9995000000000003,2.874626416270721,0.148336425071115,True
"BA (hubs), mean, oracle",13,1.5,1.3782156084193717,0.11161167746440853,True
"BA (hubs), mean, linear (correct)",13,1.5,1.3814427979920014,0.1038780143022897,True
"BA (hubs), sum, oracle",13,2.998,2.7830775807698065,0.19983503038224307,True
"flu_town (n=3000), HGB",13,-4.940333333333333,-5.513943715498632,0.6657534491030433,True
"referral_app (n=4000), HGB",13,52.0,53.49481023993243,1.9244755030480558,True
"ER, mean, oracle",14,1.49075,1.6150622511153792,0.0754302913651973,True
"ER, mean, linear (correct)",14,1.49075,1.6350145936919818,0.07475306646960318,True
"ER, sum, oracle",14,2.99,3.2358634266203286,0.14031826262101227,True
"BA (hubs), mean, oracle",14,1.5,1.605507742165824,0.11385469039660878,True
"BA (hubs), mean, linear (correct)",14,1.5,1.5972525085452083,0.11007545295449248,True
"BA (hubs), sum, oracle",14,2.998,3.207339080289012,0.19032304357846727,True
"flu_town (n=3000), HGB",14,-4.877,-5.363856686259729,0.519852295160108,True
"referral_app (n=4000), HGB",14,52.0,51.544214973540974,1.660014854960736,True
"ER, mean, oracle",15,1.48825,1.6432180551005744,0.06737129919382948,False
"ER, mean, linear (correct)",15,1.48825,1.6397952655986452,0.06773265311182819,False
"ER, sum, oracle",15,2.9779999999999998,3.291796816193274,0.1322237138916067,False
"BA (hubs), mean, oracle",15,1.5,1.5981512074801891,0.11886038051266558,True
"BA (hubs), mean, linear (correct)",15,1.5,1.5889246646595345,0.12199609261131142,True
"BA (hubs), sum, oracle",15,2.998,3.141408281135673,0.19516540734571602,True
"flu_town (n=3000), HGB",15,-4.930666666666667,-4.800479975302203,0.5812659283388767,True
"referral_app (n=4000), HGB",15,52.0,56.718073743015424,2.3118941345650557,False
"ER, mean, oracle",16,1.4935,1.4018840635693433,0.06718125550149136,True
"ER, mean, linear (correct)",16,1.4935,1.382327016249276,0.07237973012253113,True
"ER, sum, oracle",16,2.9835000000000003,2.797100666171531,0.1448710782794222,True
"BA (hubs), mean, oracle",16,1.5,1.5427952639729594,0.09289262168882265,True
"BA (hubs), mean, linear (correct)",16,1.5,1.5407094074089553,0.08925179509130461,True
"BA (hubs), sum, oracle",16,2.998,3.0156382818840566,0.15896438091302661,True
"flu_town (n=3000), HGB",16,-4.913666666666667,-4.67535191045069,0.43620142944356305,True
"referral_app (n=4000), HGB",16,52.0,47.496465927906904,1.8873970399856799,False
"ER, mean, oracle",17,1.4905,1.5169782325316472,0.05913812071115114,True
"ER, mean, linear (correct)",17,1.4905,1.4882252484124132,0.06823801667061624,True
"ER, sum, oracle",17,2.9875,3.025269130484401,0.12645271560448423,True
"BA (hubs), mean, oracle",17,1.5,1.532748015148326,0.08601440209678139,True
"BA (hubs), mean, linear (correct)",17,1.5,1.5372156397802086,0.09894899306145279,True
"BA (hubs), sum, oracle",17,2.998,3.034001782601584,0.14435682467159178,True
"flu_town (n=3000), HGB",17,-4.916,-4.8560175133263055,0.6125245696687966,True
"referral_app (n=4000), HGB",17,52.0,51.36425635715068,2.2245648709384964,True
"ER, mean, oracle",18,1.49125,1.5974518674971203,0.07701679561799615,True
"ER, mean, linear (correct)",18,1.49125,1.597487226609095,0.07455283063859341,True
"ER, sum, oracle",18,3.0195,3.232666729486394,0.14748550085758952,True
"BA (hubs), mean, oracle",18,1.5,1.5341547822532091,0.09621114092557288,True
"BA (hubs), mean, linear (correct)",18,1.5,1.5276019341996632,0.09656547780354029,True
"BA (hubs), sum, oracle",18,2.998,3.112631943847078,0.16738664799375047,True
"flu_town (n=3000), HGB",18,-4.956666666666667,-4.920034572070408,0.5322785846360283,True
"referral_app (n=4000), HGB",18,52.0,53.011491039694924,1.7528317136650535,True
"ER, mean, oracle",19,1.49075,1.5770928831962012,0.06646842471769512,True
"ER, mean, linear (correct)",19,1.49075,1.575220692758022,0.06920290155379497,True
"ER, sum, oracle",19,2.9530000000000003,3.131268915794915,0.13503773366754948,True
"BA (hubs), mean, oracle",19,1.5,1.4852574050599299,0.08515101108830536,True
"BA (hubs), mean, linear (correct)",19,1.5,1.4863705920592898,0.08773894613437294,True
"BA (hubs), sum, oracle",19,2.998,3.011549051821553,0.1504667767033138,True
"flu_town (n=3000), HGB",19,-4.961666666666666,-5.97384750620904,0.635301911693842,True
"referral_app (n=4000), HGB",19,52.0,47.75835450026846,1.4728736324123723,False
"ER, mean, oracle",20,1.4885,1.5618171350722374,0.08167831535121584,True
"ER, mean, linear (correct)",20,1.4885,1.5620583704015558,0.0818122235407075,True
"ER, sum, oracle",20,2.9905,3.161610213564301,0.16900258628714948,True
"BA (hubs), mean, oracle",20,1.5,1.573101817132259,0.08312474710295657,True
"BA (hubs), mean, linear (correct)",20,1.5,1.573759994274306,0.08647492659451922,True
"BA (hubs), sum, oracle",20,2.998,3.0608931399965122,0.14422971713681965,True
"flu_town (n=3000), HGB",20,-4.961666666666666,-6.127101730589011,0.5706844573709308,False
"referral_app (n=4000), HGB",20,52.0,51.45899081006394,1.8488085815644517,True
"ER, mean, oracle",21,1.48875,1.482058476082327,0.08461284133680222,True
"ER, mean, linear (correct)",21,1.48875,1.4659190878581136,0.08075723752517674,True
"ER, sum, oracle",21,2.9835000000000003,2.9464131983039765,0.1537815843690493,True
"BA (hubs), mean, oracle",21,1.5,1.4610732428303024,0.08971591725201265,True
"BA (hubs), mean, linear (correct)",21,1.5,1.431536706351151,0.08966298482483692,True
"BA (hubs), sum, oracle",21,2.998,2.9214061984444424,0.14682455239521042,True
"flu_town (n=3000), HGB",21,-4.970666666666666,-4.834595185578376,0.4712005491276879,True
"referral_app (n=4000), HGB",21,52.0,51.945514223231335,2.0832004790453063,True
"ER, mean, oracle",22,1.48975,1.5243026051000288,0.08320534331999262,True
"ER, mean, linear (correct)",22,1.48975,1.5265819719186802,0.07904899512731825,True
"ER, sum, oracle",22,2.9825,3.082815080607449,0.15762047977845098,True
"BA (hubs), mean, oracle",22,1.5,1.4534239333884098,0.11236671529901086,True
"BA (hubs), mean, linear (correct)",22,1.5,1.4603373571912264,0.10821514622582855,True
"BA (hubs), sum, oracle",22,2.998,2.9582146141927383,0.1804383772998544,True
"flu_town (n=3000), HGB",22,-4.930666666666667,-4.736210944664797,0.4311549605095089,True
"referral_app (n=4000), HGB",22,52.0,52.0868771817133,1.701410556464913,True
"ER, mean, oracle",23,1.49025,1.5133277141312955,0.06872196633431925,True
"ER, mean, linear (correct)",23,1.49025,1.5187514132044178,0.07134577014176295,True
"ER, sum, oracle",23,2.979,3.059393694397432,0.12793258208625008,True
"BA (hubs), mean, oracle",23,1.5,1.4458080105814075,0.09869882650155674,True
"BA (hubs), mean, linear (correct)",23,1.5,1.4441136504663172,0.10593532368681785,True
"BA (hubs), sum, oracle",23,2.998,2.9111425177511903,0.16602032341539985,True
"flu_town (n=3000), HGB",23,-4.889333333333333,-5.580479346318094,0.5364249812545434,True
"referral_app (n=4000), HGB",23,52.0,51.787510167494986,1.790260193420464,True
"ER, mean, oracle",24,1.48925,1.5682035139706487,0.06629337051811932,True
"ER, mean, linear (correct)",24,1.48925,1.5923276151651378,0.07299391991115825,True
"ER, sum, oracle",24,2.925,3.0442296170178444,0.12917129397073562,True
"BA (hubs), mean, oracle",24,1.5,1.531708225486408,0.09808368367857197,True
"BA (hubs), mean, linear (correct)",24,1.5,1.512697644025358,0.10162167741167709,True
"BA (hubs), sum, oracle",24,2.998,3.0691813289424212,0.1795032087670774,True
"flu_town (n=3000), HGB",24,-4.9206666666666665,-4.741627035205354,0.575485210003467,True
"referral_app (n=4000), HGB",24,52.0,52.51821823744588,1.6647227088489058,True
"ER, mean, oracle",25,1.49075,1.4665390305545238,0.07401266120636836,True
"ER, mean, linear (correct)",25,1.49075,1.4827326576138964,0.07667644653363967,True
"ER, sum, oracle",25,3.008,2.8618067393112696,0.14142723980098013,True
"BA (hubs), mean, oracle",25,1.5,1.566461283589077,0.08950189076197888,True
"BA (hubs), mean, linear (correct)",25,1.5,1.574723383406313,0.09324074491581759,True
"BA (hubs), sum, oracle",25,2.998,3.156026288930206,0.1538661869986567,True
"flu_town (n=3000), HGB",25,-4.912333333333333,-3.913765393979551,0.5241980438863463,True
"referral_app (n=4000), HGB",25,52.0,48.11279561006914,1.7493010871151415,False
"ER, mean, oracle",26,1.49125,1.4623577639157563,0.08183116549079843,True
"ER, mean, linear (correct)",26,1.49125,1.4936469939228305,0.08146368581330903,True
"ER, sum, oracle",26,2.989,2.975699078959606,0.1683054114192625,True
"BA (hubs), mean, oracle",26,1.5,1.6045065636460465,0.09269554212430543,True
"BA (hubs), mean, linear (correct)",26,1.5,1.5977617671264108,0.09079888870980773,True
"BA (hubs), sum, oracle",26,2.998,3.1769972975301535,0.15927871937754678,True
"flu_town (n=3000), HGB",26,-4.924333333333333,-4.066994795584895,0.5256456939416395,True
"referral_app (n=4000), HGB",26,52.0,51.60259558533711,2.0718599095315784,True
"ER, mean, oracle",27,1.4877500000000001,1.4351809047232358,0.07365434218684722,True
"ER, mean, linear (correct)",27,1.4877500000000001,1.4415832773912256,0.06911927388459227,True
"ER, sum, oracle",27,2.983,2.895146269881634,0.14048069456480825,True
"BA (hubs), mean, oracle",27,1.5,1.6124591808778086,0.10284944750302283,True
"BA (hubs), mean, linear (correct)",27,1.5,1.6160814671520234,0.10497418147455347,True
"BA (hubs), sum, oracle",27,2.998,3.205084044346525,0.1672347070572472,True
"flu_town (n=3000), HGB",27,-4.945333333333333,-5.354821840756344,0.5738151067512212,True
"referral_app (n=4000), HGB",27,52.0,49.650592072495726,2.372526436574221,True
"ER, mean, oracle",28,1.4889999999999999,1.5136124629546317,0.08935191230686822,True
"ER, mean, linear (correct)",28,1.4889999999999999,1.5160220030010807,0.0890091308481361,True
"ER, sum, oracle",28,3.027,3.1090746143096184,0.15527511685057918,True
"BA (hubs), mean, oracle",28,1.5,1.3841040356453453,0.10728337182460798,True
"BA (hubs), mean, linear (correct)",28,1.5,1.377443895219589,0.10070248752938908,True
"BA (hubs), sum, oracle",28,2.998,2.800092774907216,0.1881853184493202,True
"flu_town (n=3000), HGB",28,-4.900666666666666,-3.8089126985322435,0.43560332414011865,False
"referral_app (n=4000), HGB",28,52.0,56.58569509892447,1.7440157016578477,False
"ER, mean, oracle",29,1.4917500000000001,1.5006535208532374,0.07846170544659924,True
"ER, mean, linear (correct)",29,1.4917500000000001,1.4770879703707127,0.07256686909675478,True
"ER, sum, oracle",29,3.0055,2.9235262958084896,0.16037554215837105,True
"BA (hubs), mean, oracle",29,1.5,1.5375979358284892,0.10797298272508983,True
"BA (hubs), mean, linear (correct)",29,1.5,1.5497270125250884,0.11320642037121495,True
"BA (hubs), sum, oracle",29,2.998,3.0516342886579864,0.1861573209042222,True
"flu_town (n=3000), HGB",29,-4.901,-5.246962236574708,0.44229393298603326,True
"referral_app (n=4000), HGB",29,52.0,54.0664549058621,2.18326726729045,True
"ER, mean, oracle",30,1.48975,1.4875471757407523,0.0719087306671633,True
"ER, mean, linear (correct)",30,1.48975,1.4953878543115664,0.06992376469366296,True
"ER, sum, oracle",30,3.0295,2.9894726958134448,0.14224515924509304,True
"BA (hubs), mean, oracle",30,1.5,1.6230256476730736,0.11040962775658524,True
"BA (hubs), mean, linear (correct)",30,1.5,1.633634790362207,0.12049322424258428,True
"BA (hubs), sum, oracle",30,2.998,3.1712366719709024,0.18710654422743964,True
"flu_town (n=3000), HGB",30,-4.900666666666666,-5.21632180990607,0.4250042003970474,True
"referral_app (n=4000), HGB",30,52.0,51.17672724463077,1.8514745097772471,True
"ER, mean, oracle",31,1.48825,1.5048472742059316,0.07196098049530014,True
"ER, mean, linear (correct)",31,1.48825,1.5093368298787109,0.07604653866135583,True
"ER, sum, oracle",31,2.9575,2.951811959470902,0.1340503874884365,True
"BA (hubs), mean, oracle",31,1.5,1.540965481211781,0.09940431256545006,True
"BA (hubs), mean, linear (correct)",31,1.5,1.5327411775124609,0.09862578110269221,True
"BA (hubs), sum, oracle",31,2.998,3.0829597250196077,0.17559651526205275,True
"flu_town (n=3000), HGB",31,-4.927666666666667,-5.596839699470062,0.49932494175465664,True
"referral_app (n=4000), HGB",31,52.0,50.57549378802594,1.9141303206196978,True
"ER, mean, oracle",32,1.491,1.420792102566083,0.07202959947611702,True
"ER, mean, linear (correct)",32,1.491,1.4206729909928306,0.07125288649257078,True
"ER, sum, oracle",32,3.003,2.9328151617525067,0.12438316289181046,True
"BA (hubs), mean, oracle",32,1.5,1.3691058964072778,0.12667677662782817,True
"BA (hubs), mean, linear (correct)",32,1.5,1.3536936166422642,0.11799289090455861,True
"BA (hubs), sum, oracle",32,2.998,2.7630115070521706,0.20313459200800052,True
"flu_town (n=3000), HGB",32,-4.9093333333333335,-4.935069546378029,0.5522072841153882,True
"referral_app (n=4000), HGB",32,52.0,53.22576026125392,1.9200433471939968,True
"ER, mean, oracle",33,1.4915,1.4415384504829725,0.09981449841921461,True
"ER, mean, linear (correct)",33,1.4915,1.4429697626955083,0.09708593640654357,True
"ER, sum, oracle",33,2.989,3.0405825925069068,0.17497059240152613,True
"BA (hubs), mean, oracle",33,1.5,1.4985458940109495,0.11299595458385432,True
"BA (hubs), mean, linear (correct)",33,1.5,1.4874414972917298,0.11133443996928973,True
"BA (hubs), sum, oracle",33,2.998,3.0223567437447336,0.1868327683295992,True
"flu_town (n=3000), HGB",33,-4.9703333333333335,-5.080631924423371,0.5709624484255709,True
"referral_app (n=4000), HGB",33,52.0,54.05777006093747,2.101759507098043,True
"ER, mean, oracle",34,1.4925,1.4068167844664965,0.08597482279132561,True
"ER, mean, linear (correct)",34,1.4925,1.4127225358049373,0.0829909845848171,True
"ER, sum, oracle",34,2.95,2.7515526487186355,0.15086762925238095,True
"BA (hubs), mean, oracle",34,1.5,1.493527850414952,0.13103788337634345,True
"BA (hubs), mean, linear (correct)",34,1.5,1.5088909474705268,0.1119702867379851,True
"BA (hubs), sum, oracle",34,2.998,2.9619110630306893,0.22072131775920573,True
"flu_town (n=3000), HGB",34,-4.981,-5.258552246032112,0.5247769345139147,True
"referral_app (n=4000), HGB",34,52.0,52.37633292153326,1.9135281026513848,True
"ER, mean, oracle",35,1.4929999999999999,1.5748959571044514,0.07581734165239862,True
"ER, mean, linear (correct)",35,1.4929999999999999,1.5645096065094477,0.07896591029341551,True
"ER, sum, oracle",35,3.0165,3.0043424132926,0.13535130954997895,True
"BA (hubs), mean, oracle",35,1.5,1.53275939355168,0.09500904317157655,True
"BA (hubs), mean, linear (correct)",35,1.5,1.5221893322516098,0.08766261559171144,True
"BA (hubs), sum, oracle",35,2.998,2.9931046938274233,0.16798595194462346,True
"flu_town (n=3000), HGB",35,-4.932333333333333,-4.234183834499987,0.4393662476447216,True
"referral_app (n=4000), HGB",35,52.0,57.14535474880522,2.058918979886372,False
"ER, mean, oracle",36,1.4915,1.5638275414289953,0.0728078436762264,True
"ER, mean, linear (correct)",36,1.4915,1.5684400029224745,0.0726834066529237,True
"ER, sum, oracle",36,3.0215,3.085330133576905,0.14513796702029277,True
"BA (hubs), mean, oracle",36,1.5,1.5326460409810276,0.08924412834434428,True
"BA (hubs), mean, linear (correct)",36,1.5,1.516392411613376,0.09221631737888775,True
"BA (hubs), sum, oracle",36,2.998,3.096615214340011,0.15747379761716285,True
"flu_town (n=3000), HGB",36,-4.928333333333333,-4.860743190394163,0.5919898344443892,True
"referral_app (n=4000), HGB",36,52.0,51.12003903511781,2.0203782560185477,True
"ER, mean, oracle",37,1.49125,1.440361885964787,0.06532243668629756,True
"ER, mean, linear (correct)",37,1.49125,1.455672680346518,0.06881649194040257,True
"ER, sum, oracle",37,2.974,2.9343419983643972,0.12336804255494918,True
"BA (hubs), mean, oracle",37,1.5,1.4227004154586937,0.09195397331330306,True
"BA (hubs), mean, linear (correct)",37,1.5,1.4213118323275373,0.09241958483457131,True
"BA (hubs), sum, oracle",37,2.998,2.8467982865334953,0.15106650815430786,True
"flu_town (n=3000), HGB",37,-4.890666666666666,-5.713411455125295,0.5874657501074496,True
"referral_app (n=4000), HGB",37,52.0,50.80958046689039,1.941435924445173,True
"ER, mean, oracle",38,1.49125,1.4371409005570386,0.07443423624094395,True
"ER, mean, linear (correct)",38,1.49125,1.44244847126403,0.07849505145580904,True
"ER, sum, oracle",38,2.975,2.9394732456882653,0.13087690749012332,True
"BA (hubs), mean, oracle",38,1.5,1.461463091451683,0.09378640120694064,True
"BA (hubs), mean, linear (correct)",38,1.5,1.5084599915530597,0.09940446068160977,True
"BA (hubs), sum, oracle",38,2.998,2.9015042548503454,0.1590959680941828,True
"flu_town (n=3000), HGB",38,-4.900333333333333,-5.146979691409161,0.46238542535484545,True
"referral_app (n=4000), HGB",38,52.0,53.76043271317708,1.7130667835445288,True
"ER, mean, oracle",39,1.49,1.4842867458743803,0.07534934894149466,True
"ER, mean, linear (correct)",39,1.49,1.4919082269468538,0.06985190016944481,True
"ER, sum, oracle",39,2.992,2.853347080644904,0.14902138270979323,True
"BA (hubs), mean, oracle",39,1.5,1.5083676373573924,0.08342457918684089,True
"BA (hubs), mean, linear (correct)",39,1.5,1.5082069115865087,0.0840584361917102,True
"BA (hubs), sum, oracle",39,2.998,3.046014732092279,0.13967518711302052,True
"flu_town (n=3000), HGB",39,-4.942666666666667,-5.438095885529265,0.5080746066544256,True
"referral_app (n=4000), HGB",39,52.0,53.92281987742547,1.6658382779848433,True
"ER, mean, oracle",40,1.4925,1.460760619314764,0.08498928644161934,True
"ER, mean, linear (correct)",40,1.4925,1.4629936787984783,0.08398087948167968,True
"ER, sum, oracle",40,3.029,2.86726387780091,0.14183788235165617,True
"BA (hubs), mean, oracle",40,1.5,1.401237102134529,0.10946752172562367,True
"BA (hubs), mean, linear (correct)",40,1.5,1.3946462967392206,0.10526105640180862,True
"BA (hubs), sum, oracle",40,2.998,2.858256209525742,0.17776704850766234,True
"flu_town (n=3000), HGB",40,-4.937666666666667,-4.764786616855385,0.42219819377997486,True
"referral_app (n=4000), HGB",40,52.0,49.26657550065426,1.9511599528404278,True
"ER, mean, oracle",41,1.49,1.4663177571817467,0.08294141753543591,True
"ER, mean, linear (correct)",41,1.49,1.4669305623824638,0.08203215953015967,True
"ER, sum, oracle",41,3.016,2.9947108765302195,0.14289364525126397,True
"BA (hubs), mean, oracle",41,1.5,1.6083627924773507,0.10445709644081692,True
"BA (hubs), mean, linear (correct)",41,1.5,1.6050857153993425,0.10718035769100172,True
"BA (hubs), sum, oracle",41,2.998,3.1539108546235526,0.18914720047731756,True
"flu_town (n=3000), HGB",41,-4.932333333333333,-5.093264179614889,0.6153599277320739,True
"referral_app (n=4000), HGB",41,52.0,51.192376147293544,1.9728576877746693,True
"ER, mean, oracle",42,1.4895,1.4108214096603056,0.07752723634594826,True
"ER, mean, linear (correct)",42,1.4895,1.4160874884336936,0.07718396250122152,True
"ER, sum, oracle",42,2.9645,2.8456075196136412,0.15963253205758074,True
"BA (hubs), mean, oracle",42,1.5,1.5545293936438294,0.11174339812507077,True
"BA (hubs), mean, linear (correct)",42,1.5,1.5674998603336296,0.10866580248314515,True
"BA (hubs), sum, oracle",42,2.998,3.0687194904122594,0.1791086156234118,True
"flu_town (n=3000), HGB",42,-4.945666666666667,-5.297540753215529,0.5908965694831976,True
"referral_app (n=4000), HGB",42,52.0,54.13381952659315,1.8983781520380671,True
"ER, mean, oracle",43,1.48675,1.4412257416421008,0.07358714815002859,True
"ER, mean, linear (correct)",43,1.48675,1.43008772242323,0.07244572910241721,True
"ER, sum, oracle",43,2.9665,2.900543223714415,0.1282827349435296,True
"BA (hubs), mean, oracle",43,1.5,1.5430796064119217,0.08717209595854541,True
"BA (hubs), mean, linear (correct)",43,1.5,1.5578824035885992,0.09122365472447459,True
"BA (hubs), sum, oracle",43,2.998,3.047255335575045,0.1471732764460211,True
"flu_town (n=3000), HGB",43,-4.941666666666666,-5.04423209422794,0.5738072121144492,True
"referral_app (n=4000), HGB",43,52.0,53.27571626347006,1.659211252877638,True
"ER, mean, oracle",44,1.49225,1.468849879862729,0.07036528042318903,True
"ER, mean, linear (correct)",44,1.49225,1.4678129241629672,0.06906836580545486,True
"ER, sum, oracle",44,2.987,3.025342608340563,0.13327834511931078,True
"BA (hubs), mean, oracle",44,1.5,1.4227555741069031,0.08062631532635733,True
"BA (hubs), mean, linear (correct)",44,1.5,1.4213935510074316,0.08071768923997498,True
"BA (hubs), sum, oracle",44,2.998,2.8014415091305196,0.13808949324818753,True
"flu_town (n=3000), HGB",44,-4.977666666666666,-4.067635144543363,0.5947172127851161,True
"referral_app (n=4000), HGB",44,52.0,54.525770058713,1.9302881922974875,True
"ER, mean, oracle",45,1.4925,1.6142796481964687,0.08727233123363548,True
"ER, mean, linear (correct)",45,1.4925,1.6097355718025095,0.08273208712302633,True
"ER, sum, oracle",45,3.0715,3.1538472660845227,0.17307082811001046,True
"BA (hubs), mean, oracle",45,1.5,1.2749075531556076,0.1077155780951796,False
"BA (hubs), mean, linear (correct)",45,1.5,1.2546003555743348,0.10658412065804926,False
"BA (hubs), sum, oracle",45,2.998,2.662101777726968,0.1930319009228026,True
"flu_town (n=3000), HGB",45,-5.026666666666667,-5.81735953332085,0.5819277233432739,True
"referral_app (n=4000), HGB",45,52.0,54.645020330582724,1.8092136204234242,True
"ER, mean, oracle",46,1.4905,1.5233246209770206,0.08221693795101595,True
"ER, mean, linear (correct)",46,1.4905,1.5162351577988225,0.07660239279581282,True
"ER, sum, oracle",46,2.966,3.138096891105189,0.15701678424552779,True
"BA (hubs), mean, oracle",46,1.5,1.6003122524140947,0.1102435548358006,True
"BA (hubs), mean, linear (correct)",46,1.5,1.5698141511372465,0.10276696129747684,True
"BA (hubs), sum, oracle",46,2.998,3.1332500764452753,0.17037822826793886,True
"flu_town (n=3000), HGB",46,-4.899,-5.022266917884823,0.5400558738249637,True
"referral_app (n=4000), HGB",46,52.0,54.500591652777565,2.113777330144981,True
"ER, mean, oracle",47,1.4885,1.4427143839563863,0.0735113681685941,True
"ER, mean, linear (correct)",47,1.4885,1.4375191601376627,0.07750954293484494,True
"ER, sum, oracle",47,2.941,2.8575973331639166,0.1529959025745091,True
"BA (hubs), mean, oracle",47,1.5,1.6301205826744438,0.12563395975746858,True
"BA (hubs), mean, linear (correct)",47,1.5,1.6480903408430647,0.12254163075294641,True
"BA (hubs), sum, oracle",47,2.998,3.222863860981744,0.22345601480569965,True
"flu_town (n=3000), HGB",47,-4.9719999999999995,-5.727215403364267,0.5600321546315956,True
"referral_app (n=4000), HGB",47,52.0,53.373820387067354,1.865257572948404,True
"ER, mean, oracle",48,1.49025,1.427048566904649,0.07185220739965448,True
"ER, mean, linear (correct)",48,1.49025,1.4289720975422489,0.07599354269904744,True
"ER, sum, oracle",48,2.9385,2.821502943225459,0.14373538649182463,True
"BA (hubs), mean, oracle",48,1.5,1.3241395162695395,0.11217068594951733,True
"BA (hubs), mean, linear (correct)",48,1.5,1.327337450523294,0.11254770140163763,True
"BA (hubs), sum, oracle",48,2.998,2.642760952115343,0.1869091797087812,True
"flu_town (n=3000), HGB",48,-4.953666666666667,-4.566602835797565,0.4856069345697959,True
"referral_app (n=4000), HGB",48,52.0,54.94495036916219,1.9272003189539304,True
"ER, mean, oracle",49,1.49225,1.4181348225746384,0.06876042537917874,True
"ER, mean, linear (correct)",49,1.49225,1.4330090806604678,0.07153391638596081,True
"ER, sum, oracle",49,3.007,2.9294483341430766,0.1419021683980142,True
"BA (hubs), mean, oracle",49,1.5,1.704202101070119,0.10773558356503077,True
"BA (hubs), mean, linear (correct)",49,1.5,1.7170770599128993,0.11144238550312159,True
"BA (hubs), sum, oracle",49,2.998,3.359671471929594,0.17171716935880627,False
"flu_town (n=3000), HGB",49,-4.912,-5.232704109858619,0.45958302276577023,True
"referral_app (n=4000), HGB",49,52.0,49.25792116961109,1.6312329402052468,True
"ER, mean, oracle",50,1.49325,1.4522533064484295,0.08448410080058413,True
"ER, mean, linear (correct)",50,1.49325,1.4569632487960482,0.086530531260713,True
"ER, sum, oracle",50,3.026,2.9860585350566233,0.15229188775946928,True
"BA (hubs), mean, oracle",50,1.5,1.4396114581532111,0.08531092810778959,True
"BA (hubs), mean, linear (correct)",50,1.5,1.438702975272585,0.08882702689404241,True
"BA (hubs), sum, oracle",50,2.998,2.9151666738420623,0.14670826007837648,True
"flu_town (n=3000), HGB",50,-4.964,-4.966498860579405,0.5052655861892572,True
"referral_app (n=4000), HGB",50,52.0,52.23231149725149,2.0186675619040098,True
"ER, mean, oracle",51,1.49025,1.4916320474283666,0.06530481136459529,True
"ER, mean, linear (correct)",51,1.49025,1.493489697805172,0.06852640987172336,True
"ER, sum, oracle",51,3.054,2.997995522500247,0.14015717029292207,True
"BA (hubs), mean, oracle",51,1.5,1.3547219247989997,0.10646531843068915,True
"BA (hubs), mean, linear (correct)",51,1.5,1.3596648264168574,0.11265807093354345,True
"BA (hubs), sum, oracle",51,2.998,2.7152479427850587,0.18679130410383749,True
"flu_town (n=3000), HGB",51,-4.9206666666666665,-5.831514223505046,0.6096286074353625,True
"referral_app (n=4000), HGB",51,52.0,50.22681484988044,1.858126585985993,True
"ER, mean, oracle",52,1.49225,1.4662830646213751,0.08840136300728602,True
"ER, mean, linear (correct)",52,1.49225,1.4690491800338252,0.09183441377735697,True
"ER, sum, oracle",52,2.981,2.9195849160212237,0.1632383199131963,True
"BA (hubs), mean, oracle",52,1.5,1.3948727568169086,0.08756077599307951,True
"BA (hubs), mean, linear (correct)",52,1.5,1.3963048096790196,0.085705044574413,True
"BA (hubs), sum, oracle",52,2.998,2.7767393583848627,0.15893016196484092,True
"flu_town (n=3000), HGB",52,-4.904333333333334,-5.760934494701932,0.464141089530086,True
"referral_app (n=4000), HGB",52,52.0,51.708854840216915,1.950955676040244,True
"ER, mean, oracle",53,1.49,1.4957537866468857,0.07675297556121587,True
"ER, mean, linear (correct)",53,1.49,1.4849243534002687,0.07178750046368886,True
"ER, sum, oracle",53,3.0155,3.1187371186322235,0.1572366202685892,True
"BA (hubs), mean, oracle",53,1.5,1.5634007636971992,0.0955415452861238,True
"BA (hubs), mean, linear (correct)",53,1.5,1.5810987344311223,0.10216428689993623,True
"BA (hubs), sum, oracle",53,2.998,3.038248271262412,0.16401503182040517,True
"flu_town (n=3000), HGB",53,-4.969666666666667,-4.817765658976104,0.4369519523769481,True
"referral_app (n=4000), HGB",53,52.0,51.02981090824262,2.036169601236815,True
"ER, mean, oracle",54,1.49125,1.501710626113442,0.07544078713835724,True
"ER, mean, linear (correct)",54,1.49125,1.4959943914738516,0.08116517346981371,True
"ER, sum, oracle",54,3.0105,3.0150194297907134,0.13900270900589087,True
"BA (hubs), mean, oracle",54,1.5,1.411545901576114,0.10227994735075074,True
"BA (hubs), mean, linear (correct)",54,1.5,1.4174832732209812,0.10433466049529477,True
"BA (hubs), sum, oracle",54,2.998,2.931238319104563,0.16654781682014175,True
"flu_town (n=3000), HGB",54,-4.9543333333333335,-4.036902029587122,0.6001436922537339,True
"referral_app (n=4000), HGB",54,52.0,51.5410774918535,1.6994782719150558,True
"ER, mean, oracle",55,1.48825,1.6434037211254224,0.09179507558444375,True
"ER, mean, linear (correct)",55,1.48825,1.621140067931805,0.0853307724456611,True
"ER, sum, oracle",55,2.943,3.3184479292366875,0.17365047846333226,False
"BA (hubs), mean, oracle",55,1.5,1.5044341353584159,0.10820251122148407,True
"BA (hubs), mean, linear (correct)",55,1.5,1.4982726071219334,0.10367159513450448,True
"BA (hubs), sum, oracle",55,2.998,2.9409791431987453,0.19069232223020677,True
"flu_town (n=3000), HGB",55,-4.893666666666666,-4.496874519604216,0.5788001459452453,True
"referral_app (n=4000), HGB",55,52.0,52.54326093654923,1.6469460391040347,True
"ER, mean, oracle",56,1.49375,1.383251724605201,0.08588665171059152,True
"ER, mean, linear (correct)",56,1.49375,1.3896078289443743,0.0796715001849486,True
"ER, sum, oracle",56,3.0815,2.9419904404050627,0.16829493335467036,True
"BA (hubs), mean, oracle",56,1.5,1.4233523449388432,0.08793570062300214,True
"BA (hubs), mean, linear (correct)",56,1.5,1.4080262327710684,0.08344302848810903,True
"BA (hubs), sum, oracle",56,2.998,2.812654515987437,0.15222010582053244,True
"flu_town (n=3000), HGB",56,-4.955,-4.559146988797529,0.5422827837877662,True
"referral_app (n=4000), HGB",56,52.0,51.52138177420705,1.7977571226062192,True
"ER, mean, oracle",57,1.49025,1.4885267709614838,0.06109403208703608,True
"ER, mean, linear (correct)",57,1.49025,1.485486192771048,0.06501110886935997,True
"ER, sum, oracle",57,2.9875,3.0466595237825556,0.11749699618369451,True
"BA (hubs), mean, oracle",57,1.5,1.4421144838242586,0.14075896460612644,True
"BA (hubs), mean, linear (correct)",57,1.5,1.468962554661978,0.14353150267463777,True
"BA (hubs), sum, oracle",57,2.998,2.831751952475018,0.2178508410497584,True
"flu_town (n=3000), HGB",57,-4.982,-4.6050724734228226,0.5471931192840477,True
"referral_app (n=4000), HGB",57,52.0,51.14906534832729,2.0079814613939355,True
"ER, mean, oracle",58,1.494,1.552439857538435,0.07474627866093007,True
"ER, mean, linear (correct)",58,1.494,1.5502617184637217,0.07888831536891701,True
"ER, sum, oracle",58,3.0,3.159108562162973,0.1341279571799246,True
"BA (hubs), mean, oracle",58,1.5,1.5256284579932085,0.08846206504695724,True
"BA (hubs), mean, linear (correct)",58,1.5,1.4995321312766678,0.08227270359992848,True
"BA (hubs), sum, oracle",58,2.998,3.139372185458802,0.15443820189300692,True
"flu_town (n=3000), HGB",58,-4.938666666666666,-5.794758056261966,0.5081781617796214,True
"referral_app (n=4000), HGB",58,52.0,57.297138773882764,1.885509553144893,False
"ER, mean, oracle",59,1.49075,1.5398057646266237,0.08035627806838257,True
"ER, mean, linear (correct)",59,1.49075,1.546264131266271,0.0820361589186127,True
"ER, sum, oracle",59,3.044,3.020157277559596,0.13648220823596538,True
"BA (hubs), mean, oracle",59,1.5,1.4782939430075455,0.11523200209170098,True
"BA (hubs), mean, linear (correct)",59,1.5,1.4707445752606343,0.12188169318057049,True
"BA (hubs), sum, oracle",59,2.998,2.8936159488234674,0.1894605702541351,True
"flu_town (n=3000), HGB",59,-4.926,-4.89019428876249,0.6142534145924315,True
"referral_app (n=4000), HGB",59,52.0,54.28479312614682,2.0270523859022846,True
"ER, mean, oracle",60,1.49375,1.4013951469044108,0.06666156207718765,True
"ER, mean, linear (correct)",60,1.49375,1.3902446509558768,0.07194584949754686,True
"ER, sum, oracle",60,3.0135,2.9853123195119835,0.12163659776912955,True
"BA (hubs), mean, oracle",60,1.5,1.5526059320869652,0.10082733056718811,True
"BA (hubs), mean, linear (correct)",60,1.5,1.5504641434139703,0.11278211314778461,True
"BA (hubs), sum, oracle",60,2.998,3.180297832635115,0.17575965711067085,True
"flu_town (n=3000), HGB",60,-4.93,-4.375857473415641,0.485864092581087,True
"referral_app (n=4000), HGB",60,52.0,51.48106907683708,1.7183064585936634,True
"ER, mean, oracle",61,1.4905,1.484506293551208,0.07262384422287063,True
"ER, mean, linear (correct)",61,1.4905,1.4845576676754688,0.06960961106887018,True
"ER, sum, oracle",61,2.981,2.902604306203699,0.15467636367066037,True
"BA (hubs), mean, oracle",61,1.5,1.7568995730112644,0.10638890298354071,False
"BA (hubs), mean, linear (correct)",61,1.5,1.783884467614068,0.10055267140648046,False
"BA (hubs), sum, oracle",61,2.998,3.391370577859737,0.17523057806207368,False
"flu_town (n=3000), HGB",61,-4.956666666666667,-4.9242015175977585,0.5798239860951591,True
"referral_app (n=4000), HGB",61,52.0,54.332890541845124,1.8449803986758775,True
"ER, mean, oracle",62,1.4889999999999999,1.438478385926377,0.07779340375274599,True
"ER, mean, linear (correct)",62,1.4889999999999999,1.437108153745053,0.08131148674835606,True
"ER, sum, oracle",62,2.966,2.8387144436801304,0.12870038097987108,True
"BA (hubs), mean, oracle",62,1.5,1.745124878214333,0.1080080289949009,False
"BA (hubs), mean, linear (correct)",62,1.5,1.737863942919161,0.10494126510505238,False
"BA (hubs), sum, oracle",62,2.998,3.3788918621358577,0.1762560913965185,False
"flu_town (n=3000), HGB",62,-4.917333333333334,-5.641090065398021,0.6626311907593365,True
"referral_app (n=4000), HGB",62,52.0,51.22314269707216,1.8519376316452643,True
"ER, mean, oracle",63,1.4925,1.5194113899605581,0.0713155525265539,True
"ER, mean, linear (correct)",63,1.4925,1.5229329846631932,0.06798734321261324,True
"ER, sum, oracle",63,3.02,3.05650295056402,0.13055986074389742,True
"BA (hubs), mean, oracle",63,1.5,1.4386716740464405,0.11417719638346126,True
"BA (hubs), mean, linear (correct)",63,1.5,1.4754731955478937,0.10622453096812967,True
"BA (hubs), sum, oracle",63,2.998,2.9269609369401803,0.17338851153232962,True
"flu_town (n=3000), HGB",63,-4.898666666666667,-4.950122221777068,0.6228384027533087,True
"referral_app (n=4000), HGB",63,52.0,51.0709165306916,1.50476829714985,True
"ER, mean, oracle",64,1.4895,1.46650608038587,0.06972592005744586,True
"ER, mean, linear (correct)",64,1.4895,1.451321278862593,0.07262146166038115,True
"ER, sum, oracle",64,2.992,3.030365906213533,0.13703283051633863,True
"BA (hubs), mean, oracle",64,1.5,1.388417854117718,0.09531426597291409,True
"BA (hubs), mean, linear (correct)",64,1.5,1.4018212758287545,0.0976794846498396,True
"BA (hubs), sum, oracle",64,2.998,2.701755479609358,0.16802662285529307,True
"flu_town (n=3000), HGB",64,-4.934666666666667,-5.6559525208935035,0.5512736853540371,True
"referral_app (n=4000), HGB",64,52.0,50.7825785009349,1.8450530792682387,True
"ER, mean, oracle",65,1.4905,1.449155815564691,0.07278260667895217,True
"ER, mean, linear (correct)",65,1.4905,1.448728824919236,0.07051708225000636,True
"ER, sum, oracle",65,3.0165,3.09136189114157,0.14751874017851965,True
"BA (hubs), mean, oracle",65,1.5,1.5227251328599118,0.09791457516016593,True
"BA (hubs), mean, linear (correct)",65,1.5,1.523142171480992,0.0994507271105993,True
"BA (hubs), sum, oracle",65,2.998,3.055099353530815,0.1696957018401679,True
"flu_town (n=3000), HGB",65,-4.916333333333333,-5.288329811376309,0.6071020200674303,True
"referral_app (n=4000), HGB",65,52.0,54.89485302426186,2.0647173254719275,True
"ER, mean, oracle",66,1.49325,1.4120269144522695,0.07353486107946967,True
"ER, mean, linear (correct)",66,1.49325,1.3961541043588523,0.07548174395476197,True
"ER, sum, oracle",66,3.0025,3.00796723654678,0.14553998192647782,True
"BA (hubs), mean, oracle",66,1.5,1.3667168156953222,0.09653406999687111,True
"BA (hubs), mean, linear (correct)",66,1.5,1.3779292625740462,0.09304566035762264,True
"BA (hubs), sum, oracle",66,2.998,2.7053566428899094,0.16383908309491885,True
"flu_town (n=3000), HGB",66,-4.915666666666667,-4.23076007529134,0.6850522371768767,True
"referral_app (n=4000), HGB",66,52.0,50.54623437021205,1.9328475234346465,True
"ER, mean, oracle",67,1.49025,1.3872857718372085,0.06763792998148668,True
"ER, mean, linear (correct)",67,1.49025,1.3873525421134274,0.066451645709728,True
"ER, sum, oracle",67,2.989,2.7833787343747582,0.12317024998039225,True
"BA (hubs), mean, oracle",67,1.5,1.5216960707434655,0.10350003107980657,True
"BA (hubs), mean, linear (correct)",67,1.5,1.5255765498764702,0.10170608067126753,True
"BA (hubs), sum, oracle",67,2.998,3.050192615845277,0.1811683276081421,True
"flu_town (n=3000), HGB",67,-4.959,-4.784046644273058,0.5399253415612096,True
"referral_app (n=4000), HGB",67,52.0,50.338962663923894,2.542793633733445,True
"ER, mean, oracle",68,1.49225,1.4153109013744118,0.07655457937414456,True
"ER, mean, linear (correct)",68,1.49225,1.4191266296467444,0.08002009845390136,True
"ER, sum, oracle",68,3.0185,3.017615147275687,0.18029603677527223,True
"BA (hubs), mean, oracle",68,1.5,1.5900700146673004,0.09997895657904952,True
"BA (hubs), mean, linear (correct)",68,1.5,1.593162068675448,0.09849584686177011,True
"BA (hubs), sum, oracle",68,2.998,3.156536546080701,0.17546228173107697,True
"flu_town (n=3000), HGB",68,-4.91,-3.708326418561332,0.43909718010996934,False
"referral_app (n=4000), HGB",68,52.0,51.74848627612718,2.1575400163714886,True
"ER, mean, oracle",69,1.49125,1.4759594975873214,0.07070901811508386,True
"ER, mean, linear (correct)",69,1.49125,1.4593510219827925,0.07209047987243253,True
"ER, sum, oracle",69,2.9699999999999998,2.8641103198180407,0.12898005908808827,True
"BA (hubs), mean, oracle",69,1.5,1.5501542570374602,0.1005773365935666,True
"BA (hubs), mean, linear (correct)",69,1.5,1.5493499831875548,0.09973508055789639,True
"BA (hubs), sum, oracle",69,2.998,3.1378386425346445,0.16979695400086905,True
"flu_town (n=3000), HGB",69,-4.926333333333334,-4.70236776658634,0.5759613320655398,True
"referral_app (n=4000), HGB",69,52.0,52.60598438115432,2.000785482515967,True
"ER, mean, oracle",70,1.4905,1.5143325307781972,0.07719877772966897,True
"ER, mean, linear (correct)",70,1.4905,1.5078863957679962,0.08319862036563759,True
"ER, sum, oracle",70,2.989,2.9607789926045474,0.1506952532953284,True
"BA (hubs), mean, oracle",70,1.5,1.2248425423732932,0.10618327849727491,False
"BA (hubs), mean, linear (correct)",70,1.5,1.2272992811645589,0.11091198510091359,False
"BA (hubs), sum, oracle",70,2.998,2.5024911718865424,0.19613834601266497,False
"flu_town (n=3000), HGB",70,-4.957333333333333,-5.496068517422539,0.4720037638348881,True
"referral_app (n=4000), HGB",70,52.0,51.15650413840993,1.7813603937225366,True
"ER, mean, oracle",71,1.495,1.5378840947558545,0.0745956779870928,True
"ER, mean, linear (correct)",71,1.495,1.5306414844740863,0.07836508228320517,True
"ER, sum, oracle",71,2.9855,2.9708677021545995,0.1482931417105867,True
"BA (hubs), mean, oracle",71,1.5,1.480102930777163,0.09546454823355607,True
"BA (hubs), mean, linear (correct)",71,1.5,1.4730764438436443,0.09868556344384449,True
"BA (hubs), sum, oracle",71,2.998,2.9825104094385715,0.1526259842863707,True
"flu_town (n=3000), HGB",71,-4.994666666666667,-5.558142386656693,0.643786393996065,True
"referral_app (n=4000), HGB",71,52.0,51.72983911707809,1.782062639107476,True
"ER, mean, oracle",72,1.4865,1.4967885710275102,0.06990198629830568,True
"ER, mean, linear (correct)",72,1.4865,1.4782544675415832,0.07114555237349034,True
"ER, sum, oracle",72,2.9604999999999997,2.9830659256418084,0.14170344247066394,True
"BA (hubs), mean, oracle",72,1.5,1.4607075951447253,0.08701411397120001,True
"BA (hubs), mean, linear (correct)",72,1.5,1.445871822183621,0.08923149282709229,True
"BA (hubs), sum, oracle",72,2.998,2.912692536972023,0.14301883709057134,True
"flu_town (n=3000), HGB",72,-4.934,-4.540516336699589,0.4671450895392371,True
"referral_app (n=4000), HGB",72,52.0,50.82534044466941,2.044551436256774,True
"ER, mean, oracle",73,1.4895,1.5135073480312227,0.07975386833996564,True
"ER, mean, linear (correct)",73,1.4895,1.4931277421788147,0.0899898837469935,True
"ER, sum, oracle",73,3.018,2.895688120528258,0.134821732480345,True
"BA (hubs), mean, oracle",73,1.5,1.593771421864537,0.11090836214490299,True
"BA (hubs), mean, linear (correct)",73,1.5,1.5870067790626963,0.12032538001905795,True
"BA (hubs), sum, oracle",73,2.998,3.147616474520073,0.19300286942059727,True
"flu_town (n=3000), HGB",73,-4.940333333333333,-4.934091984294762,0.7568987844979091,True
"referral_app (n=4000), HGB",73,52.0,51.93759374607492,1.681916568902354,True
"ER, mean, oracle",74,1.4865,1.494010496057951,0.07239544640405177,True
"ER, mean, linear (correct)",74,1.4865,1.491991573473376,0.06825622098842317,True
"ER, sum, oracle",74,2.9615,3.144398759014518,0.14082146204616738,True
"BA (hubs), mean, oracle",74,1.5,1.2010429448601188,0.08908018684290077,False
"BA (hubs), mean, linear (correct)",74,1.5,1.1923382119010544,0.09151383608295693,False
"BA (hubs), sum, oracle",74,2.998,2.473396248676253,0.15680895726562272,False
"flu_town (n=3000), HGB",74,-4.949333333333334,-4.507618177033523,0.5529444988011663,True
"referral_app (n=4000), HGB",74,52.0,50.982010880606325,1.9902443518566677,True
"ER, mean, oracle",75,1.49425,1.625023709460335,0.08438385565068066,True
"ER, mean, linear (correct)",75,1.49425,1.6209609678148749,0.08726228714654077,True
"ER, sum, oracle",75,3.043,3.229830513657737,0.1587977726729376,True
"BA (hubs), mean, oracle",75,1.5,1.4660037210350227,0.10243651666927052,True
"BA (hubs), mean, linear (correct)",75,1.5,1.4838646791865733,0.11031297582230844,True
"BA (hubs), sum, oracle",75,2.998,2.972289316984852,0.17530816223097856,True
"flu_town (n=3000), HGB",75,-4.913666666666667,-4.908471281481301,0.5766923809208101,True
"referral_app (n=4000), HGB",75,52.0,53.55075014524853,2.0213519749288498,True
"ER, mean, oracle",76,1.4905,1.5020432849747385,0.08562455653657389,True
"ER, mean, linear (correct)",76,1.4905,1.5001505174512137,0.08641993758016611,True
"ER, sum, oracle",76,2.9684999999999997,2.908741600352298,0.16622292079410342,True
"BA (hubs), mean, oracle",76,1.5,1.3617591688218253,0.11104921989410074,True
"BA (hubs), mean, linear (correct)",76,1.5,1.3895604478145893,0.1047788777952533,True
"BA (hubs), sum, oracle",76,2.998,2.816638880561783,0.17200470016441904,True
"flu_town (n=3000), HGB",76,-4.942333333333334,-5.31999016898404,0.446387520202724,True
"referral_app (n=4000), HGB",76,52.0,51.59289035853871,1.5723315638116007,True
"ER, mean, oracle",77,1.48825,1.6108739915575807,0.07230537542552652,True
"ER, mean, linear (correct)",77,1.48825,1.6052166775976873,0.07669922602316875,True
"ER, sum, oracle",77,2.935,3.1559585775256283,0.12918623306535024,True
"BA (hubs), mean, oracle",77,1.5,1.5555825674546773,0.0969707309307053,True
"BA (hubs), mean, linear (correct)",77,1.5,1.5661287184455799,0.09504352427511362,True
"BA (hubs), sum, oracle",77,2.998,3.0761523548621286,0.16378987217853447,True
"flu_town (n=3000), HGB",77,-4.954666666666666,-4.621551445498061,0.6364264983738862,True
"referral_app (n=4000), HGB",77,52.0,54.77814651549862,1.9575442976519069,True
"ER, mean, oracle",78,1.487,1.5995775081087495,0.08172512238516785,True
"ER, mean, linear (correct)",78,1.487,1.5787620991357165,0.07750569337658529,True
"ER, sum, oracle",78,2.9565,3.1469235811948586,0.14993623985428828,True
"BA (hubs), mean, oracle",78,1.5,1.5338017600135196,0.09747641687463014,True
"BA (hubs), mean, linear (correct)",78,1.5,1.525123517666707,0.09590452391676421,True
"BA (hubs), sum, oracle",78,2.998,3.0201279496749844,0.17089601613508631,True
"flu_town (n=3000), HGB",78,-4.8806666666666665,-4.342120332614459,0.660333041762473,True
"referral_app (n=4000), HGB",78,52.0,51.160343422115844,2.0213974391664125,True
"ER, mean, oracle",79,1.49225,1.5265426778989242,0.07345632599331525,True
"ER, mean, linear (correct)",79,1.49225,1.5301247446771016,0.07444565348583113,True
"ER, sum, oracle",79,3.01,2.9355809783072346,0.12995480949798488,True
"BA (hubs), mean, oracle",79,1.5,1.618997502331521,0.09627528179285641,True
"BA (hubs), mean, linear (correct)",79,1.5,1.6229339915810002,0.10522818559274895,True
"BA (hubs), sum, oracle",79,2.998,3.1804325704902645,0.16106324505545788,True
"flu_town (n=3000), HGB",79,-4.903666666666666,-3.39289095723797,0.5240887853516158,False
"referral_app (n=4000), HGB",79,52.0,52.786167535877915,2.024625657984366,True
"ER, mean, oracle",80,1.49025,1.5827855450391914,0.08798950306379676,True
"ER, mean, linear (correct)",80,1.49025,1.5690673235093078,0.08688862225989223,True
"ER, sum, oracle",80,2.997,3.177138349200177,0.15421665366770096,True
"BA (hubs), mean, oracle",80,1.5,1.679797338829897,0.09929631871684552,True
"BA (hubs), mean, linear (correct)",80,1.5,1.6941952316731121,0.10001703032754583,True
"BA (hubs), sum, oracle",80,2.998,3.276881359598068,0.1629403752728458,True
"flu_town (n=3000), HGB",80,-4.894,-4.214457458161251,0.47860797535463534,True
"referral_app (n=4000), HGB",80,52.0,51.42562579331566,1.852365848177414,True
"ER, mean, oracle",81,1.48975,1.4100763378272299,0.09395398420830352,True
"ER, mean, linear (correct)",81,1.48975,1.4253351489475286,0.08938858677877601,True
"ER, sum, oracle",81,3.0045,2.8183761277406187,0.15542283928670558,True
"BA (hubs), mean, oracle",81,1.5,1.6137696954341263,0.12145010479267533,True
"BA (hubs), mean, linear (correct)",81,1.5,1.617947734460126,0.1210457339295552,True
"BA (hubs), sum, oracle",81,2.998,3.2255226976595077,0.2104429065610793,True
"flu_town (n=3000), HGB",81,-4.945,-5.4726284062080035,0.5194014301089733,True
"referral_app (n=4000), HGB",81,52.0,53.21589024302437,1.740364749074559,True
"ER, mean, oracle",82,1.49125,1.4515150811049058,0.07800092842899817,True
"ER, mean, linear (correct)",82,1.49125,1.4656750729328163,0.07375031140948435,True
"ER, sum, oracle",82,2.98,2.9447920189620964,0.16702614989049483,True
"BA (hubs), mean, oracle",82,1.5,1.352557039383283,0.10464439077550723,True
"BA (hubs), mean, linear (correct)",82,1.5,1.3333355503226518,0.10075351351723388,True
"BA (hubs), sum, oracle",82,2.998,2.793940953189632,0.17564248289843312,True
"flu_town (n=3000), HGB",82,-4.908333333333333,-5.049412784666449,0.6071424971396765,True
"referral_app (n=4000), HGB",82,52.0,51.85445020710151,1.838919424744531,True
"ER, mean, oracle",83,1.4895,1.559376168391096,0.08116961834267103,True
"ER, mean, linear (correct)",83,1.4895,1.5469010273106005,0.0792330910654089,True
"ER, sum, oracle",83,2.9745,3.123012699161049,0.13607792279662936,True
"BA (hubs), mean, oracle",83,1.5,1.3772294813909947,0.11458661026989263,True
"BA (hubs), mean, linear (correct)",83,1.5,1.3835137385288299,0.10416100030462642,True
"BA (hubs), sum, oracle",83,2.998,2.907090971938978,0.1875412751067336,True
"flu_town (n=3000), HGB",83,-4.904333333333334,-4.99200062791851,0.6761310045372915,True
"referral_app (n=4000), HGB",83,52.0,51.91037492421514,1.7540508601057436,True
"ER, mean, oracle",84,1.4917500000000001,1.480440045231973,0.08593531633209527,True
"ER, mean, linear (correct)",84,1.4917500000000001,1.4882751014065865,0.08247100091496622,True
"ER, sum, oracle",84,2.9785,3.0666579087953805,0.15689529963321294,True
"BA (hubs), mean, oracle",84,1.5,1.4908387429469727,0.12228949198754176,True
"BA (hubs), mean, linear (correct)",84,1.5,1.4731905252520896,0.11454785457688187,True
"BA (hubs), sum, oracle",84,2.998,2.9327274023739047,0.20443937639606344,True
"flu_town (n=3000), HGB",84,-4.973,-5.217291458206052,0.5240206620576718,True
"referral_app (n=4000), HGB",84,52.0,53.853790773676636,1.6717984615945065,True
"ER, mean, oracle",85,1.48825,1.5829515554582734,0.08147954107633448,True
"ER, mean, linear (correct)",85,1.48825,1.5841173512826852,0.08602421913778993,True
"ER, sum, oracle",85,3.02,3.1779241820241158,0.159327483827462,True
"BA (hubs), mean, oracle",85,1.5,1.4357843377566826,0.09103818579165958,True
"BA (hubs), mean, linear (correct)",85,1.5,1.4334829299700962,0.09299918610128868,True
"BA (hubs), sum, oracle",85,2.998,2.875055825313531,0.158034923658612,True
"flu_town (n=3000), HGB",85,-4.932333333333333,-4.770257035554635,0.4770491555631561,True
"referral_app (n=4000), HGB",85,52.0,53.09822989880809,1.992756624532961,True
"ER, mean, oracle",86,1.49,1.4932009382695572,0.0896303347872556,True
"ER, mean, linear (correct)",86,1.49,1.4962793911522616,0.08928580201535127,True
"ER, sum, oracle",86,3.003,3.020575470177066,0.1677447940807064,True
"BA (hubs), mean, oracle",86,1.5,1.3480876542715374,0.11227570474888994,True
"BA (hubs), mean, linear (correct)",86,1.5,1.3648262177193726,0.11801356480132853,True
"BA (hubs), sum, oracle",86,2.998,2.7273593909229064,0.1850763522427399,True
"flu_town (n=3000), HGB",86,-4.911666666666667,-4.2470599461638034,0.5438836567381115,True
"referral_app (n=4000), HGB",86,52.0,49.507250764911134,2.0091881305339827,True
"ER, mean, oracle",87,1.491,1.4260390837619648,0.06653149804555085,True
"ER, mean, linear (correct)",87,1.491,1.3975087333259129,0.06743919588113285,True
"ER, sum, oracle",87,2.9915000000000003,2.980907680624959,0.11973795348762753,True
"BA (hubs), mean, oracle",87,1.5,1.8280029735825518,0.09926564484197163,False
"BA (hubs), mean, linear (correct)",87,1.5,1.8219357333605743,0.10046183036247527,False
"BA (hubs), sum, oracle",87,2.998,3.517113621699659,0.16058896070346615,False
"flu_town (n=3000), HGB",87,-4.96,-4.79347427309296,0.5574673454161255,True
"referral_app (n=4000), HGB",87,52.0,53.075684291076314,1.8328982890467507,True
"ER, mean, oracle",88,1.49325,1.4061488538116258,0.07116562372556264,True
"ER, mean, linear (correct)",88,1.49325,1.4076351024663374,0.07226286586466397,True
"ER, sum, oracle",88,3.0195,2.7866943420912045,0.12465551541811817,True
"BA (hubs), mean, oracle",88,1.5,1.623799454238164,0.0907865127457712,True
"BA (hubs), mean, linear (correct)",88,1.5,1.6194172081865799,0.09156890036080584,True
"BA (hubs), sum, oracle",88,2.998,3.1179293247728754,0.16902667255913667,True
"flu_town (n=3000), HGB",88,-4.941333333333333,-5.259420963392518,0.5050791355780213,True
"referral_app (n=4000), HGB",88,52.0,54.27319877413037,2.111281022481569,True
"ER, mean, oracle",89,1.48825,1.484019480716494,0.08190811555388561,True
"ER, mean, linear (correct)",89,1.48825,1.4707692747462542,0.08464423772434382,True
"ER, sum, oracle",89,3.0245,2.9497560491134607,0.14992696040265896,True
"BA (hubs), mean, oracle",89,1.5,1.5777445124023195,0.10711370103971232,True
"BA (hubs), mean, linear (correct)",89,1.5,1.6034897960077499,0.11163411694369119,True
"BA (hubs), sum, oracle",89,2.998,3.1779016035218177,0.18780897405939323,True
"flu_town (n=3000), HGB",89,-4.996,-5.264035352898784,0.4905804835502998,True
"referral_app (n=4000), HGB",89,52.0,53.225203738358694,1.6650571078343779,True
"ER, mean, oracle",90,1.49275,1.473769059321813,0.07985259009610202,True
"ER, mean, linear (correct)",90,1.49275,1.471620405415394,0.0834504183414184,True
"ER, sum, oracle",90,2.999,3.013495339681878,0.1375618594084987,True
"BA (hubs), mean, oracle",90,1.5,1.423399449320893,0.09309730242673202,True
"BA (hubs), mean, linear (correct)",90,1.5,1.412564092736,0.09115899162998718,True
"BA (hubs), sum, oracle",90,2.998,2.8796629976117676,0.16464088277382888,True
"flu_town (n=3000), HGB",90,-4.890666666666666,-5.385694584942762,0.5058587136686692,True
"referral_app (n=4000), HGB",90,52.0,52.89317827808311,1.6932903424724228,True
"ER, mean, oracle",91,1.49075,1.3774631950131966,0.07677199021429691,True
"ER, mean, linear (correct)",91,1.49075,1.3814717224616886,0.07246423484177075,True
"ER, sum, oracle",91,2.9930000000000003,2.888300499246218,0.12778434977364247,True
"BA (hubs), mean, oracle",91,1.5,1.392755951783725,0.10038176113104098,True
"BA (hubs), mean, linear (correct)",91,1.5,1.4192730319886042,0.0934230084873365,True
"BA (hubs), sum, oracle",91,2.998,2.8987594017635754,0.16454093084839902,True
"flu_town (n=3000), HGB",91,-4.9703333333333335,-4.78078770214288,0.69321786896332,True
"referral_app (n=4000), HGB",91,52.0,56.43588668025477,1.6312863114774347,False
"ER, mean, oracle",92,1.49225,1.4914703615901428,0.07045609186162238,True
"ER, mean, linear (correct)",92,1.49225,1.5017513132941078,0.07689075606820002,True
"ER, sum, oracle",92,3.0015,3.026798622004115,0.1347088787955691,True
"BA (hubs), mean, oracle",92,1.5,1.5581932867730601,0.09825895275682581,True
"BA (hubs), mean, linear (correct)",92,1.5,1.5602101646806168,0.10546012017950022,True
"BA (hubs), sum, oracle",92,2.998,3.14431104159432,0.1692270629152516,True
"flu_town (n=3000), HGB",92,-4.902666666666667,-4.701801048334426,0.5259401504527704,True
"referral_app (n=4000), HGB",92,52.0,50.54713674777345,2.0099433378683016,True
"ER, mean, oracle",93,1.4929999999999999,1.452841705849254,0.07378284658495576,True
"ER, mean, linear (correct)",93,1.4929999999999999,1.452107864643523,0.07870740921418264,True
"ER, sum, oracle",93,3.006,2.817061664814574,0.1466472357548364,True
"BA (hubs), mean, oracle",93,1.5,1.4671069808045536,0.10782777815480926,True
"BA (hubs), mean, linear (correct)",93,1.5,1.4890976301595893,0.10279513473141838,True
"BA (hubs), sum, oracle",93,2.998,2.9310692090451282,0.19098088653246023,True
"flu_town (n=3000), HGB",93,-4.948666666666666,-4.912492220142672,0.6113773359912512,True
"referral_app (n=4000), HGB",93,52.0,57.33479677687587,1.8451944009508892,False
"ER, mean, oracle",94,1.49075,1.5518113717016018,0.07730553464723987,True
"ER, mean, linear (correct)",94,1.49075,1.563448873792113,0.07685835418301973,True
"ER, sum, oracle",94,3.021,2.994361652491305,0.14711991440897484,True
"BA (hubs), mean, oracle",94,1.5,1.4849640655584602,0.09808632705112807,True
"BA (hubs), mean, linear (correct)",94,1.5,1.45814716309095,0.0925211462199668,True
"BA (hubs), sum, oracle",94,2.998,3.08830741241865,0.1745378472639613,True
"flu_town (n=3000), HGB",94,-4.921666666666667,-4.846436529568848,0.5137463661032277,True
"referral_app (n=4000), HGB",94,52.0,50.59966251775919,2.0006134386024708,True
"ER, mean, oracle",95,1.4889999999999999,1.5294587251133045,0.07521595251870981,True
"ER, mean, linear (correct)",95,1.4889999999999999,1.5130607258455135,0.07530106530241804,True
"ER, sum, oracle",95,3.004,2.9869002361261323,0.13378843015288752,True
"BA (hubs), mean, oracle",95,1.5,1.4878717404792985,0.09007263568395596,True
"BA (hubs), mean, linear (correct)",95,1.5,1.5099668062361038,0.09002863634746204,True
"BA (hubs), sum, oracle",95,2.998,2.9026612517636687,0.14611921104078085,True
"flu_town (n=3000), HGB",95,-4.87,-3.8455776622826168,0.5045116265740088,False
"referral_app (n=4000), HGB",95,52.0,54.91278808003807,1.9218915188324315,True
"ER, mean, oracle",96,1.4895,1.48468212700799,0.06156774972086195,True
"ER, mean, linear (correct)",96,1.4895,1.4802739000547915,0.06391785372317466,True
"ER, sum, oracle",96,2.9539999999999997,2.9698721411471145,0.13242546511101563,True
"BA (hubs), mean, oracle",96,1.5,1.7565822958574056,0.08880149376585403,False
"BA (hubs), mean, linear (correct)",96,1.5,1.7821827614614771,0.09488144391225753,False
"BA (hubs), sum, oracle",96,2.998,3.4219594013135834,0.15078880021380653,False
"flu_town (n=3000), HGB",96,-4.8966666666666665,-4.519401466667581,0.5743491557915152,True
"referral_app (n=4000), HGB",96,52.0,56.05946715945259,2.0936375738201907,True
"ER, mean, oracle",97,1.4915,1.582281351152166,0.08562045243574662,True
"ER, mean, linear (correct)",97,1.4915,1.5854103592585957,0.08103481051873614,True
"ER, sum, oracle",97,3.014,3.0797923760247126,0.14241538596956485,True
"BA (hubs), mean, oracle",97,1.5,1.6623983697293232,0.08830487181639957,True
"BA (hubs), mean, linear (correct)",97,1.5,1.6573381188868934,0.08289347067110374,True
"BA (hubs), sum, oracle",97,2.998,3.3205476108699816,0.15406713532422076,False
"flu_town (n=3000), HGB",97,-4.902666666666667,-4.268954925730121,0.5289992217802204,True
"referral_app (n=4000), HGB",97,52.0,51.99158166650368,2.1655991322165593,True
"ER, mean, oracle",98,1.4895,1.4841357537608033,0.07755285969377045,True
"ER, mean, linear (correct)",98,1.4895,1.4931084604897713,0.07710077367570038,True
"ER, sum, oracle",98,3.026,3.174392469350531,0.14433335816897647,True
"BA (hubs), mean, oracle",98,1.5,1.7177895683716584,0.13404107458441022,True
"BA (hubs), mean, linear (correct)",98,1.5,1.7268664222053813,0.11826959871578728,True
"BA (hubs), sum, oracle",98,2.998,3.382865152540886,0.22472321756666241,True
"flu_town (n=3000), HGB",98,-4.9656666666666665,-5.607119282544943,0.5381647795760264,True
"referral_app (n=4000), HGB",98,52.0,53.52198450304735,1.7491331366077851,True
"ER, mean, oracle",99,1.4915,1.525587937105231,0.08933084339442582,True
"ER, mean, linear (correct)",99,1.4915,1.524154865288632,0.08343872686681196,True
"ER, sum, oracle",99,3.026,3.0334182257256095,0.15448348062517725,True
"BA (hubs), mean, oracle",99,1.5,1.6117334653549777,0.09292415760650717,True
"BA (hubs), mean, linear (correct)",99,1.5,1.6079233240933763,0.09305945111828468,True
"BA (hubs), sum, oracle",99,2.998,3.20988577623391,0.1625852868488837,True
"flu_town (n=3000), HGB",99,-4.912333333333333,-4.441218032080046,0.5277701318245375,True
"referral_app (n=4000), HGB",99,52.0,53.01032240677126,1.9069423404185313,True
"ER, mean, oracle",100,1.4889999999999999,1.4824468386877445,0.10501165607373199,True
"ER, mean, linear (correct)",100,1.4889999999999999,1.5122449787291758,0.08780961784888883,True
"ER, sum, oracle",100,3.0275,2.9105622806066824,0.20427834365713102,True
"BA (hubs), mean, oracle",100,1.5,1.68481454670713,0.10529500127329403,True
"BA (hubs), mean, linear (correct)",100,1.5,1.6814966846348112,0.10207996150465341,True
"BA (hubs), sum, oracle",100,2.998,3.2660223396264403,0.1768522809370851,True
"ER, mean, oracle",101,1.491,1.2282164620719982,0.07937047039192842,False
"ER, mean, linear (correct)",101,1.491,1.2672588761559889,0.07891145503151599,False
"ER, sum, oracle",101,3.0055,2.526583617563655,0.15219977372276042,False
"BA (hubs), mean, oracle",101,1.5,1.5629416718584357,0.09118595841974439,True
"BA (hubs), mean, linear (correct)",101,1.5,1.5763533234297382,0.096281347698163,True
"BA (hubs), sum, oracle",101,2.998,3.1283840237704004,0.1573733586304715,True
"ER, mean, oracle",102,1.49125,1.4311560385207203,0.06104530859222957,True
"ER, mean, linear (correct)",102,1.49125,1.4334634393445538,0.06661371599393845,True
"ER, sum, oracle",102,3.004,2.8381337253510717,0.14312640032352422,True
"BA (hubs), mean, oracle",102,1.5,1.5825439272123187,0.10251682175653094,True
"BA (hubs), mean, linear (correct)",102,1.5,1.5864343618370242,0.10231984566944813,True
"BA (hubs), sum, oracle",102,2.998,3.143069842001566,0.16222096302010106,True
"ER, mean, oracle",103,1.492,1.4770312712453042,0.0844417885577431,True
"ER, mean, linear (correct)",103,1.492,1.4873324918576745,0.08298769705910009,True
"ER, sum, oracle",103,3.0245,3.1085075024462694,0.14823933950484094,True
"BA (hubs), mean, oracle",103,1.5,1.393977304666791,0.11046687010937829,True
"BA (hubs), mean, linear (correct)",103,1.5,1.4242093620947722,0.09648438343261315,True
"BA (hubs), sum, oracle",103,2.998,2.830603338070264,0.18429531717074937,True
"ER, mean, oracle",104,1.4915,1.6020546969450349,0.06901681841108988,True
"ER, mean, linear (correct)",104,1.4915,1.6046668310040282,0.062370370871221235,True
"ER, sum, oracle",104,2.9930000000000003,3.19578475697943,0.15732419675692724,True
"BA (hubs), mean, oracle",104,1.5,1.6698161427248963,0.09737510275624853,True
"BA (hubs), mean, linear (correct)",104,1.5,1.680873342484301,0.09511452436672783,True
"BA (hubs), sum, oracle",104,2.998,3.261558699288488,0.17208530346486828,True
"ER, mean, oracle",105,1.49025,1.3673012576893835,0.06621869325403894,True
"ER, mean, linear (correct)",105,1.49025,1.3632493290545789,0.06744901709384825,True
"ER, sum, oracle",105,2.98,2.867221331212587,0.13780784556184464,True
"BA (hubs), mean, oracle",105,1.5,1.4499059852329426,0.10631161772147514,True
"BA (hubs), mean, linear (correct)",105,1.5,1.4670263583450986,0.11393139034282145,True
"BA (hubs), sum, oracle",105,2.998,2.921032030469155,0.18810739986253666,True
"ER, mean, oracle",106,1.4865,1.4727185635586113,0.08560299311945165,True
"ER, mean, linear (correct)",106,1.4865,1.4731172675395936,0.08216049793497585,True
"ER, sum, oracle",106,2.9345,2.9026602246912256,0.16524708577854158,True
"BA (hubs), mean, oracle",106,1.5,1.4414987551287026,0.0835509003445118,True
"BA (hubs), mean, linear (correct)",106,1.5,1.4310874792621735,0.07953580764293494,True
"BA (hubs), sum, oracle",106,2.998,2.879159197781194,0.13788048636734584,True
"ER, mean, oracle",107,1.4917500000000001,1.5567968154741794,0.0779495252449813,True
"ER, mean, linear (correct)",107,1.4917500000000001,1.5686373628096288,0.07712940835675182,True
"ER, sum, oracle",107,2.9619999999999997,3.0483805005773252,0.1547103686872697,True
"BA (hubs), mean, oracle",107,1.5,1.4830575361993326,0.09591538143702005,True
"BA (hubs), mean, linear (correct)",107,1.5,1.4760468900218888,0.09482072830122996,True
"BA (hubs), sum, oracle",107,2.998,2.9349317494144844,0.16167163244548458,True
"ER, mean, oracle",108,1.49075,1.4101608471700438,0.07066503675487466,True
"ER, mean, linear (correct)",108,1.49075,1.4145928237578174,0.07098822618734271,True
"ER, sum, oracle",108,3.0155,2.846299524267376,0.14027732701311926,True
"BA (hubs), mean, oracle",108,1.5,1.5579720480373187,0.12485852882990178,True
"BA (hubs), mean, linear (correct)",108,1.5,1.5476144090558144,0.12971232721812384,True
"BA (hubs), sum, oracle",108,2.998,3.16641294826959,0.22738136527505365,True
"ER, mean, oracle",109,1.49225,1.3973613792144772,0.09068261914799657,True
"ER, mean, linear (correct)",109,1.49225,1.4323738343119388,0.08645021627134096,True
"ER, sum, oracle",109,3.0155,3.056114671747554,0.1869927076162201,True
"BA (hubs), mean, oracle",109,1.5,1.4167720694789083,0.09986981432145473,True
"BA (hubs), mean, linear (correct)",109,1.5,1.4194758107894092,0.10298871878742652,True
"BA (hubs), sum, oracle",109,2.998,2.9540526677724834,0.1817331737947561,True
"ER, mean, oracle",110,1.4889999999999999,1.5350864831363116,0.06182019811174168,True
"ER, mean, linear (correct)",110,1.4889999999999999,1.5338854318942976,0.06215328559861962,True
"ER, sum, oracle",110,2.9625,3.1107482887562394,0.10858770571002895,True
"BA (hubs), mean, oracle",110,1.5,1.5583129674602776,0.08549438307431531,True
"BA (hubs), mean, linear (correct)",110,1.5,1.5471706833203207,0.08540789884807833,True
"BA (hubs), sum, oracle",110,2.998,3.079216654026978,0.15491343025941698,True
"ER, mean, oracle",111,1.49225,1.5586199373569967,0.07115125322062683,True
"ER, mean, linear (correct)",111,1.49225,1.5615298184546909,0.07294939858117225,True
"ER, sum, oracle",111,3.043,3.1632980934675197,0.13497913616434506,True
"BA (hubs), mean, oracle",111,1.5,1.6984793945036105,0.09392494815609133,False
"BA (hubs), mean, linear (correct)",111,1.5,1.7173488705170032,0.0890640558942184,False
"BA (hubs), sum, oracle",111,2.998,3.241847190618149,0.149043338802094,True
"ER, mean, oracle",112,1.4905,1.5414730288417533,0.08115120290772802,True
"ER, mean, linear (correct)",112,1.4905,1.5448682730887877,0.08064952983492873,True
"ER, sum, oracle",112,2.9859999999999998,3.0376384359634807,0.15489349247683948,True
"BA (hubs), mean, oracle",112,1.5,1.4014609968700547,0.10773136119455533,True
"BA (hubs), mean, linear (correct)",112,1.5,1.3970469308658109,0.10389999421223414,True
"BA (hubs), sum, oracle",112,2.998,2.816775619715773,0.17424567856507184,True
"ER, mean, oracle",113,1.491,1.518347254697539,0.07962624355276811,True
"ER, mean, linear (correct)",113,1.491,1.5313039948124203,0.07606297689635819,True
"ER, sum, oracle",113,2.997,3.084626801855255,0.13726387525344136,True
"BA (hubs), mean, oracle",113,1.5,1.4742311292972017,0.08395766617956286,True
"BA (hubs), mean, linear (correct)",113,1.5,1.4667618951900987,0.08710148876706345,True
"BA (hubs), sum, oracle",113,2.998,2.9880544609991686,0.142301126298031,True
"ER, mean, oracle",114,1.4895,1.340654256827559,0.06922882699748023,False
"ER, mean, linear (correct)",114,1.4895,1.361211041114096,0.06930073887998459,True
"ER, sum, oracle",114,2.9530000000000003,2.655123819489756,0.1554496410338255,True
"BA (hubs), mean, oracle",114,1.5,1.3691099375645146,0.09503798508695219,True
"BA (hubs), mean, linear (correct)",114,1.5,1.3806709141357314,0.09663991094847038,True
"BA (hubs), sum, oracle",114,2.998,2.8719115473933994,0.17469256813493822,True
"ER, mean, oracle",115,1.49075,1.4366723796250538,0.06868617437194349,True
"ER, mean, linear (correct)",115,1.49075,1.4460848855856518,0.07236883245301667,True
"ER, sum, oracle",115,2.9684999999999997,2.9310564913840382,0.13098364760369174,True
"BA (hubs), mean, oracle",115,1.5,1.5856031370204713,0.10079865721279868,True
"BA (hubs), mean, linear (correct)",115,1.5,1.5845888780964459,0.1052110665285471,True
"BA (hubs), sum, oracle",115,2.998,3.150453116575883,0.16602834394222946,True
"ER, mean, oracle",116,1.49325,1.4083746570358842,0.06644900573220873,True
"ER, mean, linear (correct)",116,1.49325,1.394156079393884,0.07031288194244298,True
"ER, sum, oracle",116,3.0075,2.8803017488962768,0.1372289730677393,True
"BA (hubs), mean, oracle",116,1.5,1.4601963277723546,0.09243172319507599,True
"BA (hubs), mean, linear (correct)",116,1.5,1.469671451593336,0.10388441241478821,True
"BA (hubs), sum, oracle",116,2.998,2.9421642787913935,0.17136973192840452,True
"ER, mean, oracle",117,1.49125,1.6188313202579634,0.08098119671756088,True
"ER, mean, linear (correct)",117,1.49125,1.615078692437444,0.07830172292560415,True
"ER, sum, oracle",117,3.016,3.182506462339953,0.1493074272813824,True
"BA (hubs), mean, oracle",117,1.5,1.4987322282346311,0.09618239138879697,True
"BA (hubs), mean, linear (correct)",117,1.5,1.4937489143571092,0.09318600365247813,True
"BA (hubs), sum, oracle",117,2.998,2.9247831644744107,0.16534588745263898,True
"ER, mean, oracle",118,1.4895,1.4745818806074895,0.06975048792183754,True
"ER, mean, linear (correct)",118,1.4895,1.4633286687524807,0.07483111329450844,True
"ER, sum, oracle",118,2.942,2.867404249474479,0.13662167672179967,True
"BA (hubs), mean, oracle",118,1.5,1.5547677283053398,0.091638986502953,True
"BA (hubs), mean, linear (correct)",118,1.5,1.5578310122575376,0.09725637512079909,True
"BA (hubs), sum, oracle",118,2.998,3.050414949256829,0.1665246857710549,True
"ER, mean, oracle",119,1.4915,1.4136839510769943,0.08366212484459809,True
"ER, mean, linear (correct)",119,1.4915,1.4271695061028442,0.0771951635552518,True
"ER, sum, oracle",119,2.9655,2.810708878929723,0.14005386843371137,True
"BA (hubs), mean, oracle",119,1.5,1.3098003592772607,0.1053139177582376,True
"BA (hubs), mean, linear (correct)",119,1.5,1.3483977588664606,0.0965189998481782,True
"BA (hubs), sum, oracle",119,2.998,2.6470496373012526,0.16874300563796496,False
"ER, mean, oracle",120,1.4917500000000001,1.5990528728597764,0.0712337347366189,True
"ER, mean, linear (correct)",120,1.4917500000000001,1.6148109110317233,0.07457080057919009,True
"ER, sum, oracle",120,3.02,3.1160286218327053,0.14646710747652514,True
"BA (hubs), mean, oracle",120,1.5,1.4456048695047974,0.0914470304147066,True
"BA (hubs), mean, linear (correct)",120,1.5,1.4388525163885502,0.09585038610078472,True
"BA (hubs), sum, oracle",120,2.998,2.9935057045898903,0.1560503035032288,True
"ER, mean, oracle",121,1.48925,1.517778831323146,0.08104785743287785,True
"ER, mean, linear (correct)",121,1.48925,1.5071705096709551,0.07898621377683815,True
"ER, sum, oracle",121,2.9935,2.9195830548411545,0.14482827156019124,True
"BA (hubs), mean, oracle",121,1.5,1.4034594856713225,0.08748906520569834,True
"BA (hubs), mean, linear (correct)",121,1.5,1.3832238927247633,0.08804247669575037,True
"BA (hubs), sum, oracle",121,2.998,2.830553053617675,0.14685620236256988,True
"ER, mean, oracle",122,1.492,1.5206084571580072,0.07810321347013656,True
"ER, mean, linear (correct)",122,1.492,1.5099063564836386,0.08497899594968779,True
"ER, sum, oracle",122,2.964,2.9503771103466363,0.13361883049927278,True
"BA (hubs), mean, oracle",122,1.5,1.4901067866130786,0.08110771191807442,True
"BA (hubs), mean, linear (correct)",122,1.5,1.474440407443216,0.08170158555949826,True
"BA (hubs), sum, oracle",122,2.998,2.9960726333453724,0.14138289041347465,True
"ER, mean, oracle",123,1.492,1.5094657129909423,0.06629234719213252,True
"ER, mean, linear (correct)",123,1.492,1.5239851289957467,0.07255900758039718,True
"ER, sum, oracle",123,3.041,3.0531551274168556,0.14448519541138288,True
"BA (hubs), mean, oracle",123,1.5,1.6817066695371707,0.12167324842838441,True
"BA (hubs), mean, linear (correct)",123,1.5,1.670149565865785,0.12663000810989067,True
"BA (hubs), sum, oracle",123,2.998,3.3679826291497177,0.20883465104390572,True
"ER, mean, oracle",124,1.4895,1.5619469450924153,0.08060009926889791,True
"ER, mean, linear (correct)",124,1.4895,1.5777662210038927,0.07838594368326796,True
"ER, sum, oracle",124,2.9565,2.9668525934833543,0.14835633723638772,True
"BA (hubs), mean, oracle",124,1.5,1.4353330658212422,0.08245450040194607,True
"BA (hubs), mean, linear (correct)",124,1.5,1.4446931131487148,0.08999147501685846,True
"BA (hubs), sum, oracle",124,2.998,2.9119695842840323,0.14279399584988337,True
"ER, mean, oracle",125,1.4905,1.52894278938949,0.08203227645985126,True
"ER, mean, linear (correct)",125,1.4905,1.5446559008628897,0.07904008609161634,True
"ER, sum, oracle",125,3.0395,3.182386168538721,0.14617718227368431,True
"BA (hubs), mean, oracle",125,1.5,1.60335223550846,0.1305230039199397,True
"BA (hubs), mean, linear (correct)",125,1.5,1.5631942056242858,0.11164741194378194,True
"BA (hubs), sum, oracle",125,2.998,3.057928649428954,0.23065200216344173,True
"ER, mean, oracle",126,1.48975,1.4239107426872368,0.06622794903004549,True
"ER, mean, linear (correct)",126,1.48975,1.402806560983738,0.07113437253854651,True
"ER, sum, oracle",126,2.9985,2.89244144866999,0.14274196300857206,True
"BA (hubs), mean, oracle",126,1.5,1.673879836404951,0.12020247233682216,True
"BA (hubs), mean, linear (correct)",126,1.5,1.642698240043021,0.11926151359008023,True
"BA (hubs), sum, oracle",126,2.998,3.217069585913177,0.20425845353990799,True
"ER, mean, oracle",127,1.491,1.4144308934257788,0.09050720505971728,True
"ER, mean, linear (correct)",127,1.491,1.4187707521874215,0.09272272595063152,True
"ER, sum, oracle",127,3.0405,2.747214662485556,0.16476276596810216,True
"BA (hubs), mean, oracle",127,1.5,1.4729288390738213,0.12790832470465643,True
"BA (hubs), mean, linear (correct)",127,1.5,1.4810566456954368,0.1279223268492878,True
"BA (hubs), sum, oracle",127,2.998,2.9282906161024598,0.19500902292509917,True
"ER, mean, oracle",128,1.49275,1.5030663789828078,0.0702867441606004,True
"ER, mean, linear (correct)",128,1.49275,1.518998877117212,0.07422243399422189,True
"ER, sum, oracle",128,3.007,3.0201819510322307,0.13309611625316034,True
"BA (hubs), mean, oracle",128,1.5,1.3789750371880685,0.11084990193120832,True
"BA (hubs), mean, linear (correct)",128,1.5,1.4057260347663187,0.11657780578236289,True
"BA (hubs), sum, oracle",128,2.998,2.812009872074103,0.19011607408448286,True
"ER, mean, oracle",129,1.4935,1.4750478472426065,0.07641128188103646,True
"ER, mean, linear (correct)",129,1.4935,1.4809631316177396,0.06824010799985829,True
"ER, sum, oracle",129,3.0335,3.0303260968435874,0.13702764883512358,True
"BA (hubs), mean, oracle",129,1.5,1.5953818822215164,0.10636496810213973,True
"BA (hubs), mean, linear (correct)",129,1.5,1.581511670547965,0.10070112861647786,True
"BA (hubs), sum, oracle",129,2.998,3.206563370155136,0.17978486125355408,True
"ER, mean, oracle",130,1.492,1.533537209589495,0.0791647781427483,True
"ER, mean, linear (correct)",130,1.492,1.5253143944455898,0.07541273406871794,True
"ER, sum, oracle",130,2.9895,3.170461402419612,0.14293435058273818,True
"BA (hubs), mean, oracle",130,1.5,1.411797509586735,0.10499589312343967,True
"BA (hubs), mean, linear (correct)",130,1.5,1.395152601647748,0.1092289061791813,True
"BA (hubs), sum, oracle",130,2.998,2.9394787603730768,0.1834777797908315,True
"ER, mean, oracle",131,1.49125,1.3848587900679226,0.07953734788920772,True
"ER, mean, linear (correct)",131,1.49125,1.39187910346643,0.07645222996572615,True
"ER, sum, oracle",131,2.9935,2.7193422628181603,0.1437029488201214,True
"BA (hubs), mean, oracle",131,1.5,1.5467561368159832,0.11723925330992689,True
"BA (hubs), mean, linear (correct)",131,1.5,1.5614719460847557,0.1111186740997688,True
"BA (hubs), sum, oracle",131,2.998,3.0372357207375194,0.19399525141725765,True
"ER, mean, oracle",132,1.4925,1.5043000142891536,0.06821179560944095,True
"ER, mean, linear (correct)",132,1.4925,1.485861776888439,0.06921915499126574,True
"ER, sum, oracle",132,2.9815,3.0015740750890254,0.13371503362970652,True
"BA (hubs), mean, oracle",132,1.5,1.4909511737067571,0.10065874573290766,True
"BA (hubs), mean, linear (correct)",132,1.5,1.5044101341333167,0.09958921997729567,True
"BA (hubs), sum, oracle",132,2.998,2.9305969816164907,0.168086420519111,True
"ER, mean, oracle",133,1.491,1.6383979248602445,0.069433209367342,False
"ER, mean, linear (correct)",133,1.491,1.661040659510984,0.07703076987524096,False
"ER, sum, oracle",133,3.027,3.2416352161310753,0.13785298176510016,True
"BA (hubs), mean, oracle",133,1.5,1.5389225011256316,0.07435175625241305,True
"BA (hubs), mean, linear (correct)",133,1.5,1.5444155993244142,0.08023518258918946,True
"BA (hubs), sum, oracle",133,2.998,3.02900253203686,0.12619300249802737,True
"ER, mean, oracle",134,1.491,1.4172558032333096,0.07663655460543241,True
"ER, mean, linear (correct)",134,1.491,1.417989104019893,0.08104719254700823,True
"ER, sum, oracle",134,2.9699999999999998,2.8029136079545673,0.13864183264548088,True
"BA (hubs), mean, oracle",134,1.5,1.494773660330365,0.09980156601244357,True
"BA (hubs), mean, linear (correct)",134,1.5,1.4810632448344399,0.10127668754074512,True
"BA (hubs), sum, oracle",134,2.998,2.9122075984938958,0.15917967192133103,True
"ER, mean, oracle",135,1.491,1.5078428602010716,0.07658694475242422,True
"ER, mean, linear (correct)",135,1.491,1.4983056766993665,0.07384648741608085,True
"ER, sum, oracle",135,3.036,3.0746393931168345,0.15342431869380468,True
"BA (hubs), mean, oracle",135,1.5,1.4900747887232775,0.10483444053462938,True
"BA (hubs), mean, linear (correct)",135,1.5,1.4971991204250061,0.10692163806329724,True
"BA (hubs), sum, oracle",135,2.998,2.955580710020549,0.18081394371422452,True
"ER, mean, oracle",136,1.492,1.5735759496629846,0.08687974552809725,True
"ER, mean, linear (correct)",136,1.492,1.561180807667506,0.08739169198634093,True
"ER, sum, oracle",136,3.0005,3.150144447482615,0.17158739008384105,True
"BA (hubs), mean, oracle",136,1.5,1.6256534799117333,0.11493605539545967,True
"BA (hubs), mean, linear (correct)",136,1.5,1.6182307217822198,0.11250670916214843,True
"BA (hubs), sum, oracle",136,2.998,3.2541076251888272,0.20562759078114226,True
"ER, mean, oracle",137,1.49225,1.5031688511446846,0.08031985690874709,True
"ER, mean, linear (correct)",137,1.49225,1.4933205942989765,0.07829808218894735,True
"ER, sum, oracle",137,3.0565,2.9790101894252015,0.1489077557029865,True
"BA (hubs), mean, oracle",137,1.5,1.58184343958861,0.0779616630565739,True
"BA (hubs), mean, linear (correct)",137,1.5,1.5882322375319498,0.07853606604602976,True
"BA (hubs), sum, oracle",137,2.998,3.1028229988778344,0.13710807250660806,True
"ER, mean, oracle",138,1.48975,1.4561050613686186,0.06456567747341399,True
"ER, mean, linear (correct)",138,1.48975,1.4523329837477792,0.06587912677876842,True
"ER, sum, oracle",138,2.9625,2.8176207317208126,0.14411019489722823,True
"BA (hubs), mean, oracle",138,1.5,1.4312221247083146,0.09020465771675126,True
"BA (hubs), mean, linear (correct)",138,1.5,1.4471575618606285,0.08739347502042222,True
"BA (hubs), sum, oracle",138,2.998,2.9984352231613456,0.14591470231631484,True
"ER, mean, oracle",139,1.4905,1.573744305936437,0.06891435949363027,True
"ER, mean, linear (correct)",139,1.4905,1.5787354566328617,0.06909772613075896,True
"ER, sum, oracle",139,2.99,3.2183033233751592,0.15422426588995294,True
"BA (hubs), mean, oracle",139,1.5,1.4839541616785015,0.08842144768421159,True
"BA (hubs), mean, linear (correct)",139,1.5,1.4985804054016147,0.08810537129438421,True
"BA (hubs), sum, oracle",139,2.998,2.925889028845124,0.15211885857697824,True
"ER, mean, oracle",140,1.49,1.4195596877336167,0.07309486813685225,True
"ER, mean, linear (correct)",140,1.49,1.4135621834546825,0.07158849845465544,True
"ER, sum, oracle",140,2.9285,2.8156470479446813,0.15813357272086068,True
"BA (hubs), mean, oracle",140,1.5,1.4820516516119833,0.08949454764668054,True
"BA (hubs), mean, linear (correct)",140,1.5,1.4647065177826613,0.08818466245752754,True
"BA (hubs), sum, oracle",140,2.998,2.984606132392317,0.15504657144076653,True
"ER, mean, oracle",141,1.48975,1.4890557780731508,0.07545327254973642,True
"ER, mean, linear (correct)",141,1.48975,1.493320280891267,0.07709023297244141,True
"ER, sum, oracle",141,2.9725,2.946355339044902,0.13424144561940993,True
"BA (hubs), mean, oracle",141,1.5,1.4917695234784762,0.09376092008726739,True
"BA (hubs), mean, linear (correct)",141,1.5,1.4968705411499195,0.09985452236507371,True
"BA (hubs), sum, oracle",141,2.998,2.9456434197539325,0.15041091189834307,True
"ER, mean, oracle",142,1.49075,1.3684425504680304,0.08897463731512618,True
"ER, mean, linear (correct)",142,1.49075,1.3778227296093721,0.08198631972040069,True
"ER, sum, oracle",142,3.0,2.6496252451988074,0.18652792529431172,True
"BA (hubs), mean, oracle",142,1.5,1.4390782697113709,0.10481859090791242,True
"BA (hubs), mean, linear (correct)",142,1.5,1.4416602050974698,0.1047117539575266,True
"BA (hubs), sum, oracle",142,2.998,2.89430677522322,0.17101496004526295,True
"ER, mean, oracle",143,1.49325,1.5304293573186092,0.07856763292913564,True
"ER, mean, linear (correct)",143,1.49325,1.5238877005277007,0.07802060893093979,True
"ER, sum, oracle",143,3.04,3.1149820928610605,0.16169416617258783,True
"BA (hubs), mean, oracle",143,1.5,1.3843320218039477,0.11588520296352257,True
"BA (hubs), mean, linear (correct)",143,1.5,1.393538593968879,0.1246075962271437,True
"BA (hubs), sum, oracle",143,2.998,2.7182205002318462,0.1926067153761111,True
"ER, mean, oracle",144,1.4917500000000001,1.5877221362339884,0.08090667058408059,True
"ER, mean, linear (correct)",144,1.4917500000000001,1.5749163703123745,0.07878814708926724,True
"ER, sum, oracle",144,2.9435000000000002,3.031157841281056,0.15622008577353108,True
"BA (hubs), mean, oracle",144,1.5,1.6040970870973705,0.09264925678118424,True
"BA (hubs), mean, linear (correct)",144,1.5,1.6229452833952627,0.08700031315457651,True
"BA (hubs), sum, oracle",144,2.998,3.168590755996374,0.16298499685881054,True
"ER, mean, oracle",145,1.492,1.5565283347737,0.07198020400268326,True
"ER, mean, linear (correct)",145,1.492,1.5480332582003202,0.07831805618677457,True
"ER, sum, oracle",145,3.022,3.1252363919357355,0.15174196061794187,True
"BA (hubs), mean, oracle",145,1.5,1.5454873685181554,0.08933431254724215,True
"BA (hubs), mean, linear (correct)",145,1.5,1.5515820022015268,0.0887062170034493,True
"BA (hubs), sum, oracle",145,2.998,3.0667045603255296,0.15466274894335,True
"ER, mean, oracle",146,1.49075,1.504545033352868,0.0856662370730867,True
"ER, mean, linear (correct)",146,1.49075,1.5178935301176948,0.08272548223679327,True
"ER, sum, oracle",146,3.0015,3.0352190534336323,0.1523009564554736,True
"BA (hubs), mean, oracle",146,1.5,1.418188789501504,0.0969239909125811,True
"BA (hubs), mean, linear (correct)",146,1.5,1.422015255165605,0.0990592022125975,True
"BA (hubs), sum, oracle",146,2.998,2.827262476880496,0.16235853484769708,True
"ER, mean, oracle",147,1.49225,1.3913706248988955,0.0906001271739034,True
"ER, mean, linear (correct)",147,1.49225,1.3923188736739553,0.0921589290222605,True
"ER, sum, oracle",147,2.9859999999999998,2.87754242346986,0.16067895543423533,True
"BA (hubs), mean, oracle",147,1.5,1.4327489425766096,0.10913007673067354,True
"BA (hubs), mean, linear (correct)",147,1.5,1.4400913848873622,0.10764663049021557,True
"BA (hubs), sum, oracle",147,2.998,2.943826327872237,0.17509583059513734,True
"ER, mean, oracle",148,1.49125,1.5287671830867977,0.0694223730408957,True
"ER, mean, linear (correct)",148,1.49125,1.5265416710366866,0.07326119235844515,True
"ER, sum, oracle",148,3.0385,3.2418852057209,0.13042687568519037,True
"BA (hubs), mean, oracle",148,1.5,1.5630649426168541,0.09792965527737336,True
"BA (hubs), mean, linear (correct)",148,1.5,1.5619590822379408,0.10484651302346386,True
"BA (hubs), sum, oracle",148,2.998,3.1451431404879164,0.1731781205072354,True
"ER, mean, oracle",149,1.4915,1.5176543945995236,0.07680125836098249,True
"ER, mean, linear (correct)",149,1.4915,1.515812051076861,0.07740899852176808,True
"ER, sum, oracle",149,3.011,3.0170691275194046,0.14938615263962793,True
"BA (hubs), mean, oracle",149,1.5,1.5372480280369079,0.10672032340105163,True
"BA (hubs), mean, linear (correct)",149,1.5,1.546993908549657,0.10385782770267424,True
"BA (hubs), sum, oracle",149,2.998,2.96000194346239,0.18754534275929866,True
"ER, mean, oracle",150,1.49325,1.2558169305280946,0.07996506275670572,False
"ER, mean, linear (correct)",150,1.49325,1.246901727976017,0.07721621933603902,False
"ER, sum, oracle",150,3.0355,2.672567163930146,0.14748816811837923,False
"BA (hubs), mean, oracle",150,1.5,1.4520411828246416,0.09157853109093214,True
"BA (hubs), mean, linear (correct)",150,1.5,1.4568340637368289,0.09565713359923682,True
"BA (hubs), sum, oracle",150,2.998,2.943672413939732,0.1516965115153988,True
"ER, mean, oracle",151,1.49075,1.4583014130499796,0.07246410505609048,True
"ER, mean, linear (correct)",151,1.49075,1.4554695949760499,0.06886713866564087,True
"ER, sum, oracle",151,2.9475,2.929464404200095,0.1272289784159087,True
"BA (hubs), mean, oracle",151,1.5,1.4173176185933685,0.10328491125487349,True
"BA (hubs), mean, linear (correct)",151,1.5,1.3967977200070825,0.10076759836775907,True
"BA (hubs), sum, oracle",151,2.998,2.8438725551766484,0.179131765319774,True
"ER, mean, oracle",152,1.49125,1.5782795073389249,0.06727589589599477,True
"ER, mean, linear (correct)",152,1.49125,1.580727919522262,0.06772660293843463,True
"ER, sum, oracle",152,2.9795,3.236824765368366,0.12714105608222517,False
"BA (hubs), mean, oracle",152,1.5,1.3578785330518695,0.0833494068031761,True
"BA (hubs), mean, linear (correct)",152,1.5,1.357346229633013,0.08712400596820359,True
"BA (hubs), sum, oracle",152,2.998,2.7721713382900566,0.1447895319480929,True
"ER, mean, oracle",153,1.49,1.3983355343331363,0.0808532591351455,True
"ER, mean, linear (correct)",153,1.49,1.4228062722415196,0.07537558614121338,True
"ER, sum, oracle",153,2.974,3.0205281024216295,0.1513834802314289,True
"BA (hubs), mean, oracle",153,1.5,1.398869681859679,0.10448110215728769,True
"BA (hubs), mean, linear (correct)",153,1.5,1.4093357636371326,0.10530903801703705,True
"BA (hubs), sum, oracle",153,2.998,2.8397966962266445,0.16585199170543194,True
"ER, mean, oracle",154,1.49075,1.4565261162096586,0.08033412617446078,True
"ER, mean, linear (correct)",154,1.49075,1.4565735596626002,0.07355839772881219,True
"ER, sum, oracle",154,3.0,2.9548151768246047,0.15414671908337813,True
"BA (hubs), mean, oracle",154,1.5,1.4815788614607757,0.11109287148352687,True
"BA (hubs), mean, linear (correct)",154,1.5,1.4811587283214334,0.10434887639028116,True
"BA (hubs), sum, oracle",154,2.998,3.0205730396870107,0.20167223026398134,True
"ER, mean, oracle",155,1.4905,1.4113323356128868,0.07879644540272672,True
"ER, mean, linear (correct)",155,1.4905,1.4085182550934516,0.08739567897499789,True
"ER, sum, oracle",155,2.99,2.823704518790882,0.1484358889679589,True
"BA (hubs), mean, oracle",155,1.5,1.5089314748441343,0.0941640439593409,True
"BA (hubs), mean, linear (correct)",155,1.5,1.5318436693914896,0.09296254230337446,True
"BA (hubs), sum, oracle",155,2.998,2.9687364551657005,0.1660768623731929,True
"ER, mean, oracle",156,1.49,1.4184447462828509,0.0813312971172699,True
"ER, mean, linear (correct)",156,1.49,1.4105118113465376,0.08343872070523116,True
"ER, sum, oracle",156,2.9875,2.907758405693447,0.15049395960220718,True
"BA (hubs), mean, oracle",156,1.5,1.574320386396566,0.11554128420232505,True
"BA (hubs), mean, linear (correct)",156,1.5,1.5558549622670461,0.106734461883529,True
"BA (hubs), sum, oracle",156,2.998,3.027453524107915,0.1973460303491501,True
"ER, mean, oracle",157,1.4917500000000001,1.631525991716833,0.08162600904620135,True
"ER, mean, linear (correct)",157,1.4917500000000001,1.596708835665309,0.07997242715121844,True
"ER, sum, oracle",157,3.0045,3.2064064697761547,0.15051244724966706,True
"BA (hubs), mean, oracle",157,1.5,1.521303761366288,0.10087301716556689,True
"BA (hubs), mean, linear (correct)",157,1.5,1.527398253873837,0.09847677620678492,True
"BA (hubs), sum, oracle",157,2.998,3.008649586716624,0.1707070470017035,True
"ER, mean, oracle",158,1.49125,1.2640982860642995,0.08395419548526031,False
"ER, mean, linear (correct)",158,1.49125,1.2776711956734461,0.07907455750344221,False
"ER, sum, oracle",158,2.9935,2.688331437919945,0.14061269446314967,False
"BA (hubs), mean, oracle",158,1.5,1.4247211113359,0.11322301351403473,True
"BA (hubs), mean, linear (correct)",158,1.5,1.4110743849023861,0.10736657092937707,True
"BA (hubs), sum, oracle",158,2.998,2.9124272404155906,0.203448921364473,True
"ER, mean, oracle",159,1.48825,1.454431222209562,0.0844868054998181,True
"ER, mean, linear (correct)",159,1.48825,1.4456355972912922,0.08136943665480871,True
"ER, sum, oracle",159,2.9555,2.8889153119371924,0.1765915086115798,True
"BA (hubs), mean, oracle",159,1.5,1.5679841981116267,0.10578728628263998,True
"BA (hubs), mean, linear (correct)",159,1.5,1.5525989410902827,0.10166022190316681,True
"BA (hubs), sum, oracle",159,2.998,3.205487120225151,0.16929008579247104,True
"ER, mean, oracle",160,1.487,1.4564239530130139,0.07454243094426966,True
"ER, mean, linear (correct)",160,1.487,1.4574881119974363,0.07742778268828959,True
"ER, sum, oracle",160,2.9865,2.855336284733659,0.1322174715543097,True
"BA (hubs), mean, oracle",160,1.5,1.535095589008315,0.10151376584599078,True
"BA (hubs), mean, linear (correct)",160,1.5,1.5030733265146154,0.09912013274913697,True
"BA (hubs), sum, oracle",160,2.998,3.0201229959846003,0.16886748538878535,True
"ER, mean, oracle",161,1.491,1.508229706505299,0.06723461565839138,True
"ER, mean, linear (correct)",161,1.491,1.5097306988222945,0.07009905615793208,True
"ER, sum, oracle",161,3.055,3.0434739784999145,0.13755386125552446,True
"BA (hubs), mean, oracle",161,1.5,1.5768055614561494,0.08496595393619448,True
"BA (hubs), mean, linear (correct)",161,1.5,1.579169692108274,0.08441817807682286,True
"BA (hubs), sum, oracle",161,2.998,3.053102239005719,0.1521819764859693,True
"ER, mean, oracle",162,1.4915,1.540658374465813,0.07329074880476218,True
"ER, mean, linear (correct)",162,1.4915,1.5521865178515588,0.07327059508855634,True
"ER, sum, oracle",162,2.976,3.0404986028809007,0.15399454344126348,True
"BA (hubs), mean, oracle",162,1.5,1.5400111963847034,0.09574005880156057,True
"BA (hubs), mean, linear (correct)",162,1.5,1.5407057357024265,0.10210327319480966,True
"BA (hubs), sum, oracle",162,2.998,3.0374541232800523,0.1680829421961863,True
"ER, mean, oracle",163,1.49,1.498201120131222,0.0690426321693172,True
"ER, mean, linear (correct)",163,1.49,1.5276112149362568,0.07432839842798625,True
"ER, sum, oracle",163,3.0255,3.057797575294072,0.1470610004043373,True
"BA (hubs), mean, oracle",163,1.5,1.3877801408735289,0.09960157676409216,True
"BA (hubs), mean, linear (correct)",163,1.5,1.393562192506672,0.10010918840062602,True
"BA (hubs), sum, oracle",163,2.998,2.7677965081786366,0.17250979751490586,True
"ER, mean, oracle",164,1.49275,1.606768323781598,0.0879726386432653,True
"ER, mean, linear (correct)",164,1.49275,1.5939408733253617,0.09934662147273148,True
"ER, sum, oracle",164,3.006,3.1297000114434668,0.14450962171225262,True
"BA (hubs), mean, oracle",164,1.5,1.4864070413690946,0.10747331405583418,True
"BA (hubs), mean, linear (correct)",164,1.5,1.5054525774967218,0.11498787274371636,True
"BA (hubs), sum, oracle",164,2.998,2.9126894041442295,0.18906978334203978,True
"ER, mean, oracle",165,1.4905,1.4591732316120845,0.06862606975359609,True
"ER, mean, linear (correct)",165,1.4905,1.444708852232833,0.07003027571686685,True
"ER, sum, oracle",165,2.982,2.8990208981900554,0.14627252232766275,True
"BA (hubs), mean, oracle",165,1.5,1.5878134827151227,0.09286420170108925,True
"BA (hubs), mean, linear (correct)",165,1.5,1.6039671329680827,0.09666337207390133,True
"BA (hubs), sum, oracle",165,2.998,3.1146331246226664,0.1651271014250316,True
"ER, mean, oracle",166,1.4889999999999999,1.5073535818785424,0.08847103590816484,True
"ER, mean, linear (correct)",166,1.4889999999999999,1.5020660782568473,0.08320051044853183,True
"ER, sum, oracle",166,2.9695,3.0597432535284166,0.18154183844423505,True
"BA (hubs), mean, oracle",166,1.5,1.46644384738457,0.09232065442738069,True
"BA (hubs), mean, linear (correct)",166,1.5,1.5021237856578287,0.09464473097478113,True
"BA (hubs), sum, oracle",166,2.998,2.8885036277430736,0.15311680312201192,True
"ER, mean, oracle",167,1.49225,1.5642798731345904,0.07634532109691135,True
"ER, mean, linear (correct)",167,1.49225,1.5727524542986286,0.08282396789102889,True
"ER, sum, oracle",167,3.031,3.0930466610324205,0.15731848746882826,True
"BA (hubs), mean, oracle",167,1.5,1.5606349782185858,0.10335014420379486,True
"BA (hubs), mean, linear (correct)",167,1.5,1.5481097819528218,0.11496723608363643,True
"BA (hubs), sum, oracle",167,2.998,3.1342261141385483,0.19394006955225024,True
"ER, mean, oracle",168,1.49125,1.3627924150094137,0.07978264145900901,True
"ER, mean, linear (correct)",168,1.49125,1.364210003251348,0.08237265084940584,True
"ER, sum, oracle",168,3.018,2.996945884594259,0.16091328114542086,True
"BA (hubs), mean, oracle",168,1.5,1.6316121374209205,0.09403623087198708,True
"BA (hubs), mean, linear (correct)",168,1.5,1.6226838459374089,0.08990153045898151,True
"BA (hubs), sum, oracle",168,2.998,3.228018380367301,0.1530590420965855,True
"ER, mean, oracle",169,1.49025,1.5187647625201701,0.07254591087656007,True
"ER, mean, linear (correct)",169,1.49025,1.524699547042474,0.07550742324534356,True
"ER, sum, oracle",169,2.996,2.964308064858038,0.1307038853538393,True
"BA (hubs), mean, oracle",169,1.5,1.4645479093387501,0.10098889493695547,True
"BA (hubs), mean, linear (correct)",169,1.5,1.4612873831687034,0.10432968606591436,True
"BA (hubs), sum, oracle",169,2.998,2.8558806382208584,0.17524535325217885,True
"ER, mean, oracle",170,1.4925,1.6081842153621766,0.07555872401355115,True
"ER, mean, linear (correct)",170,1.4925,1.608274771186387,0.07700288521899909,True
"ER, sum, oracle",170,2.9855,3.200058232020255,0.14299525296916385,True
"BA (hubs), mean, oracle",170,1.5,1.6229983036425706,0.11279269898328971,True
"BA (hubs), mean, linear (correct)",170,1.5,1.587701646730323,0.11062244280389935,True
"BA (hubs), sum, oracle",170,2.998,3.2539601242431004,0.20657350429193508,True
"ER, mean, oracle",171,1.4915,1.5110631552516582,0.07621910129782691,True
"ER, mean, linear (correct)",171,1.4915,1.5083163854093322,0.07976715979530054,True
"ER, sum, oracle",171,2.9955,3.014917082023052,0.1442090822292038,True
"BA (hubs), mean, oracle",171,1.5,1.457909431784592,0.09560678272593395,True
"BA (hubs), mean, linear (correct)",171,1.5,1.4257073131551832,0.10273180310644246,True
"BA (hubs), sum, oracle",171,2.998,2.9682741911999875,0.15897868741783264,True
"ER, mean, oracle",172,1.4905,1.53247383719982,0.06411011713976825,True
"ER, mean, linear (correct)",172,1.4905,1.5314431339132817,0.07188070261731747,True
"ER, sum, oracle",172,3.003,3.131324851632429,0.1224448228806546,True
"BA (hubs), mean, oracle",172,1.5,1.739434488519817,0.12214957346954933,False
"BA (hubs), mean, linear (correct)",172,1.5,1.7192513794232145,0.11496645821966076,True
"BA (hubs), sum, oracle",172,2.998,3.3328944498906314,0.19986043544467705,True
"ER, mean, oracle",173,1.49025,1.6347965716046446,0.06842724360479413,False
"ER, mean, linear (correct)",173,1.49025,1.6492265294753596,0.06478105619658492,False
"ER, sum, oracle",173,2.9555,3.1395526759219075,0.1313409784861899,True
"BA (hubs), mean, oracle",173,1.5,1.6876083408819937,0.08512068739853453,False
"BA (hubs), mean, linear (correct)",173,1.5,1.7131415994906756,0.08641324055776567,False
"BA (hubs), sum, oracle",173,2.998,3.3242340748080856,0.14705036550944686,False
"ER, mean, oracle",174,1.4885,1.3736184891187004,0.07577079431820781,True
"ER, mean, linear (correct)",174,1.4885,1.3792121241097328,0.07736702366145007,True
"ER, sum, oracle",174,2.9775,2.805103579954083,0.161796463274446,True
"BA (hubs), mean, oracle",174,1.5,1.4965801428465253,0.09048705036552823,True
"BA (hubs), mean, linear (correct)",174,1.5,1.5148909770736205,0.0948200430574539,True
"BA (hubs), sum, oracle",174,2.998,2.933933674875921,0.15871825646300566,True
"ER, mean, oracle",175,1.49075,1.721127919846373,0.07562712662734795,False
"ER, mean, linear (correct)",175,1.49075,1.725720921546507,0.07843977700007632,False
"ER, sum, oracle",175,2.967,3.345019758644579,0.14142975324640303,False
"BA (hubs), mean, oracle",175,1.5,1.4582121020906487,0.0966825900047544,True
"BA (hubs), mean, linear (correct)",175,1.5,1.4626664999160637,0.09574036557109633,True
"BA (hubs), sum, oracle",175,2.998,2.8323968972746707,0.17475714355147193,True
"ER, mean, oracle",176,1.49275,1.5243932828476852,0.07102646386763692,True
"ER, mean, linear (correct)",176,1.49275,1.5091930592173066,0.06958316763670667,True
"ER, sum, oracle",176,3.0145,3.0915575897866425,0.14060740591963647,True
"BA (hubs), mean, oracle",176,1.5,1.4419208337450513,0.08185589513115572,True
"BA (hubs), mean, linear (correct)",176,1.5,1.4263047973001233,0.08343119696055648,True
"BA (hubs), sum, oracle",176,2.998,2.857003045374826,0.14567008132169373,True
"ER, mean, oracle",177,1.491,1.7183848730342606,0.08658349720087649,False
"ER, mean, linear (correct)",177,1.491,1.6836843162571964,0.07862524341313624,False
"ER, sum, oracle",177,2.988,3.533651809511697,0.15049973493303562,False
"BA (hubs), mean, oracle",177,1.5,1.5264406100476076,0.09911811228990344,True
"BA (hubs), mean, linear (correct)",177,1.5,1.4956034769141897,0.09517875234726274,True
"BA (hubs), sum, oracle",177,2.998,2.9337542758630164,0.16713982959888649,True
"ER, mean, oracle",178,1.49125,1.5360359406387447,0.10135266899977532,True
"ER, mean, linear (correct)",178,1.49125,1.5234332567721207,0.09344549517230796,True
"ER, sum, oracle",178,3.0415,3.1348225462317147,0.1882773209337418,True
"BA (hubs), mean, oracle",178,1.5,1.2985936823722946,0.08654129200621996,False
"BA (hubs), mean, linear (correct)",178,1.5,1.2772334873711861,0.08599582878367039,False
"BA (hubs), sum, oracle",178,2.998,2.587735704935572,0.14773932695112885,False
"ER, mean, oracle",179,1.49,1.5572554040425144,0.07364094015760884,True
"ER, mean, linear (correct)",179,1.49,1.5424995056958457,0.07466294257830691,True
"ER, sum, oracle",179,3.0595,2.980281973601106,0.14438271180448967,True
"BA (hubs), mean, oracle",179,1.5,1.4348086605021806,0.0900561232442552,True
"BA (hubs), mean, linear (correct)",179,1.5,1.4304955794437693,0.08816603062137246,True
"BA (hubs), sum, oracle",179,2.998,2.9223112980002672,0.15769077967232215,True
"ER, mean, oracle",180,1.4905,1.507791872205237,0.08937462858492953,True
"ER, mean, linear (correct)",180,1.4905,1.503991632099859,0.0933954385367138,True
"ER, sum, oracle",180,3.0425,2.9453622983783343,0.17313943312106744,True
"BA (hubs), mean, oracle",180,1.5,1.6446274276103994,0.10660355785423321,True
"BA (hubs), mean, linear (correct)",180,1.5,1.6560971842584524,0.10626832039330965,True
"BA (hubs), sum, oracle",180,2.998,3.210172264553253,0.1619203407686277,True
"ER, mean, oracle",181,1.4915,1.5259294380311887,0.06062642508922648,True
"ER, mean, linear (correct)",181,1.4915,1.5363742325778669,0.06887636045805556,True
"ER, sum, oracle",181,3.037,3.088527987857275,0.12036080384033503,True
"BA (hubs), mean, oracle",181,1.5,1.344708313101791,0.10646193110489323,True
"BA (hubs), mean, linear (correct)",181,1.5,1.324858674177327,0.1218550875083943,True
"BA (hubs), sum, oracle",181,2.998,2.7960140014625914,0.178799966616216,True
"ER, mean, oracle",182,1.49075,1.463079355509939,0.07465611140835399,True
"ER, mean, linear (correct)",182,1.49075,1.4612860545843855,0.07703203018604231,True
"ER, sum, oracle",182,3.015,2.942324074028603,0.15409046779046537,True
"BA (hubs), mean, oracle",182,1.5,1.4539908873824783,0.11645344921747162,True
"BA (hubs), mean, linear (correct)",182,1.5,1.4464020672885631,0.10952767807924338,True
"BA (hubs), sum, oracle",182,2.998,2.9049756742902364,0.20331093999477584,True
"ER, mean, oracle",183,1.4917500000000001,1.46042195213853,0.06846503691728466,True
"ER, mean, linear (correct)",183,1.4917500000000001,1.4669201326329684,0.06991367175133224,True
"ER, sum, oracle",183,3.023,3.10312530636193,0.13325678674282707,True
"BA (hubs), mean, oracle",183,1.5,1.524056104615814,0.09014028596110474,True
"BA (hubs), mean, linear (correct)",183,1.5,1.5043715716147334,0.09694530939410875,True
"BA (hubs), sum, oracle",183,2.998,3.1262192685147294,0.15444433383983278,True
"ER, mean, oracle",184,1.4915,1.427921785753968,0.07472901275551243,True
"ER, mean, linear (correct)",184,1.4915,1.4248921334010585,0.07828017288443483,True
"ER, sum, oracle",184,2.9699999999999998,2.8532167189426545,0.13100967541866784,True
"BA (hubs), mean, oracle",184,1.5,1.3900210098597165,0.10019957961698023,True
"BA (hubs), mean, linear (correct)",184,1.5,1.3720539221985208,0.09907855113352432,True
"BA (hubs), sum, oracle",184,2.998,2.8854370681987582,0.17137827471674918,True
"ER, mean, oracle",185,1.48975,1.3605073107146395,0.0836532404755117,True
"ER, mean, linear (correct)",185,1.48975,1.3852544998604488,0.08290353016964688,True
"ER, sum, oracle",185,2.9755000000000003,2.74643053002102,0.17067548204201433,True
"BA (hubs), mean, oracle",185,1.5,1.3627113974116707,0.11036140074713825,True
"BA (hubs), mean, linear (correct)",185,1.5,1.3740454628854888,0.10637112314255304,True
"BA (hubs), sum, oracle",185,2.998,2.7970156646215396,0.19374608354443357,True
"ER, mean, oracle",186,1.492,1.480593924880579,0.08897313452958247,True
"ER, mean, linear (correct)",186,1.492,1.489085048415288,0.08418062789283481,True
"ER, sum, oracle",186,3.002,3.024725641589245,0.17834487987839998,True
"BA (hubs), mean, oracle",186,1.5,1.2659049328182108,0.09302377686081742,False
"BA (hubs), mean, linear (correct)",186,1.5,1.261454886461243,0.09000608609960585,False
"BA (hubs), sum, oracle",186,2.998,2.562111248826587,0.15326160808119307,False
"ER, mean, oracle",187,1.4917500000000001,1.5055970904021665,0.06930339934177987,True
"ER, mean, linear (correct)",187,1.4917500000000001,1.4960814591277172,0.06689058718170564,True
"ER, sum, oracle",187,2.998,2.9875658213264717,0.13413387148956912,True
"BA (hubs), mean, oracle",187,1.5,1.411339255039504,0.11376238300231603,True
"BA (hubs), mean, linear (correct)",187,1.5,1.430636451948844,0.10805817612428927,True
"BA (hubs), sum, oracle",187,2.998,2.810055658361047,0.18320983242441946,True
"ER, mean, oracle",188,1.4895,1.5595350254215077,0.07878878123628563,True
"ER, mean, linear (correct)",188,1.4895,1.5640505414837138,0.07376838975398727,True
"ER, sum, oracle",188,2.9905,3.174651544814596,0.1559672179933537,True
"BA (hubs), mean, oracle",188,1.5,1.3959133605343264,0.10577267521674033,True
"BA (hubs), mean, linear (correct)",188,1.5,1.3765524458256952,0.10436002270542931,True
"BA (hubs), sum, oracle",188,2.998,2.86720302575862,0.17634800782202154,True
"ER, mean, oracle",189,1.4917500000000001,1.560741329749367,0.08009569830806729,True
"ER, mean, linear (correct)",189,1.4917500000000001,1.547160078236882,0.07774048214274056,True
"ER, sum, oracle",189,3.0085,3.1110069035332524,0.15175946319210662,True
"BA (hubs), mean, oracle",189,1.5,1.5623985851539142,0.09970331217032674,True
"BA (hubs), mean, linear (correct)",189,1.5,1.554387040069158,0.09627983533677105,True
"BA (hubs), sum, oracle",189,2.998,3.1378237925412567,0.1742295509994242,True
"ER, mean, oracle",190,1.4905,1.485546730032508,0.0697684874459646,True
"ER, mean, linear (correct)",190,1.4905,1.4952483965899663,0.07530802444003691,True
"ER, sum, oracle",190,3.0195,2.8522201174597024,0.15694573957698615,True
"BA (hubs), mean, oracle",190,1.5,1.4234932380403014,0.10505651167618273,True
"BA (hubs), mean, linear (correct)",190,1.5,1.4140687595465773,0.11021655414511199,True
"BA (hubs), sum, oracle",190,2.998,2.856379027634137,0.18251851657454557,True
"ER, mean, oracle",191,1.49075,1.6567826108129584,0.0756707419754645,False
"ER, mean, linear (correct)",191,1.49075,1.6633989997556289,0.07419452070447193,False
"ER, sum, oracle",191,3.029,3.169369977428091,0.15411326391665986,True
"BA (hubs), mean, oracle",191,1.5,1.6806718592278094,0.11445921315008474,True
"BA (hubs), mean, linear (correct)",191,1.5,1.684924795259424,0.1144618582943242,True
"BA (hubs), sum, oracle",191,2.998,3.2745875539932214,0.19070675040143478,True
"ER, mean, oracle",192,1.49075,1.5250965370960425,0.07756766883728998,True
"ER, mean, linear (correct)",192,1.49075,1.5237853613937045,0.07590720573981044,True
"ER, sum, oracle",192,2.9375,3.005634767076215,0.14560402102746886,True
"BA (hubs), mean, oracle",192,1.5,1.7314492733750277,0.1035655080413147,False
"BA (hubs), mean, linear (correct)",192,1.5,1.7172793392491328,0.09988611177497185,False
"BA (hubs), sum, oracle",192,2.998,3.4114225728889633,0.1829701173784381,False
"ER, mean, oracle",193,1.49125,1.5257424023446764,0.06422123819291924,True
"ER, mean, linear (correct)",193,1.49125,1.5448482505723191,0.06711003893948186,True
"ER, sum, oracle",193,2.9865,2.9995942974871754,0.12857116566547694,True
"BA (hubs), mean, oracle",193,1.5,1.4901387054395456,0.10229650581840703,True
"BA (hubs), mean, linear (correct)",193,1.5,1.5042698190625288,0.1108061864026427,True
"BA (hubs), sum, oracle",193,2.998,2.924268545838902,0.17127485431821543,True
"ER, mean, oracle",194,1.4889999999999999,1.513405131098864,0.07971439469292821,True
"ER, mean, linear (correct)",194,1.4889999999999999,1.5321467476250414,0.08546435130217742,True
"ER, sum, oracle",194,2.9234999999999998,2.854541982431006,0.1517005155883149,True
"BA (hubs), mean, oracle",194,1.5,1.3206841561949756,0.08664444178019966,False
"BA (hubs), mean, linear (correct)",194,1.5,1.3009155771288134,0.0848187210744057,False
"BA (hubs), sum, oracle",194,2.998,2.641309632814718,0.1459773874958009,False
"ER, mean, oracle",195,1.49225,1.51706469264409,0.08109186445539829,True
"ER, mean, linear (correct)",195,1.49225,1.509095431056934,0.08233658938536155,True
"ER, sum, oracle",195,3.0205,3.141181595315409,0.1581496112684868,True
"BA (hubs), mean, oracle",195,1.5,1.7537666663739706,0.08775520946182516,False
"BA (hubs), mean, linear (correct)",195,1.5,1.7862170383176297,0.0957469136494406,False
"BA (hubs), sum, oracle",195,2.998,3.3754416517564634,0.1550738723729978,False
"ER, mean, oracle",196,1.4917500000000001,1.4288643304727784,0.08664763693270762,True
"ER, mean, linear (correct)",196,1.4917500000000001,1.4299931008621969,0.08172480860150233,True
"ER, sum, oracle",196,3.0205,2.9903740290021217,0.17749226082123445,True
"BA (hubs), mean, oracle",196,1.5,1.4751716333270803,0.09802782997377785,True
"BA (hubs), mean, linear (correct)",196,1.5,1.4685661731854052,0.0978845051681495,True
"BA (hubs), sum, oracle",196,2.998,2.879885207265899,0.16677558690485436,True
"ER, mean, oracle",197,1.49225,1.651959365452942,0.07362157337629947,False
"ER, mean, linear (correct)",197,1.49225,1.6719876021730058,0.0748215107400663,False
"ER, sum, oracle",197,3.0445,3.246717112577426,0.16156500106869115,True
"BA (hubs), mean, oracle",197,1.5,1.5679779166962735,0.10377877414646353,True
"BA (hubs), mean, linear (correct)",197,1.5,1.570125537519758,0.10364355828380535,True
"BA (hubs), sum, oracle",197,2.998,3.129660735332431,0.1771624255390068,True
"ER, mean, oracle",198,1.4917500000000001,1.4513208296025462,0.07463092741877957,True
"ER, mean, linear (correct)",198,1.4917500000000001,1.4510608944978944,0.07757170800874581,True
"ER, sum, oracle",198,2.9895,2.891618633757443,0.12464391750427262,True
"BA (hubs), mean, oracle",198,1.5,1.5257796391229645,0.09537462740150189,True
"BA (hubs), mean, linear (correct)",198,1.5,1.5496881868130714,0.10257004318201914,True
"BA (hubs), sum, oracle",198,2.998,3.0015305849476945,0.16750259415423574,True
"ER, mean, oracle",199,1.4925,1.5107936248303688,0.06991874347844869,True
"ER, mean, linear (correct)",199,1.4925,1.506048691104616,0.07251092529273395,True
"ER, sum, oracle",199,2.99,3.0455118093320133,0.137231633867615,True
"BA (hubs), mean, oracle",199,1.5,1.5704397161833197,0.10470361488481121,True
"BA (hubs), mean, linear (correct)",199,1.5,1.5785709860417012,0.11104528638169406,True
"BA (hubs), sum, oracle",199,2.998,3.176216998464933,0.1692598569647881,True
"ER, mean, oracle",200,1.48925,1.486555251659654,0.07825002864888354,True
"ER, mean, linear (correct)",200,1.48925,1.495020553122376,0.07873311150049149,True
"ER, sum, oracle",200,3.0605,2.988741710985842,0.16539930009387419,True
"BA (hubs), mean, oracle",200,1.5,1.4876333979396423,0.09620348635625173,True
"BA (hubs), mean, linear (correct)",200,1.5,1.4985951600491954,0.09771745442406682,True
"BA (hubs), sum, oracle",200,2.998,2.9055909725466664,0.1748160847481595,True
"ER, mean, oracle",201,1.4889999999999999,1.4122452021222127,0.06251896215352422,True
"ER, mean, linear (correct)",201,1.4889999999999999,1.4087293548260202,0.06549086753124606,True
"ER, sum, oracle",201,2.956,2.7600121999956686,0.11416165133030051,True
"BA (hubs), mean, oracle",201,1.5,1.634521966690005,0.07829671416379443,True
"BA (hubs), mean, linear (correct)",201,1.5,1.6658813164123423,0.07796593797365006,False
"BA (hubs), sum, oracle",201,2.998,3.1758752117838505,0.14913368417688788,True
"ER, mean, oracle",202,1.49075,1.5179914704941901,0.07638823802097561,True
"ER, mean, linear (correct)",202,1.49075,1.5069825222460635,0.07535284944470551,True
"ER, sum, oracle",202,3.0005,3.028619544618815,0.1534494488988096,True
"BA (hubs), mean, oracle",202,1.5,1.5779557482771884,0.09833374824309551,True
"BA (hubs), mean, linear (correct)",202,1.5,1.584215034628242,0.09287248325351796,True
"BA (hubs), sum, oracle",202,2.998,3.0669216620195776,0.16072874780829235,True
"ER, mean, oracle",203,1.4917500000000001,1.3345927937580657,0.09531317496119916,True
"ER, mean, linear (correct)",203,1.4917500000000001,1.3419002013809456,0.0988206626768632,True
"ER, sum, oracle",203,2.996,2.6584050349770902,0.1845322348196114,True
"BA (hubs), mean, oracle",203,1.5,1.5791740432295658,0.10438256307973025,True
"BA (hubs), mean, linear (correct)",203,1.5,1.5887447181407852,0.10288450966315356,True
"BA (hubs), sum, oracle",203,2.998,3.154917819407027,0.178145898145731,True
"ER, mean, oracle",204,1.49275,1.456520948862986,0.0933553641908928,True
"ER, mean, linear (correct)",204,1.49275,1.4600947317404591,0.09087668665332602,True
"ER, sum, oracle",204,2.989,2.820010341395911,0.1538389318575949,True
"BA (hubs), mean, oracle",204,1.5,1.3492811874004291,0.10139687756920601,True
"BA (hubs), mean, linear (correct)",204,1.5,1.3398158455904339,0.1059022485726932,True
"BA (hubs), sum, oracle",204,2.998,2.7930068561988355,0.1740206182656781,True
"ER, mean, oracle",205,1.4915,1.4612835239941173,0.08058603099847393,True
"ER, mean, linear (correct)",205,1.4915,1.4611166139799414,0.08197887136166267,True
"ER, sum, oracle",205,2.9215,2.854965268983817,0.16607604918293623,True
"BA (hubs), mean, oracle",205,1.5,1.5000251009991146,0.07592540934452569,True
"BA (hubs), mean, linear (correct)",205,1.5,1.502073275690196,0.07596358023278443,True
"BA (hubs), sum, oracle",205,2.998,2.962412255292955,0.12847808033206942,True
"ER, mean, oracle",206,1.491,1.6035420785572456,0.08355972041134517,True
"ER, mean, linear (correct)",206,1.491,1.60571977275665,0.0886389237380405,True
"ER, sum, oracle",206,3.0035,3.106767402083376,0.13762104210721923,True
"BA (hubs), mean, oracle",206,1.5,1.6895532763498726,0.09989730064426781,True
"BA (hubs), mean, linear (correct)",206,1.5,1.6814571151451638,0.09853691113774793,True
"BA (hubs), sum, oracle",206,2.998,3.228501685815175,0.16751149462996073,True
"ER, mean, oracle",207,1.4895,1.5803925419965403,0.06507285555457308,True
"ER, mean, linear (correct)",207,1.4895,1.605798720490434,0.07888821548710682,True
"ER, sum, oracle",207,3.0165,3.242163395185549,0.12903162939653812,True
"BA (hubs), mean, oracle",207,1.5,1.540948367434182,0.09812592990591701,True
"BA (hubs), mean, linear (correct)",207,1.5,1.5599141753345873,0.10249548486550758,True
"BA (hubs), sum, oracle",207,2.998,3.066431583180022,0.17920957585624933,True
"ER, mean, oracle",208,1.4895,1.6266160801478757,0.08166568960560346,True
"ER, mean, linear (correct)",208,1.4895,1.6066285601714783,0.07155373251960628,True
"ER, sum, oracle",208,2.9524999999999997,3.150905461330105,0.14367788530448622,True
"BA (hubs), mean, oracle",208,1.5,1.5496708081223827,0.08965381109472349,True
"BA (hubs), mean, linear (correct)",208,1.5,1.5558916372697171,0.08521249625562567,True
"BA (hubs), sum, oracle",208,2.998,3.1358556570928515,0.14139122442557234,True
"ER, mean, oracle",209,1.49225,1.4629898949985216,0.07620340334502754,True
"ER, mean, linear (correct)",209,1.49225,1.4586405736392611,0.07824341715860275,True
"ER, sum, oracle",209,2.9915000000000003,2.9485342606381275,0.15045258328247696,True
"BA (hubs), mean, oracle",209,1.5,1.48270660251663,0.09018850654615064,True
"BA (hubs), mean, linear (correct)",209,1.5,1.4856640819274733,0.0866783143806629,True
"BA (hubs), sum, oracle",209,2.998,2.9541942943028916,0.14912725799856758,True
"ER, mean, oracle",210,1.49025,1.4094831782453565,0.0942912011612616,True
"ER, mean, linear (correct)",210,1.49025,1.4248800182779764,0.09938435283698845,True
"ER, sum, oracle",210,2.984,2.866133195602954,0.1399485679844917,True
"BA (hubs), mean, oracle",210,1.5,1.525932974071635,0.0980866070294197,True
"BA (hubs), mean, linear (correct)",210,1.5,1.5098588130118091,0.10295340528818801,True
"BA (hubs), sum, oracle",210,2.998,3.020481454027449,0.16979055990428696,True
"ER, mean, oracle",211,1.49025,1.3885173995016669,0.07865344892674644,True
"ER, mean, linear (correct)",211,1.49025,1.3872308446458308,0.07535972703926556,True
"ER, sum, oracle",211,3.0815,2.9184157935761053,0.16441659971981826,True
"BA (hubs), mean, oracle",211,1.5,1.5695935897966067,0.0908343043759833,True
"BA (hubs), mean, linear (correct)",211,1.5,1.5709887709571952,0.0941730166476433,True
"BA (hubs), sum, oracle",211,2.998,3.12055227984548,0.16842751216039187,True
"ER, mean, oracle",212,1.4917500000000001,1.5177424975595226,0.0658612521706864,True
"ER, mean, linear (correct)",212,1.4917500000000001,1.530364478946181,0.07401703062567092,True
"ER, sum, oracle",212,2.957,3.051655009627437,0.12874052425756954,True
"BA (hubs), mean, oracle",212,1.5,1.4233933267653665,0.10251858610427168,True
"BA (hubs), mean, linear (correct)",212,1.5,1.396586459827183,0.10291288129137907,True
"BA (hubs), sum, oracle",212,2.998,2.869927724511405,0.1708056027482106,True
"ER, mean, oracle",213,1.49225,1.4989481765504633,0.06979858541918092,True
"ER, mean, linear (correct)",213,1.49225,1.4839094052305426,0.07404252369962978,True
"ER, sum, oracle",213,2.9530000000000003,2.8216554704691506,0.12998936512667084,True
"BA (hubs), mean, oracle",213,1.5,1.5201148880172495,0.07455787878501914,True
"BA (hubs), mean, linear (correct)",213,1.5,1.5234836676816874,0.07670114715283922,True
"BA (hubs), sum, oracle",213,2.998,3.082256657090909,0.1269692085123011,True
"ER, mean, oracle",214,1.4915,1.6322599149473698,0.07912939909075119,True
"ER, mean, linear (correct)",214,1.4915,1.649114022035327,0.07777811304209849,False
"ER, sum, oracle",214,2.9764999999999997,3.057566675263101,0.13586817338000526,True
"BA (hubs), mean, oracle",214,1.5,1.4289934658069678,0.10004423985716444,True
"BA (hubs), mean, linear (correct)",214,1.5,1.4545294491627518,0.1012625851673954,True
"BA (hubs), sum, oracle",214,2.998,2.764914241234762,0.17306779301028816,True
"ER, mean, oracle",215,1.49075,1.4481103450777457,0.06391803853805005,True
"ER, mean, linear (correct)",215,1.49075,1.454968469342035,0.06712922714112304,True
"ER, sum, oracle",215,2.9779999999999998,2.950811219272619,0.1272382144048898,True
"BA (hubs), mean, oracle",215,1.5,1.48099017594644,0.09708654822725289,True
"BA (hubs), mean, linear (correct)",215,1.5,1.482189807021184,0.09737884426138897,True
"BA (hubs), sum, oracle",215,2.998,2.9914549225644684,0.16505914418447082,True
"ER, mean, oracle",216,1.48975,1.4761922010655149,0.06868982299297945,True
"ER, mean, linear (correct)",216,1.48975,1.4833235739716835,0.07284403050535396,True
"ER, sum, oracle",216,2.9495,2.925892929584445,0.14515508018805082,True
"BA (hubs), mean, oracle",216,1.5,1.7214043650087338,0.0970005405680387,False
"BA (hubs), mean, linear (correct)",216,1.5,1.7425203428502964,0.09764708005503368,False
"BA (hubs), sum, oracle",216,2.998,3.359828204599107,0.16266194580859028,False
"ER, mean, oracle",217,1.4895,1.5421692970249392,0.06517919262796781,True
"ER, mean, linear (correct)",217,1.4895,1.5457545502772443,0.06309759537792003,True
"ER, sum, oracle",217,2.9539999999999997,2.961138414057439,0.14844822625230386,True
"BA (hubs), mean, oracle",217,1.5,1.465679888476256,0.08638348309282982,True
"BA (hubs), mean, linear (correct)",217,1.5,1.4715962538405019,0.07867095838800005,True
"BA (hubs), sum, oracle",217,2.998,2.893282548776658,0.15254974293188586,True
"ER, mean, oracle",218,1.49075,1.517555074924287,0.07477138911590464,True
"ER, mean, linear (correct)",218,1.49075,1.5209718485524033,0.0857152264190322,True
"ER, sum, oracle",218,3.017,2.9543275562882374,0.16037412279173716,True
"BA (hubs), mean, oracle",218,1.5,1.6284775915549328,0.07732634815264577,True
"BA (hubs), mean, linear (correct)",218,1.5,1.6421649702179781,0.08283002624338145,True
"BA (hubs), sum, oracle",218,2.998,3.259172599137295,0.13647589008769728,True
"ER, mean, oracle",219,1.4877500000000001,1.563059486390391,0.09581218354531199,True
"ER, mean, linear (correct)",219,1.4877500000000001,1.5823941636001204,0.09568285600600303,True
"ER, sum, oracle",219,2.98,3.1619051960917597,0.1543117611636375,True
"BA (hubs), mean, oracle",219,1.5,1.357794513418269,0.09057959251101516,True
"BA (hubs), mean, linear (correct)",219,1.5,1.3655432483338867,0.0847569645048076,True
"BA (hubs), sum, oracle",219,2.998,2.8423894317318963,0.14690801248814997,True
"ER, mean, oracle",220,1.49125,1.4578850511352606,0.07867013885433595,True
"ER, mean, linear (correct)",220,1.49125,1.4570061726004275,0.08129042215047144,True
"ER, sum, oracle",220,3.0055,2.975276491628972,0.15278153131203837,True
"BA (hubs), mean, oracle",220,1.5,1.6653558260573775,0.10900960370597278,True
"BA (hubs), mean, linear (correct)",220,1.5,1.667432608665544,0.1027380866791681,True
"BA (hubs), sum, oracle",220,2.998,3.3470547405852304,0.18716887615529573,True
"ER, mean, oracle",221,1.4889999999999999,1.4357377871400225,0.0647236871864042,True
"ER, mean, linear (correct)",221,1.4889999999999999,1.4501785861134702,0.06718327101745303,True
"ER, sum, oracle",221,2.9815,2.9510322150608292,0.1332746111014929,True
"BA (hubs), mean, oracle",221,1.5,1.4905732270449747,0.1004202281043581,True
"BA (hubs), mean, linear (correct)",221,1.5,1.4876467215779072,0.09838190855664893,True
"BA (hubs), sum, oracle",221,2.998,3.0072537582151715,0.1634667145071299,True
"ER, mean, oracle",222,1.49225,1.5866017423970133,0.07574521149072068,True
"ER, mean, linear (correct)",222,1.49225,1.6029971751135088,0.07386650848472696,True
"ER, sum, oracle",222,2.9975,3.1113877565357058,0.14179019333805803,True
"BA (hubs), mean, oracle",222,1.5,1.4654400894333508,0.0861933129634363,True
"BA (hubs), mean, linear (correct)",222,1.5,1.4566725248068413,0.09098170385534735,True
"BA (hubs), sum, oracle",222,2.998,2.9763502494010243,0.1420644247158503,True
"ER, mean, oracle",223,1.48975,1.57222701473024,0.07366390680756979,True
"ER, mean, linear (correct)",223,1.48975,1.549933395480574,0.0801754789712239,True
"ER, sum, oracle",223,2.9755000000000003,3.210852962147113,0.13013586734034677,True
"BA (hubs), mean, oracle",223,1.5,1.3021794860828741,0.09856268921621394,False
"BA (hubs), mean, linear (correct)",223,1.5,1.2698617849926244,0.09793852700832888,False
"BA (hubs), sum, oracle",223,2.998,2.686773256017538,0.16791313026338714,True
"ER, mean, oracle",224,1.4935,1.4964942896377176,0.0745692367617989,True
"ER, mean, linear (correct)",224,1.4935,1.5240536284400727,0.07334466883377597,True
"ER, sum, oracle",224,3.011,3.0372249942015266,0.13975022850607946,True
"BA (hubs), mean, oracle",224,1.5,1.7981238792692429,0.11186560525777708,False
"BA (hubs), mean, linear (correct)",224,1.5,1.7832610975424248,0.10447759644899886,False
"BA (hubs), sum, oracle",224,2.998,3.5465848753777545,0.19419669703704642,False
"ER, mean, oracle",225,1.48975,1.3819970948263849,0.06863499493572212,True
"ER, mean, linear (correct)",225,1.48975,1.3719252830644306,0.07079239214131128,True
"ER, sum, oracle",225,2.9875,2.82355374066168,0.131217562032618,True
"BA (hubs), mean, oracle",225,1.5,1.4605022018314477,0.1035325723331436,True
"BA (hubs), mean, linear (correct)",225,1.5,1.455448708038586,0.11314072923094985,True
"BA (hubs), sum, oracle",225,2.998,2.900373823660601,0.18789939585657647,True
"ER, mean, oracle",226,1.491,1.4845189650274269,0.08129674690915449,True
"ER, mean, linear (correct)",226,1.491,1.4775842219029913,0.08902959399239607,True
"ER, sum, oracle",226,3.0255,2.9928377018580967,0.1444592113257803,True
"BA (hubs), mean, oracle",226,1.5,1.4693584418538865,0.1033493166818177,True
"BA (hubs), mean, linear (correct)",226,1.5,1.4733131162774944,0.1041117754702178,True
"BA (hubs), sum, oracle",226,2.998,2.9799192995009385,0.18125338837690935,True
"ER, mean, oracle",227,1.4925,1.5768525239982463,0.08348837566184558,True
"ER, mean, linear (correct)",227,1.4925,1.5822763693622295,0.07640940647071577,True
"ER, sum, oracle",227,2.9705,3.1250439984707015,0.1530799768051329,True
"BA (hubs), mean, oracle",227,1.5,1.5441667694789045,0.09774015233480098,True
"BA (hubs), mean, linear (correct)",227,1.5,1.557286953489451,0.0930956018059916,True
"BA (hubs), sum, oracle",227,2.998,3.091596464459299,0.1688326095011265,True
"ER, mean, oracle",228,1.49125,1.677747207088897,0.07095417475420239,False
"ER, mean, linear (correct)",228,1.49125,1.7031750025671957,0.0747827116832847,False
"ER, sum, oracle",228,2.9995000000000003,3.4841346967051865,0.15146695393633125,False
"BA (hubs), mean, oracle",228,1.5,1.3062076267863953,0.10291111007019536,True
"BA (hubs), mean, linear (correct)",228,1.5,1.2771753216409354,0.09530515805040139,False
"BA (hubs), sum, oracle",228,2.998,2.689571023047728,0.17462602058664028,True
"ER, mean, oracle",229,1.49125,1.5202703745571933,0.08859831852397373,True
"ER, mean, linear (correct)",229,1.49125,1.522236289172549,0.08494158037428068,True
"ER, sum, oracle",229,2.9565,2.9615627431418208,0.189104747988639,True
"BA (hubs), mean, oracle",229,1.5,1.5523499065413917,0.0889693707701114,True
"BA (hubs), mean, linear (correct)",229,1.5,1.5430618765100825,0.08965613388586816,True
"BA (hubs), sum, oracle",229,2.998,3.0499547644843887,0.15049693053401741,True
"ER, mean, oracle",230,1.492,1.486821324572146,0.06912034876997282,True
"ER, mean, linear (correct)",230,1.492,1.4872647912624517,0.0688725912696039,True
"ER, sum, oracle",230,2.9930000000000003,2.9819538029323063,0.1463228052406354,True
"BA (hubs), mean, oracle",230,1.5,1.5634138651769671,0.10762156905648973,True
"BA (hubs), mean, linear (correct)",230,1.5,1.5383094036439284,0.10883535788598193,True
"BA (hubs), sum, oracle",230,2.998,3.151588357807391,0.17102329290561416,True
"ER, mean, oracle",231,1.49025,1.5142454661772884,0.088171345139124,True
"ER, mean, linear (correct)",231,1.49025,1.5051784114682583,0.0792787521262918,True
"ER, sum, oracle",231,3.0105,3.0242370347221548,0.160170566106765,True
"BA (hubs), mean, oracle",231,1.5,1.616970057570894,0.09669600912836415,True
"BA (hubs), mean, linear (correct)",231,1.5,1.612943277474399,0.09390000377045973,True
"BA (hubs), sum, oracle",231,2.998,3.26718883485353,0.16560832348092866,True
"ER, mean, oracle",232,1.48925,1.387260210281664,0.07811525814159348,True
"ER, mean, linear (correct)",232,1.48925,1.380519211738119,0.07981377827617465,True
"ER, sum, oracle",232,3.0045,2.837919228075645,0.1458193362863508,True
"BA (hubs), mean, oracle",232,1.5,1.4646343724625879,0.09307486510157892,True
"BA (hubs), mean, linear (correct)",232,1.5,1.467259679195769,0.09321966759176528,True
"BA (hubs), sum, oracle",232,2.998,2.951219720755107,0.15903750682504877,True
"ER, mean, oracle",233,1.4929999999999999,1.3956669462188465,0.07957011828233995,True
"ER, mean, linear (correct)",233,1.4929999999999999,1.403778438121501,0.07619501517250364,True
"ER, sum, oracle",233,2.9495,2.8953394216845636,0.15815042761465364,True
"BA (hubs), mean, oracle",233,1.5,1.4521743930122168,0.11155598995418138,True
"BA (hubs), mean, linear (correct)",233,1.5,1.4517423914828882,0.11280426740678098,True
"BA (hubs), sum, oracle",233,2.998,2.986652500630526,0.19806673079509535,True
"ER, mean, oracle",234,1.49,1.583363420840937,0.07045524599044246,True
"ER, mean, linear (correct)",234,1.49,1.5927466121429577,0.07265675731132491,True
"ER, sum, oracle",234,2.9835000000000003,3.1103116603454484,0.12672123478101582,True
"BA (hubs), mean, oracle",234,1.5,1.2967252699027738,0.08868436968598656,False
"BA (hubs), mean, linear (correct)",234,1.5,1.2896312260446958,0.09586403859944352,False
"BA (hubs), sum, oracle",234,2.998,2.6372793674938664,0.15658402569592933,False
"ER, mean, oracle",235,1.48875,1.5547016380515135,0.0859343373460511,True
"ER, mean, linear (correct)",235,1.48875,1.5448536325017563,0.08543545595199652,True
"ER, sum, oracle",235,2.941,3.020880419546997,0.15698168160573905,True
"BA (hubs), mean, oracle",235,1.5,1.279114822153534,0.09414708119650056,False
"BA (hubs), mean, linear (correct)",235,1.5,1.2957932185003798,0.09076790956014365,False
"BA (hubs), sum, oracle",235,2.998,2.629925915537746,0.1587321027317151,False
"ER, mean, oracle",236,1.48725,1.4674478465797305,0.06932858876092399,True
"ER, mean, linear (correct)",236,1.48725,1.4685095620774546,0.0666489667385331,True
"ER, sum, oracle",236,2.9505,3.034067993148632,0.1198056783393052,True
"BA (hubs), mean, oracle",236,1.5,1.5158364261095354,0.09091723103654688,True
"BA (hubs), mean, linear (correct)",236,1.5,1.5052674713484397,0.09660146437458723,True
"BA (hubs), sum, oracle",236,2.998,3.032030216842185,0.1452347207612381,True
"ER, mean, oracle",237,1.494,1.6025726198456312,0.072868342864981,True
"ER, mean, linear (correct)",237,1.494,1.620885186418802,0.07011192226601437,True
"ER, sum, oracle",237,3.0825,3.2688375581386633,0.16585747840636178,True
"BA (hubs), mean, oracle",237,1.5,1.7176337436591498,0.11189959950585038,True
"BA (hubs), mean, linear (correct)",237,1.5,1.6898126295002198,0.10355429986529398,True
"BA (hubs), sum, oracle",237,2.998,3.363440377903384,0.19591854126003688,True
"ER, mean, oracle",238,1.49025,1.5080075789003902,0.08471227830637236,True
"ER, mean, linear (correct)",238,1.49025,1.5006357882564498,0.08127724297676316,True
"ER, sum, oracle",238,2.9855,2.838241024808423,0.1652432786711433,True
"BA (hubs), mean, oracle",238,1.5,1.4411670486777688,0.13373076597781783,True
"BA (hubs), mean, linear (correct)",238,1.5,1.4407768273140875,0.11567508107264206,True
"BA (hubs), sum, oracle",238,2.998,2.9365284174483075,0.21118769648617972,True
"ER, mean, oracle",239,1.48975,1.5459064919386725,0.07607621762414223,True
"ER, mean, linear (correct)",239,1.48975,1.5742968956600891,0.0844835710041838,True
"ER, sum, oracle",239,3.016,3.1470939836274923,0.13170456201686406,True
"BA (hubs), mean, oracle",239,1.5,1.5167778121088915,0.09654649660170919,True
"BA (hubs), mean, linear (correct)",239,1.5,1.4967170272107226,0.10133798496625697,True
"BA (hubs), sum, oracle",239,2.998,3.0626392896697894,0.17194489652605435,True
"ER, mean, oracle",240,1.49225,1.5382809215786506,0.08639964975355534,True
"ER, mean, linear (correct)",240,1.49225,1.5381755734896851,0.09138707032479765,True
"ER, sum, oracle",240,2.9945,3.0252083288804066,0.15999436605547013,True
"BA (hubs), mean, oracle",240,1.5,1.4203144251973576,0.09593667619806125,True
"BA (hubs), mean, linear (correct)",240,1.5,1.4123365076395302,0.09888501854816431,True
"BA (hubs), sum, oracle",240,2.998,2.824416793985824,0.1674209876910922,True
"ER, mean, oracle",241,1.4935,1.6102572158392627,0.08834249519730893,True
"ER, mean, linear (correct)",241,1.4935,1.585252745239294,0.08078850963507217,True
"ER, sum, oracle",241,3.014,3.2175815261752723,0.17678828305630417,True
"BA (hubs), mean, oracle",241,1.5,1.3957266584634556,0.11522539471565503,True
"BA (hubs), mean, linear (correct)",241,1.5,1.4095487385631853,0.11750674629040529,True
"BA (hubs), sum, oracle",241,2.998,2.8379083624321915,0.18990267025135973,True
"ER, mean, oracle",242,1.4905,1.5796042657939127,0.08283043515487115,True
"ER, mean, linear (correct)",242,1.4905,1.580320225955544,0.07401152588913928,True
"ER, sum, oracle",242,3.054,3.133282111587447,0.1660926024539941,True
"BA (hubs), mean, oracle",242,1.5,1.5402102408055582,0.08076721947339573,True
"BA (hubs), mean, linear (correct)",242,1.5,1.5550442895950223,0.0825697214211318,True
"BA (hubs), sum, oracle",242,2.998,3.0500051298679614,0.1478502539476536,True
"ER, mean, oracle",243,1.49225,1.4877747545791513,0.06916575970933299,True
"ER, mean, linear (correct)",243,1.49225,1.4946003261443381,0.07357838271158046,True
"ER, sum, oracle",243,2.9619999999999997,2.9482641648767123,0.14899071753168597,True
"BA (hubs), mean, oracle",243,1.5,1.7756875039431719,0.11683065239475526,False
"BA (hubs), mean, linear (correct)",243,1.5,1.7355507982556275,0.1200955004394773,False
"BA (hubs), sum, oracle",243,2.998,3.351407733628764,0.18997543418103024,True
"ER, mean, oracle",244,1.4895,1.433202263105593,0.0858154951009953,True
"ER, mean, linear (correct)",244,1.4895,1.434109509107241,0.09036177810569793,True
"ER, sum, oracle",244,3.0155,2.8561888654591856,0.1456954976194165,True
"BA (hubs), mean, oracle",244,1.5,1.5643638239104942,0.09921194500285488,True
"BA (hubs), mean, linear (correct)",244,1.5,1.5732358181480284,0.10231806697388444,True
"BA (hubs), sum, oracle",244,2.998,3.1696074237588885,0.16580671162748337,True
"ER, mean, oracle",245,1.4915,1.543569705373061,0.08050850070946487,True
"ER, mean, linear (correct)",245,1.4915,1.5407740493319733,0.08104842250734327,True
"ER, sum, oracle",245,3.035,3.1424170540636367,0.13650516730343523,True
"BA (hubs), mean, oracle",245,1.5,1.4914039267201673,0.07438576291814009,True
"BA (hubs), mean, linear (correct)",245,1.5,1.4993020865583704,0.07984507295338975,True
"BA (hubs), sum, oracle",245,2.998,2.9831259530464123,0.1341009201271298,True
"ER, mean, oracle",246,1.4905,1.5859291821559238,0.07706725526546017,True
"ER, mean, linear (correct)",246,1.4905,1.6086186480991667,0.079887477492167,True
"ER, sum, oracle",246,2.979,3.1758474094825737,0.13185515979305268,True
"BA (hubs), mean, oracle",246,1.5,1.4495647961709741,0.08609025360642523,True
"BA (hubs), mean, linear (correct)",246,1.5,1.4414392955748994,0.08479568384135515,True
"BA (hubs), sum, oracle",246,2.998,2.995035214384134,0.1490829765518035,True
"ER, mean, oracle",247,1.49125,1.437350616542736,0.06382280491817505,True
"ER, mean, linear (correct)",247,1.49125,1.4462787621177042,0.06368771060560051,True
"ER, sum, oracle",247,2.9690000000000003,2.8703152553815228,0.14083527771139043,True
"BA (hubs), mean, oracle",247,1.5,1.453882181181326,0.1095490062237338,True
"BA (hubs), mean, linear (correct)",247,1.5,1.4724816895665307,0.09906236377403319,True
"BA (hubs), sum, oracle",247,2.998,2.9411250183524302,0.19033744784096499,True
"ER, mean, oracle",248,1.491,1.4615510421862377,0.06540874921124683,True
"ER, mean, linear (correct)",248,1.491,1.4674403024390386,0.06798238972861086,True
"ER, sum, oracle",248,3.026,2.9200993448363928,0.13178169616508878,True
"BA (hubs), mean, oracle",248,1.5,1.5724550896269627,0.1132343462480269,True
"BA (hubs), mean, linear (correct)",248,1.5,1.5811791436179952,0.11830390363472386,True
"BA (hubs), sum, oracle",248,2.998,3.22369736401636,0.19889684343210806,True
"ER, mean, oracle",249,1.4905,1.6109892907258674,0.08884213192967784,True
"ER, mean, linear (correct)",249,1.4905,1.6061479439431527,0.09237861210269094,True
"ER, sum, oracle",249,2.9905,3.245513563753056,0.15916521402773856,True
"BA (hubs), mean, oracle",249,1.5,1.6457950511881565,0.09950775415713026,True
"BA (hubs), mean, linear (correct)",249,1.5,1.6570585588504512,0.09989460560276744,True
"BA (hubs), sum, oracle",249,2.998,3.185004983067612,0.17048850959713277,True
"ER, mean, oracle",250,1.49075,1.5053487074776104,0.06480516170408414,True
"ER, mean, linear (correct)",250,1.49075,1.5008404787349268,0.0675927243124018,True
"ER, sum, oracle",250,2.995,2.9609613810867277,0.14656205849102158,True
"BA (hubs), mean, oracle",250,1.5,1.3251421275709854,0.10187159917408034,True
"BA (hubs), mean, linear (correct)",250,1.5,1.3045868281147934,0.11438451908126715,True
"BA (hubs), sum, oracle",250,2.998,2.7603111093259125,0.18277412279599498,True
"ER, mean, oracle",251,1.491,1.445913924840772,0.07233695195132876,True
"ER, mean, linear (correct)",251,1.491,1.4510067712815458,0.0734308851406671,True
"ER, sum, oracle",251,3.0475,3.069935072040485,0.137505207444259,True
"BA (hubs), mean, oracle",251,1.5,1.5699750851065448,0.1012289192342108,True
"BA (hubs), mean, linear (correct)",251,1.5,1.5699340766941325,0.09816287745641085,True
"BA (hubs), sum, oracle",251,2.998,3.0400052945907916,0.17826656000567337,True
"ER, mean, oracle",252,1.4905,1.5139171584754898,0.08872035113136383,True
"ER, mean, linear (correct)",252,1.4905,1.501629135575967,0.08556894259994527,True
"ER, sum, oracle",252,2.967,2.9972705439220615,0.16728478550931458,True
"BA (hubs), mean, oracle",252,1.5,1.713584975419016,0.11810510437452543,True
"BA (hubs), mean, linear (correct)",252,1.5,1.683415310748395,0.11211529101287965,True
"BA (hubs), sum, oracle",252,2.998,3.2814367362900536,0.18892176058017665,True
"ER, mean, oracle",253,1.491,1.4830841610567247,0.08829445019089555,True
"ER, mean, linear (correct)",253,1.491,1.4791433043578586,0.09105167240025035,True
"ER, sum, oracle",253,2.976,2.965341569332524,0.14757973179990547,True
"BA (hubs), mean, oracle",253,1.5,1.698835808294799,0.08417568299753955,False
"BA (hubs), mean, linear (correct)",253,1.5,1.7117255065320678,0.07883801543277252,False
"BA (hubs), sum, oracle",253,2.998,3.3296796630425987,0.14678598732698128,False
"ER, mean, oracle",254,1.4905,1.5505821036769216,0.07815194869180804,True
"ER, mean, linear (correct)",254,1.4905,1.5333136196146224,0.08622856398188948,True
"ER, sum, oracle",254,2.9995000000000003,3.2031968711416052,0.15949682876845464,True
"BA (hubs), mean, oracle",254,1.5,1.4384595121257409,0.08996885622077172,True
"BA (hubs), mean, linear (correct)",254,1.5,1.437223341172095,0.09723510206369795,True
"BA (hubs), sum, oracle",254,2.998,2.9438246713577927,0.16039239288116275,True
"ER, mean, oracle",255,1.49375,1.5936937685544135,0.07140002594792838,True
"ER, mean, linear (correct)",255,1.49375,1.5958462094841206,0.07198956100968866,True
"ER, sum, oracle",255,3.025,3.117821823496632,0.16168180347986136,True
"BA (hubs), mean, oracle",255,1.5,1.6972003130182804,0.07373326599098337,False
"BA (hubs), mean, linear (correct)",255,1.5,1.7517561638642278,0.07670826718049918,False
"BA (hubs), sum, oracle",255,2.998,3.256117030101136,0.12510574619622036,False
"ER, mean, oracle",256,1.49,1.4216061976775072,0.07060689499638237,True
"ER, mean, linear (correct)",256,1.49,1.4120750305692238,0.07468949760672448,True
"ER, sum, oracle",256,2.9615,2.922763053406321,0.13959361620073082,True
"BA (hubs), mean, oracle",256,1.5,1.4283548953103802,0.10608866286667248,True
"BA (hubs), mean, linear (correct)",256,1.5,1.4092393364908333,0.1099917444002298,True
"BA (hubs), sum, oracle",256,2.998,2.819830883542731,0.17496070742640737,True
"ER, mean, oracle",257,1.492,1.5124417292231387,0.09243086948309581,True
"ER, mean, linear (correct)",257,1.492,1.5282888226553695,0.09061569429528929,True
"ER, sum, oracle",257,3.006,3.0167797562843193,0.17213694626071696,True
"BA (hubs), mean, oracle",257,1.5,1.3611073250561578,0.11673570550224553,True
"BA (hubs), mean, linear (correct)",257,1.5,1.3919929933491706,0.11884539666638116,True
"BA (hubs), sum, oracle",257,2.998,2.726137106459536,0.19445375332301837,True
"ER, mean, oracle",258,1.49,1.434865269602794,0.084195394759253,True
"ER, mean, linear (correct)",258,1.49,1.4446357329431445,0.0822268572073625,True
"ER, sum, oracle",258,2.9610000000000003,2.9165440644633236,0.15302543721609194,True
"BA (hubs), mean, oracle",258,1.5,1.60837758380868,0.09759657916509412,True
"BA (hubs), mean, linear (correct)",258,1.5,1.6111804213807075,0.09966356078401459,True
"BA (hubs), sum, oracle",258,2.998,3.252511620208519,0.17497468276106984,True
"ER, mean, oracle",259,1.49025,1.3598797013773134,0.09338821569448855,True
"ER, mean, linear (correct)",259,1.49025,1.3807572362054998,0.08995341712785035,True
"ER, sum, oracle",259,3.0515,2.7472948515987903,0.1623818358953128,True
"BA (hubs), mean, oracle",259,1.5,1.4492209143897028,0.09352581411152146,True
"BA (hubs), mean, linear (correct)",259,1.5,1.4518763642540018,0.10004431054924404,True
"BA (hubs), sum, oracle",259,2.998,2.920754710002194,0.15933888754353878,True
"ER, mean, oracle",260,1.4889999999999999,1.4243682478099264,0.07433052805589306,True
"ER, mean, linear (correct)",260,1.4889999999999999,1.4202045500559057,0.07676917768557083,True
"ER, sum, oracle",260,2.99,2.8466993393586395,0.1452614717667721,True
"BA (hubs), mean, oracle",260,1.5,1.6066349286643016,0.08983984694286509,True
"BA (hubs), mean, linear (correct)",260,1.5,1.5979986449019492,0.09552547820608843,True
"BA (hubs), sum, oracle",260,2.998,3.214681067463017,0.1620053506691793,True
"ER, mean, oracle",261,1.4929999999999999,1.4548471624504011,0.06853195428447142,True
"ER, mean, linear (correct)",261,1.4929999999999999,1.4428814389858964,0.06561838283714323,True
"ER, sum, oracle",261,2.9645,2.946347899302335,0.12347485161204068,True
"BA (hubs), mean, oracle",261,1.5,1.6516752192850401,0.09527049558167577,True
"BA (hubs), mean, linear (correct)",261,1.5,1.6540223295002354,0.09871518292444086,True
"BA (hubs), sum, oracle",261,2.998,3.2097947682031984,0.15502258043096265,True
"ER, mean, oracle",262,1.4905,1.6086296504929138,0.07585494677771096,True
"ER, mean, linear (correct)",262,1.4905,1.600428132037005,0.07810241880610676,True
"ER, sum, oracle",262,2.9825,3.1993695980326504,0.17742927565323038,True
"BA (hubs), mean, oracle",262,1.5,1.480950862382881,0.08864372149734208,True
"BA (hubs), mean, linear (correct)",262,1.5,1.47867656734187,0.08734934298949246,True
"BA (hubs), sum, oracle",262,2.998,3.1070037515109608,0.15606227603411654,True
"ER, mean, oracle",263,1.4917500000000001,1.490245596967404,0.07092246917877759,True
"ER, mean, linear (correct)",263,1.4917500000000001,1.4940061161463705,0.07351147899470667,True
"ER, sum, oracle",263,2.997,3.0145141627007277,0.13784023380872143,True
"BA (hubs), mean, oracle",263,1.5,1.4210230518019527,0.0799548093125655,True
"BA (hubs), mean, linear (correct)",263,1.5,1.4308933027269015,0.07818975224010384,True
"BA (hubs), sum, oracle",263,2.998,2.858313339773358,0.14513570689539806,True
"ER, mean, oracle",264,1.49125,1.4399585381490017,0.08433592686784097,True
"ER, mean, linear (correct)",264,1.49125,1.4407095748546155,0.08512634412656793,True
"ER, sum, oracle",264,3.0455,3.0333151746888096,0.1636955150859657,True
"BA (hubs), mean, oracle",264,1.5,1.4821985489561509,0.095520907595732,True
"BA (hubs), mean, linear (correct)",264,1.5,1.4878900294150548,0.09866413011763865,True
"BA (hubs), sum, oracle",264,2.998,2.92668385696728,0.16046428951630157,True
"ER, mean, oracle",265,1.48825,1.523018947394349,0.06667856328829294,True
"ER, mean, linear (correct)",265,1.48825,1.5205993086078227,0.06911224915479641,True
"ER, sum, oracle",265,2.997,3.036242191143907,0.1241368085834682,True
"BA (hubs), mean, oracle",265,1.5,1.5514361810444097,0.08618054616712313,True
"BA (hubs), mean, linear (correct)",265,1.5,1.5507008600589343,0.09216173835620041,True
"BA (hubs), sum, oracle",265,2.998,3.1123345293526987,0.1449623863357767,True
"ER, mean, oracle",266,1.4915,1.518186332472607,0.07387626279860038,True
"ER, mean, linear (correct)",266,1.4915,1.5170897529401186,0.07722933237768824,True
"ER, sum, oracle",266,3.003,2.8324836558422906,0.12815390341100644,True
"BA (hubs), mean, oracle",266,1.5,1.5169530160456157,0.11567040961103174,True
"BA (hubs), mean, linear (correct)",266,1.5,1.5020830298718932,0.10927096811933715,True
"BA (hubs), sum, oracle",266,2.998,3.0384589755239526,0.2046788806100592,True
"ER, mean, oracle",267,1.4917500000000001,1.3844645331935879,0.06638494254685022,True
"ER, mean, linear (correct)",267,1.4917500000000001,1.3736092377986555,0.07085491026882616,True
"ER, sum, oracle",267,2.9705,2.7764441447460944,0.12278162498146046,True
"BA (hubs), mean, oracle",267,1.5,1.579452106563851,0.11609728455029718,True
"BA (hubs), mean, linear (correct)",267,1.5,1.5750606985332152,0.11870996498110818,True
"BA (hubs), sum, oracle",267,2.998,3.270991240556865,0.20632141310967309,True
"ER, mean, oracle",268,1.4915,1.504382224470683,0.07407802541314541,True
"ER, mean, linear (correct)",268,1.4915,1.5119169382380515,0.07023636702169182,True
"ER, sum, oracle",268,2.9655,3.0019468898193287,0.14462777915224378,True
"BA (hubs), mean, oracle",268,1.5,1.6274205490354778,0.11306420450183981,True
"BA (hubs), mean, linear (correct)",268,1.5,1.617644371059268,0.11925668462461278,True
"BA (hubs), sum, oracle",268,2.998,3.210935648413886,0.18581600364495593,True
"ER, mean, oracle",269,1.49225,1.596435930732496,0.08592194979843557,True
"ER, mean, linear (correct)",269,1.49225,1.5838532887907293,0.0851787923497679,True
"ER, sum, oracle",269,3.013,3.1701734965823003,0.15781222816426932,True
"BA (hubs), mean, oracle",269,1.5,1.6423085454288908,0.09915564771133273,True
"BA (hubs), mean, linear (correct)",269,1.5,1.643903131375902,0.10291295409948557,True
"BA (hubs), sum, oracle",269,2.998,3.257422348616417,0.17710190383517574,True
"ER, mean, oracle",270,1.4929999999999999,1.497061769706793,0.07801502261053078,True
"ER, mean, linear (correct)",270,1.4929999999999999,1.4909116467284251,0.07691867628991696,True
"ER, sum, oracle",270,3.007,3.027454559320242,0.14101329725631578,True
"BA (hubs), mean, oracle",270,1.5,1.6643226461404719,0.1097465381586588,True
"BA (hubs), mean, linear (correct)",270,1.5,1.6525194858874102,0.1190227405274571,True
"BA (hubs), sum, oracle",270,2.998,3.255987712978304,0.1785468070562138,True
"ER, mean, oracle",271,1.4935,1.5541589657877997,0.09653118632998291,True
"ER, mean, linear (correct)",271,1.4935,1.5648580352272812,0.08443810540304361,True
"ER, sum, oracle",271,3.0325,3.0913492953061885,0.1804027989537839,True
"BA (hubs), mean, oracle",271,1.5,1.5108717332225567,0.12458881884487973,True
"BA (hubs), mean, linear (correct)",271,1.5,1.4831671058094706,0.10231565014267292,True
"BA (hubs), sum, oracle",271,2.998,2.984453660546259,0.20039821740484492,True
"ER, mean, oracle",272,1.4889999999999999,1.2475253461541214,0.08313755243135104,False
"ER, mean, linear (correct)",272,1.4889999999999999,1.2445596424035181,0.08406720343666545,False
"ER, sum, oracle",272,2.9610000000000003,2.574602282847831,0.15342472874884555,False
"BA (hubs), mean, oracle",272,1.5,1.3838434789237728,0.09453183328505177,True
"BA (hubs), mean, linear (correct)",272,1.5,1.3775961210869743,0.09272138852032978,True
"BA (hubs), sum, oracle",272,2.998,2.8657448676234734,0.16096192464000375,True
"ER, mean, oracle",273,1.49,1.5685638295058804,0.06830042897944466,True
"ER, mean, linear (correct)",273,1.49,1.551199389826423,0.067492635582351,True
"ER, sum, oracle",273,2.999,3.0531214892704104,0.12603539959838134,True
"BA (hubs), mean, oracle",273,1.5,1.2734194103878687,0.09105665717112958,False
"BA (hubs), mean, linear (correct)",273,1.5,1.2655644950450513,0.08681881106531383,False
"BA (hubs), sum, oracle",273,2.998,2.599998986354381,0.1525792278355062,False
"ER, mean, oracle",274,1.491,1.4888238956634263,0.07559827096193794,True
"ER, mean, linear (correct)",274,1.491,1.4993349806836713,0.07790170341995054,True
"ER, sum, oracle",274,2.9825,2.866779336178275,0.13146879465640393,True
"BA (hubs), mean, oracle",274,1.5,1.45012468711667,0.07684041922313173,True
"BA (hubs), mean, linear (correct)",274,1.5,1.4417387512579762,0.07483716741194803,True
"BA (hubs), sum, oracle",274,2.998,2.9199411221470246,0.13566807055984323,True
"ER, mean, oracle",275,1.4915,1.505822094690163,0.08333243950306467,True
"ER, mean, linear (correct)",275,1.4915,1.509152883514104,0.07985567338774244,True
"ER, sum, oracle",275,2.9859999999999998,2.948689164501957,0.14636394670099145,True
"BA (hubs), mean, oracle",275,1.5,1.5826978980877153,0.07950287938148082,True
"BA (hubs), mean, linear (correct)",275,1.5,1.5960130671260966,0.07933530995413035,True
"BA (hubs), sum, oracle",275,2.998,3.126792677073249,0.13355041500581338,True
"ER, mean, oracle",276,1.48975,1.425399289070034,0.08074181965824848,True
"ER, mean, linear (correct)",276,1.48975,1.432595023868732,0.07785809011931386,True
"ER, sum, oracle",276,2.9295,2.8759526745583375,0.16330605523450348,True
"BA (hubs), mean, oracle",276,1.5,1.4440934598602038,0.10475441081535349,True
"BA (hubs), mean, linear (correct)",276,1.5,1.4346641185492834,0.10511319684012461,True
"BA (hubs), sum, oracle",276,2.998,2.880987169264158,0.1654866418064141,True
"ER, mean, oracle",277,1.4895,1.4043095969647057,0.08310918863465953,True
"ER, mean, linear (correct)",277,1.4895,1.3997204918201824,0.0878374997669869,True
"ER, sum, oracle",277,3.0195,2.7306644207780337,0.15679831275868897,True
"BA (hubs), mean, oracle",277,1.5,1.642006376598904,0.09242133778680728,True
"BA (hubs), mean, linear (correct)",277,1.5,1.6422189973958605,0.09156954316860762,True
"BA (hubs), sum, oracle",277,2.998,3.2649014888953514,0.15448897158056815,True
"ER, mean, oracle",278,1.49025,1.562561889802354,0.07326207224211152,True
"ER, mean, linear (correct)",278,1.49025,1.5589784638696607,0.0778607948813423,True
"ER, sum, oracle",278,2.9539999999999997,3.1424348790563745,0.13719949623860855,True
"BA (hubs), mean, oracle",278,1.5,1.576227978244872,0.10127413336582886,True
"BA (hubs), mean, linear (correct)",278,1.5,1.5671186958112289,0.10465159921320294,True
"BA (hubs), sum, oracle",278,2.998,3.1456964604533164,0.16464022397620343,True
"ER, mean, oracle",279,1.4905,1.545732454674709,0.0724420475148994,True
"ER, mean, linear (correct)",279,1.4905,1.5590480680036025,0.07223463960593221,True
"ER, sum, oracle",279,3.0185,3.163640111871179,0.14087879651211327,True
"BA (hubs), mean, oracle",279,1.5,1.5602932275848462,0.08592710072002233,True
"BA (hubs), mean, linear (correct)",279,1.5,1.5710205233488703,0.08946253241993131,True
"BA (hubs), sum, oracle",279,2.998,3.06704711925103,0.1435436163663118,True
"ER, mean, oracle",280,1.4895,1.5481487201694528,0.07254433232130847,True
"ER, mean, linear (correct)",280,1.4895,1.5533123607118284,0.0741042938162501,True
"ER, sum, oracle",280,2.99,3.2406517453816925,0.13760129076476849,True
"BA (hubs), mean, oracle",280,1.5,1.589828526143116,0.10219072665185396,True
"BA (hubs), mean, linear (correct)",280,1.5,1.5881548910038106,0.09829834092690094,True
"BA (hubs), sum, oracle",280,2.998,3.2076863336853148,0.17547710026517235,True
"ER, mean, oracle",281,1.4917500000000001,1.4464217337054683,0.07457529488143048,True
"ER, mean, linear (correct)",281,1.4917500000000001,1.4436617010253685,0.07009021811915549,True
"ER, sum, oracle",281,3.031,2.9904877507753698,0.15794215356585578,True
"BA (hubs), mean, oracle",281,1.5,1.5109132721822756,0.0891439603879865,True
"BA (hubs), mean, linear (correct)",281,1.5,1.491915890622847,0.08460225687848676,True
"BA (hubs), sum, oracle",281,2.998,3.024103390847828,0.1494065392513667,True
"ER, mean, oracle",282,1.49,1.5653889970280512,0.08029651215179129,True
"ER, mean, linear (correct)",282,1.49,1.5486431884530705,0.08171491556888952,True
"ER, sum, oracle",282,3.0035,3.1234565329698123,0.14776442259706107,True
"BA (hubs), mean, oracle",282,1.5,1.502287927988501,0.08011738874099135,True
"BA (hubs), mean, linear (correct)",282,1.5,1.5115122421917337,0.08770775986073688,True
"BA (hubs), sum, oracle",282,2.998,2.9867546331366457,0.14311169873941096,True
"ER, mean, oracle",283,1.4915,1.6142608151274593,0.07696010323369709,True
"ER, mean, linear (correct)",283,1.4915,1.6055139943709582,0.07643935005894015,True
"ER, sum, oracle",283,3.0285,3.171646676021828,0.15197383696291739,True
"BA (hubs), mean, oracle",283,1.5,1.6566613488982926,0.09159910977557825,True
"BA (hubs), mean, linear (correct)",283,1.5,1.65176450947353,0.0869925671117699,True
"BA (hubs), sum, oracle",283,2.998,3.2878900885654696,0.155178242479443,True
"ER, mean, oracle",284,1.49225,1.5681593223582504,0.07443561826657322,True
"ER, mean, linear (correct)",284,1.49225,1.567030939337048,0.07814222929535514,True
"ER, sum, oracle",284,2.996,3.053241279633463,0.1410341254660825,True
"BA (hubs), mean, oracle",284,1.5,1.5763471990593296,0.09380679367552282,True
"BA (hubs), mean, linear (correct)",284,1.5,1.5774228981021545,0.09235006723159601,True
"BA (hubs), sum, oracle",284,2.998,3.0762974103196807,0.16406875812603675,True
"ER, mean, oracle",285,1.49125,1.5854125986481948,0.05781205591635775,True
"ER, mean, linear (correct)",285,1.49125,1.5992277010161189,0.06435308182174942,True
"ER, sum, oracle",285,3.0175,3.0464294716022096,0.11249470550096972,True
"BA (hubs), mean, oracle",285,1.5,1.6051809360123845,0.08796563212190865,True
"BA (hubs), mean, linear (correct)",285,1.5,1.6353610063720423,0.09559632950798592,True
"BA (hubs), sum, oracle",285,2.998,3.1780898777992714,0.15875402097767483,True
"ER, mean, oracle",286,1.4917500000000001,1.4827415186052286,0.07963449502103336,True
"ER, mean, linear (correct)",286,1.4917500000000001,1.5007005783547132,0.07349497479097525,True
"ER, sum, oracle",286,2.9945,2.9719342840784493,0.14840032850810594,True
"BA (hubs), mean, oracle",286,1.5,1.4038081825210769,0.10620372132224093,True
"BA (hubs), mean, linear (correct)",286,1.5,1.4000943850309955,0.09931830875211016,True
"BA (hubs), sum, oracle",286,2.998,2.8305742226022472,0.17280838961028305,True
"ER, mean, oracle",287,1.48925,1.3615524441137106,0.07137539320852195,True
"ER, mean, linear (correct)",287,1.48925,1.3659000746622354,0.07075802195443484,True
"ER, sum, oracle",287,2.9619999999999997,2.6284938560368496,0.14233529072712786,False
"BA (hubs), mean, oracle",287,1.5,1.588257453335807,0.10389502868835529,True
"BA (hubs), mean, linear (correct)",287,1.5,1.5901037882691416,0.10967228297798524,True
"BA (hubs), sum, oracle",287,2.998,3.2157989668183515,0.16942661127168523,True
"ER, mean, oracle",288,1.492,1.429675192544532,0.08773258142969606,True
"ER, mean, linear (correct)",288,1.492,1.435633109000643,0.08713751797142472,True
"ER, sum, oracle",288,2.9995000000000003,2.832117229525551,0.1545614301708766,True
"BA (hubs), mean, oracle",288,1.5,1.4899220581587596,0.11382535227294162,True
"BA (hubs), mean, linear (correct)",288,1.5,1.5057138096652833,0.1106184068601483,True
"BA (hubs), sum, oracle",288,2.998,2.981649367589447,0.19246856340459315,True
"ER, mean, oracle",289,1.4917500000000001,1.5563207987008956,0.09366247234342193,True
"ER, mean, linear (correct)",289,1.4917500000000001,1.5229833224619902,0.0919706406561539,True
"ER, sum, oracle",289,3.024,3.13889684958167,0.172124446163408,True
"BA (hubs), mean, oracle",289,1.5,1.5114898578825753,0.10867511413488147,True
"BA (hubs), mean, linear (correct)",289,1.5,1.4977623045805215,0.10451455331598317,True
"BA (hubs), sum, oracle",289,2.998,3.0638484979552647,0.17774323329198213,True
"ER, mean, oracle",290,1.49125,1.3451782714313991,0.0818311401553749,True
"ER, mean, linear (correct)",290,1.49125,1.3593768358560514,0.08228719724747044,True
"ER, sum, oracle",290,3.004,2.6979146097070483,0.1541227109821876,False
"BA (hubs), mean, oracle",290,1.5,1.564677994728012,0.0979294649161106,True
"BA (hubs), mean, linear (correct)",290,1.5,1.5818350447981486,0.10255937046235475,True
"BA (hubs), sum, oracle",290,2.998,3.0359588318604285,0.16225027316687923,True
"ER, mean, oracle",291,1.49275,1.3935305704122825,0.07095634987422737,True
"ER, mean, linear (correct)",291,1.49275,1.3903277130287235,0.07269590050445535,True
"ER, sum, oracle",291,2.957,2.721656545458166,0.15449947068683345,True
"BA (hubs), mean, oracle",291,1.5,1.4581811992558973,0.08017959996968184,True
"BA (hubs), mean, linear (correct)",291,1.5,1.4536095607022157,0.08184088764466847,True
"BA (hubs), sum, oracle",291,2.998,2.874182692078502,0.13920229807958398,True
"ER, mean, oracle",292,1.49125,1.367871823385256,0.07404536426712251,True
"ER, mean, linear (correct)",292,1.49125,1.4029736897529814,0.06926327605718997,True
"ER, sum, oracle",292,2.9955,2.7981262687641384,0.15943572033713302,True
"BA (hubs), mean, oracle",292,1.5,1.4235201031981581,0.10275622199428612,True
"BA (hubs), mean, linear (correct)",292,1.5,1.4370239816249977,0.09053764487497672,True
"BA (hubs), sum, oracle",292,2.998,2.895277234351064,0.17850515334909497,True
"ER, mean, oracle",293,1.49075,1.4426214318238957,0.06678246020407409,True
"ER, mean, linear (correct)",293,1.49075,1.433959142983593,0.07218275996962499,True
"ER, sum, oracle",293,2.974,2.7870523031656376,0.1355270905587863,True
"BA (hubs), mean, oracle",293,1.5,1.5380100399058878,0.08556583564711508,True
"BA (hubs), mean, linear (correct)",293,1.5,1.5455101948698706,0.0889204238579551,True
"BA (hubs), sum, oracle",293,2.998,3.050403372517805,0.14159501821998535,True
"ER, mean, oracle",294,1.49225,1.529583842143257,0.07795923728152077,True
"ER, mean, linear (correct)",294,1.49225,1.5413958023494918,0.07912084478054908,True
"ER, sum, oracle",294,3.049,3.3479249626453127,0.1397130678993421,False
"BA (hubs), mean, oracle",294,1.5,1.5799763173278702,0.11748769595879675,True
"BA (hubs), mean, linear (correct)",294,1.5,1.5648225455799056,0.11458097611027242,True
"BA (hubs), sum, oracle",294,2.998,3.1427200016075325,0.19337121431605636,True
"ER, mean, oracle",295,1.4905,1.3360939409545296,0.07603495930019998,False
"ER, mean, linear (correct)",295,1.4905,1.3247907995438006,0.07608971317091438,False
"ER, sum, oracle",295,3.032,2.7699925911621315,0.142648438459931,True
"BA (hubs), mean, oracle",295,1.5,1.5905734194840995,0.10357481754101704,True
"BA (hubs), mean, linear (correct)",295,1.5,1.5946291993507131,0.11900172651122257,True
"BA (hubs), sum, oracle",295,2.998,3.0972067477075624,0.17647296420385367,True
"ER, mean, oracle",296,1.491,1.5119891044882734,0.08769281339436069,True
"ER, mean, linear (correct)",296,1.491,1.5096122446710636,0.08450828663467268,True
"ER, sum, oracle",296,2.9755000000000003,3.00194789551802,0.18197643959049153,True
"BA (hubs), mean, oracle",296,1.5,1.548892599882301,0.09919490241713672,True
"BA (hubs), mean, linear (correct)",296,1.5,1.565450458713174,0.09557600825761481,True
"BA (hubs), sum, oracle",296,2.998,3.0868999262668666,0.16951391687050155,True
"ER, mean, oracle",297,1.494,1.5167922807199603,0.07831624064653961,True
"ER, mean, linear (correct)",297,1.494,1.4935023898442585,0.07484124224514002,True
"ER, sum, oracle",297,3.0635,3.1203935143291037,0.14519933104743457,True
"BA (hubs), mean, oracle",297,1.5,1.3481198207229732,0.1016964655536788,True
"BA (hubs), mean, linear (correct)",297,1.5,1.3399990081679678,0.09924933630887348,True
"BA (hubs), sum, oracle",297,2.998,2.695842888517612,0.17360776288266958,True
"ER, mean, oracle",298,1.48875,1.4915782814362366,0.08931652668863856,True
"ER, mean, linear (correct)",298,1.48875,1.5056018343310278,0.08672677892464307,True
"ER, sum, oracle",298,3.0215,2.9524603345674905,0.15319398215056962,True
"BA (hubs), mean, oracle",298,1.5,1.5995996569135253,0.0953457144302603,True
"BA (hubs), mean, linear (correct)",298,1.5,1.588346665995796,0.08930216207142984,True
"BA (hubs), sum, oracle",298,2.998,3.2119732504101335,0.15327264263685678,True
"ER, mean, oracle",299,1.49225,1.387467506127908,0.08163130587777208,True
"ER, mean, linear (correct)",299,1.49225,1.4094616303314482,0.07694945170879341,True
"ER, sum, oracle",299,2.9939999999999998,2.8238664447911153,0.1512088378366293,True
"BA (hubs), mean, oracle",299,1.5,1.5765196677649964,0.08160936034058945,True
"BA (hubs), mean, linear (correct)",299,1.5,1.5821258192030316,0.0798163142083258,True
"BA (hubs), sum, oracle",299,2.998,3.119247866001392,0.14504967379932562,True
