graph,dgp,nuisances,seed,effect,truth,estimate,se,covers,n_focal
"BA (m=2, hubs)","linear, continuous T",linear (correct),10000,direct,1.0,0.950163869656298,0.06347335686130139,True,319
"BA (m=2, hubs)","linear, continuous T",linear (correct),10000,peer,0.5,0.6900709153618897,0.08959182905941013,False,319
"BA (m=2, hubs)","linear, continuous T",linear (correct),10001,direct,1.0,0.9880692251895627,0.049870199033794096,True,313
"BA (m=2, hubs)","linear, continuous T",linear (correct),10001,peer,0.5,0.47864723249824986,0.08180005427384052,True,313
"BA (m=2, hubs)","linear, continuous T",linear (correct),10002,direct,1.0,0.9271094471145941,0.05252440140512754,True,305
"BA (m=2, hubs)","linear, continuous T",linear (correct),10002,peer,0.5,0.6479324905567851,0.07898164899994635,True,305
"BA (m=2, hubs)","linear, continuous T",linear (correct),10003,direct,1.0,0.9458810432972091,0.05196364725368419,True,305
"BA (m=2, hubs)","linear, continuous T",linear (correct),10003,peer,0.5,0.4814173970859878,0.08389449096770406,True,305
"BA (m=2, hubs)","linear, continuous T",linear (correct),10004,direct,1.0,1.0449591945326173,0.06000656177469902,True,309
"BA (m=2, hubs)","linear, continuous T",linear (correct),10004,peer,0.5,0.5623281109853057,0.08834920779501816,True,309
"BA (m=2, hubs)","linear, continuous T",linear (correct),10005,direct,1.0,1.0387426554242758,0.07509311097710328,True,308
"BA (m=2, hubs)","linear, continuous T",linear (correct),10005,peer,0.5,0.4265398594793282,0.07459644165870587,True,308
"BA (m=2, hubs)","linear, continuous T",linear (correct),10006,direct,1.0,1.0106437358072033,0.05094798466855775,True,318
"BA (m=2, hubs)","linear, continuous T",linear (correct),10006,peer,0.5,0.4410239346061876,0.07470179218294708,True,318
"BA (m=2, hubs)","linear, continuous T",linear (correct),10007,direct,1.0,1.0058533656957656,0.05274819045738292,True,321
"BA (m=2, hubs)","linear, continuous T",linear (correct),10007,peer,0.5,0.4694821238204241,0.07234744893053349,True,321
"BA (m=2, hubs)","linear, continuous T",linear (correct),10008,direct,1.0,0.9272393952790607,0.05863825960646803,True,330
"BA (m=2, hubs)","linear, continuous T",linear (correct),10008,peer,0.5,0.5412408166347963,0.07229355958675729,True,330
"BA (m=2, hubs)","linear, continuous T",linear (correct),10009,direct,1.0,0.9820970046463267,0.048713339853443643,True,314
"BA (m=2, hubs)","linear, continuous T",linear (correct),10009,peer,0.5,0.6443416759039091,0.080128824977452,True,314
"BA (m=2, hubs)","linear, continuous T",linear (correct),10010,direct,1.0,0.988282698116758,0.058787619025936454,True,306
"BA (m=2, hubs)","linear, continuous T",linear (correct),10010,peer,0.5,0.4497554732148759,0.09106326503778135,True,306
"BA (m=2, hubs)","linear, continuous T",linear (correct),10011,direct,1.0,1.025575986143681,0.06810011155939279,True,305
"BA (m=2, hubs)","linear, continuous T",linear (correct),10011,peer,0.5,0.4341526111126232,0.08859115094234246,True,305
"BA (m=2, hubs)","linear, continuous T",linear (correct),10012,direct,1.0,0.8804865968797259,0.05603844077869689,False,311
"BA (m=2, hubs)","linear, continuous T",linear (correct),10012,peer,0.5,0.4149403112922561,0.08259174980974662,True,311
"BA (m=2, hubs)","linear, continuous T",linear (correct),10013,direct,1.0,1.0343133507636044,0.05243410399957239,True,307
"BA (m=2, hubs)","linear, continuous T",linear (correct),10013,peer,0.5,0.5724505346143219,0.07467438940927743,True,307
"BA (m=2, hubs)","linear, continuous T",linear (correct),10014,direct,1.0,0.9663846169559753,0.057292709621785856,True,319
"BA (m=2, hubs)","linear, continuous T",linear (correct),10014,peer,0.5,0.4675016269603449,0.07980716032462032,True,319
"BA (m=2, hubs)","linear, continuous T",linear (correct),10015,direct,1.0,0.994175393426491,0.05795145155799138,True,309
"BA (m=2, hubs)","linear, continuous T",linear (correct),10015,peer,0.5,0.41805919240954686,0.06790346398253094,True,309
"BA (m=2, hubs)","linear, continuous T",linear (correct),10016,direct,1.0,0.9758462746966425,0.05960694095617493,True,314
"BA (m=2, hubs)","linear, continuous T",linear (correct),10016,peer,0.5,0.4134438691256404,0.07765854683427284,True,314
"BA (m=2, hubs)","linear, continuous T",linear (correct),10017,direct,1.0,0.9795456519606675,0.06432446329424853,True,304
"BA (m=2, hubs)","linear, continuous T",linear (correct),10017,peer,0.5,0.40973621176918323,0.08235504198683162,True,304
"BA (m=2, hubs)","linear, continuous T",linear (correct),10018,direct,1.0,0.9251818553177144,0.057616050632674325,True,308
"BA (m=2, hubs)","linear, continuous T",linear (correct),10018,peer,0.5,0.40007156783397635,0.07718845046546183,True,308
"BA (m=2, hubs)","linear, continuous T",linear (correct),10019,direct,1.0,0.9095654805137002,0.06465283493345972,True,325
"BA (m=2, hubs)","linear, continuous T",linear (correct),10019,peer,0.5,0.37965394680936626,0.0702082619835342,True,325
"BA (m=2, hubs)","linear, continuous T",linear (correct),10020,direct,1.0,1.042262925663632,0.05905841481213705,True,319
"BA (m=2, hubs)","linear, continuous T",linear (correct),10020,peer,0.5,0.5664744349244581,0.07469081677003378,True,319
"BA (m=2, hubs)","linear, continuous T",linear (correct),10021,direct,1.0,0.9446073891265624,0.05673596962934375,True,303
"BA (m=2, hubs)","linear, continuous T",linear (correct),10021,peer,0.5,0.5534461729615118,0.08146281333066345,True,303
"BA (m=2, hubs)","linear, continuous T",linear (correct),10022,direct,1.0,0.9706536081362956,0.057035838257557495,True,312
"BA (m=2, hubs)","linear, continuous T",linear (correct),10022,peer,0.5,0.5723021709770567,0.08139427093266915,True,312
"BA (m=2, hubs)","linear, continuous T",linear (correct),10023,direct,1.0,1.0250369698133042,0.06462883363499793,True,306
"BA (m=2, hubs)","linear, continuous T",linear (correct),10023,peer,0.5,0.48151488567604317,0.07475876273502552,True,306
"BA (m=2, hubs)","linear, continuous T",linear (correct),10024,direct,1.0,0.9565889923394597,0.056562190569488774,True,298
"BA (m=2, hubs)","linear, continuous T",linear (correct),10024,peer,0.5,0.3918362415713834,0.10736849991643997,True,298
"BA (m=2, hubs)","linear, continuous T",linear (correct),10025,direct,1.0,0.9732495181521698,0.05136381209049487,True,319
"BA (m=2, hubs)","linear, continuous T",linear (correct),10025,peer,0.5,0.5177403698794606,0.0754261526148505,True,319
"BA (m=2, hubs)","linear, continuous T",linear (correct),10026,direct,1.0,0.9486077443258831,0.06361880781382653,True,295
"BA (m=2, hubs)","linear, continuous T",linear (correct),10026,peer,0.5,0.5202414166239745,0.07592492671719003,True,295
"BA (m=2, hubs)","linear, continuous T",linear (correct),10027,direct,1.0,1.0215580247717506,0.056233973517888884,True,316
"BA (m=2, hubs)","linear, continuous T",linear (correct),10027,peer,0.5,0.3462068296496726,0.08957148127954798,True,316
"BA (m=2, hubs)","linear, continuous T",linear (correct),10028,direct,1.0,0.9875176682433806,0.05999196065649198,True,302
"BA (m=2, hubs)","linear, continuous T",linear (correct),10028,peer,0.5,0.48986410260077545,0.07822479714035792,True,302
"BA (m=2, hubs)","linear, continuous T",linear (correct),10029,direct,1.0,0.9842985169935178,0.05107224958586837,True,305
"BA (m=2, hubs)","linear, continuous T",linear (correct),10029,peer,0.5,0.5949527670002447,0.08126541059782218,True,305
"BA (m=2, hubs)","linear, continuous T",linear (correct),10030,direct,1.0,1.01335018609817,0.04659371165857371,True,303
"BA (m=2, hubs)","linear, continuous T",linear (correct),10030,peer,0.5,0.5454760328845795,0.07876176581314773,True,303
"BA (m=2, hubs)","linear, continuous T",linear (correct),10031,direct,1.0,1.0102049204361716,0.06788328332731845,True,322
"BA (m=2, hubs)","linear, continuous T",linear (correct),10031,peer,0.5,0.5245268525799126,0.08318347382324855,True,322
"BA (m=2, hubs)","linear, continuous T",linear (correct),10032,direct,1.0,0.9535476371515431,0.06408544935023083,True,288
"BA (m=2, hubs)","linear, continuous T",linear (correct),10032,peer,0.5,0.5567450032319496,0.08387771388773828,True,288
"BA (m=2, hubs)","linear, continuous T",linear (correct),10033,direct,1.0,0.8908524190188452,0.05301859153185361,False,306
"BA (m=2, hubs)","linear, continuous T",linear (correct),10033,peer,0.5,0.5531746327503202,0.09180665291752532,True,306
"BA (m=2, hubs)","linear, continuous T",linear (correct),10034,direct,1.0,1.1169766615922183,0.05482570668625527,False,307
"BA (m=2, hubs)","linear, continuous T",linear (correct),10034,peer,0.5,0.44977310784688257,0.08339571941329108,True,307
"BA (m=2, hubs)","linear, continuous T",linear (correct),10035,direct,1.0,1.0278359294985373,0.05594896733933565,True,329
"BA (m=2, hubs)","linear, continuous T",linear (correct),10035,peer,0.5,0.45805821727352214,0.0721607142317432,True,329
"BA (m=2, hubs)","linear, continuous T",linear (correct),10036,direct,1.0,1.0380152638257352,0.04794664337371851,True,315
"BA (m=2, hubs)","linear, continuous T",linear (correct),10036,peer,0.5,0.4319911510984771,0.07306363961257877,True,315
"BA (m=2, hubs)","linear, continuous T",linear (correct),10037,direct,1.0,1.0163826015467832,0.05634982846662564,True,318
"BA (m=2, hubs)","linear, continuous T",linear (correct),10037,peer,0.5,0.4911471611903126,0.0758951483586949,True,318
"BA (m=2, hubs)","linear, continuous T",linear (correct),10038,direct,1.0,1.0362280755623918,0.05053354094568541,True,295
"BA (m=2, hubs)","linear, continuous T",linear (correct),10038,peer,0.5,0.5453864530384263,0.08374855079191591,True,295
"BA (m=2, hubs)","linear, continuous T",linear (correct),10039,direct,1.0,1.01937271463589,0.05200752786062435,True,313
"BA (m=2, hubs)","linear, continuous T",linear (correct),10039,peer,0.5,0.476620940161088,0.08251120935663855,True,313
"BA (m=2, hubs)","linear, continuous T",linear (correct),10040,direct,1.0,1.0920691911273077,0.0640489502002597,True,314
"BA (m=2, hubs)","linear, continuous T",linear (correct),10040,peer,0.5,0.513361502767226,0.08577935832715973,True,314
"BA (m=2, hubs)","linear, continuous T",linear (correct),10041,direct,1.0,0.975060821927473,0.04550460808757566,True,297
"BA (m=2, hubs)","linear, continuous T",linear (correct),10041,peer,0.5,0.5329526121094516,0.0881099294705103,True,297
"BA (m=2, hubs)","linear, continuous T",linear (correct),10042,direct,1.0,1.0087140157887011,0.06485730330547167,True,300
"BA (m=2, hubs)","linear, continuous T",linear (correct),10042,peer,0.5,0.4339551764638347,0.0831740663693855,True,300
"BA (m=2, hubs)","linear, continuous T",linear (correct),10043,direct,1.0,1.0185592114448387,0.0656976633738077,True,297
"BA (m=2, hubs)","linear, continuous T",linear (correct),10043,peer,0.5,0.38208112417103984,0.07867739255044859,True,297
"BA (m=2, hubs)","linear, continuous T",linear (correct),10044,direct,1.0,0.9925247975952846,0.05416606104801544,True,310
"BA (m=2, hubs)","linear, continuous T",linear (correct),10044,peer,0.5,0.3919898996472781,0.10537558320573064,True,310
"BA (m=2, hubs)","linear, continuous T",linear (correct),10045,direct,1.0,1.0370264164743594,0.05449087866996987,True,308
"BA (m=2, hubs)","linear, continuous T",linear (correct),10045,peer,0.5,0.39757492242248027,0.0749432161648547,True,308
"BA (m=2, hubs)","linear, continuous T",linear (correct),10046,direct,1.0,0.9336447868140194,0.07463347348663912,True,312
"BA (m=2, hubs)","linear, continuous T",linear (correct),10046,peer,0.5,0.6524445371150912,0.08726980330821427,True,312
"BA (m=2, hubs)","linear, continuous T",linear (correct),10047,direct,1.0,1.0339563823805353,0.04560443330893507,True,301
"BA (m=2, hubs)","linear, continuous T",linear (correct),10047,peer,0.5,0.6027589335666691,0.08127913642879499,True,301
"BA (m=2, hubs)","linear, continuous T",linear (correct),10048,direct,1.0,0.994347977323283,0.0508568972133021,True,312
"BA (m=2, hubs)","linear, continuous T",linear (correct),10048,peer,0.5,0.4728185284095898,0.07375909218746939,True,312
"BA (m=2, hubs)","linear, continuous T",linear (correct),10049,direct,1.0,0.9451585806909232,0.05073562322602973,True,294
"BA (m=2, hubs)","linear, continuous T",linear (correct),10049,peer,0.5,0.5044751649340636,0.09379135904411443,True,294
"BA (m=2, hubs)","linear, continuous T",linear (correct),10050,direct,1.0,1.0114263349935009,0.05072321765085513,True,319
"BA (m=2, hubs)","linear, continuous T",linear (correct),10050,peer,0.5,0.4006885821877646,0.07266277146523038,True,319
"BA (m=2, hubs)","linear, continuous T",linear (correct),10051,direct,1.0,0.8656989372472003,0.057854911742571756,False,304
"BA (m=2, hubs)","linear, continuous T",linear (correct),10051,peer,0.5,0.44504315943193706,0.07954367834772495,True,304
"BA (m=2, hubs)","linear, continuous T",linear (correct),10052,direct,1.0,0.980920027449095,0.05779887638894695,True,310
"BA (m=2, hubs)","linear, continuous T",linear (correct),10052,peer,0.5,0.3914982533157838,0.07767500298381484,True,310
"BA (m=2, hubs)","linear, continuous T",linear (correct),10053,direct,1.0,1.0368300132320434,0.06373556560505382,True,307
"BA (m=2, hubs)","linear, continuous T",linear (correct),10053,peer,0.5,0.43714967237653674,0.07643314352654844,True,307
"BA (m=2, hubs)","linear, continuous T",linear (correct),10054,direct,1.0,1.0665306398757666,0.052238455632004646,True,314
"BA (m=2, hubs)","linear, continuous T",linear (correct),10054,peer,0.5,0.5430485577559335,0.0745373761345592,True,314
"BA (m=2, hubs)","linear, continuous T",linear (correct),10055,direct,1.0,0.9556275857823644,0.06197484594662383,True,320
"BA (m=2, hubs)","linear, continuous T",linear (correct),10055,peer,0.5,0.638479197051357,0.07974504208003262,True,320
"BA (m=2, hubs)","linear, continuous T",linear (correct),10056,direct,1.0,1.0549518015080932,0.06183485622336044,True,298
"BA (m=2, hubs)","linear, continuous T",linear (correct),10056,peer,0.5,0.36709372548881436,0.0909394741578875,True,298
"BA (m=2, hubs)","linear, continuous T",linear (correct),10057,direct,1.0,1.0823828741475299,0.0679840002338666,True,308
"BA (m=2, hubs)","linear, continuous T",linear (correct),10057,peer,0.5,0.72301066858398,0.06632193150435163,False,308
"BA (m=2, hubs)","linear, continuous T",linear (correct),10058,direct,1.0,1.0465046348533709,0.051095675044660886,True,300
"BA (m=2, hubs)","linear, continuous T",linear (correct),10058,peer,0.5,0.3824523332100449,0.06981976285624261,True,300
"BA (m=2, hubs)","linear, continuous T",linear (correct),10059,direct,1.0,0.8693170019397114,0.06892479099674781,True,313
"BA (m=2, hubs)","linear, continuous T",linear (correct),10059,peer,0.5,0.632288702254993,0.08373811277049002,True,313
"BA (m=2, hubs)","linear, continuous T",linear (correct),10060,direct,1.0,1.010968308291401,0.05949476198863556,True,313
"BA (m=2, hubs)","linear, continuous T",linear (correct),10060,peer,0.5,0.3753634414980324,0.08982575260360535,True,313
"BA (m=2, hubs)","linear, continuous T",linear (correct),10061,direct,1.0,0.8966656335832249,0.06189527642362533,True,308
"BA (m=2, hubs)","linear, continuous T",linear (correct),10061,peer,0.5,0.4396763747531721,0.07808780037065687,True,308
"BA (m=2, hubs)","linear, continuous T",linear (correct),10062,direct,1.0,1.00187729155185,0.04925020710953167,True,318
"BA (m=2, hubs)","linear, continuous T",linear (correct),10062,peer,0.5,0.5212992718826117,0.07429425311967337,True,318
"BA (m=2, hubs)","linear, continuous T",linear (correct),10063,direct,1.0,1.0680423679082314,0.059609266400298,True,318
"BA (m=2, hubs)","linear, continuous T",linear (correct),10063,peer,0.5,0.45178357073180614,0.0994177864381415,True,318
"BA (m=2, hubs)","linear, continuous T",linear (correct),10064,direct,1.0,1.0765646994894074,0.051809894485442404,True,313
"BA (m=2, hubs)","linear, continuous T",linear (correct),10064,peer,0.5,0.5527221780844486,0.09645749385348533,True,313
"BA (m=2, hubs)","linear, continuous T",linear (correct),10065,direct,1.0,0.9897943779184878,0.05578998002305365,True,312
"BA (m=2, hubs)","linear, continuous T",linear (correct),10065,peer,0.5,0.420497655312314,0.0907188005956526,True,312
"BA (m=2, hubs)","linear, continuous T",linear (correct),10066,direct,1.0,0.961141302312106,0.05157861345006124,True,314
"BA (m=2, hubs)","linear, continuous T",linear (correct),10066,peer,0.5,0.5763783466405246,0.07714010638648866,True,314
"BA (m=2, hubs)","linear, continuous T",linear (correct),10067,direct,1.0,0.9565358164998904,0.06324079269928892,True,320
"BA (m=2, hubs)","linear, continuous T",linear (correct),10067,peer,0.5,0.4847088413267729,0.0789378246514931,True,320
"BA (m=2, hubs)","linear, continuous T",linear (correct),10068,direct,1.0,0.9553399207927321,0.06209698325625233,True,311
"BA (m=2, hubs)","linear, continuous T",linear (correct),10068,peer,0.5,0.5163045931614326,0.08473517682908997,True,311
"BA (m=2, hubs)","linear, continuous T",linear (correct),10069,direct,1.0,0.9887993989976286,0.05387219786050942,True,315
"BA (m=2, hubs)","linear, continuous T",linear (correct),10069,peer,0.5,0.4989744643411895,0.09150464560555524,True,315
"BA (m=2, hubs)","linear, continuous T",linear (correct),10070,direct,1.0,0.9748080493352033,0.061243570251872846,True,296
"BA (m=2, hubs)","linear, continuous T",linear (correct),10070,peer,0.5,0.48607822830951675,0.08543778939308512,True,296
"BA (m=2, hubs)","linear, continuous T",linear (correct),10071,direct,1.0,0.99756673183657,0.0674624026256336,True,319
"BA (m=2, hubs)","linear, continuous T",linear (correct),10071,peer,0.5,0.609206966574498,0.0642376643464404,True,319
"BA (m=2, hubs)","linear, continuous T",linear (correct),10072,direct,1.0,1.0594084625188567,0.05830545116885489,True,302
"BA (m=2, hubs)","linear, continuous T",linear (correct),10072,peer,0.5,0.5833792998097155,0.08148498418394487,True,302
"BA (m=2, hubs)","linear, continuous T",linear (correct),10073,direct,1.0,0.9928647975354157,0.0625950731049477,True,301
"BA (m=2, hubs)","linear, continuous T",linear (correct),10073,peer,0.5,0.5086042306230031,0.07348318746216326,True,301
"BA (m=2, hubs)","linear, continuous T",linear (correct),10074,direct,1.0,1.083895760702465,0.051259702780383234,True,304
"BA (m=2, hubs)","linear, continuous T",linear (correct),10074,peer,0.5,0.5972386140819488,0.08110392022043528,True,304
"BA (m=2, hubs)","linear, continuous T",linear (correct),10075,direct,1.0,0.9860764795448801,0.0642408608560036,True,323
"BA (m=2, hubs)","linear, continuous T",linear (correct),10075,peer,0.5,0.4116029253148389,0.09239776785792159,True,323
"BA (m=2, hubs)","linear, continuous T",linear (correct),10076,direct,1.0,1.0624066060747976,0.05180057338692275,True,301
"BA (m=2, hubs)","linear, continuous T",linear (correct),10076,peer,0.5,0.44954610323586364,0.08860829619584636,True,301
"BA (m=2, hubs)","linear, continuous T",linear (correct),10077,direct,1.0,1.010948617263166,0.05424820102370924,True,321
"BA (m=2, hubs)","linear, continuous T",linear (correct),10077,peer,0.5,0.42086325144701586,0.0832715661273424,True,321
"BA (m=2, hubs)","linear, continuous T",linear (correct),10078,direct,1.0,0.9169408863009215,0.05807856014597672,True,298
"BA (m=2, hubs)","linear, continuous T",linear (correct),10078,peer,0.5,0.28783354025988794,0.08673007001153328,False,298
"BA (m=2, hubs)","linear, continuous T",linear (correct),10079,direct,1.0,1.036315015435852,0.06740985217487613,True,303
"BA (m=2, hubs)","linear, continuous T",linear (correct),10079,peer,0.5,0.3157907170024458,0.07324203933737708,False,303
"BA (m=2, hubs)","linear, continuous T",linear (correct),10080,direct,1.0,1.0964465126577068,0.05536516434368715,True,306
"BA (m=2, hubs)","linear, continuous T",linear (correct),10080,peer,0.5,0.48070759826924897,0.0803652527869262,True,306
"BA (m=2, hubs)","linear, continuous T",linear (correct),10081,direct,1.0,0.9653118669921862,0.057019633665462206,True,306
"BA (m=2, hubs)","linear, continuous T",linear (correct),10081,peer,0.5,0.48961464817086037,0.08179009042874677,True,306
"BA (m=2, hubs)","linear, continuous T",linear (correct),10082,direct,1.0,0.9803446557280593,0.0559049268548057,True,311
"BA (m=2, hubs)","linear, continuous T",linear (correct),10082,peer,0.5,0.49919732720465354,0.06929054507483191,True,311
"BA (m=2, hubs)","linear, continuous T",linear (correct),10083,direct,1.0,1.0184341374491137,0.06646307700026795,True,310
"BA (m=2, hubs)","linear, continuous T",linear (correct),10083,peer,0.5,0.5793566631773832,0.07063741379485794,True,310
"BA (m=2, hubs)","linear, continuous T",linear (correct),10084,direct,1.0,0.9035139634949341,0.0639729044076445,True,312
"BA (m=2, hubs)","linear, continuous T",linear (correct),10084,peer,0.5,0.5308518494389471,0.07062663764889966,True,312
"BA (m=2, hubs)","linear, continuous T",linear (correct),10085,direct,1.0,0.9668065618963994,0.058457101430829606,True,294
"BA (m=2, hubs)","linear, continuous T",linear (correct),10085,peer,0.5,0.41506350726176366,0.08700969647808032,True,294
"BA (m=2, hubs)","linear, continuous T",linear (correct),10086,direct,1.0,0.9557312933524127,0.06679587802583654,True,315
"BA (m=2, hubs)","linear, continuous T",linear (correct),10086,peer,0.5,0.505094268551352,0.08440304816505298,True,315
"BA (m=2, hubs)","linear, continuous T",linear (correct),10087,direct,1.0,1.0563470573570564,0.05706801463700376,True,310
"BA (m=2, hubs)","linear, continuous T",linear (correct),10087,peer,0.5,0.47770773068632066,0.0796981979994125,True,310
"BA (m=2, hubs)","linear, continuous T",linear (correct),10088,direct,1.0,1.053752137892595,0.053028832582569664,True,308
"BA (m=2, hubs)","linear, continuous T",linear (correct),10088,peer,0.5,0.29016210004016124,0.0870267960758649,False,308
"BA (m=2, hubs)","linear, continuous T",linear (correct),10089,direct,1.0,1.0017227971111105,0.05490993500753968,True,304
"BA (m=2, hubs)","linear, continuous T",linear (correct),10089,peer,0.5,0.6096844594518237,0.08288826653436775,True,304
"BA (m=2, hubs)","linear, continuous T",linear (correct),10090,direct,1.0,1.0802342641442209,0.06322507921015937,True,304
"BA (m=2, hubs)","linear, continuous T",linear (correct),10090,peer,0.5,0.5279143591446573,0.10393263879649413,True,304
"BA (m=2, hubs)","linear, continuous T",linear (correct),10091,direct,1.0,0.9902749458532893,0.05432804863548103,True,322
"BA (m=2, hubs)","linear, continuous T",linear (correct),10091,peer,0.5,0.514448989808219,0.07792826450161208,True,322
"BA (m=2, hubs)","linear, continuous T",linear (correct),10092,direct,1.0,1.1392727117544763,0.07532974901980735,True,312
"BA (m=2, hubs)","linear, continuous T",linear (correct),10092,peer,0.5,0.4389440833150061,0.07655509765731512,True,312
"BA (m=2, hubs)","linear, continuous T",linear (correct),10093,direct,1.0,1.047979961452928,0.04913347498588152,True,306
"BA (m=2, hubs)","linear, continuous T",linear (correct),10093,peer,0.5,0.33450007043393987,0.07793304871138125,False,306
"BA (m=2, hubs)","linear, continuous T",linear (correct),10094,direct,1.0,1.001394415120383,0.06241837010078893,True,304
"BA (m=2, hubs)","linear, continuous T",linear (correct),10094,peer,0.5,0.4156603949630231,0.08840295667062505,True,304
"BA (m=2, hubs)","linear, continuous T",linear (correct),10095,direct,1.0,0.8898421709590559,0.05511930114676593,False,315
"BA (m=2, hubs)","linear, continuous T",linear (correct),10095,peer,0.5,0.39327416722549235,0.07522759534318024,True,315
"BA (m=2, hubs)","linear, continuous T",linear (correct),10096,direct,1.0,0.9893672547060237,0.057689984228380925,True,298
"BA (m=2, hubs)","linear, continuous T",linear (correct),10096,peer,0.5,0.5850920545856548,0.07173519522980414,True,298
"BA (m=2, hubs)","linear, continuous T",linear (correct),10097,direct,1.0,0.9623033838839758,0.05901954229935849,True,308
"BA (m=2, hubs)","linear, continuous T",linear (correct),10097,peer,0.5,0.48073041201684547,0.08616704855356788,True,308
"BA (m=2, hubs)","linear, continuous T",linear (correct),10098,direct,1.0,1.033909665312327,0.06332119247368866,True,313
"BA (m=2, hubs)","linear, continuous T",linear (correct),10098,peer,0.5,0.4785394008760031,0.08991064145132374,True,313
"BA (m=2, hubs)","linear, continuous T",linear (correct),10099,direct,1.0,1.0075416558525465,0.050688164570361086,True,311
"BA (m=2, hubs)","linear, continuous T",linear (correct),10099,peer,0.5,0.5110852742527131,0.08037427478542639,True,311
"BA (m=2, hubs)","linear, continuous T",linear (correct),10100,direct,1.0,1.0368123775643165,0.0598723693331188,True,318
"BA (m=2, hubs)","linear, continuous T",linear (correct),10100,peer,0.5,0.6146518096110672,0.07801504304962709,True,318
"BA (m=2, hubs)","linear, continuous T",linear (correct),10101,direct,1.0,1.059546361029831,0.053581270896210065,True,300
"BA (m=2, hubs)","linear, continuous T",linear (correct),10101,peer,0.5,0.5456456698303986,0.08906649092353597,True,300
"BA (m=2, hubs)","linear, continuous T",linear (correct),10102,direct,1.0,0.9640058827943236,0.06255490917764085,True,295
"BA (m=2, hubs)","linear, continuous T",linear (correct),10102,peer,0.5,0.3614166642887302,0.08533540159143599,True,295
"BA (m=2, hubs)","linear, continuous T",linear (correct),10103,direct,1.0,0.9951391451040678,0.04937968882419151,True,311
"BA (m=2, hubs)","linear, continuous T",linear (correct),10103,peer,0.5,0.4844073818764053,0.07682331671059488,True,311
"BA (m=2, hubs)","linear, continuous T",linear (correct),10104,direct,1.0,0.9046493259881263,0.058106689045886215,True,319
"BA (m=2, hubs)","linear, continuous T",linear (correct),10104,peer,0.5,0.6350962821375686,0.06420071576423939,False,319
"BA (m=2, hubs)","linear, continuous T",linear (correct),10105,direct,1.0,1.0701740455397033,0.049267482128863935,True,310
"BA (m=2, hubs)","linear, continuous T",linear (correct),10105,peer,0.5,0.4270112729038435,0.08497752863551006,True,310
"BA (m=2, hubs)","linear, continuous T",linear (correct),10106,direct,1.0,0.9396207571370295,0.05389715632569696,True,315
"BA (m=2, hubs)","linear, continuous T",linear (correct),10106,peer,0.5,0.41373663008494116,0.07628117141187593,True,315
"BA (m=2, hubs)","linear, continuous T",linear (correct),10107,direct,1.0,1.0245920947604126,0.058482981457795485,True,322
"BA (m=2, hubs)","linear, continuous T",linear (correct),10107,peer,0.5,0.5987016556560032,0.07738565916746491,True,322
"BA (m=2, hubs)","linear, continuous T",linear (correct),10108,direct,1.0,1.030856975379028,0.05791522621434945,True,319
"BA (m=2, hubs)","linear, continuous T",linear (correct),10108,peer,0.5,0.5894778572252456,0.07749064776387712,True,319
"BA (m=2, hubs)","linear, continuous T",linear (correct),10109,direct,1.0,1.0355784777324415,0.055916269025690794,True,309
"BA (m=2, hubs)","linear, continuous T",linear (correct),10109,peer,0.5,0.4674118712354384,0.07529507461463554,True,309
"BA (m=2, hubs)","linear, continuous T",linear (correct),10110,direct,1.0,0.8725870955146154,0.05438841646505317,False,314
"BA (m=2, hubs)","linear, continuous T",linear (correct),10110,peer,0.5,0.5058720110769944,0.07560217110279319,True,314
"BA (m=2, hubs)","linear, continuous T",linear (correct),10111,direct,1.0,0.9224726278969421,0.05662886205180324,True,315
"BA (m=2, hubs)","linear, continuous T",linear (correct),10111,peer,0.5,0.47176912716890573,0.07105858548011387,True,315
"BA (m=2, hubs)","linear, continuous T",linear (correct),10112,direct,1.0,1.0392476722311366,0.05776631938755486,True,310
"BA (m=2, hubs)","linear, continuous T",linear (correct),10112,peer,0.5,0.5021869127215053,0.07907794542144161,True,310
"BA (m=2, hubs)","linear, continuous T",linear (correct),10113,direct,1.0,1.0887801535700243,0.053893769955257395,True,306
"BA (m=2, hubs)","linear, continuous T",linear (correct),10113,peer,0.5,0.45503079889535536,0.07182110117637748,True,306
"BA (m=2, hubs)","linear, continuous T",linear (correct),10114,direct,1.0,0.9654893656500313,0.06446140805071261,True,314
"BA (m=2, hubs)","linear, continuous T",linear (correct),10114,peer,0.5,0.4496196316597268,0.08006894765392425,True,314
"BA (m=2, hubs)","linear, continuous T",linear (correct),10115,direct,1.0,1.0406277677185825,0.05792180663744244,True,310
"BA (m=2, hubs)","linear, continuous T",linear (correct),10115,peer,0.5,0.44295277561774543,0.08964762851602966,True,310
"BA (m=2, hubs)","linear, continuous T",linear (correct),10116,direct,1.0,1.0185796173343276,0.05744223913997195,True,305
"BA (m=2, hubs)","linear, continuous T",linear (correct),10116,peer,0.5,0.537532438674709,0.07765906558962021,True,305
"BA (m=2, hubs)","linear, continuous T",linear (correct),10117,direct,1.0,0.927797180177465,0.05488425548459244,True,291
"BA (m=2, hubs)","linear, continuous T",linear (correct),10117,peer,0.5,0.6175356951368945,0.08202976942657267,True,291
"BA (m=2, hubs)","linear, continuous T",linear (correct),10118,direct,1.0,0.9543306485405777,0.06025895376889281,True,315
"BA (m=2, hubs)","linear, continuous T",linear (correct),10118,peer,0.5,0.4825838903525015,0.0700475722481237,True,315
"BA (m=2, hubs)","linear, continuous T",linear (correct),10119,direct,1.0,0.9840749739290793,0.05930823823966644,True,324
"BA (m=2, hubs)","linear, continuous T",linear (correct),10119,peer,0.5,0.3366051853736439,0.08023888419360735,False,324
"BA (m=2, hubs)","linear, continuous T",linear (correct),10120,direct,1.0,0.9536158047023856,0.0573192878375301,True,298
"BA (m=2, hubs)","linear, continuous T",linear (correct),10120,peer,0.5,0.45430875074189914,0.08560604770642992,True,298
"BA (m=2, hubs)","linear, continuous T",linear (correct),10121,direct,1.0,0.9965035950655183,0.06032170152005258,True,302
"BA (m=2, hubs)","linear, continuous T",linear (correct),10121,peer,0.5,0.39214163725185625,0.10071597465388288,True,302
"BA (m=2, hubs)","linear, continuous T",linear (correct),10122,direct,1.0,1.009703006082256,0.052987869143305465,True,304
"BA (m=2, hubs)","linear, continuous T",linear (correct),10122,peer,0.5,0.4422640859610255,0.07570680359040914,True,304
"BA (m=2, hubs)","linear, continuous T",linear (correct),10123,direct,1.0,1.0226482407118178,0.05616764594013127,True,320
"BA (m=2, hubs)","linear, continuous T",linear (correct),10123,peer,0.5,0.32025583659881124,0.09202910357059789,True,320
"BA (m=2, hubs)","linear, continuous T",linear (correct),10124,direct,1.0,0.9318832096338927,0.05685743619402013,True,322
"BA (m=2, hubs)","linear, continuous T",linear (correct),10124,peer,0.5,0.5163681316341873,0.07686227846307198,True,322
"BA (m=2, hubs)","linear, continuous T",linear (correct),10125,direct,1.0,1.010542157258615,0.06144419107252265,True,320
"BA (m=2, hubs)","linear, continuous T",linear (correct),10125,peer,0.5,0.5679701885945991,0.08340478632615649,True,320
"BA (m=2, hubs)","linear, continuous T",linear (correct),10126,direct,1.0,0.9770526529200282,0.052389665161889386,True,316
"BA (m=2, hubs)","linear, continuous T",linear (correct),10126,peer,0.5,0.6150549669936878,0.07137512228092698,True,316
"BA (m=2, hubs)","linear, continuous T",linear (correct),10127,direct,1.0,0.9975353426432876,0.06591445476901285,True,304
"BA (m=2, hubs)","linear, continuous T",linear (correct),10127,peer,0.5,0.7355520176128644,0.07529076622393925,False,304
"BA (m=2, hubs)","linear, continuous T",linear (correct),10128,direct,1.0,1.0312949048612765,0.049301143105139354,True,316
"BA (m=2, hubs)","linear, continuous T",linear (correct),10128,peer,0.5,0.3915684102809083,0.08483608449393118,True,316
"BA (m=2, hubs)","linear, continuous T",linear (correct),10129,direct,1.0,1.0094865682681176,0.053587976244721,True,305
"BA (m=2, hubs)","linear, continuous T",linear (correct),10129,peer,0.5,0.48317891181474926,0.09063562132448248,True,305
"BA (m=2, hubs)","linear, continuous T",linear (correct),10130,direct,1.0,0.9476383788094647,0.06528377258200929,True,311
"BA (m=2, hubs)","linear, continuous T",linear (correct),10130,peer,0.5,0.5445491450979162,0.08128442080031495,True,311
"BA (m=2, hubs)","linear, continuous T",linear (correct),10131,direct,1.0,0.8810668335770052,0.06053627572438014,False,304
"BA (m=2, hubs)","linear, continuous T",linear (correct),10131,peer,0.5,0.6307164534864556,0.09142351539165394,True,304
"BA (m=2, hubs)","linear, continuous T",linear (correct),10132,direct,1.0,1.0379437232378135,0.057571776268881325,True,301
"BA (m=2, hubs)","linear, continuous T",linear (correct),10132,peer,0.5,0.4189286164852782,0.07882766414575341,True,301
"BA (m=2, hubs)","linear, continuous T",linear (correct),10133,direct,1.0,1.0082274432527407,0.05745131357470494,True,304
"BA (m=2, hubs)","linear, continuous T",linear (correct),10133,peer,0.5,0.5031389459486334,0.08395647722057163,True,304
"BA (m=2, hubs)","linear, continuous T",linear (correct),10134,direct,1.0,1.012691136307391,0.05340535469184003,True,316
"BA (m=2, hubs)","linear, continuous T",linear (correct),10134,peer,0.5,0.5151121429329542,0.07542413156582876,True,316
"BA (m=2, hubs)","linear, continuous T",linear (correct),10135,direct,1.0,0.9602874674056382,0.06464405309334652,True,312
"BA (m=2, hubs)","linear, continuous T",linear (correct),10135,peer,0.5,0.5201957770529759,0.09240020370825741,True,312
"BA (m=2, hubs)","linear, continuous T",linear (correct),10136,direct,1.0,1.0771350308554177,0.059189019685734694,True,321
"BA (m=2, hubs)","linear, continuous T",linear (correct),10136,peer,0.5,0.48550465030338535,0.07223323261839272,True,321
"BA (m=2, hubs)","linear, continuous T",linear (correct),10137,direct,1.0,1.0436211467479772,0.06267381765366392,True,312
"BA (m=2, hubs)","linear, continuous T",linear (correct),10137,peer,0.5,0.5101880913094793,0.0914722883490033,True,312
"BA (m=2, hubs)","linear, continuous T",linear (correct),10138,direct,1.0,0.9666302058123193,0.05209848967721115,True,309
"BA (m=2, hubs)","linear, continuous T",linear (correct),10138,peer,0.5,0.5778040228625564,0.07180102065476543,True,309
"BA (m=2, hubs)","linear, continuous T",linear (correct),10139,direct,1.0,0.9512115268630231,0.05324912894042418,True,327
"BA (m=2, hubs)","linear, continuous T",linear (correct),10139,peer,0.5,0.5080464649989733,0.08756412600395796,True,327
"BA (m=2, hubs)","linear, continuous T",linear (correct),10140,direct,1.0,0.9953204289539935,0.061819561451836286,True,303
"BA (m=2, hubs)","linear, continuous T",linear (correct),10140,peer,0.5,0.4369070053107033,0.09433827765511707,True,303
"BA (m=2, hubs)","linear, continuous T",linear (correct),10141,direct,1.0,0.9559965811871907,0.05606662041248239,True,306
"BA (m=2, hubs)","linear, continuous T",linear (correct),10141,peer,0.5,0.6141259259240017,0.06620976021353862,True,306
"BA (m=2, hubs)","linear, continuous T",linear (correct),10142,direct,1.0,1.0012249771895474,0.06261489037531616,True,313
"BA (m=2, hubs)","linear, continuous T",linear (correct),10142,peer,0.5,0.3849424313147189,0.07477487997536383,True,313
"BA (m=2, hubs)","linear, continuous T",linear (correct),10143,direct,1.0,0.9365907477686201,0.05925811780052299,True,313
"BA (m=2, hubs)","linear, continuous T",linear (correct),10143,peer,0.5,0.4909342883093692,0.07135520689285459,True,313
"BA (m=2, hubs)","linear, continuous T",linear (correct),10144,direct,1.0,0.9824575322874041,0.05892352651383827,True,320
"BA (m=2, hubs)","linear, continuous T",linear (correct),10144,peer,0.5,0.5082969354470702,0.07691682111418253,True,320
"BA (m=2, hubs)","linear, continuous T",linear (correct),10145,direct,1.0,1.0639994459448772,0.06557509855736877,True,305
"BA (m=2, hubs)","linear, continuous T",linear (correct),10145,peer,0.5,0.4639763332365128,0.08707829118039324,True,305
"BA (m=2, hubs)","linear, continuous T",linear (correct),10146,direct,1.0,0.9917039924116194,0.052732100075864735,True,318
"BA (m=2, hubs)","linear, continuous T",linear (correct),10146,peer,0.5,0.5393509968968835,0.10893993906950186,True,318
"BA (m=2, hubs)","linear, continuous T",linear (correct),10147,direct,1.0,0.9366994506403263,0.05621404768254806,True,318
"BA (m=2, hubs)","linear, continuous T",linear (correct),10147,peer,0.5,0.42870130809437584,0.0781613073221742,True,318
"BA (m=2, hubs)","linear, continuous T",linear (correct),10148,direct,1.0,0.976351647900392,0.048416385327160666,True,299
"BA (m=2, hubs)","linear, continuous T",linear (correct),10148,peer,0.5,0.5690106074600438,0.07498922208809838,True,299
"BA (m=2, hubs)","linear, continuous T",linear (correct),10149,direct,1.0,0.9844996927526448,0.051446617540195284,True,318
"BA (m=2, hubs)","linear, continuous T",linear (correct),10149,peer,0.5,0.35926649486518986,0.07023992194155063,False,318
"BA (m=2, hubs)","linear, continuous T",linear (correct),10150,direct,1.0,0.9638228814359243,0.05662631471098916,True,315
"BA (m=2, hubs)","linear, continuous T",linear (correct),10150,peer,0.5,0.5705614322555408,0.0763977082381384,True,315
"BA (m=2, hubs)","linear, continuous T",linear (correct),10151,direct,1.0,0.9631342721330051,0.06544726078521622,True,312
"BA (m=2, hubs)","linear, continuous T",linear (correct),10151,peer,0.5,0.4765072929126942,0.07026477691014353,True,312
"BA (m=2, hubs)","linear, continuous T",linear (correct),10152,direct,1.0,1.0549711583831005,0.052450543426257164,True,321
"BA (m=2, hubs)","linear, continuous T",linear (correct),10152,peer,0.5,0.4551156849559291,0.08245482067143944,True,321
"BA (m=2, hubs)","linear, continuous T",linear (correct),10153,direct,1.0,0.9987196819532975,0.05736640819992562,True,304
"BA (m=2, hubs)","linear, continuous T",linear (correct),10153,peer,0.5,0.4490068840845908,0.07007837205006404,True,304
"BA (m=2, hubs)","linear, continuous T",linear (correct),10154,direct,1.0,0.9899708381831013,0.05560670570697222,True,316
"BA (m=2, hubs)","linear, continuous T",linear (correct),10154,peer,0.5,0.4090974036836809,0.07666913242511622,True,316
"BA (m=2, hubs)","linear, continuous T",linear (correct),10155,direct,1.0,0.9166581390359493,0.058222097890242346,True,314
"BA (m=2, hubs)","linear, continuous T",linear (correct),10155,peer,0.5,0.6336294666014746,0.09015480888320408,True,314
"BA (m=2, hubs)","linear, continuous T",linear (correct),10156,direct,1.0,0.9756504851840736,0.06790897702286082,True,303
"BA (m=2, hubs)","linear, continuous T",linear (correct),10156,peer,0.5,0.49006898171377455,0.07675512924237984,True,303
"BA (m=2, hubs)","linear, continuous T",linear (correct),10157,direct,1.0,0.908038405138648,0.05480125111475663,True,312
"BA (m=2, hubs)","linear, continuous T",linear (correct),10157,peer,0.5,0.5456040674613276,0.07315252247879252,True,312
"BA (m=2, hubs)","linear, continuous T",linear (correct),10158,direct,1.0,0.9240849032728619,0.06276491378582483,True,292
"BA (m=2, hubs)","linear, continuous T",linear (correct),10158,peer,0.5,0.5317425216005692,0.07542750593978859,True,292
"BA (m=2, hubs)","linear, continuous T",linear (correct),10159,direct,1.0,1.0814558680655373,0.06689340545590261,True,326
"BA (m=2, hubs)","linear, continuous T",linear (correct),10159,peer,0.5,0.4651170093007835,0.08783760219516572,True,326
"BA (m=2, hubs)","linear, continuous T",linear (correct),10160,direct,1.0,1.0259231818959071,0.05457674901639164,True,312
"BA (m=2, hubs)","linear, continuous T",linear (correct),10160,peer,0.5,0.5849929934107259,0.07034761487334618,True,312
"BA (m=2, hubs)","linear, continuous T",linear (correct),10161,direct,1.0,1.013813911975288,0.042674623572392045,True,316
"BA (m=2, hubs)","linear, continuous T",linear (correct),10161,peer,0.5,0.47515098618972534,0.08599684525021543,True,316
"BA (m=2, hubs)","linear, continuous T",linear (correct),10162,direct,1.0,1.0426951488691414,0.0672703697270425,True,317
"BA (m=2, hubs)","linear, continuous T",linear (correct),10162,peer,0.5,0.5777874165701303,0.07180261164194263,True,317
"BA (m=2, hubs)","linear, continuous T",linear (correct),10163,direct,1.0,1.0776541689163142,0.046566551651431407,True,310
"BA (m=2, hubs)","linear, continuous T",linear (correct),10163,peer,0.5,0.6013251729944219,0.06911468009713674,True,310
"BA (m=2, hubs)","linear, continuous T",linear (correct),10164,direct,1.0,0.8893226906690336,0.05593700035459697,False,307
"BA (m=2, hubs)","linear, continuous T",linear (correct),10164,peer,0.5,0.4368740767595696,0.08360727038826629,True,307
"BA (m=2, hubs)","linear, continuous T",linear (correct),10165,direct,1.0,1.11336750034005,0.055197632221549636,False,306
"BA (m=2, hubs)","linear, continuous T",linear (correct),10165,peer,0.5,0.45357429183761444,0.0896134946969444,True,306
"BA (m=2, hubs)","linear, continuous T",linear (correct),10166,direct,1.0,0.9983718889165389,0.06146491659223342,True,306
"BA (m=2, hubs)","linear, continuous T",linear (correct),10166,peer,0.5,0.6065678642720436,0.08247286374968728,True,306
"BA (m=2, hubs)","linear, continuous T",linear (correct),10167,direct,1.0,1.0407957010320845,0.05911282466081994,True,309
"BA (m=2, hubs)","linear, continuous T",linear (correct),10167,peer,0.5,0.563993962552027,0.09147825976485428,True,309
"BA (m=2, hubs)","linear, continuous T",linear (correct),10168,direct,1.0,0.9471554773879177,0.06659827798273174,True,318
"BA (m=2, hubs)","linear, continuous T",linear (correct),10168,peer,0.5,0.46129204129575124,0.07181095020179029,True,318
"BA (m=2, hubs)","linear, continuous T",linear (correct),10169,direct,1.0,0.9681534263251622,0.05006718005946409,True,324
"BA (m=2, hubs)","linear, continuous T",linear (correct),10169,peer,0.5,0.42355782057023234,0.07995039268202472,True,324
"BA (m=2, hubs)","linear, continuous T",linear (correct),10170,direct,1.0,0.9733696499575072,0.0619165634788978,True,315
"BA (m=2, hubs)","linear, continuous T",linear (correct),10170,peer,0.5,0.45859645406792476,0.08797049621732139,True,315
"BA (m=2, hubs)","linear, continuous T",linear (correct),10171,direct,1.0,1.1341441709786115,0.04877983337035966,False,334
"BA (m=2, hubs)","linear, continuous T",linear (correct),10171,peer,0.5,0.4322364415861089,0.06206483545213939,True,334
"BA (m=2, hubs)","linear, continuous T",linear (correct),10172,direct,1.0,1.0706877943010624,0.06286946074723594,True,325
"BA (m=2, hubs)","linear, continuous T",linear (correct),10172,peer,0.5,0.4144463842436207,0.08599492209132309,True,325
"BA (m=2, hubs)","linear, continuous T",linear (correct),10173,direct,1.0,0.8885287299602236,0.05553014758688933,False,315
"BA (m=2, hubs)","linear, continuous T",linear (correct),10173,peer,0.5,0.5302850431399287,0.07169907726389323,True,315
"BA (m=2, hubs)","linear, continuous T",linear (correct),10174,direct,1.0,1.0553479595339867,0.05995978658596712,True,300
"BA (m=2, hubs)","linear, continuous T",linear (correct),10174,peer,0.5,0.5634472023065085,0.06775768129914173,True,300
"BA (m=2, hubs)","linear, continuous T",linear (correct),10175,direct,1.0,1.015136043068482,0.06567777793737534,True,312
"BA (m=2, hubs)","linear, continuous T",linear (correct),10175,peer,0.5,0.2927398438579873,0.08401793650338146,False,312
"BA (m=2, hubs)","linear, continuous T",linear (correct),10176,direct,1.0,1.0254340878278816,0.05571461622903336,True,318
"BA (m=2, hubs)","linear, continuous T",linear (correct),10176,peer,0.5,0.362640484825862,0.08692994540653622,True,318
"BA (m=2, hubs)","linear, continuous T",linear (correct),10177,direct,1.0,1.0331880262090873,0.05584816174579815,True,307
"BA (m=2, hubs)","linear, continuous T",linear (correct),10177,peer,0.5,0.6550005662686467,0.0866163483541506,True,307
"BA (m=2, hubs)","linear, continuous T",linear (correct),10178,direct,1.0,1.0047267600165641,0.055691845879117914,True,312
"BA (m=2, hubs)","linear, continuous T",linear (correct),10178,peer,0.5,0.48842557269798786,0.08095566353630153,True,312
"BA (m=2, hubs)","linear, continuous T",linear (correct),10179,direct,1.0,0.9976599417573815,0.06829941191408476,True,303
"BA (m=2, hubs)","linear, continuous T",linear (correct),10179,peer,0.5,0.3225895532856885,0.07873687969084017,False,303
"BA (m=2, hubs)","linear, continuous T",linear (correct),10180,direct,1.0,1.009506712486974,0.05822436148536478,True,317
"BA (m=2, hubs)","linear, continuous T",linear (correct),10180,peer,0.5,0.49267665489208357,0.07938646698714356,True,317
"BA (m=2, hubs)","linear, continuous T",linear (correct),10181,direct,1.0,0.937407307439223,0.053831014806256586,True,301
"BA (m=2, hubs)","linear, continuous T",linear (correct),10181,peer,0.5,0.40365371008823936,0.08865916668374307,True,301
"BA (m=2, hubs)","linear, continuous T",linear (correct),10182,direct,1.0,0.8506303718297025,0.05836010321543422,False,308
"BA (m=2, hubs)","linear, continuous T",linear (correct),10182,peer,0.5,0.3099283707889225,0.06979322243616191,False,308
"BA (m=2, hubs)","linear, continuous T",linear (correct),10183,direct,1.0,0.9907118281467252,0.05965766340625276,True,309
"BA (m=2, hubs)","linear, continuous T",linear (correct),10183,peer,0.5,0.3977592335110582,0.0693018495925145,True,309
"BA (m=2, hubs)","linear, continuous T",linear (correct),10184,direct,1.0,1.1284476508372585,0.04922867778563567,False,312
"BA (m=2, hubs)","linear, continuous T",linear (correct),10184,peer,0.5,0.4311768467052983,0.09133926091985833,True,312
"BA (m=2, hubs)","linear, continuous T",linear (correct),10185,direct,1.0,0.9859706111821059,0.04899927810369983,True,315
"BA (m=2, hubs)","linear, continuous T",linear (correct),10185,peer,0.5,0.48014800590238954,0.09863705966125554,True,315
"BA (m=2, hubs)","linear, continuous T",linear (correct),10186,direct,1.0,0.9934378924280689,0.052220088892062214,True,296
"BA (m=2, hubs)","linear, continuous T",linear (correct),10186,peer,0.5,0.5687271560455621,0.07724613676689762,True,296
"BA (m=2, hubs)","linear, continuous T",linear (correct),10187,direct,1.0,1.0214822703200837,0.05296237431651541,True,325
"BA (m=2, hubs)","linear, continuous T",linear (correct),10187,peer,0.5,0.6282007188823832,0.08245688206011302,True,325
"BA (m=2, hubs)","linear, continuous T",linear (correct),10188,direct,1.0,0.9234584014315715,0.051229410407951606,True,310
"BA (m=2, hubs)","linear, continuous T",linear (correct),10188,peer,0.5,0.5680129734423512,0.08308912924653808,True,310
"BA (m=2, hubs)","linear, continuous T",linear (correct),10189,direct,1.0,1.0185797679521829,0.054674846222566416,True,320
"BA (m=2, hubs)","linear, continuous T",linear (correct),10189,peer,0.5,0.22934515118349386,0.09893656296051695,False,320
"BA (m=2, hubs)","linear, continuous T",linear (correct),10190,direct,1.0,1.0188851357057187,0.05087624274660115,True,306
"BA (m=2, hubs)","linear, continuous T",linear (correct),10190,peer,0.5,0.4581535843839406,0.08176650648710312,True,306
"BA (m=2, hubs)","linear, continuous T",linear (correct),10191,direct,1.0,0.922581608906463,0.05588606709186375,True,312
"BA (m=2, hubs)","linear, continuous T",linear (correct),10191,peer,0.5,0.4192365763749315,0.07148123296173942,True,312
"BA (m=2, hubs)","linear, continuous T",linear (correct),10192,direct,1.0,0.9236230524675666,0.05915240075056536,True,305
"BA (m=2, hubs)","linear, continuous T",linear (correct),10192,peer,0.5,0.400133999200753,0.09601506141349574,True,305
"BA (m=2, hubs)","linear, continuous T",linear (correct),10193,direct,1.0,1.0999815553059693,0.06149123689731239,True,302
"BA (m=2, hubs)","linear, continuous T",linear (correct),10193,peer,0.5,0.3925793417970623,0.07485704675366514,True,302
"BA (m=2, hubs)","linear, continuous T",linear (correct),10194,direct,1.0,1.0162426881597062,0.04621350351910633,True,293
"BA (m=2, hubs)","linear, continuous T",linear (correct),10194,peer,0.5,0.5416385841063197,0.07683266217381837,True,293
"BA (m=2, hubs)","linear, continuous T",linear (correct),10195,direct,1.0,1.0939689245112354,0.05524247521946765,True,310
"BA (m=2, hubs)","linear, continuous T",linear (correct),10195,peer,0.5,0.5491026014677943,0.09766759842398835,True,310
"BA (m=2, hubs)","linear, continuous T",linear (correct),10196,direct,1.0,1.0181517462670475,0.06255544173329505,True,305
"BA (m=2, hubs)","linear, continuous T",linear (correct),10196,peer,0.5,0.5107585386991738,0.08370092371182514,True,305
"BA (m=2, hubs)","linear, continuous T",linear (correct),10197,direct,1.0,1.033975425042951,0.05511065562328524,True,316
"BA (m=2, hubs)","linear, continuous T",linear (correct),10197,peer,0.5,0.5162442464072984,0.07129255830611934,True,316
"BA (m=2, hubs)","linear, continuous T",linear (correct),10198,direct,1.0,0.9689124743210155,0.06227274565983669,True,296
"BA (m=2, hubs)","linear, continuous T",linear (correct),10198,peer,0.5,0.5189876622384547,0.0786500690613179,True,296
"BA (m=2, hubs)","linear, continuous T",linear (correct),10199,direct,1.0,0.9354433906607306,0.056947808292639394,True,309
"BA (m=2, hubs)","linear, continuous T",linear (correct),10199,peer,0.5,0.43457433145843566,0.08229072794486245,True,309
"BA (m=2, hubs)","linear, continuous T",linear (correct),10200,direct,1.0,0.9419369510739587,0.05493219216928836,True,317
"BA (m=2, hubs)","linear, continuous T",linear (correct),10200,peer,0.5,0.46174623898088824,0.07368072716621697,True,317
"BA (m=2, hubs)","linear, continuous T",linear (correct),10201,direct,1.0,0.9829237801963804,0.05386294169434205,True,311
"BA (m=2, hubs)","linear, continuous T",linear (correct),10201,peer,0.5,0.3534408240900094,0.07227481711856869,False,311
"BA (m=2, hubs)","linear, continuous T",linear (correct),10202,direct,1.0,1.0470240724342517,0.06804332007031533,True,322
"BA (m=2, hubs)","linear, continuous T",linear (correct),10202,peer,0.5,0.6299765965389594,0.08113086273039655,True,322
"BA (m=2, hubs)","linear, continuous T",linear (correct),10203,direct,1.0,1.0371038256952414,0.05583299248369401,True,305
"BA (m=2, hubs)","linear, continuous T",linear (correct),10203,peer,0.5,0.6111133550054944,0.08100489203901354,True,305
"BA (m=2, hubs)","linear, continuous T",linear (correct),10204,direct,1.0,0.9525130243268082,0.05852978526602017,True,319
"BA (m=2, hubs)","linear, continuous T",linear (correct),10204,peer,0.5,0.38284729050725985,0.08145606314236725,True,319
"BA (m=2, hubs)","linear, continuous T",linear (correct),10205,direct,1.0,1.0552124614957956,0.06029429728255838,True,317
"BA (m=2, hubs)","linear, continuous T",linear (correct),10205,peer,0.5,0.4834466448948709,0.0971793375674277,True,317
"BA (m=2, hubs)","linear, continuous T",linear (correct),10206,direct,1.0,1.0652191073341768,0.05990430054337613,True,292
"BA (m=2, hubs)","linear, continuous T",linear (correct),10206,peer,0.5,0.41707415941601855,0.09386819877626229,True,292
"BA (m=2, hubs)","linear, continuous T",linear (correct),10207,direct,1.0,1.0129181322823266,0.055369671319055076,True,309
"BA (m=2, hubs)","linear, continuous T",linear (correct),10207,peer,0.5,0.5819432785644193,0.08191387348863292,True,309
"BA (m=2, hubs)","linear, continuous T",linear (correct),10208,direct,1.0,0.996641648344819,0.06285163726184671,True,298
"BA (m=2, hubs)","linear, continuous T",linear (correct),10208,peer,0.5,0.558053593064238,0.08268273551398557,True,298
"BA (m=2, hubs)","linear, continuous T",linear (correct),10209,direct,1.0,1.0521016242144285,0.06342012749310605,True,309
"BA (m=2, hubs)","linear, continuous T",linear (correct),10209,peer,0.5,0.5258222729158087,0.08399742299121826,True,309
"BA (m=2, hubs)","linear, continuous T",linear (correct),10210,direct,1.0,1.0044140769228898,0.05345195640964163,True,304
"BA (m=2, hubs)","linear, continuous T",linear (correct),10210,peer,0.5,0.5944450760769154,0.08702888947440113,True,304
"BA (m=2, hubs)","linear, continuous T",linear (correct),10211,direct,1.0,0.9404551243904262,0.060376738163744684,True,309
"BA (m=2, hubs)","linear, continuous T",linear (correct),10211,peer,0.5,0.35626716956371407,0.09293548089143804,True,309
"BA (m=2, hubs)","linear, continuous T",linear (correct),10212,direct,1.0,0.9577143659694671,0.04668996501131774,True,319
"BA (m=2, hubs)","linear, continuous T",linear (correct),10212,peer,0.5,0.513795681458956,0.08268788394119767,True,319
"BA (m=2, hubs)","linear, continuous T",linear (correct),10213,direct,1.0,0.9750198251284425,0.04103965894258941,True,320
"BA (m=2, hubs)","linear, continuous T",linear (correct),10213,peer,0.5,0.5014551031890429,0.0768599417104064,True,320
"BA (m=2, hubs)","linear, continuous T",linear (correct),10214,direct,1.0,0.9988637685626555,0.047242118076522954,True,321
"BA (m=2, hubs)","linear, continuous T",linear (correct),10214,peer,0.5,0.6093550176619691,0.08085138349839956,True,321
"BA (m=2, hubs)","linear, continuous T",linear (correct),10215,direct,1.0,1.0572180267305462,0.05792441530352569,True,309
"BA (m=2, hubs)","linear, continuous T",linear (correct),10215,peer,0.5,0.5398206649451232,0.07686182278330238,True,309
"BA (m=2, hubs)","linear, continuous T",linear (correct),10216,direct,1.0,1.060582646042656,0.048488289243812654,True,324
"BA (m=2, hubs)","linear, continuous T",linear (correct),10216,peer,0.5,0.5140428363255666,0.07413047597168042,True,324
"BA (m=2, hubs)","linear, continuous T",linear (correct),10217,direct,1.0,0.9667528781953226,0.052477737396625194,True,303
"BA (m=2, hubs)","linear, continuous T",linear (correct),10217,peer,0.5,0.5527519182678604,0.07416031941937422,True,303
"BA (m=2, hubs)","linear, continuous T",linear (correct),10218,direct,1.0,0.9758954724816377,0.04930718001357395,True,311
"BA (m=2, hubs)","linear, continuous T",linear (correct),10218,peer,0.5,0.7207039558222232,0.07197612444341944,False,311
"BA (m=2, hubs)","linear, continuous T",linear (correct),10219,direct,1.0,0.9061986428075014,0.06368343733829239,True,309
"BA (m=2, hubs)","linear, continuous T",linear (correct),10219,peer,0.5,0.6012996026951519,0.0866579036147954,True,309
"BA (m=2, hubs)","linear, continuous T",linear (correct),10220,direct,1.0,0.9651496910387806,0.05254565745293498,True,309
"BA (m=2, hubs)","linear, continuous T",linear (correct),10220,peer,0.5,0.37333919497720236,0.07190114635464503,True,309
"BA (m=2, hubs)","linear, continuous T",linear (correct),10221,direct,1.0,0.9301267343802958,0.05764382895564561,True,320
"BA (m=2, hubs)","linear, continuous T",linear (correct),10221,peer,0.5,0.6062387988205679,0.10531974620173971,True,320
"BA (m=2, hubs)","linear, continuous T",linear (correct),10222,direct,1.0,1.0510208553850775,0.07924755666601922,True,302
"BA (m=2, hubs)","linear, continuous T",linear (correct),10222,peer,0.5,0.6094960221857781,0.080827369674149,True,302
"BA (m=2, hubs)","linear, continuous T",linear (correct),10223,direct,1.0,0.9785082613866762,0.06945565128300768,True,306
"BA (m=2, hubs)","linear, continuous T",linear (correct),10223,peer,0.5,0.6189647776538422,0.08977644012255523,True,306
"BA (m=2, hubs)","linear, continuous T",linear (correct),10224,direct,1.0,1.1041517822126095,0.05082213612967767,False,314
"BA (m=2, hubs)","linear, continuous T",linear (correct),10224,peer,0.5,0.5397924166229383,0.07924791309506056,True,314
"BA (m=2, hubs)","linear, continuous T",linear (correct),10225,direct,1.0,0.9391591635317385,0.05183185840091916,True,308
"BA (m=2, hubs)","linear, continuous T",linear (correct),10225,peer,0.5,0.488813434370792,0.07293437044839855,True,308
"BA (m=2, hubs)","linear, continuous T",linear (correct),10226,direct,1.0,0.9933941053544334,0.04677204434904715,True,307
"BA (m=2, hubs)","linear, continuous T",linear (correct),10226,peer,0.5,0.4095782600448498,0.08786448805008777,True,307
"BA (m=2, hubs)","linear, continuous T",linear (correct),10227,direct,1.0,0.9341643765739702,0.05778670313154796,True,307
"BA (m=2, hubs)","linear, continuous T",linear (correct),10227,peer,0.5,0.5167729156301526,0.08443919002774403,True,307
"BA (m=2, hubs)","linear, continuous T",linear (correct),10228,direct,1.0,0.9537127430879796,0.05391910935812322,True,304
"BA (m=2, hubs)","linear, continuous T",linear (correct),10228,peer,0.5,0.37406490789216335,0.08092422732384466,True,304
"BA (m=2, hubs)","linear, continuous T",linear (correct),10229,direct,1.0,0.9651685553569626,0.056495083213858786,True,315
"BA (m=2, hubs)","linear, continuous T",linear (correct),10229,peer,0.5,0.6679054124702971,0.06995490755381632,False,315
"BA (m=2, hubs)","linear, continuous T",linear (correct),10230,direct,1.0,0.9762771027155834,0.05328578020657874,True,308
"BA (m=2, hubs)","linear, continuous T",linear (correct),10230,peer,0.5,0.503130108396474,0.08825559932370607,True,308
"BA (m=2, hubs)","linear, continuous T",linear (correct),10231,direct,1.0,1.0245730357446299,0.05227046403801375,True,303
"BA (m=2, hubs)","linear, continuous T",linear (correct),10231,peer,0.5,0.4826648762754738,0.09655366666899926,True,303
"BA (m=2, hubs)","linear, continuous T",linear (correct),10232,direct,1.0,1.0373371434989431,0.04451944396228419,True,302
"BA (m=2, hubs)","linear, continuous T",linear (correct),10232,peer,0.5,0.5567414317188568,0.07199447317149206,True,302
"BA (m=2, hubs)","linear, continuous T",linear (correct),10233,direct,1.0,1.055461625242621,0.05668283169534782,True,297
"BA (m=2, hubs)","linear, continuous T",linear (correct),10233,peer,0.5,0.39042235260575725,0.08169927521281256,True,297
"BA (m=2, hubs)","linear, continuous T",linear (correct),10234,direct,1.0,1.0485614894107265,0.061794238441317234,True,316
"BA (m=2, hubs)","linear, continuous T",linear (correct),10234,peer,0.5,0.4340611535178704,0.08411116350499676,True,316
"BA (m=2, hubs)","linear, continuous T",linear (correct),10235,direct,1.0,1.0748829387547034,0.06243818897863541,True,318
"BA (m=2, hubs)","linear, continuous T",linear (correct),10235,peer,0.5,0.486689195025899,0.08466574846440139,True,318
"BA (m=2, hubs)","linear, continuous T",linear (correct),10236,direct,1.0,1.0283163610081447,0.061912568287504494,True,310
"BA (m=2, hubs)","linear, continuous T",linear (correct),10236,peer,0.5,0.6161107273306201,0.08924489886179995,True,310
"BA (m=2, hubs)","linear, continuous T",linear (correct),10237,direct,1.0,0.9801687253652482,0.04853859448729941,True,318
"BA (m=2, hubs)","linear, continuous T",linear (correct),10237,peer,0.5,0.5206493984149533,0.0735733426605377,True,318
"BA (m=2, hubs)","linear, continuous T",linear (correct),10238,direct,1.0,1.033754718735561,0.046890964623110376,True,318
"BA (m=2, hubs)","linear, continuous T",linear (correct),10238,peer,0.5,0.5175026897313344,0.08757999107992344,True,318
"BA (m=2, hubs)","linear, continuous T",linear (correct),10239,direct,1.0,0.9772479562094759,0.05566184699894096,True,313
"BA (m=2, hubs)","linear, continuous T",linear (correct),10239,peer,0.5,0.45062111044133574,0.08851888314007854,True,313
"BA (m=2, hubs)","linear, continuous T",linear (correct),10240,direct,1.0,0.9039152582466421,0.06445583075707317,True,293
"BA (m=2, hubs)","linear, continuous T",linear (correct),10240,peer,0.5,0.5033704596591883,0.08381377797092243,True,293
"BA (m=2, hubs)","linear, continuous T",linear (correct),10241,direct,1.0,1.1318877235087288,0.06690094763647766,False,319
"BA (m=2, hubs)","linear, continuous T",linear (correct),10241,peer,0.5,0.47458096876273637,0.09024346072195996,True,319
"BA (m=2, hubs)","linear, continuous T",linear (correct),10242,direct,1.0,0.9046622668349888,0.04924885434268972,True,319
"BA (m=2, hubs)","linear, continuous T",linear (correct),10242,peer,0.5,0.4534604576769077,0.08096254950627424,True,319
"BA (m=2, hubs)","linear, continuous T",linear (correct),10243,direct,1.0,0.8911733914356048,0.05323051240577767,False,308
"BA (m=2, hubs)","linear, continuous T",linear (correct),10243,peer,0.5,0.46017672737211984,0.09772122148158852,True,308
"BA (m=2, hubs)","linear, continuous T",linear (correct),10244,direct,1.0,1.0413973861280392,0.06271106091572101,True,306
"BA (m=2, hubs)","linear, continuous T",linear (correct),10244,peer,0.5,0.5398280182783102,0.0813630055022208,True,306
"BA (m=2, hubs)","linear, continuous T",linear (correct),10245,direct,1.0,0.9261682752014202,0.05298803575007377,True,320
"BA (m=2, hubs)","linear, continuous T",linear (correct),10245,peer,0.5,0.5185025060039008,0.07337964327542382,True,320
"BA (m=2, hubs)","linear, continuous T",linear (correct),10246,direct,1.0,0.9657886048454044,0.07050573114777968,True,316
"BA (m=2, hubs)","linear, continuous T",linear (correct),10246,peer,0.5,0.4723564506276696,0.08321616233185071,True,316
"BA (m=2, hubs)","linear, continuous T",linear (correct),10247,direct,1.0,1.0373836424614917,0.05700660654584996,True,311
"BA (m=2, hubs)","linear, continuous T",linear (correct),10247,peer,0.5,0.49291537267579844,0.0710282645203681,True,311
"BA (m=2, hubs)","linear, continuous T",linear (correct),10248,direct,1.0,0.9032640824874628,0.04913311293979065,False,324
"BA (m=2, hubs)","linear, continuous T",linear (correct),10248,peer,0.5,0.6170644706392503,0.08602923608512512,True,324
"BA (m=2, hubs)","linear, continuous T",linear (correct),10249,direct,1.0,0.9248552112417102,0.05212415682161685,True,313
"BA (m=2, hubs)","linear, continuous T",linear (correct),10249,peer,0.5,0.6275337504816638,0.0751723338823287,True,313
"BA (m=2, hubs)","linear, continuous T",linear (correct),10250,direct,1.0,1.0408882278798084,0.05488080528347057,True,313
"BA (m=2, hubs)","linear, continuous T",linear (correct),10250,peer,0.5,0.4262772708673396,0.07911051324513611,True,313
"BA (m=2, hubs)","linear, continuous T",linear (correct),10251,direct,1.0,0.865227592249839,0.06077447441242894,False,305
"BA (m=2, hubs)","linear, continuous T",linear (correct),10251,peer,0.5,0.3609711055665082,0.09070232157415646,True,305
"BA (m=2, hubs)","linear, continuous T",linear (correct),10252,direct,1.0,0.9559754284848918,0.04835402277419319,True,315
"BA (m=2, hubs)","linear, continuous T",linear (correct),10252,peer,0.5,0.569280268047545,0.07439519136185085,True,315
"BA (m=2, hubs)","linear, continuous T",linear (correct),10253,direct,1.0,0.9917128917271905,0.06654788229950036,True,306
"BA (m=2, hubs)","linear, continuous T",linear (correct),10253,peer,0.5,0.600698268614866,0.07912961110522276,True,306
"BA (m=2, hubs)","linear, continuous T",linear (correct),10254,direct,1.0,0.9956007806579015,0.054918833702576116,True,316
"BA (m=2, hubs)","linear, continuous T",linear (correct),10254,peer,0.5,0.46360811121719914,0.0905495438931978,True,316
"BA (m=2, hubs)","linear, continuous T",linear (correct),10255,direct,1.0,0.9705315393071947,0.059173707437368765,True,300
"BA (m=2, hubs)","linear, continuous T",linear (correct),10255,peer,0.5,0.4889457734719539,0.09624496075067097,True,300
"BA (m=2, hubs)","linear, continuous T",linear (correct),10256,direct,1.0,1.1055622755721803,0.05646052551820994,True,315
"BA (m=2, hubs)","linear, continuous T",linear (correct),10256,peer,0.5,0.4724538659988708,0.07877136883791575,True,315
"BA (m=2, hubs)","linear, continuous T",linear (correct),10257,direct,1.0,1.01885992072248,0.05495719474116128,True,308
"BA (m=2, hubs)","linear, continuous T",linear (correct),10257,peer,0.5,0.3984021890354322,0.08220085494195188,True,308
"BA (m=2, hubs)","linear, continuous T",linear (correct),10258,direct,1.0,0.9933717809255329,0.05616601315296069,True,314
"BA (m=2, hubs)","linear, continuous T",linear (correct),10258,peer,0.5,0.41889027333941226,0.094420850229512,True,314
"BA (m=2, hubs)","linear, continuous T",linear (correct),10259,direct,1.0,1.0826502793532407,0.05180730747386375,True,298
"BA (m=2, hubs)","linear, continuous T",linear (correct),10259,peer,0.5,0.4507295076617644,0.09436398169522396,True,298
"BA (m=2, hubs)","linear, continuous T",linear (correct),10260,direct,1.0,0.9654675983491361,0.055018115192327424,True,322
"BA (m=2, hubs)","linear, continuous T",linear (correct),10260,peer,0.5,0.4432637668996386,0.0755790449769286,True,322
"BA (m=2, hubs)","linear, continuous T",linear (correct),10261,direct,1.0,0.9457753602170579,0.058542216504816086,True,303
"BA (m=2, hubs)","linear, continuous T",linear (correct),10261,peer,0.5,0.4837531418423533,0.07867898421400063,True,303
"BA (m=2, hubs)","linear, continuous T",linear (correct),10262,direct,1.0,0.9241177345123901,0.0695285010177051,True,308
"BA (m=2, hubs)","linear, continuous T",linear (correct),10262,peer,0.5,0.4233313254985221,0.0943230036409199,True,308
"BA (m=2, hubs)","linear, continuous T",linear (correct),10263,direct,1.0,0.9984469604239467,0.06018380684981685,True,318
"BA (m=2, hubs)","linear, continuous T",linear (correct),10263,peer,0.5,0.48716871934911987,0.08915745989830877,True,318
"BA (m=2, hubs)","linear, continuous T",linear (correct),10264,direct,1.0,1.0853316185457462,0.06395602257407096,True,301
"BA (m=2, hubs)","linear, continuous T",linear (correct),10264,peer,0.5,0.5312814280594002,0.08285091928656667,True,301
"BA (m=2, hubs)","linear, continuous T",linear (correct),10265,direct,1.0,1.057359081287706,0.05805012863903366,True,300
"BA (m=2, hubs)","linear, continuous T",linear (correct),10265,peer,0.5,0.48362351469100795,0.08986381473572795,True,300
"BA (m=2, hubs)","linear, continuous T",linear (correct),10266,direct,1.0,1.029329933404191,0.0625762556322323,True,310
"BA (m=2, hubs)","linear, continuous T",linear (correct),10266,peer,0.5,0.5184435672250228,0.08880353392879618,True,310
"BA (m=2, hubs)","linear, continuous T",linear (correct),10267,direct,1.0,1.1654543321629243,0.06541205567971321,False,312
"BA (m=2, hubs)","linear, continuous T",linear (correct),10267,peer,0.5,0.5963548420060978,0.0702649819422263,True,312
"BA (m=2, hubs)","linear, continuous T",linear (correct),10268,direct,1.0,0.9854779497632545,0.055081022870326866,True,309
"BA (m=2, hubs)","linear, continuous T",linear (correct),10268,peer,0.5,0.5230329987280344,0.09124336334354866,True,309
"BA (m=2, hubs)","linear, continuous T",linear (correct),10269,direct,1.0,0.9061266262559259,0.061030811385269244,True,315
"BA (m=2, hubs)","linear, continuous T",linear (correct),10269,peer,0.5,0.37307029523228746,0.07936169433804072,True,315
"BA (m=2, hubs)","linear, continuous T",linear (correct),10270,direct,1.0,1.0410333806394714,0.05223296261022966,True,320
"BA (m=2, hubs)","linear, continuous T",linear (correct),10270,peer,0.5,0.37755863566365977,0.08613400750637917,True,320
"BA (m=2, hubs)","linear, continuous T",linear (correct),10271,direct,1.0,0.9586043177778463,0.05939012854845871,True,310
"BA (m=2, hubs)","linear, continuous T",linear (correct),10271,peer,0.5,0.45344131061785603,0.09268218156107182,True,310
"BA (m=2, hubs)","linear, continuous T",linear (correct),10272,direct,1.0,0.9372350395752858,0.05292520171635385,True,306
"BA (m=2, hubs)","linear, continuous T",linear (correct),10272,peer,0.5,0.6032494747389437,0.07950847639282893,True,306
"BA (m=2, hubs)","linear, continuous T",linear (correct),10273,direct,1.0,0.9239877503170285,0.054228078234131956,True,309
"BA (m=2, hubs)","linear, continuous T",linear (correct),10273,peer,0.5,0.3506400923451541,0.07065164903416774,False,309
"BA (m=2, hubs)","linear, continuous T",linear (correct),10274,direct,1.0,1.0869644953566504,0.05524314232948149,True,310
"BA (m=2, hubs)","linear, continuous T",linear (correct),10274,peer,0.5,0.40967876330025615,0.0832565948741566,True,310
"BA (m=2, hubs)","linear, continuous T",linear (correct),10275,direct,1.0,0.9815734826315436,0.0629423646194212,True,316
"BA (m=2, hubs)","linear, continuous T",linear (correct),10275,peer,0.5,0.5582709396847496,0.07847230472714227,True,316
"BA (m=2, hubs)","linear, continuous T",linear (correct),10276,direct,1.0,1.1208105264128174,0.0583151171624394,False,306
"BA (m=2, hubs)","linear, continuous T",linear (correct),10276,peer,0.5,0.42451342792984925,0.07888182557776752,True,306
"BA (m=2, hubs)","linear, continuous T",linear (correct),10277,direct,1.0,0.9481203045574665,0.05988684622348555,True,293
"BA (m=2, hubs)","linear, continuous T",linear (correct),10277,peer,0.5,0.45650042351739595,0.07648409165640517,True,293
"BA (m=2, hubs)","linear, continuous T",linear (correct),10278,direct,1.0,1.0206607987884944,0.06280388622277713,True,309
"BA (m=2, hubs)","linear, continuous T",linear (correct),10278,peer,0.5,0.6444918986333465,0.0870629357603779,True,309
"BA (m=2, hubs)","linear, continuous T",linear (correct),10279,direct,1.0,1.0075544249950739,0.06915978080245196,True,316
"BA (m=2, hubs)","linear, continuous T",linear (correct),10279,peer,0.5,0.6296097688408269,0.07634413451329826,True,316
"BA (m=2, hubs)","linear, continuous T",linear (correct),10280,direct,1.0,1.0020434669131668,0.053954039282277606,True,320
"BA (m=2, hubs)","linear, continuous T",linear (correct),10280,peer,0.5,0.5548574453303158,0.07569492545365003,True,320
"BA (m=2, hubs)","linear, continuous T",linear (correct),10281,direct,1.0,0.9808625746754918,0.05807201851243843,True,313
"BA (m=2, hubs)","linear, continuous T",linear (correct),10281,peer,0.5,0.4638708383650488,0.07947688723349693,True,313
"BA (m=2, hubs)","linear, continuous T",linear (correct),10282,direct,1.0,1.0136210932533036,0.05888583829082513,True,313
"BA (m=2, hubs)","linear, continuous T",linear (correct),10282,peer,0.5,0.32636726401463667,0.08051637111667921,False,313
"BA (m=2, hubs)","linear, continuous T",linear (correct),10283,direct,1.0,1.0575631651672825,0.04424798983914821,True,302
"BA (m=2, hubs)","linear, continuous T",linear (correct),10283,peer,0.5,0.3243284013468145,0.07281776703280282,False,302
"BA (m=2, hubs)","linear, continuous T",linear (correct),10284,direct,1.0,0.9375668423220136,0.05893995787161249,True,323
"BA (m=2, hubs)","linear, continuous T",linear (correct),10284,peer,0.5,0.7208107616351591,0.08728759479426952,False,323
"BA (m=2, hubs)","linear, continuous T",linear (correct),10285,direct,1.0,0.9393453654866503,0.06408938641424487,True,299
"BA (m=2, hubs)","linear, continuous T",linear (correct),10285,peer,0.5,0.3909960847251997,0.08198138814948777,True,299
"BA (m=2, hubs)","linear, continuous T",linear (correct),10286,direct,1.0,0.9883131011141959,0.0650158341362599,True,311
"BA (m=2, hubs)","linear, continuous T",linear (correct),10286,peer,0.5,0.4918346963382434,0.07635387770686763,True,311
"BA (m=2, hubs)","linear, continuous T",linear (correct),10287,direct,1.0,1.0217301534180487,0.06400288644582613,True,287
"BA (m=2, hubs)","linear, continuous T",linear (correct),10287,peer,0.5,0.48801388609079044,0.08941290581874951,True,287
"BA (m=2, hubs)","linear, continuous T",linear (correct),10288,direct,1.0,0.9973174856013242,0.06198480019711978,True,300
"BA (m=2, hubs)","linear, continuous T",linear (correct),10288,peer,0.5,0.3967238194751719,0.08605272065208008,True,300
"BA (m=2, hubs)","linear, continuous T",linear (correct),10289,direct,1.0,1.0368602658729429,0.057683782180490306,True,307
"BA (m=2, hubs)","linear, continuous T",linear (correct),10289,peer,0.5,0.5449283390627593,0.07804280567509027,True,307
"BA (m=2, hubs)","linear, continuous T",linear (correct),10290,direct,1.0,1.0145163525758794,0.06232488071482224,True,308
"BA (m=2, hubs)","linear, continuous T",linear (correct),10290,peer,0.5,0.4740647157182486,0.08408177576381341,True,308
"BA (m=2, hubs)","linear, continuous T",linear (correct),10291,direct,1.0,0.99935592173137,0.05868035807562972,True,297
"BA (m=2, hubs)","linear, continuous T",linear (correct),10291,peer,0.5,0.588680016257663,0.07559241296972942,True,297
"BA (m=2, hubs)","linear, continuous T",linear (correct),10292,direct,1.0,1.0018728692063896,0.04945368031565194,True,306
"BA (m=2, hubs)","linear, continuous T",linear (correct),10292,peer,0.5,0.4635638847811419,0.08415815695194985,True,306
"BA (m=2, hubs)","linear, continuous T",linear (correct),10293,direct,1.0,1.0355913285356075,0.05641016761653176,True,318
"BA (m=2, hubs)","linear, continuous T",linear (correct),10293,peer,0.5,0.45179603559441156,0.076569208190331,True,318
"BA (m=2, hubs)","linear, continuous T",linear (correct),10294,direct,1.0,1.0417038706646737,0.06716169495257418,True,306
"BA (m=2, hubs)","linear, continuous T",linear (correct),10294,peer,0.5,0.5622633164091967,0.08690989298160813,True,306
"BA (m=2, hubs)","linear, continuous T",linear (correct),10295,direct,1.0,0.9856695865350937,0.05582337570341125,True,321
"BA (m=2, hubs)","linear, continuous T",linear (correct),10295,peer,0.5,0.5289439125475008,0.07356389096121316,True,321
"BA (m=2, hubs)","linear, continuous T",linear (correct),10296,direct,1.0,1.024206593383076,0.060869963979828516,True,309
"BA (m=2, hubs)","linear, continuous T",linear (correct),10296,peer,0.5,0.5375375773696648,0.08723041065317684,True,309
"BA (m=2, hubs)","linear, continuous T",linear (correct),10297,direct,1.0,0.9930020964508611,0.05722212877977302,True,319
"BA (m=2, hubs)","linear, continuous T",linear (correct),10297,peer,0.5,0.5375722896300821,0.08202082910448974,True,319
"BA (m=2, hubs)","linear, continuous T",linear (correct),10298,direct,1.0,0.9247332727145492,0.06318652661468614,True,309
"BA (m=2, hubs)","linear, continuous T",linear (correct),10298,peer,0.5,0.6284725903443854,0.08697654582888209,True,309
"BA (m=2, hubs)","linear, continuous T",linear (correct),10299,direct,1.0,0.9892990417825094,0.048810280237278764,True,333
"BA (m=2, hubs)","linear, continuous T",linear (correct),10299,peer,0.5,0.6404258985238886,0.08250782542064546,True,333
"BA (m=2, hubs)","linear, continuous T",linear (correct),10300,direct,1.0,0.9681834386535061,0.05455862289545584,True,309
"BA (m=2, hubs)","linear, continuous T",linear (correct),10300,peer,0.5,0.5970965839018103,0.07235390029397779,True,309
"BA (m=2, hubs)","linear, continuous T",linear (correct),10301,direct,1.0,0.964253640183131,0.05791362079800318,True,322
"BA (m=2, hubs)","linear, continuous T",linear (correct),10301,peer,0.5,0.4511518736347859,0.07676656792591652,True,322
"BA (m=2, hubs)","linear, continuous T",linear (correct),10302,direct,1.0,1.0359554006831913,0.05065835728530832,True,312
"BA (m=2, hubs)","linear, continuous T",linear (correct),10302,peer,0.5,0.45868553743035534,0.09384403773030578,True,312
"BA (m=2, hubs)","linear, continuous T",linear (correct),10303,direct,1.0,1.0401318654288254,0.06563831380815896,True,318
"BA (m=2, hubs)","linear, continuous T",linear (correct),10303,peer,0.5,0.5189680863372449,0.08631066217160101,True,318
"BA (m=2, hubs)","linear, continuous T",linear (correct),10304,direct,1.0,1.0225316055959477,0.0601774031506409,True,310
"BA (m=2, hubs)","linear, continuous T",linear (correct),10304,peer,0.5,0.4987567131101026,0.08376634345319475,True,310
"BA (m=2, hubs)","linear, continuous T",linear (correct),10305,direct,1.0,0.8989144315200029,0.05773447350635496,True,317
"BA (m=2, hubs)","linear, continuous T",linear (correct),10305,peer,0.5,0.4776100105383961,0.07549423745587015,True,317
"BA (m=2, hubs)","linear, continuous T",linear (correct),10306,direct,1.0,1.0017089806102726,0.048707222114355256,True,307
"BA (m=2, hubs)","linear, continuous T",linear (correct),10306,peer,0.5,0.4914972744682111,0.09015330372473482,True,307
"BA (m=2, hubs)","linear, continuous T",linear (correct),10307,direct,1.0,1.0306867263256907,0.056400787927865514,True,305
"BA (m=2, hubs)","linear, continuous T",linear (correct),10307,peer,0.5,0.46634035736772883,0.08272610884771814,True,305
"BA (m=2, hubs)","linear, continuous T",linear (correct),10308,direct,1.0,1.026674463040217,0.05986942835645442,True,304
"BA (m=2, hubs)","linear, continuous T",linear (correct),10308,peer,0.5,0.518515887933186,0.07766322065161249,True,304
"BA (m=2, hubs)","linear, continuous T",linear (correct),10309,direct,1.0,1.004585448801838,0.062148606183643394,True,307
"BA (m=2, hubs)","linear, continuous T",linear (correct),10309,peer,0.5,0.452059232157931,0.07586602645762063,True,307
"BA (m=2, hubs)","linear, continuous T",linear (correct),10310,direct,1.0,1.0365457368617799,0.04862132720247984,True,330
"BA (m=2, hubs)","linear, continuous T",linear (correct),10310,peer,0.5,0.5229504901579696,0.06672632378286598,True,330
"BA (m=2, hubs)","linear, continuous T",linear (correct),10311,direct,1.0,0.904966503254103,0.05859585314259609,True,309
"BA (m=2, hubs)","linear, continuous T",linear (correct),10311,peer,0.5,0.5717210442565749,0.08335135536438229,True,309
"BA (m=2, hubs)","linear, continuous T",linear (correct),10312,direct,1.0,1.0904363859845774,0.05416349948760234,True,307
"BA (m=2, hubs)","linear, continuous T",linear (correct),10312,peer,0.5,0.6220501790137192,0.08121567351762383,True,307
"BA (m=2, hubs)","linear, continuous T",linear (correct),10313,direct,1.0,1.0201379798867676,0.052845935882213514,True,304
"BA (m=2, hubs)","linear, continuous T",linear (correct),10313,peer,0.5,0.48818631737599494,0.09523220475806925,True,304
"BA (m=2, hubs)","linear, continuous T",linear (correct),10314,direct,1.0,1.0166822992701317,0.07018822613519941,True,307
"BA (m=2, hubs)","linear, continuous T",linear (correct),10314,peer,0.5,0.5939233135847333,0.10469414807533116,True,307
"BA (m=2, hubs)","linear, continuous T",linear (correct),10315,direct,1.0,1.0932283602815722,0.06011012653032354,True,311
"BA (m=2, hubs)","linear, continuous T",linear (correct),10315,peer,0.5,0.27001792459797574,0.06655773141615655,False,311
"BA (m=2, hubs)","linear, continuous T",linear (correct),10316,direct,1.0,1.0319469460260806,0.05510762423466811,True,312
"BA (m=2, hubs)","linear, continuous T",linear (correct),10316,peer,0.5,0.5368021714033356,0.09146203775920053,True,312
"BA (m=2, hubs)","linear, continuous T",linear (correct),10317,direct,1.0,1.0484933850651486,0.053799864249706654,True,305
"BA (m=2, hubs)","linear, continuous T",linear (correct),10317,peer,0.5,0.4471929834568045,0.09258637949374691,True,305
"BA (m=2, hubs)","linear, continuous T",linear (correct),10318,direct,1.0,0.9992001074059831,0.05317976995500656,True,307
"BA (m=2, hubs)","linear, continuous T",linear (correct),10318,peer,0.5,0.6349066549027458,0.10275888894346114,True,307
"BA (m=2, hubs)","linear, continuous T",linear (correct),10319,direct,1.0,0.9403239462908805,0.05377140161885646,True,316
"BA (m=2, hubs)","linear, continuous T",linear (correct),10319,peer,0.5,0.5528137766419391,0.07044211049518005,True,316
"BA (m=2, hubs)","linear, continuous T",linear (correct),10320,direct,1.0,0.9467401118017682,0.054143543655483184,True,311
"BA (m=2, hubs)","linear, continuous T",linear (correct),10320,peer,0.5,0.5942387536552635,0.08044252521205379,True,311
"BA (m=2, hubs)","linear, continuous T",linear (correct),10321,direct,1.0,0.999358605989235,0.05969431374335212,True,312
"BA (m=2, hubs)","linear, continuous T",linear (correct),10321,peer,0.5,0.6489786736761997,0.08070131794511463,True,312
"BA (m=2, hubs)","linear, continuous T",linear (correct),10322,direct,1.0,1.0230025933053892,0.052189027893295145,True,332
"BA (m=2, hubs)","linear, continuous T",linear (correct),10322,peer,0.5,0.5602856263603037,0.08333000525039089,True,332
"BA (m=2, hubs)","linear, continuous T",linear (correct),10323,direct,1.0,1.0149923932144231,0.05574593631930427,True,311
"BA (m=2, hubs)","linear, continuous T",linear (correct),10323,peer,0.5,0.6239826253241435,0.08677398078296657,True,311
"BA (m=2, hubs)","linear, continuous T",linear (correct),10324,direct,1.0,1.0483249297168424,0.06179350601939603,True,317
"BA (m=2, hubs)","linear, continuous T",linear (correct),10324,peer,0.5,0.4040828864665271,0.07483164076452666,True,317
"BA (m=2, hubs)","linear, continuous T",linear (correct),10325,direct,1.0,1.0494940185261838,0.06014676867405168,True,303
"BA (m=2, hubs)","linear, continuous T",linear (correct),10325,peer,0.5,0.4623162536167308,0.08382730219371881,True,303
"BA (m=2, hubs)","linear, continuous T",linear (correct),10326,direct,1.0,0.9879211978233285,0.06337256520183122,True,309
"BA (m=2, hubs)","linear, continuous T",linear (correct),10326,peer,0.5,0.4481999535823928,0.0880201086622171,True,309
"BA (m=2, hubs)","linear, continuous T",linear (correct),10327,direct,1.0,1.0417208606836201,0.06394961661830462,True,318
"BA (m=2, hubs)","linear, continuous T",linear (correct),10327,peer,0.5,0.5550806522944022,0.09895720847097265,True,318
"BA (m=2, hubs)","linear, continuous T",linear (correct),10328,direct,1.0,1.080013023482015,0.0514214282958499,True,314
"BA (m=2, hubs)","linear, continuous T",linear (correct),10328,peer,0.5,0.5699079142298918,0.08329249971160406,True,314
"BA (m=2, hubs)","linear, continuous T",linear (correct),10329,direct,1.0,1.1051503545471302,0.054444015304531114,True,306
"BA (m=2, hubs)","linear, continuous T",linear (correct),10329,peer,0.5,0.4683981871756472,0.08286117469482725,True,306
"BA (m=2, hubs)","linear, continuous T",linear (correct),10330,direct,1.0,1.014230474845592,0.05080473141918678,True,312
"BA (m=2, hubs)","linear, continuous T",linear (correct),10330,peer,0.5,0.49540585644533647,0.08209010930289455,True,312
"BA (m=2, hubs)","linear, continuous T",linear (correct),10331,direct,1.0,0.9350367830517134,0.04407160720972334,True,316
"BA (m=2, hubs)","linear, continuous T",linear (correct),10331,peer,0.5,0.4754275365215302,0.08318290595699641,True,316
"BA (m=2, hubs)","linear, continuous T",linear (correct),10332,direct,1.0,0.9720211621342387,0.08212981025263778,True,296
"BA (m=2, hubs)","linear, continuous T",linear (correct),10332,peer,0.5,0.44802378249942054,0.09760373796311572,True,296
"BA (m=2, hubs)","linear, continuous T",linear (correct),10333,direct,1.0,1.0417148126662255,0.04819068511365469,True,302
"BA (m=2, hubs)","linear, continuous T",linear (correct),10333,peer,0.5,0.5315435930823738,0.07574384166629992,True,302
"BA (m=2, hubs)","linear, continuous T",linear (correct),10334,direct,1.0,1.0337470486314522,0.06076911970559782,True,309
"BA (m=2, hubs)","linear, continuous T",linear (correct),10334,peer,0.5,0.5941032497864429,0.06738211388993294,True,309
"BA (m=2, hubs)","linear, continuous T",linear (correct),10335,direct,1.0,1.056907815666702,0.056498342647808904,True,296
"BA (m=2, hubs)","linear, continuous T",linear (correct),10335,peer,0.5,0.5335966221699938,0.07836925041176213,True,296
"BA (m=2, hubs)","linear, continuous T",linear (correct),10336,direct,1.0,0.9677623154384698,0.06280327765161073,True,304
"BA (m=2, hubs)","linear, continuous T",linear (correct),10336,peer,0.5,0.7004569619489217,0.072886465284486,False,304
"BA (m=2, hubs)","linear, continuous T",linear (correct),10337,direct,1.0,0.9794668339064687,0.052759538283441716,True,294
"BA (m=2, hubs)","linear, continuous T",linear (correct),10337,peer,0.5,0.525318146749454,0.08218149250846063,True,294
"BA (m=2, hubs)","linear, continuous T",linear (correct),10338,direct,1.0,1.0200329440696692,0.050053889936535194,True,309
"BA (m=2, hubs)","linear, continuous T",linear (correct),10338,peer,0.5,0.5986585251505804,0.08103803896275323,True,309
"BA (m=2, hubs)","linear, continuous T",linear (correct),10339,direct,1.0,1.0172339357222608,0.05748885724343511,True,307
"BA (m=2, hubs)","linear, continuous T",linear (correct),10339,peer,0.5,0.5133541527601585,0.06856446597226204,True,307
"BA (m=2, hubs)","linear, continuous T",linear (correct),10340,direct,1.0,1.0072001757971663,0.0666107180343244,True,305
"BA (m=2, hubs)","linear, continuous T",linear (correct),10340,peer,0.5,0.6027271018110377,0.06796157161190738,True,305
"BA (m=2, hubs)","linear, continuous T",linear (correct),10341,direct,1.0,1.1384832928631579,0.05926748892217797,False,304
"BA (m=2, hubs)","linear, continuous T",linear (correct),10341,peer,0.5,0.5348194036365532,0.09145193506894997,True,304
"BA (m=2, hubs)","linear, continuous T",linear (correct),10342,direct,1.0,0.9940555833475244,0.05465640381740966,True,324
"BA (m=2, hubs)","linear, continuous T",linear (correct),10342,peer,0.5,0.6577021031842989,0.07453160575752207,False,324
"BA (m=2, hubs)","linear, continuous T",linear (correct),10343,direct,1.0,0.964350191542787,0.05537867547066424,True,318
"BA (m=2, hubs)","linear, continuous T",linear (correct),10343,peer,0.5,0.4087717297313148,0.07854945273737997,True,318
"BA (m=2, hubs)","linear, continuous T",linear (correct),10344,direct,1.0,1.0083696377367317,0.055952939583769616,True,310
"BA (m=2, hubs)","linear, continuous T",linear (correct),10344,peer,0.5,0.45261953241408587,0.084043210116243,True,310
"BA (m=2, hubs)","linear, continuous T",linear (correct),10345,direct,1.0,1.1503108403579898,0.0569213204793356,False,317
"BA (m=2, hubs)","linear, continuous T",linear (correct),10345,peer,0.5,0.44146594183055143,0.08984694056950347,True,317
"BA (m=2, hubs)","linear, continuous T",linear (correct),10346,direct,1.0,0.9524940585396243,0.05815872888484041,True,300
"BA (m=2, hubs)","linear, continuous T",linear (correct),10346,peer,0.5,0.4642826580800938,0.08950847867692131,True,300
"BA (m=2, hubs)","linear, continuous T",linear (correct),10347,direct,1.0,0.9280359007648518,0.0692303489077687,True,305
"BA (m=2, hubs)","linear, continuous T",linear (correct),10347,peer,0.5,0.4595145742042354,0.0862851461209735,True,305
"BA (m=2, hubs)","linear, continuous T",linear (correct),10348,direct,1.0,1.0474361884265386,0.045145001727466216,True,295
"BA (m=2, hubs)","linear, continuous T",linear (correct),10348,peer,0.5,0.4714956692090584,0.08533916767996022,True,295
"BA (m=2, hubs)","linear, continuous T",linear (correct),10349,direct,1.0,1.0003671363096613,0.06041062843255039,True,301
"BA (m=2, hubs)","linear, continuous T",linear (correct),10349,peer,0.5,0.5398567596504029,0.08847680334132729,True,301
"BA (m=2, hubs)","linear, continuous T",linear (correct),10350,direct,1.0,1.0239579634815938,0.05015071677728209,True,306
"BA (m=2, hubs)","linear, continuous T",linear (correct),10350,peer,0.5,0.47331561596812727,0.08237156876961466,True,306
"BA (m=2, hubs)","linear, continuous T",linear (correct),10351,direct,1.0,0.9260622957060436,0.05452083110468005,True,307
"BA (m=2, hubs)","linear, continuous T",linear (correct),10351,peer,0.5,0.5294717501812084,0.0941337409330482,True,307
"BA (m=2, hubs)","linear, continuous T",linear (correct),10352,direct,1.0,1.0934399190450603,0.07453978851162843,True,316
"BA (m=2, hubs)","linear, continuous T",linear (correct),10352,peer,0.5,0.5164768815186039,0.08403853513295793,True,316
"BA (m=2, hubs)","linear, continuous T",linear (correct),10353,direct,1.0,1.0269223026952,0.05878668749775022,True,305
"BA (m=2, hubs)","linear, continuous T",linear (correct),10353,peer,0.5,0.5936778567592852,0.10501080288838181,True,305
"BA (m=2, hubs)","linear, continuous T",linear (correct),10354,direct,1.0,0.9556766083114979,0.05749621301394134,True,297
"BA (m=2, hubs)","linear, continuous T",linear (correct),10354,peer,0.5,0.661540934622879,0.08232898501649748,False,297
"BA (m=2, hubs)","linear, continuous T",linear (correct),10355,direct,1.0,0.9882316445685122,0.05561097546797147,True,310
"BA (m=2, hubs)","linear, continuous T",linear (correct),10355,peer,0.5,0.5007544079414772,0.07174321097742596,True,310
"BA (m=2, hubs)","linear, continuous T",linear (correct),10356,direct,1.0,1.1066362955772058,0.062053359061834096,True,307
"BA (m=2, hubs)","linear, continuous T",linear (correct),10356,peer,0.5,0.5465695786523961,0.08069049496966087,True,307
"BA (m=2, hubs)","linear, continuous T",linear (correct),10357,direct,1.0,1.030221432167138,0.0542357581415621,True,311
"BA (m=2, hubs)","linear, continuous T",linear (correct),10357,peer,0.5,0.4829680729741842,0.07018898713224309,True,311
"BA (m=2, hubs)","linear, continuous T",linear (correct),10358,direct,1.0,0.9266122497907037,0.0606684042669706,True,314
"BA (m=2, hubs)","linear, continuous T",linear (correct),10358,peer,0.5,0.5386937504132362,0.07408927741031743,True,314
"BA (m=2, hubs)","linear, continuous T",linear (correct),10359,direct,1.0,0.9623570503357382,0.052549185352637307,True,322
"BA (m=2, hubs)","linear, continuous T",linear (correct),10359,peer,0.5,0.36210880500760984,0.09347701912700121,True,322
"BA (m=2, hubs)","linear, continuous T",linear (correct),10360,direct,1.0,1.0152774218111993,0.06121555851770459,True,310
"BA (m=2, hubs)","linear, continuous T",linear (correct),10360,peer,0.5,0.5466530933797434,0.07794303221642931,True,310
"BA (m=2, hubs)","linear, continuous T",linear (correct),10361,direct,1.0,0.9958112054369398,0.05852128292763069,True,308
"BA (m=2, hubs)","linear, continuous T",linear (correct),10361,peer,0.5,0.6569621833419031,0.06212288843036691,False,308
"BA (m=2, hubs)","linear, continuous T",linear (correct),10362,direct,1.0,1.0625615757322098,0.061034902346818645,True,305
"BA (m=2, hubs)","linear, continuous T",linear (correct),10362,peer,0.5,0.5476756545838467,0.0868118828304368,True,305
"BA (m=2, hubs)","linear, continuous T",linear (correct),10363,direct,1.0,0.9802054721476912,0.0637456787355945,True,308
"BA (m=2, hubs)","linear, continuous T",linear (correct),10363,peer,0.5,0.5397126249069186,0.085386857141254,True,308
"BA (m=2, hubs)","linear, continuous T",linear (correct),10364,direct,1.0,1.035280647130042,0.0505631773166903,True,306
"BA (m=2, hubs)","linear, continuous T",linear (correct),10364,peer,0.5,0.5176040539236575,0.08451085434821946,True,306
"BA (m=2, hubs)","linear, continuous T",linear (correct),10365,direct,1.0,0.9403835919321728,0.05620052700927982,True,328
"BA (m=2, hubs)","linear, continuous T",linear (correct),10365,peer,0.5,0.34969267219223926,0.08990152438826261,True,328
"BA (m=2, hubs)","linear, continuous T",linear (correct),10366,direct,1.0,1.0316067834225942,0.06051053299121316,True,312
"BA (m=2, hubs)","linear, continuous T",linear (correct),10366,peer,0.5,0.31176520993166196,0.07747972319042337,False,312
"BA (m=2, hubs)","linear, continuous T",linear (correct),10367,direct,1.0,0.9572492228501318,0.04981329362899552,True,304
"BA (m=2, hubs)","linear, continuous T",linear (correct),10367,peer,0.5,0.49387286651942797,0.09493808518827787,True,304
"BA (m=2, hubs)","linear, continuous T",linear (correct),10368,direct,1.0,1.0161162070877952,0.060681020514419724,True,312
"BA (m=2, hubs)","linear, continuous T",linear (correct),10368,peer,0.5,0.3751035847758104,0.08507155323658863,True,312
"BA (m=2, hubs)","linear, continuous T",linear (correct),10369,direct,1.0,0.9926825173841544,0.04775702881076906,True,306
"BA (m=2, hubs)","linear, continuous T",linear (correct),10369,peer,0.5,0.5861062109076245,0.08371641331631606,True,306
"BA (m=2, hubs)","linear, continuous T",linear (correct),10370,direct,1.0,0.9917479985924197,0.05971715922831056,True,307
"BA (m=2, hubs)","linear, continuous T",linear (correct),10370,peer,0.5,0.5644344846778643,0.08449542680631165,True,307
"BA (m=2, hubs)","linear, continuous T",linear (correct),10371,direct,1.0,1.0591590957084174,0.05908762349028181,True,326
"BA (m=2, hubs)","linear, continuous T",linear (correct),10371,peer,0.5,0.6360602792813758,0.08122106845813987,True,326
"BA (m=2, hubs)","linear, continuous T",linear (correct),10372,direct,1.0,1.019262218808366,0.052634616916739374,True,303
"BA (m=2, hubs)","linear, continuous T",linear (correct),10372,peer,0.5,0.5152996509010705,0.08112245421011294,True,303
"BA (m=2, hubs)","linear, continuous T",linear (correct),10373,direct,1.0,0.9946442935068448,0.05156456048112862,True,319
"BA (m=2, hubs)","linear, continuous T",linear (correct),10373,peer,0.5,0.5467260278005424,0.0779608749586729,True,319
"BA (m=2, hubs)","linear, continuous T",linear (correct),10374,direct,1.0,0.9953180753487567,0.06152641392964405,True,323
"BA (m=2, hubs)","linear, continuous T",linear (correct),10374,peer,0.5,0.5584185634931524,0.07195339630530492,True,323
"BA (m=2, hubs)","linear, continuous T",linear (correct),10375,direct,1.0,1.0893590540267957,0.04989753030255261,True,309
"BA (m=2, hubs)","linear, continuous T",linear (correct),10375,peer,0.5,0.5699361634442061,0.07908924629390336,True,309
"BA (m=2, hubs)","linear, continuous T",linear (correct),10376,direct,1.0,1.1067963812415824,0.06834348442599605,True,322
"BA (m=2, hubs)","linear, continuous T",linear (correct),10376,peer,0.5,0.4366983253442579,0.08374865706249332,True,322
"BA (m=2, hubs)","linear, continuous T",linear (correct),10377,direct,1.0,1.043615149147215,0.050890678634250834,True,293
"BA (m=2, hubs)","linear, continuous T",linear (correct),10377,peer,0.5,0.513157968917915,0.08483254247107817,True,293
"BA (m=2, hubs)","linear, continuous T",linear (correct),10378,direct,1.0,0.994149039072168,0.06798764706275776,True,321
"BA (m=2, hubs)","linear, continuous T",linear (correct),10378,peer,0.5,0.5541559638207213,0.07681968368528297,True,321
"BA (m=2, hubs)","linear, continuous T",linear (correct),10379,direct,1.0,1.0704403048532216,0.05907929065006886,True,311
"BA (m=2, hubs)","linear, continuous T",linear (correct),10379,peer,0.5,0.5135046038907394,0.08513878636949605,True,311
"BA (m=2, hubs)","linear, continuous T",linear (correct),10380,direct,1.0,0.8791904105750037,0.05582011693651761,False,317
"BA (m=2, hubs)","linear, continuous T",linear (correct),10380,peer,0.5,0.4904823710856232,0.09513590217878642,True,317
"BA (m=2, hubs)","linear, continuous T",linear (correct),10381,direct,1.0,0.9871128204703311,0.05462388208388797,True,319
"BA (m=2, hubs)","linear, continuous T",linear (correct),10381,peer,0.5,0.47620890687304657,0.08359607263012206,True,319
"BA (m=2, hubs)","linear, continuous T",linear (correct),10382,direct,1.0,1.1131773652650228,0.05930593690005235,True,308
"BA (m=2, hubs)","linear, continuous T",linear (correct),10382,peer,0.5,0.5286216241867717,0.08167011596994887,True,308
"BA (m=2, hubs)","linear, continuous T",linear (correct),10383,direct,1.0,1.0050579065530574,0.053181116266525164,True,306
"BA (m=2, hubs)","linear, continuous T",linear (correct),10383,peer,0.5,0.36277557958547646,0.06871254975947069,False,306
"BA (m=2, hubs)","linear, continuous T",linear (correct),10384,direct,1.0,1.098693621032423,0.0443628053145635,False,312
"BA (m=2, hubs)","linear, continuous T",linear (correct),10384,peer,0.5,0.3331219039717842,0.07553111340078505,False,312
"BA (m=2, hubs)","linear, continuous T",linear (correct),10385,direct,1.0,1.005213586459839,0.0561193283858255,True,303
"BA (m=2, hubs)","linear, continuous T",linear (correct),10385,peer,0.5,0.48960779755893297,0.08318760809501866,True,303
"BA (m=2, hubs)","linear, continuous T",linear (correct),10386,direct,1.0,1.0523181800170804,0.053695884538575246,True,315
"BA (m=2, hubs)","linear, continuous T",linear (correct),10386,peer,0.5,0.5507572812986363,0.08119105549768042,True,315
"BA (m=2, hubs)","linear, continuous T",linear (correct),10387,direct,1.0,1.018124037175701,0.05495335355719163,True,310
"BA (m=2, hubs)","linear, continuous T",linear (correct),10387,peer,0.5,0.546183060431328,0.07997333329648575,True,310
"BA (m=2, hubs)","linear, continuous T",linear (correct),10388,direct,1.0,1.111181391722549,0.07026159920410056,True,313
"BA (m=2, hubs)","linear, continuous T",linear (correct),10388,peer,0.5,0.4184739277657168,0.08215206797563479,True,313
"BA (m=2, hubs)","linear, continuous T",linear (correct),10389,direct,1.0,0.953558241115426,0.04864949131309029,True,301
"BA (m=2, hubs)","linear, continuous T",linear (correct),10389,peer,0.5,0.5956555945836778,0.07652672532911793,True,301
"BA (m=2, hubs)","linear, continuous T",linear (correct),10390,direct,1.0,1.0491132770756841,0.05134117517082181,True,315
"BA (m=2, hubs)","linear, continuous T",linear (correct),10390,peer,0.5,0.4458931643306328,0.09007866874574208,True,315
"BA (m=2, hubs)","linear, continuous T",linear (correct),10391,direct,1.0,1.0536597964718253,0.061936441470871656,True,289
"BA (m=2, hubs)","linear, continuous T",linear (correct),10391,peer,0.5,0.47230014801676756,0.08771548073129133,True,289
"BA (m=2, hubs)","linear, continuous T",linear (correct),10392,direct,1.0,1.0130264075640194,0.056952118605280086,True,319
"BA (m=2, hubs)","linear, continuous T",linear (correct),10392,peer,0.5,0.5783277585929969,0.07907677690677928,True,319
"BA (m=2, hubs)","linear, continuous T",linear (correct),10393,direct,1.0,0.9453849640678446,0.05116488440821252,True,318
"BA (m=2, hubs)","linear, continuous T",linear (correct),10393,peer,0.5,0.4086349483982788,0.0735938403953264,True,318
"BA (m=2, hubs)","linear, continuous T",linear (correct),10394,direct,1.0,1.0590099306770073,0.06153119452773135,True,314
"BA (m=2, hubs)","linear, continuous T",linear (correct),10394,peer,0.5,0.38434020841873073,0.07683145934552306,True,314
"BA (m=2, hubs)","linear, continuous T",linear (correct),10395,direct,1.0,0.9929320933984,0.07750384593438572,True,311
"BA (m=2, hubs)","linear, continuous T",linear (correct),10395,peer,0.5,0.587449563020135,0.07409345742188872,True,311
"BA (m=2, hubs)","linear, continuous T",linear (correct),10396,direct,1.0,0.9610154783796423,0.05529252499472552,True,303
"BA (m=2, hubs)","linear, continuous T",linear (correct),10396,peer,0.5,0.3422272637203342,0.0813577770434059,True,303
"BA (m=2, hubs)","linear, continuous T",linear (correct),10397,direct,1.0,0.9437725403902876,0.06636631143835305,True,294
"BA (m=2, hubs)","linear, continuous T",linear (correct),10397,peer,0.5,0.5657874619352268,0.07655363448404864,True,294
"BA (m=2, hubs)","linear, continuous T",linear (correct),10398,direct,1.0,0.9628077315411543,0.05176258425342815,True,320
"BA (m=2, hubs)","linear, continuous T",linear (correct),10398,peer,0.5,0.3989270248720268,0.07772355163308142,True,320
"BA (m=2, hubs)","linear, continuous T",linear (correct),10399,direct,1.0,1.017771979556405,0.06435487493839222,True,323
"BA (m=2, hubs)","linear, continuous T",linear (correct),10399,peer,0.5,0.4401620075608606,0.07195466616186733,True,323
"BA (m=2, hubs)","linear, continuous T",linear (correct),10400,direct,1.0,1.101564925474434,0.054578742490799706,True,300
"BA (m=2, hubs)","linear, continuous T",linear (correct),10400,peer,0.5,0.49474102330948705,0.08267500892875153,True,300
"BA (m=2, hubs)","linear, continuous T",linear (correct),10401,direct,1.0,1.0221527868598979,0.051159673447718296,True,328
"BA (m=2, hubs)","linear, continuous T",linear (correct),10401,peer,0.5,0.4796415041189672,0.08954560089005954,True,328
"BA (m=2, hubs)","linear, continuous T",linear (correct),10402,direct,1.0,0.9799145676757212,0.047579523800227765,True,295
"BA (m=2, hubs)","linear, continuous T",linear (correct),10402,peer,0.5,0.5327786364145184,0.08729681827763237,True,295
"BA (m=2, hubs)","linear, continuous T",linear (correct),10403,direct,1.0,0.9826343227605269,0.06637675397624677,True,299
"BA (m=2, hubs)","linear, continuous T",linear (correct),10403,peer,0.5,0.6452169779497701,0.07975770544623775,True,299
"BA (m=2, hubs)","linear, continuous T",linear (correct),10404,direct,1.0,1.0393212620801886,0.06105182865492973,True,285
"BA (m=2, hubs)","linear, continuous T",linear (correct),10404,peer,0.5,0.6620741525922303,0.08841871436649844,True,285
"BA (m=2, hubs)","linear, continuous T",linear (correct),10405,direct,1.0,0.9746802834855466,0.06281307084347178,True,325
"BA (m=2, hubs)","linear, continuous T",linear (correct),10405,peer,0.5,0.4276974631581136,0.07596541782404867,True,325
"BA (m=2, hubs)","linear, continuous T",linear (correct),10406,direct,1.0,1.0324051555406892,0.05781167953205733,True,315
"BA (m=2, hubs)","linear, continuous T",linear (correct),10406,peer,0.5,0.5512117310182932,0.0738427224615488,True,315
"BA (m=2, hubs)","linear, continuous T",linear (correct),10407,direct,1.0,0.9678064484243772,0.05913227849786692,True,315
"BA (m=2, hubs)","linear, continuous T",linear (correct),10407,peer,0.5,0.34080059053975625,0.08215020306896242,True,315
"BA (m=2, hubs)","linear, continuous T",linear (correct),10408,direct,1.0,0.9783400624925183,0.04930025057046696,True,315
"BA (m=2, hubs)","linear, continuous T",linear (correct),10408,peer,0.5,0.4278035782890996,0.07726540969063969,True,315
"BA (m=2, hubs)","linear, continuous T",linear (correct),10409,direct,1.0,0.9645205917490397,0.05432122121923535,True,314
"BA (m=2, hubs)","linear, continuous T",linear (correct),10409,peer,0.5,0.45105698061673516,0.07516301284371575,True,314
"BA (m=2, hubs)","linear, continuous T",linear (correct),10410,direct,1.0,0.9941532213876331,0.056434409023271695,True,302
"BA (m=2, hubs)","linear, continuous T",linear (correct),10410,peer,0.5,0.5492742269877069,0.09299319342241395,True,302
"BA (m=2, hubs)","linear, continuous T",linear (correct),10411,direct,1.0,1.0879671229789705,0.05458111120765545,True,301
"BA (m=2, hubs)","linear, continuous T",linear (correct),10411,peer,0.5,0.5063966579959384,0.06707240796095411,True,301
"BA (m=2, hubs)","linear, continuous T",linear (correct),10412,direct,1.0,0.9209744547516299,0.04581332907598478,True,303
"BA (m=2, hubs)","linear, continuous T",linear (correct),10412,peer,0.5,0.3613981261799802,0.07878472863708044,True,303
"BA (m=2, hubs)","linear, continuous T",linear (correct),10413,direct,1.0,0.9842402047692206,0.05978774154579813,True,307
"BA (m=2, hubs)","linear, continuous T",linear (correct),10413,peer,0.5,0.48217610503707214,0.08994060817993586,True,307
"BA (m=2, hubs)","linear, continuous T",linear (correct),10414,direct,1.0,1.055309322565357,0.04450872675441085,True,302
"BA (m=2, hubs)","linear, continuous T",linear (correct),10414,peer,0.5,0.4998696251969389,0.07531950548474953,True,302
"BA (m=2, hubs)","linear, continuous T",linear (correct),10415,direct,1.0,1.0309782961970724,0.05893644438879456,True,304
"BA (m=2, hubs)","linear, continuous T",linear (correct),10415,peer,0.5,0.605141630067756,0.07825117439801364,True,304
"BA (m=2, hubs)","linear, continuous T",linear (correct),10416,direct,1.0,1.0119800435824313,0.0575087095770746,True,310
"BA (m=2, hubs)","linear, continuous T",linear (correct),10416,peer,0.5,0.5083349497052526,0.07724449410357978,True,310
"BA (m=2, hubs)","linear, continuous T",linear (correct),10417,direct,1.0,1.0763802077328835,0.053676672788678964,True,309
"BA (m=2, hubs)","linear, continuous T",linear (correct),10417,peer,0.5,0.40720380938473755,0.08487324989085356,True,309
"BA (m=2, hubs)","linear, continuous T",linear (correct),10418,direct,1.0,1.0223697505508045,0.06763547531567526,True,305
"BA (m=2, hubs)","linear, continuous T",linear (correct),10418,peer,0.5,0.5427030712988411,0.08936383063460648,True,305
"BA (m=2, hubs)","linear, continuous T",linear (correct),10419,direct,1.0,1.0261318073812937,0.06574305155385633,True,305
"BA (m=2, hubs)","linear, continuous T",linear (correct),10419,peer,0.5,0.4770949618737672,0.08538757509017797,True,305
"BA (m=2, hubs)","linear, continuous T",linear (correct),10420,direct,1.0,0.9891570660177591,0.06661838928545606,True,298
"BA (m=2, hubs)","linear, continuous T",linear (correct),10420,peer,0.5,0.45593292453516393,0.10144751031573453,True,298
"BA (m=2, hubs)","linear, continuous T",linear (correct),10421,direct,1.0,1.0659291740222316,0.05414254170401135,True,322
"BA (m=2, hubs)","linear, continuous T",linear (correct),10421,peer,0.5,0.4567449353031823,0.07037583732603565,True,322
"BA (m=2, hubs)","linear, continuous T",linear (correct),10422,direct,1.0,0.8103118156556878,0.05747892670394895,False,323
"BA (m=2, hubs)","linear, continuous T",linear (correct),10422,peer,0.5,0.4515879113077915,0.07877733137787274,True,323
"BA (m=2, hubs)","linear, continuous T",linear (correct),10423,direct,1.0,0.9805747776285666,0.057253383568486964,True,311
"BA (m=2, hubs)","linear, continuous T",linear (correct),10423,peer,0.5,0.5523999484460748,0.08213291413147154,True,311
"BA (m=2, hubs)","linear, continuous T",linear (correct),10424,direct,1.0,0.9902721689102442,0.06256443487115658,True,308
"BA (m=2, hubs)","linear, continuous T",linear (correct),10424,peer,0.5,0.48493698160319587,0.08285408199300065,True,308
"BA (m=2, hubs)","linear, continuous T",linear (correct),10425,direct,1.0,0.9862952055174035,0.04808823143836128,True,314
"BA (m=2, hubs)","linear, continuous T",linear (correct),10425,peer,0.5,0.5946008568500096,0.09960968246564655,True,314
"BA (m=2, hubs)","linear, continuous T",linear (correct),10426,direct,1.0,0.9787785583549601,0.05202557591188631,True,318
"BA (m=2, hubs)","linear, continuous T",linear (correct),10426,peer,0.5,0.4463042367643014,0.08187801795250955,True,318
"BA (m=2, hubs)","linear, continuous T",linear (correct),10427,direct,1.0,1.0460757867482617,0.059609085003474546,True,303
"BA (m=2, hubs)","linear, continuous T",linear (correct),10427,peer,0.5,0.5330541825976652,0.07721026341344657,True,303
"BA (m=2, hubs)","linear, continuous T",linear (correct),10428,direct,1.0,1.0048499497923022,0.046374545352825106,True,307
"BA (m=2, hubs)","linear, continuous T",linear (correct),10428,peer,0.5,0.5912129345037457,0.07524465841524908,True,307
"BA (m=2, hubs)","linear, continuous T",linear (correct),10429,direct,1.0,0.8553008013321044,0.05572889755187187,False,323
"BA (m=2, hubs)","linear, continuous T",linear (correct),10429,peer,0.5,0.5635120556033442,0.06976823817510164,True,323
"BA (m=2, hubs)","linear, continuous T",linear (correct),10430,direct,1.0,0.9553744357447749,0.05500069200436349,True,307
"BA (m=2, hubs)","linear, continuous T",linear (correct),10430,peer,0.5,0.5350272273444058,0.07785473385107725,True,307
"BA (m=2, hubs)","linear, continuous T",linear (correct),10431,direct,1.0,1.0732867800584527,0.06071553067928652,True,317
"BA (m=2, hubs)","linear, continuous T",linear (correct),10431,peer,0.5,0.4080296158738842,0.07361876916565271,True,317
"BA (m=2, hubs)","linear, continuous T",linear (correct),10432,direct,1.0,0.9827208576241392,0.060425925843432385,True,316
"BA (m=2, hubs)","linear, continuous T",linear (correct),10432,peer,0.5,0.3828415824594266,0.08404826839572592,True,316
"BA (m=2, hubs)","linear, continuous T",linear (correct),10433,direct,1.0,1.0461016479711653,0.061930832856221196,True,304
"BA (m=2, hubs)","linear, continuous T",linear (correct),10433,peer,0.5,0.5417638516734424,0.079006864486481,True,304
"BA (m=2, hubs)","linear, continuous T",linear (correct),10434,direct,1.0,1.0685986731700245,0.05674762644261019,True,315
"BA (m=2, hubs)","linear, continuous T",linear (correct),10434,peer,0.5,0.3298158811684203,0.08603683625291457,False,315
"BA (m=2, hubs)","linear, continuous T",linear (correct),10435,direct,1.0,0.9451590913647283,0.054585412734554334,True,303
"BA (m=2, hubs)","linear, continuous T",linear (correct),10435,peer,0.5,0.4760929497055231,0.07676652686633992,True,303
"BA (m=2, hubs)","linear, continuous T",linear (correct),10436,direct,1.0,0.9497984702800261,0.05460674303160468,True,292
"BA (m=2, hubs)","linear, continuous T",linear (correct),10436,peer,0.5,0.47036277132003135,0.0823725043963098,True,292
"BA (m=2, hubs)","linear, continuous T",linear (correct),10437,direct,1.0,0.9400513186972566,0.061783216794480504,True,307
"BA (m=2, hubs)","linear, continuous T",linear (correct),10437,peer,0.5,0.5553429477148077,0.08860611638083367,True,307
"BA (m=2, hubs)","linear, continuous T",linear (correct),10438,direct,1.0,1.0606209844662131,0.05270028325660117,True,314
"BA (m=2, hubs)","linear, continuous T",linear (correct),10438,peer,0.5,0.49687426522823364,0.08967431865453528,True,314
"BA (m=2, hubs)","linear, continuous T",linear (correct),10439,direct,1.0,1.1136235734785325,0.05624952967550115,False,309
"BA (m=2, hubs)","linear, continuous T",linear (correct),10439,peer,0.5,0.4938749664568891,0.09752958564643929,True,309
"BA (m=2, hubs)","linear, continuous T",linear (correct),10440,direct,1.0,0.9504388348582431,0.05815827172170946,True,306
"BA (m=2, hubs)","linear, continuous T",linear (correct),10440,peer,0.5,0.4987367441911299,0.08841045034764276,True,306
"BA (m=2, hubs)","linear, continuous T",linear (correct),10441,direct,1.0,1.0358654331040504,0.055426647689860026,True,328
"BA (m=2, hubs)","linear, continuous T",linear (correct),10441,peer,0.5,0.47668576278343366,0.07260191964109453,True,328
"BA (m=2, hubs)","linear, continuous T",linear (correct),10442,direct,1.0,1.082784898200388,0.04813535659459952,True,315
"BA (m=2, hubs)","linear, continuous T",linear (correct),10442,peer,0.5,0.5244592677731349,0.07072476984482186,True,315
"BA (m=2, hubs)","linear, continuous T",linear (correct),10443,direct,1.0,1.0398943943107974,0.0600405911733598,True,317
"BA (m=2, hubs)","linear, continuous T",linear (correct),10443,peer,0.5,0.5833635176401791,0.09431781067348986,True,317
"BA (m=2, hubs)","linear, continuous T",linear (correct),10444,direct,1.0,1.0480459711139263,0.05011373869177488,True,313
"BA (m=2, hubs)","linear, continuous T",linear (correct),10444,peer,0.5,0.5570025632068746,0.08262301564359306,True,313
"BA (m=2, hubs)","linear, continuous T",linear (correct),10445,direct,1.0,1.0275340148317522,0.0696122368168253,True,290
"BA (m=2, hubs)","linear, continuous T",linear (correct),10445,peer,0.5,0.6425239941038513,0.08771602423390364,True,290
"BA (m=2, hubs)","linear, continuous T",linear (correct),10446,direct,1.0,0.9347965561978017,0.05425640654932747,True,324
"BA (m=2, hubs)","linear, continuous T",linear (correct),10446,peer,0.5,0.4901179509347025,0.0706402854959455,True,324
"BA (m=2, hubs)","linear, continuous T",linear (correct),10447,direct,1.0,0.944443369821042,0.05789559524980858,True,312
"BA (m=2, hubs)","linear, continuous T",linear (correct),10447,peer,0.5,0.4996770438763304,0.08439517614036994,True,312
"BA (m=2, hubs)","linear, continuous T",linear (correct),10448,direct,1.0,1.070252057585746,0.06142668149882038,True,314
"BA (m=2, hubs)","linear, continuous T",linear (correct),10448,peer,0.5,0.5700692550267916,0.07100532009918047,True,314
"BA (m=2, hubs)","linear, continuous T",linear (correct),10449,direct,1.0,1.0381530366936411,0.05921675007661601,True,297
"BA (m=2, hubs)","linear, continuous T",linear (correct),10449,peer,0.5,0.49262725750152986,0.08319695640570494,True,297
"BA (m=2, hubs)","linear, continuous T",linear (correct),10450,direct,1.0,1.027928702265808,0.0648097753646677,True,309
"BA (m=2, hubs)","linear, continuous T",linear (correct),10450,peer,0.5,0.5278389625067166,0.07705334871386876,True,309
"BA (m=2, hubs)","linear, continuous T",linear (correct),10451,direct,1.0,1.0218420974364515,0.0541540859235984,True,327
"BA (m=2, hubs)","linear, continuous T",linear (correct),10451,peer,0.5,0.5599434458117711,0.060789230250958386,True,327
"BA (m=2, hubs)","linear, continuous T",linear (correct),10452,direct,1.0,0.9710713345175531,0.057077390002092734,True,316
"BA (m=2, hubs)","linear, continuous T",linear (correct),10452,peer,0.5,0.5291998764617261,0.07658043751449163,True,316
"BA (m=2, hubs)","linear, continuous T",linear (correct),10453,direct,1.0,1.0363649552046368,0.07308604037280934,True,305
"BA (m=2, hubs)","linear, continuous T",linear (correct),10453,peer,0.5,0.45200520912465425,0.09137531618349763,True,305
"BA (m=2, hubs)","linear, continuous T",linear (correct),10454,direct,1.0,1.022566068024442,0.052235366127953174,True,313
"BA (m=2, hubs)","linear, continuous T",linear (correct),10454,peer,0.5,0.5455480617924214,0.07823763854765413,True,313
"BA (m=2, hubs)","linear, continuous T",linear (correct),10455,direct,1.0,0.9507383704096863,0.06336663011803126,True,325
"BA (m=2, hubs)","linear, continuous T",linear (correct),10455,peer,0.5,0.4841804480339345,0.08062908835067237,True,325
"BA (m=2, hubs)","linear, continuous T",linear (correct),10456,direct,1.0,1.0169086758918502,0.06325246173582075,True,303
"BA (m=2, hubs)","linear, continuous T",linear (correct),10456,peer,0.5,0.4678941848953005,0.0851509630307639,True,303
"BA (m=2, hubs)","linear, continuous T",linear (correct),10457,direct,1.0,1.0275881576185473,0.05817635416524764,True,298
"BA (m=2, hubs)","linear, continuous T",linear (correct),10457,peer,0.5,0.5295131934010928,0.0884476165818379,True,298
"BA (m=2, hubs)","linear, continuous T",linear (correct),10458,direct,1.0,1.090640312799799,0.0632109981414937,True,310
"BA (m=2, hubs)","linear, continuous T",linear (correct),10458,peer,0.5,0.540439255179056,0.08676468489237532,True,310
"BA (m=2, hubs)","linear, continuous T",linear (correct),10459,direct,1.0,0.9608254608323464,0.05504675839569139,True,315
"BA (m=2, hubs)","linear, continuous T",linear (correct),10459,peer,0.5,0.3841082573239113,0.07223587747470166,True,315
"BA (m=2, hubs)","linear, continuous T",linear (correct),10460,direct,1.0,0.9627451011503471,0.06141224839947184,True,311
"BA (m=2, hubs)","linear, continuous T",linear (correct),10460,peer,0.5,0.6742050851795646,0.08543311037687437,False,311
"BA (m=2, hubs)","linear, continuous T",linear (correct),10461,direct,1.0,1.030375557390929,0.05911881870592453,True,309
"BA (m=2, hubs)","linear, continuous T",linear (correct),10461,peer,0.5,0.6245040096710711,0.07620386809669007,True,309
"BA (m=2, hubs)","linear, continuous T",linear (correct),10462,direct,1.0,0.9558925904699839,0.05017035430628717,True,320
"BA (m=2, hubs)","linear, continuous T",linear (correct),10462,peer,0.5,0.3319432297869109,0.07831245203649458,False,320
"BA (m=2, hubs)","linear, continuous T",linear (correct),10463,direct,1.0,1.039933049094082,0.06718279670770431,True,313
"BA (m=2, hubs)","linear, continuous T",linear (correct),10463,peer,0.5,0.4271234840306259,0.08067230102333602,True,313
"BA (m=2, hubs)","linear, continuous T",linear (correct),10464,direct,1.0,1.024066710353974,0.06527000683495895,True,303
"BA (m=2, hubs)","linear, continuous T",linear (correct),10464,peer,0.5,0.4857849613623814,0.0904615855541672,True,303
"BA (m=2, hubs)","linear, continuous T",linear (correct),10465,direct,1.0,0.8994907901762677,0.05345762974910916,True,312
"BA (m=2, hubs)","linear, continuous T",linear (correct),10465,peer,0.5,0.39122884158889776,0.07950474672224694,True,312
"BA (m=2, hubs)","linear, continuous T",linear (correct),10466,direct,1.0,1.0450563911166424,0.05322143401123419,True,312
"BA (m=2, hubs)","linear, continuous T",linear (correct),10466,peer,0.5,0.5576383943837017,0.09047500393004919,True,312
"BA (m=2, hubs)","linear, continuous T",linear (correct),10467,direct,1.0,0.9457989045983384,0.05981822535813657,True,318
"BA (m=2, hubs)","linear, continuous T",linear (correct),10467,peer,0.5,0.7267486395823456,0.09958521053705266,False,318
"BA (m=2, hubs)","linear, continuous T",linear (correct),10468,direct,1.0,0.9710823633731102,0.06361069299527787,True,315
"BA (m=2, hubs)","linear, continuous T",linear (correct),10468,peer,0.5,0.4700299006696706,0.0672270485267691,True,315
"BA (m=2, hubs)","linear, continuous T",linear (correct),10469,direct,1.0,0.9452291309903693,0.05636333024794226,True,310
"BA (m=2, hubs)","linear, continuous T",linear (correct),10469,peer,0.5,0.5219112673361844,0.087607421456766,True,310
"BA (m=2, hubs)","linear, continuous T",linear (correct),10470,direct,1.0,1.0708687234834373,0.06113029463374306,True,310
"BA (m=2, hubs)","linear, continuous T",linear (correct),10470,peer,0.5,0.4294866977211087,0.07949265882973501,True,310
"BA (m=2, hubs)","linear, continuous T",linear (correct),10471,direct,1.0,1.0723123316609768,0.05094895538508129,True,322
"BA (m=2, hubs)","linear, continuous T",linear (correct),10471,peer,0.5,0.4475050821732895,0.08237220552463279,True,322
"BA (m=2, hubs)","linear, continuous T",linear (correct),10472,direct,1.0,1.0125160361477246,0.06665249892253476,True,304
"BA (m=2, hubs)","linear, continuous T",linear (correct),10472,peer,0.5,0.5356636368525387,0.07404784473699277,True,304
"BA (m=2, hubs)","linear, continuous T",linear (correct),10473,direct,1.0,0.9826308797753609,0.06101566755745013,True,304
"BA (m=2, hubs)","linear, continuous T",linear (correct),10473,peer,0.5,0.6328475962565242,0.07446097750673697,True,304
"BA (m=2, hubs)","linear, continuous T",linear (correct),10474,direct,1.0,0.9910994285604942,0.049964191242148376,True,312
"BA (m=2, hubs)","linear, continuous T",linear (correct),10474,peer,0.5,0.4657307405098581,0.07215455382243635,True,312
"BA (m=2, hubs)","linear, continuous T",linear (correct),10475,direct,1.0,1.062132411533188,0.05738897377206963,True,311
"BA (m=2, hubs)","linear, continuous T",linear (correct),10475,peer,0.5,0.5307433791200818,0.09094622589458794,True,311
"BA (m=2, hubs)","linear, continuous T",linear (correct),10476,direct,1.0,0.9830530850298325,0.050092867287170884,True,302
"BA (m=2, hubs)","linear, continuous T",linear (correct),10476,peer,0.5,0.5546908278133615,0.08124475763814529,True,302
"BA (m=2, hubs)","linear, continuous T",linear (correct),10477,direct,1.0,0.8480443562587999,0.06553926294020623,False,317
"BA (m=2, hubs)","linear, continuous T",linear (correct),10477,peer,0.5,0.30635577600449776,0.08085190519375485,False,317
"BA (m=2, hubs)","linear, continuous T",linear (correct),10478,direct,1.0,0.9504558525677109,0.055039307559741374,True,321
"BA (m=2, hubs)","linear, continuous T",linear (correct),10478,peer,0.5,0.6475368710546712,0.09401166727121371,True,321
"BA (m=2, hubs)","linear, continuous T",linear (correct),10479,direct,1.0,1.0951889588457915,0.06386901499266479,True,304
"BA (m=2, hubs)","linear, continuous T",linear (correct),10479,peer,0.5,0.5293167678035803,0.07690706166869474,True,304
"BA (m=2, hubs)","linear, continuous T",linear (correct),10480,direct,1.0,0.970006755981249,0.059388954309121604,True,306
"BA (m=2, hubs)","linear, continuous T",linear (correct),10480,peer,0.5,0.4181405795559965,0.09421132517485684,True,306
"BA (m=2, hubs)","linear, continuous T",linear (correct),10481,direct,1.0,1.0116433196105132,0.05134591358827936,True,317
"BA (m=2, hubs)","linear, continuous T",linear (correct),10481,peer,0.5,0.5456397075348858,0.06476007038480928,True,317
"BA (m=2, hubs)","linear, continuous T",linear (correct),10482,direct,1.0,1.0071951976065159,0.05102104125935772,True,300
"BA (m=2, hubs)","linear, continuous T",linear (correct),10482,peer,0.5,0.5190133594969324,0.09741014267052059,True,300
"BA (m=2, hubs)","linear, continuous T",linear (correct),10483,direct,1.0,0.960941906763911,0.06010747330085174,True,307
"BA (m=2, hubs)","linear, continuous T",linear (correct),10483,peer,0.5,0.42724748931783324,0.07500807587917478,True,307
"BA (m=2, hubs)","linear, continuous T",linear (correct),10484,direct,1.0,0.9723274550544864,0.06441378473552538,True,313
"BA (m=2, hubs)","linear, continuous T",linear (correct),10484,peer,0.5,0.41537784888743096,0.09325981877487317,True,313
"BA (m=2, hubs)","linear, continuous T",linear (correct),10485,direct,1.0,1.0736302259202348,0.05347613652780064,True,309
"BA (m=2, hubs)","linear, continuous T",linear (correct),10485,peer,0.5,0.5145500039681813,0.09654114314774033,True,309
"BA (m=2, hubs)","linear, continuous T",linear (correct),10486,direct,1.0,0.9740189013248118,0.06215272278172117,True,317
"BA (m=2, hubs)","linear, continuous T",linear (correct),10486,peer,0.5,0.44857175753594236,0.09060007919038436,True,317
"BA (m=2, hubs)","linear, continuous T",linear (correct),10487,direct,1.0,0.9758456385102096,0.061885163183654925,True,301
"BA (m=2, hubs)","linear, continuous T",linear (correct),10487,peer,0.5,0.5264181728737363,0.0858861939433314,True,301
"BA (m=2, hubs)","linear, continuous T",linear (correct),10488,direct,1.0,0.9964820174065361,0.053797788310817975,True,322
"BA (m=2, hubs)","linear, continuous T",linear (correct),10488,peer,0.5,0.5547546160424749,0.08468592182414897,True,322
"BA (m=2, hubs)","linear, continuous T",linear (correct),10489,direct,1.0,0.9893043527160501,0.04591673962746575,True,312
"BA (m=2, hubs)","linear, continuous T",linear (correct),10489,peer,0.5,0.3810024412979432,0.08919815513065489,True,312
"BA (m=2, hubs)","linear, continuous T",linear (correct),10490,direct,1.0,1.0086046857822326,0.05718602923108968,True,310
"BA (m=2, hubs)","linear, continuous T",linear (correct),10490,peer,0.5,0.5634272455632159,0.07974740043588385,True,310
"BA (m=2, hubs)","linear, continuous T",linear (correct),10491,direct,1.0,1.027371271125298,0.06070937135987628,True,307
"BA (m=2, hubs)","linear, continuous T",linear (correct),10491,peer,0.5,0.4641366748710063,0.07922397183679301,True,307
"BA (m=2, hubs)","linear, continuous T",linear (correct),10492,direct,1.0,1.041861335882065,0.0682519410994799,True,297
"BA (m=2, hubs)","linear, continuous T",linear (correct),10492,peer,0.5,0.4535727752969298,0.09358362851610157,True,297
"BA (m=2, hubs)","linear, continuous T",linear (correct),10493,direct,1.0,1.0232416326126323,0.060449955604665866,True,302
"BA (m=2, hubs)","linear, continuous T",linear (correct),10493,peer,0.5,0.3696051184419781,0.0957123407903241,True,302
"BA (m=2, hubs)","linear, continuous T",linear (correct),10494,direct,1.0,0.9744329575022003,0.05837013856804592,True,316
"BA (m=2, hubs)","linear, continuous T",linear (correct),10494,peer,0.5,0.5896181068560701,0.08152026406792579,True,316
"BA (m=2, hubs)","linear, continuous T",linear (correct),10495,direct,1.0,0.9620584775262169,0.055894193047285226,True,304
"BA (m=2, hubs)","linear, continuous T",linear (correct),10495,peer,0.5,0.6241528045179785,0.08891846370562201,True,304
"BA (m=2, hubs)","linear, continuous T",linear (correct),10496,direct,1.0,1.0102437741527033,0.05957520599890959,True,308
"BA (m=2, hubs)","linear, continuous T",linear (correct),10496,peer,0.5,0.5420799891446982,0.08364578469709541,True,308
"BA (m=2, hubs)","linear, continuous T",linear (correct),10497,direct,1.0,1.1439685610382895,0.06174115880022701,False,306
"BA (m=2, hubs)","linear, continuous T",linear (correct),10497,peer,0.5,0.5081049013234321,0.07129632852961404,True,306
"BA (m=2, hubs)","linear, continuous T",linear (correct),10498,direct,1.0,1.050127755450649,0.06239834274730647,True,317
"BA (m=2, hubs)","linear, continuous T",linear (correct),10498,peer,0.5,0.6388195823441991,0.0894410693502134,True,317
"BA (m=2, hubs)","linear, continuous T",linear (correct),10499,direct,1.0,1.0446966288093513,0.05132113033461741,True,314
"BA (m=2, hubs)","linear, continuous T",linear (correct),10499,peer,0.5,0.546129289516177,0.0874329839573526,True,314
"BA (m=2, hubs)","linear, continuous T",linear (correct),10500,direct,1.0,0.9780687959090225,0.06918117047498128,True,313
"BA (m=2, hubs)","linear, continuous T",linear (correct),10500,peer,0.5,0.45553782846504154,0.08382546102903324,True,313
"BA (m=2, hubs)","linear, continuous T",linear (correct),10501,direct,1.0,1.021957459562812,0.05968826398105387,True,320
"BA (m=2, hubs)","linear, continuous T",linear (correct),10501,peer,0.5,0.4735544145282924,0.08144932861307266,True,320
"BA (m=2, hubs)","linear, continuous T",linear (correct),10502,direct,1.0,1.029561807789431,0.06323531577862236,True,311
"BA (m=2, hubs)","linear, continuous T",linear (correct),10502,peer,0.5,0.451744700477173,0.0797946109697044,True,311
"BA (m=2, hubs)","linear, continuous T",linear (correct),10503,direct,1.0,1.0134629582165333,0.05017256958616531,True,314
"BA (m=2, hubs)","linear, continuous T",linear (correct),10503,peer,0.5,0.6092432862171939,0.06856391501213854,True,314
"BA (m=2, hubs)","linear, continuous T",linear (correct),10504,direct,1.0,0.9458267978054093,0.05439536652253694,True,312
"BA (m=2, hubs)","linear, continuous T",linear (correct),10504,peer,0.5,0.4737239787342634,0.07131753261677776,True,312
"BA (m=2, hubs)","linear, continuous T",linear (correct),10505,direct,1.0,1.0303355610872698,0.053792002353209065,True,312
"BA (m=2, hubs)","linear, continuous T",linear (correct),10505,peer,0.5,0.5676901336413769,0.08135585484305724,True,312
"BA (m=2, hubs)","linear, continuous T",linear (correct),10506,direct,1.0,0.9989303757561788,0.06351425408248969,True,301
"BA (m=2, hubs)","linear, continuous T",linear (correct),10506,peer,0.5,0.36467782974281304,0.08153239743496361,True,301
"BA (m=2, hubs)","linear, continuous T",linear (correct),10507,direct,1.0,1.0395460434632016,0.052262201921739526,True,307
"BA (m=2, hubs)","linear, continuous T",linear (correct),10507,peer,0.5,0.6146294772692874,0.08403050483352996,True,307
"BA (m=2, hubs)","linear, continuous T",linear (correct),10508,direct,1.0,0.9381275692801443,0.0547319821183964,True,308
"BA (m=2, hubs)","linear, continuous T",linear (correct),10508,peer,0.5,0.5037497526502582,0.08167848570736842,True,308
"BA (m=2, hubs)","linear, continuous T",linear (correct),10509,direct,1.0,0.9413385361990789,0.049041009635857974,True,306
"BA (m=2, hubs)","linear, continuous T",linear (correct),10509,peer,0.5,0.45189192373327147,0.07615148911775996,True,306
"BA (m=2, hubs)","linear, continuous T",linear (correct),10510,direct,1.0,0.9431432536746779,0.05491563254627571,True,310
"BA (m=2, hubs)","linear, continuous T",linear (correct),10510,peer,0.5,0.5026388650722868,0.08013679603065993,True,310
"BA (m=2, hubs)","linear, continuous T",linear (correct),10511,direct,1.0,0.9886425794257062,0.05825145973051292,True,306
"BA (m=2, hubs)","linear, continuous T",linear (correct),10511,peer,0.5,0.3789940475521783,0.08317871368332917,True,306
"BA (m=2, hubs)","linear, continuous T",linear (correct),10512,direct,1.0,0.992561825891956,0.0456800479093102,True,305
"BA (m=2, hubs)","linear, continuous T",linear (correct),10512,peer,0.5,0.5528173256219202,0.07987675959279622,True,305
"BA (m=2, hubs)","linear, continuous T",linear (correct),10513,direct,1.0,0.9729420685935406,0.059457195463554234,True,307
"BA (m=2, hubs)","linear, continuous T",linear (correct),10513,peer,0.5,0.3411028235819526,0.07596582809736784,False,307
"BA (m=2, hubs)","linear, continuous T",linear (correct),10514,direct,1.0,0.9730900911672452,0.05378301464964488,True,294
"BA (m=2, hubs)","linear, continuous T",linear (correct),10514,peer,0.5,0.4382734128312983,0.0719738857642221,True,294
"BA (m=2, hubs)","linear, continuous T",linear (correct),10515,direct,1.0,1.0217259546773432,0.04862560854520999,True,314
"BA (m=2, hubs)","linear, continuous T",linear (correct),10515,peer,0.5,0.5928877181737113,0.0779953845588839,True,314
"BA (m=2, hubs)","linear, continuous T",linear (correct),10516,direct,1.0,1.0929629882242853,0.06429914626887842,True,314
"BA (m=2, hubs)","linear, continuous T",linear (correct),10516,peer,0.5,0.4772217883796831,0.07448605496040675,True,314
"BA (m=2, hubs)","linear, continuous T",linear (correct),10517,direct,1.0,1.015683715558164,0.046252872283786765,True,310
"BA (m=2, hubs)","linear, continuous T",linear (correct),10517,peer,0.5,0.45062455883992425,0.07336371481318743,True,310
"BA (m=2, hubs)","linear, continuous T",linear (correct),10518,direct,1.0,0.9710932412328389,0.06003113982738056,True,301
"BA (m=2, hubs)","linear, continuous T",linear (correct),10518,peer,0.5,0.6013139273404389,0.07275341658841018,True,301
"BA (m=2, hubs)","linear, continuous T",linear (correct),10519,direct,1.0,0.8756800535148676,0.06795377730277545,True,316
"BA (m=2, hubs)","linear, continuous T",linear (correct),10519,peer,0.5,0.43874025011678763,0.08370005149566559,True,316
"BA (m=2, hubs)","linear, continuous T",linear (correct),10520,direct,1.0,0.9885308912201507,0.06199985357395715,True,327
"BA (m=2, hubs)","linear, continuous T",linear (correct),10520,peer,0.5,0.5678516397046359,0.09004373227784657,True,327
"BA (m=2, hubs)","linear, continuous T",linear (correct),10521,direct,1.0,0.955340663264361,0.0470574885615585,True,318
"BA (m=2, hubs)","linear, continuous T",linear (correct),10521,peer,0.5,0.5132498888435824,0.07464151298993571,True,318
"BA (m=2, hubs)","linear, continuous T",linear (correct),10522,direct,1.0,0.9331777957132077,0.05186552172427435,True,317
"BA (m=2, hubs)","linear, continuous T",linear (correct),10522,peer,0.5,0.5986853871042388,0.08609639548726689,True,317
"BA (m=2, hubs)","linear, continuous T",linear (correct),10523,direct,1.0,0.9916536813835911,0.053741073384524635,True,295
"BA (m=2, hubs)","linear, continuous T",linear (correct),10523,peer,0.5,0.5640883144118336,0.08050437478055224,True,295
"BA (m=2, hubs)","linear, continuous T",linear (correct),10524,direct,1.0,0.9651354624842577,0.05738198472995251,True,315
"BA (m=2, hubs)","linear, continuous T",linear (correct),10524,peer,0.5,0.5274221867677407,0.07526437199736379,True,315
"BA (m=2, hubs)","linear, continuous T",linear (correct),10525,direct,1.0,0.9253369918316713,0.055367497337328854,True,298
"BA (m=2, hubs)","linear, continuous T",linear (correct),10525,peer,0.5,0.45646053927226604,0.08160280094957968,True,298
"BA (m=2, hubs)","linear, continuous T",linear (correct),10526,direct,1.0,1.038257836540718,0.05785593569044161,True,308
"BA (m=2, hubs)","linear, continuous T",linear (correct),10526,peer,0.5,0.3411098707620084,0.08056989303032336,False,308
"BA (m=2, hubs)","linear, continuous T",linear (correct),10527,direct,1.0,0.9905828628244491,0.05583302252813035,True,293
"BA (m=2, hubs)","linear, continuous T",linear (correct),10527,peer,0.5,0.4395545159646007,0.06414734538938051,True,293
"BA (m=2, hubs)","linear, continuous T",linear (correct),10528,direct,1.0,1.0130866143020223,0.06490104568276613,True,319
"BA (m=2, hubs)","linear, continuous T",linear (correct),10528,peer,0.5,0.5610830501991267,0.08230469399876718,True,319
"BA (m=2, hubs)","linear, continuous T",linear (correct),10529,direct,1.0,1.0304598250387333,0.057756807010327225,True,302
"BA (m=2, hubs)","linear, continuous T",linear (correct),10529,peer,0.5,0.4566051529173978,0.07989218851495948,True,302
"BA (m=2, hubs)","linear, continuous T",linear (correct),10530,direct,1.0,0.9942898797341154,0.05738464393862615,True,329
"BA (m=2, hubs)","linear, continuous T",linear (correct),10530,peer,0.5,0.6161938257026296,0.09494879785126197,True,329
"BA (m=2, hubs)","linear, continuous T",linear (correct),10531,direct,1.0,1.0499233917890987,0.049534594357073275,True,319
"BA (m=2, hubs)","linear, continuous T",linear (correct),10531,peer,0.5,0.40388655750198316,0.07638187704658302,True,319
"BA (m=2, hubs)","linear, continuous T",linear (correct),10532,direct,1.0,1.0318379856704234,0.05918812126081264,True,326
"BA (m=2, hubs)","linear, continuous T",linear (correct),10532,peer,0.5,0.5249167088063807,0.07996834408790178,True,326
"BA (m=2, hubs)","linear, continuous T",linear (correct),10533,direct,1.0,0.8495766660625095,0.06019244613078054,False,315
"BA (m=2, hubs)","linear, continuous T",linear (correct),10533,peer,0.5,0.4674624556860922,0.08631332478930633,True,315
"BA (m=2, hubs)","linear, continuous T",linear (correct),10534,direct,1.0,1.0734886079289119,0.048332655757835796,True,313
"BA (m=2, hubs)","linear, continuous T",linear (correct),10534,peer,0.5,0.5151784586138748,0.07482520345268835,True,313
"BA (m=2, hubs)","linear, continuous T",linear (correct),10535,direct,1.0,1.0090199818853733,0.058049776622918096,True,306
"BA (m=2, hubs)","linear, continuous T",linear (correct),10535,peer,0.5,0.49503260826567547,0.07879386116480039,True,306
"BA (m=2, hubs)","linear, continuous T",linear (correct),10536,direct,1.0,1.0203621783664598,0.06432420348519138,True,312
"BA (m=2, hubs)","linear, continuous T",linear (correct),10536,peer,0.5,0.49615836720626916,0.08985956495518908,True,312
"BA (m=2, hubs)","linear, continuous T",linear (correct),10537,direct,1.0,1.094612345541122,0.06577041567745837,True,292
"BA (m=2, hubs)","linear, continuous T",linear (correct),10537,peer,0.5,0.6373630254053385,0.09447486293656464,True,292
"BA (m=2, hubs)","linear, continuous T",linear (correct),10538,direct,1.0,1.0617105166095193,0.05390122471558607,True,307
"BA (m=2, hubs)","linear, continuous T",linear (correct),10538,peer,0.5,0.5281917286728747,0.07922564300050856,True,307
"BA (m=2, hubs)","linear, continuous T",linear (correct),10539,direct,1.0,0.9137297157502037,0.05432567410921763,True,305
"BA (m=2, hubs)","linear, continuous T",linear (correct),10539,peer,0.5,0.45350941839866343,0.08224908601795557,True,305
"BA (m=2, hubs)","linear, continuous T",linear (correct),10540,direct,1.0,0.9373663202681535,0.06403277110659722,True,305
"BA (m=2, hubs)","linear, continuous T",linear (correct),10540,peer,0.5,0.4302327440009828,0.11414356223146725,True,305
"BA (m=2, hubs)","linear, continuous T",linear (correct),10541,direct,1.0,1.0087837898287402,0.06329954136527349,True,318
"BA (m=2, hubs)","linear, continuous T",linear (correct),10541,peer,0.5,0.4172561577252565,0.07941631196444122,True,318
"BA (m=2, hubs)","linear, continuous T",linear (correct),10542,direct,1.0,1.0659268758799465,0.05833454100884991,True,325
"BA (m=2, hubs)","linear, continuous T",linear (correct),10542,peer,0.5,0.4286576363165524,0.0602291669179775,True,325
"BA (m=2, hubs)","linear, continuous T",linear (correct),10543,direct,1.0,0.9461927704113756,0.058659789027486135,True,303
"BA (m=2, hubs)","linear, continuous T",linear (correct),10543,peer,0.5,0.4400645780198299,0.07560671287636847,True,303
"BA (m=2, hubs)","linear, continuous T",linear (correct),10544,direct,1.0,1.0896182457338504,0.06695508993720771,True,309
"BA (m=2, hubs)","linear, continuous T",linear (correct),10544,peer,0.5,0.5097057417352434,0.07070309983535229,True,309
"BA (m=2, hubs)","linear, continuous T",linear (correct),10545,direct,1.0,0.9954887753974936,0.05653924587662957,True,310
"BA (m=2, hubs)","linear, continuous T",linear (correct),10545,peer,0.5,0.45633535455258917,0.08094152705981776,True,310
"BA (m=2, hubs)","linear, continuous T",linear (correct),10546,direct,1.0,0.9318964061674534,0.054422342615936946,True,311
"BA (m=2, hubs)","linear, continuous T",linear (correct),10546,peer,0.5,0.363690211930918,0.10025386657009384,True,311
"BA (m=2, hubs)","linear, continuous T",linear (correct),10547,direct,1.0,1.0175696821433262,0.05131844506499038,True,319
"BA (m=2, hubs)","linear, continuous T",linear (correct),10547,peer,0.5,0.5173983312157571,0.08803384679532024,True,319
"BA (m=2, hubs)","linear, continuous T",linear (correct),10548,direct,1.0,1.0516899007234006,0.04907083895541511,True,313
"BA (m=2, hubs)","linear, continuous T",linear (correct),10548,peer,0.5,0.6089397205618736,0.08118798145620267,True,313
"BA (m=2, hubs)","linear, continuous T",linear (correct),10549,direct,1.0,1.0322047093367261,0.05937802630385375,True,317
"BA (m=2, hubs)","linear, continuous T",linear (correct),10549,peer,0.5,0.48061912041977506,0.08189202780346712,True,317
"BA (m=2, hubs)","linear, continuous T",linear (correct),10550,direct,1.0,0.9792647324700292,0.06487569183723295,True,301
"BA (m=2, hubs)","linear, continuous T",linear (correct),10550,peer,0.5,0.558300823931845,0.08345083451229578,True,301
"BA (m=2, hubs)","linear, continuous T",linear (correct),10551,direct,1.0,1.0389214893960892,0.05391619992697998,True,318
"BA (m=2, hubs)","linear, continuous T",linear (correct),10551,peer,0.5,0.5594052610455916,0.07225001549021132,True,318
"BA (m=2, hubs)","linear, continuous T",linear (correct),10552,direct,1.0,1.0584132707904566,0.05359106039727339,True,317
"BA (m=2, hubs)","linear, continuous T",linear (correct),10552,peer,0.5,0.5576536619318372,0.0847598453974461,True,317
"BA (m=2, hubs)","linear, continuous T",linear (correct),10553,direct,1.0,0.9768539974905609,0.056007251660604836,True,308
"BA (m=2, hubs)","linear, continuous T",linear (correct),10553,peer,0.5,0.49387105269029935,0.08320425039862722,True,308
"BA (m=2, hubs)","linear, continuous T",linear (correct),10554,direct,1.0,1.0383778174612521,0.06079103933385805,True,303
"BA (m=2, hubs)","linear, continuous T",linear (correct),10554,peer,0.5,0.5128867040560355,0.06999986615620062,True,303
"BA (m=2, hubs)","linear, continuous T",linear (correct),10555,direct,1.0,0.9583554329665608,0.05306418540929959,True,323
"BA (m=2, hubs)","linear, continuous T",linear (correct),10555,peer,0.5,0.47269583813429794,0.07821997256478445,True,323
"BA (m=2, hubs)","linear, continuous T",linear (correct),10556,direct,1.0,1.0391428638168532,0.06996890547160285,True,301
"BA (m=2, hubs)","linear, continuous T",linear (correct),10556,peer,0.5,0.4997504301878187,0.07582427310663462,True,301
"BA (m=2, hubs)","linear, continuous T",linear (correct),10557,direct,1.0,1.0934332087859542,0.05376747751765891,True,294
"BA (m=2, hubs)","linear, continuous T",linear (correct),10557,peer,0.5,0.5824605307706282,0.08854467203727026,True,294
"BA (m=2, hubs)","linear, continuous T",linear (correct),10558,direct,1.0,0.9805195399534797,0.05610134339085943,True,317
"BA (m=2, hubs)","linear, continuous T",linear (correct),10558,peer,0.5,0.5527291483541981,0.07766801822844473,True,317
"BA (m=2, hubs)","linear, continuous T",linear (correct),10559,direct,1.0,1.0071985931385063,0.05817555254912824,True,316
"BA (m=2, hubs)","linear, continuous T",linear (correct),10559,peer,0.5,0.4592483978843554,0.07921127273122484,True,316
"BA (m=2, hubs)","linear, continuous T",linear (correct),10560,direct,1.0,1.0597779854993408,0.059799623015424616,True,312
"BA (m=2, hubs)","linear, continuous T",linear (correct),10560,peer,0.5,0.5414682825041143,0.07686768621987514,True,312
"BA (m=2, hubs)","linear, continuous T",linear (correct),10561,direct,1.0,0.9026172114743319,0.056590377275377614,True,313
"BA (m=2, hubs)","linear, continuous T",linear (correct),10561,peer,0.5,0.41659806236657865,0.0769853326224429,True,313
"BA (m=2, hubs)","linear, continuous T",linear (correct),10562,direct,1.0,0.9911449792013457,0.055940677562487766,True,321
"BA (m=2, hubs)","linear, continuous T",linear (correct),10562,peer,0.5,0.5548173689038065,0.07964256145108385,True,321
"BA (m=2, hubs)","linear, continuous T",linear (correct),10563,direct,1.0,1.0480722728657526,0.050806243765323084,True,321
"BA (m=2, hubs)","linear, continuous T",linear (correct),10563,peer,0.5,0.5318434775893477,0.0740250974311414,True,321
"BA (m=2, hubs)","linear, continuous T",linear (correct),10564,direct,1.0,1.0717140458802434,0.05361561496753228,True,312
"BA (m=2, hubs)","linear, continuous T",linear (correct),10564,peer,0.5,0.4255517315773592,0.08407321645388346,True,312
"BA (m=2, hubs)","linear, continuous T",linear (correct),10565,direct,1.0,0.9936966604502101,0.06803549377228654,True,309
"BA (m=2, hubs)","linear, continuous T",linear (correct),10565,peer,0.5,0.5510318826504175,0.08064839222365085,True,309
"BA (m=2, hubs)","linear, continuous T",linear (correct),10566,direct,1.0,0.9597845666641956,0.06265066600097886,True,310
"BA (m=2, hubs)","linear, continuous T",linear (correct),10566,peer,0.5,0.376164721493647,0.08912481996682198,True,310
"BA (m=2, hubs)","linear, continuous T",linear (correct),10567,direct,1.0,1.0709884898637956,0.055109529772324466,True,304
"BA (m=2, hubs)","linear, continuous T",linear (correct),10567,peer,0.5,0.5470391625623336,0.07270883802580917,True,304
"BA (m=2, hubs)","linear, continuous T",linear (correct),10568,direct,1.0,1.121801525615071,0.049387266316504815,False,314
"BA (m=2, hubs)","linear, continuous T",linear (correct),10568,peer,0.5,0.4749101466173392,0.10360688018896592,True,314
"BA (m=2, hubs)","linear, continuous T",linear (correct),10569,direct,1.0,0.9546233713057395,0.048670574313934394,True,322
"BA (m=2, hubs)","linear, continuous T",linear (correct),10569,peer,0.5,0.6227148877692149,0.075524705800942,True,322
"BA (m=2, hubs)","linear, continuous T",linear (correct),10570,direct,1.0,0.9936593159244396,0.06690269801024928,True,326
"BA (m=2, hubs)","linear, continuous T",linear (correct),10570,peer,0.5,0.4518706855074931,0.07300271919612895,True,326
"BA (m=2, hubs)","linear, continuous T",linear (correct),10571,direct,1.0,0.8497669519566422,0.0560566056448426,False,299
"BA (m=2, hubs)","linear, continuous T",linear (correct),10571,peer,0.5,0.2595809346161168,0.08186141586845345,False,299
"BA (m=2, hubs)","linear, continuous T",linear (correct),10572,direct,1.0,0.9894104746167424,0.0480835491262137,True,300
"BA (m=2, hubs)","linear, continuous T",linear (correct),10572,peer,0.5,0.6059855629425417,0.09985005402382748,True,300
"BA (m=2, hubs)","linear, continuous T",linear (correct),10573,direct,1.0,1.0046724724290195,0.05242140644617441,True,297
"BA (m=2, hubs)","linear, continuous T",linear (correct),10573,peer,0.5,0.46756357138468013,0.0865162278925624,True,297
"BA (m=2, hubs)","linear, continuous T",linear (correct),10574,direct,1.0,0.8891639172819126,0.05382591716781295,False,313
"BA (m=2, hubs)","linear, continuous T",linear (correct),10574,peer,0.5,0.4791814555553232,0.08664521920634807,True,313
"BA (m=2, hubs)","linear, continuous T",linear (correct),10575,direct,1.0,0.9680582074752402,0.060402178183757246,True,310
"BA (m=2, hubs)","linear, continuous T",linear (correct),10575,peer,0.5,0.509170093596089,0.09430481377092256,True,310
"BA (m=2, hubs)","linear, continuous T",linear (correct),10576,direct,1.0,1.0597435999391105,0.053193834133564315,True,304
"BA (m=2, hubs)","linear, continuous T",linear (correct),10576,peer,0.5,0.4097944349566855,0.07439465360125273,True,304
"BA (m=2, hubs)","linear, continuous T",linear (correct),10577,direct,1.0,1.0165631519393,0.048899721408635535,True,310
"BA (m=2, hubs)","linear, continuous T",linear (correct),10577,peer,0.5,0.4538483206726945,0.08360833205897512,True,310
"BA (m=2, hubs)","linear, continuous T",linear (correct),10578,direct,1.0,1.0745192917234498,0.06489136074421523,True,298
"BA (m=2, hubs)","linear, continuous T",linear (correct),10578,peer,0.5,0.6212267524189147,0.07325987648318871,True,298
"BA (m=2, hubs)","linear, continuous T",linear (correct),10579,direct,1.0,1.0444417987187855,0.056565006063779545,True,298
"BA (m=2, hubs)","linear, continuous T",linear (correct),10579,peer,0.5,0.41101102597054257,0.10031035022423855,True,298
"BA (m=2, hubs)","linear, continuous T",linear (correct),10580,direct,1.0,1.0080176640473484,0.0589741773139395,True,304
"BA (m=2, hubs)","linear, continuous T",linear (correct),10580,peer,0.5,0.6196886144375318,0.08453297828869412,True,304
"BA (m=2, hubs)","linear, continuous T",linear (correct),10581,direct,1.0,1.0495516641452611,0.053342061331958825,True,315
"BA (m=2, hubs)","linear, continuous T",linear (correct),10581,peer,0.5,0.5442468185713532,0.08412286435930949,True,315
"BA (m=2, hubs)","linear, continuous T",linear (correct),10582,direct,1.0,1.0135462022950605,0.05116647730021163,True,305
"BA (m=2, hubs)","linear, continuous T",linear (correct),10582,peer,0.5,0.5931116695957437,0.07882632342376288,True,305
"BA (m=2, hubs)","linear, continuous T",linear (correct),10583,direct,1.0,1.0054378688501509,0.05388651331096306,True,305
"BA (m=2, hubs)","linear, continuous T",linear (correct),10583,peer,0.5,0.4637491597121713,0.08475589571460602,True,305
"BA (m=2, hubs)","linear, continuous T",linear (correct),10584,direct,1.0,1.000372337744084,0.05548795657789856,True,307
"BA (m=2, hubs)","linear, continuous T",linear (correct),10584,peer,0.5,0.526497568477433,0.07497269323900425,True,307
"BA (m=2, hubs)","linear, continuous T",linear (correct),10585,direct,1.0,0.993836052193735,0.06257301685354313,True,308
"BA (m=2, hubs)","linear, continuous T",linear (correct),10585,peer,0.5,0.5726896959520311,0.07142232942239816,True,308
"BA (m=2, hubs)","linear, continuous T",linear (correct),10586,direct,1.0,1.0508595035782706,0.057607319332177914,True,320
"BA (m=2, hubs)","linear, continuous T",linear (correct),10586,peer,0.5,0.6117876867828469,0.08780476801305862,True,320
"BA (m=2, hubs)","linear, continuous T",linear (correct),10587,direct,1.0,0.9571057758037151,0.06284963607638244,True,291
"BA (m=2, hubs)","linear, continuous T",linear (correct),10587,peer,0.5,0.5572546109005545,0.08724147752567285,True,291
"BA (m=2, hubs)","linear, continuous T",linear (correct),10588,direct,1.0,1.0594406829143044,0.05782921794496121,True,313
"BA (m=2, hubs)","linear, continuous T",linear (correct),10588,peer,0.5,0.49668614550216406,0.07458151362905921,True,313
"BA (m=2, hubs)","linear, continuous T",linear (correct),10589,direct,1.0,1.0391818693678294,0.06254922469698397,True,313
"BA (m=2, hubs)","linear, continuous T",linear (correct),10589,peer,0.5,0.4773094056144087,0.08291427001799592,True,313
"BA (m=2, hubs)","linear, continuous T",linear (correct),10590,direct,1.0,1.0304855681533904,0.04865430564623773,True,310
"BA (m=2, hubs)","linear, continuous T",linear (correct),10590,peer,0.5,0.6682485635017097,0.06288998997779668,False,310
"BA (m=2, hubs)","linear, continuous T",linear (correct),10591,direct,1.0,1.0082474545168227,0.06419205193684209,True,299
"BA (m=2, hubs)","linear, continuous T",linear (correct),10591,peer,0.5,0.5039985255902665,0.0908883796869867,True,299
"BA (m=2, hubs)","linear, continuous T",linear (correct),10592,direct,1.0,1.0108770857686789,0.057148745693217276,True,314
"BA (m=2, hubs)","linear, continuous T",linear (correct),10592,peer,0.5,0.46770003323654846,0.0898414991833249,True,314
"BA (m=2, hubs)","linear, continuous T",linear (correct),10593,direct,1.0,1.0175924894193487,0.055935953353726184,True,308
"BA (m=2, hubs)","linear, continuous T",linear (correct),10593,peer,0.5,0.6375214280845941,0.0871350017911238,True,308
"BA (m=2, hubs)","linear, continuous T",linear (correct),10594,direct,1.0,0.954081370316139,0.051788752756768336,True,321
"BA (m=2, hubs)","linear, continuous T",linear (correct),10594,peer,0.5,0.5068081550574253,0.07464665343547008,True,321
"BA (m=2, hubs)","linear, continuous T",linear (correct),10595,direct,1.0,1.1033260478411866,0.05245856383093826,False,328
"BA (m=2, hubs)","linear, continuous T",linear (correct),10595,peer,0.5,0.6267909601598372,0.08555949436570032,True,328
"BA (m=2, hubs)","linear, continuous T",linear (correct),10596,direct,1.0,0.9789309446263803,0.06968622198676537,True,298
"BA (m=2, hubs)","linear, continuous T",linear (correct),10596,peer,0.5,0.32709846353628114,0.0754246555056001,False,298
"BA (m=2, hubs)","linear, continuous T",linear (correct),10597,direct,1.0,1.0392293971827538,0.05566242644673485,True,308
"BA (m=2, hubs)","linear, continuous T",linear (correct),10597,peer,0.5,0.5873393935286897,0.08346994151469896,True,308
"BA (m=2, hubs)","linear, continuous T",linear (correct),10598,direct,1.0,0.893495848482668,0.05202193953680347,False,304
"BA (m=2, hubs)","linear, continuous T",linear (correct),10598,peer,0.5,0.5163999212767049,0.07350902687050916,True,304
"BA (m=2, hubs)","linear, continuous T",linear (correct),10599,direct,1.0,0.9258755521039955,0.05835555025492419,True,311
"BA (m=2, hubs)","linear, continuous T",linear (correct),10599,peer,0.5,0.48859217950209277,0.08718130486078354,True,311
"BA (m=2, hubs)","linear, continuous T",linear (correct),10600,direct,1.0,0.9041709150445121,0.06256250257206258,True,317
"BA (m=2, hubs)","linear, continuous T",linear (correct),10600,peer,0.5,0.6044182552197925,0.0824080094372017,True,317
"BA (m=2, hubs)","linear, continuous T",linear (correct),10601,direct,1.0,1.1126702408834195,0.04979150361871729,False,316
"BA (m=2, hubs)","linear, continuous T",linear (correct),10601,peer,0.5,0.5527767851560009,0.08059350824109414,True,316
"BA (m=2, hubs)","linear, continuous T",linear (correct),10602,direct,1.0,0.9660477998679375,0.05906621116234422,True,306
"BA (m=2, hubs)","linear, continuous T",linear (correct),10602,peer,0.5,0.48711963771221817,0.08414123982760072,True,306
"BA (m=2, hubs)","linear, continuous T",linear (correct),10603,direct,1.0,1.0219495067589086,0.06322257196429924,True,301
"BA (m=2, hubs)","linear, continuous T",linear (correct),10603,peer,0.5,0.4276307077680334,0.09193674020803413,True,301
"BA (m=2, hubs)","linear, continuous T",linear (correct),10604,direct,1.0,0.9102594716355396,0.050828350362300045,True,311
"BA (m=2, hubs)","linear, continuous T",linear (correct),10604,peer,0.5,0.5891208399914176,0.08908309351479281,True,311
"BA (m=2, hubs)","linear, continuous T",linear (correct),10605,direct,1.0,1.0821116601252605,0.06903857509288011,True,320
"BA (m=2, hubs)","linear, continuous T",linear (correct),10605,peer,0.5,0.4493191084714011,0.07228509408635089,True,320
"BA (m=2, hubs)","linear, continuous T",linear (correct),10606,direct,1.0,1.0801474219289269,0.05711215548537569,True,299
"BA (m=2, hubs)","linear, continuous T",linear (correct),10606,peer,0.5,0.5407656931347866,0.09845114239984241,True,299
"BA (m=2, hubs)","linear, continuous T",linear (correct),10607,direct,1.0,1.0173282301751445,0.04956180748976551,True,329
"BA (m=2, hubs)","linear, continuous T",linear (correct),10607,peer,0.5,0.6801432859704335,0.07601027596070142,False,329
"BA (m=2, hubs)","linear, continuous T",linear (correct),10608,direct,1.0,0.990674404827073,0.054580086998243384,True,297
"BA (m=2, hubs)","linear, continuous T",linear (correct),10608,peer,0.5,0.5439080883675065,0.07526734472310741,True,297
"BA (m=2, hubs)","linear, continuous T",linear (correct),10609,direct,1.0,0.969198039504377,0.04897217002230292,True,329
"BA (m=2, hubs)","linear, continuous T",linear (correct),10609,peer,0.5,0.44916446226624845,0.06818967733758144,True,329
"BA (m=2, hubs)","linear, continuous T",linear (correct),10610,direct,1.0,1.0450919730455226,0.057679172995423834,True,313
"BA (m=2, hubs)","linear, continuous T",linear (correct),10610,peer,0.5,0.5169021682496152,0.07436914695891945,True,313
"BA (m=2, hubs)","linear, continuous T",linear (correct),10611,direct,1.0,1.041771707011832,0.05423566707504215,True,313
"BA (m=2, hubs)","linear, continuous T",linear (correct),10611,peer,0.5,0.5548383952656166,0.078594697671447,True,313
"BA (m=2, hubs)","linear, continuous T",linear (correct),10612,direct,1.0,0.9481128399452734,0.06139562773436899,True,316
"BA (m=2, hubs)","linear, continuous T",linear (correct),10612,peer,0.5,0.5751735144814644,0.07796089667521287,True,316
"BA (m=2, hubs)","linear, continuous T",linear (correct),10613,direct,1.0,0.9042078635945838,0.05645558010432595,True,312
"BA (m=2, hubs)","linear, continuous T",linear (correct),10613,peer,0.5,0.5437984143351605,0.08204089688010735,True,312
"BA (m=2, hubs)","linear, continuous T",linear (correct),10614,direct,1.0,1.009884473639632,0.05438888403531908,True,314
"BA (m=2, hubs)","linear, continuous T",linear (correct),10614,peer,0.5,0.373831980310364,0.07793652929920376,True,314
"BA (m=2, hubs)","linear, continuous T",linear (correct),10615,direct,1.0,1.0849898361072288,0.059968820970100534,True,298
"BA (m=2, hubs)","linear, continuous T",linear (correct),10615,peer,0.5,0.509176661588311,0.09785430182370493,True,298
"BA (m=2, hubs)","linear, continuous T",linear (correct),10616,direct,1.0,1.0586958572334069,0.062427107884614495,True,310
"BA (m=2, hubs)","linear, continuous T",linear (correct),10616,peer,0.5,0.5766172509862104,0.07208086239120196,True,310
"BA (m=2, hubs)","linear, continuous T",linear (correct),10617,direct,1.0,0.8861060842194612,0.05557475822716917,False,318
"BA (m=2, hubs)","linear, continuous T",linear (correct),10617,peer,0.5,0.48156256419393156,0.0823148247870054,True,318
"BA (m=2, hubs)","linear, continuous T",linear (correct),10618,direct,1.0,0.9337001341302876,0.0664933704036571,True,315
"BA (m=2, hubs)","linear, continuous T",linear (correct),10618,peer,0.5,0.5237142503280369,0.07392520529769013,True,315
"BA (m=2, hubs)","linear, continuous T",linear (correct),10619,direct,1.0,0.9913234381136492,0.054371391845933835,True,309
"BA (m=2, hubs)","linear, continuous T",linear (correct),10619,peer,0.5,0.4955166204668142,0.09264785406988192,True,309
"BA (m=2, hubs)","linear, continuous T",linear (correct),10620,direct,1.0,1.0317547436950232,0.05362462443729841,True,317
"BA (m=2, hubs)","linear, continuous T",linear (correct),10620,peer,0.5,0.5368011286185558,0.08318677909913637,True,317
"BA (m=2, hubs)","linear, continuous T",linear (correct),10621,direct,1.0,1.0244911351693553,0.050930985518827986,True,309
"BA (m=2, hubs)","linear, continuous T",linear (correct),10621,peer,0.5,0.5243351054143599,0.06736368418621229,True,309
"BA (m=2, hubs)","linear, continuous T",linear (correct),10622,direct,1.0,0.957252406504952,0.053712685782617724,True,312
"BA (m=2, hubs)","linear, continuous T",linear (correct),10622,peer,0.5,0.45444897585376015,0.07232093291682874,True,312
"BA (m=2, hubs)","linear, continuous T",linear (correct),10623,direct,1.0,0.9014722002489941,0.0588225375604355,True,299
"BA (m=2, hubs)","linear, continuous T",linear (correct),10623,peer,0.5,0.47891111969190625,0.0796063728777105,True,299
"BA (m=2, hubs)","linear, continuous T",linear (correct),10624,direct,1.0,0.9875719223967685,0.04755667623631967,True,331
"BA (m=2, hubs)","linear, continuous T",linear (correct),10624,peer,0.5,0.5931049343986594,0.07144170996697408,True,331
"BA (m=2, hubs)","linear, continuous T",linear (correct),10625,direct,1.0,1.0746731606544404,0.05857908528206533,True,322
"BA (m=2, hubs)","linear, continuous T",linear (correct),10625,peer,0.5,0.5168590064831475,0.07373837571903812,True,322
"BA (m=2, hubs)","linear, continuous T",linear (correct),10626,direct,1.0,0.8771862636625716,0.05602852767487983,False,316
"BA (m=2, hubs)","linear, continuous T",linear (correct),10626,peer,0.5,0.6569488987761096,0.07988628617670729,False,316
"BA (m=2, hubs)","linear, continuous T",linear (correct),10627,direct,1.0,1.1023397617302906,0.0641466872307101,True,301
"BA (m=2, hubs)","linear, continuous T",linear (correct),10627,peer,0.5,0.42000997163310094,0.08348076850760607,True,301
"BA (m=2, hubs)","linear, continuous T",linear (correct),10628,direct,1.0,1.0164992817035763,0.05145549693311488,True,309
"BA (m=2, hubs)","linear, continuous T",linear (correct),10628,peer,0.5,0.593079981658987,0.07724488594607391,True,309
"BA (m=2, hubs)","linear, continuous T",linear (correct),10629,direct,1.0,0.9888322724301642,0.05589158508688995,True,308
"BA (m=2, hubs)","linear, continuous T",linear (correct),10629,peer,0.5,0.42772280280279235,0.08515883624530099,True,308
"BA (m=2, hubs)","linear, continuous T",linear (correct),10630,direct,1.0,1.0192540250927815,0.06192370185627152,True,306
"BA (m=2, hubs)","linear, continuous T",linear (correct),10630,peer,0.5,0.5512241653264843,0.07969422116018338,True,306
"BA (m=2, hubs)","linear, continuous T",linear (correct),10631,direct,1.0,0.9923559592838337,0.06198775350916194,True,319
"BA (m=2, hubs)","linear, continuous T",linear (correct),10631,peer,0.5,0.6113860937612846,0.09908145100709205,True,319
"BA (m=2, hubs)","linear, continuous T",linear (correct),10632,direct,1.0,0.9772507344278175,0.052770867478436755,True,310
"BA (m=2, hubs)","linear, continuous T",linear (correct),10632,peer,0.5,0.46793568025331134,0.08077225323666204,True,310
"BA (m=2, hubs)","linear, continuous T",linear (correct),10633,direct,1.0,1.0011356690214406,0.06857887524829774,True,302
"BA (m=2, hubs)","linear, continuous T",linear (correct),10633,peer,0.5,0.5100022326805992,0.06489599975878081,True,302
"BA (m=2, hubs)","linear, continuous T",linear (correct),10634,direct,1.0,0.9435716996722232,0.051115411987849996,True,320
"BA (m=2, hubs)","linear, continuous T",linear (correct),10634,peer,0.5,0.5715775714261473,0.08931413388371193,True,320
"BA (m=2, hubs)","linear, continuous T",linear (correct),10635,direct,1.0,1.018308107849916,0.057925671735160514,True,292
"BA (m=2, hubs)","linear, continuous T",linear (correct),10635,peer,0.5,0.5366672921713774,0.09016805500315839,True,292
"BA (m=2, hubs)","linear, continuous T",linear (correct),10636,direct,1.0,0.8963435371441851,0.06273460222671937,True,312
"BA (m=2, hubs)","linear, continuous T",linear (correct),10636,peer,0.5,0.5224611090895269,0.09658043821695897,True,312
"BA (m=2, hubs)","linear, continuous T",linear (correct),10637,direct,1.0,0.9446302372510215,0.05388598923351905,True,311
"BA (m=2, hubs)","linear, continuous T",linear (correct),10637,peer,0.5,0.5244026428243559,0.0778230164912221,True,311
"BA (m=2, hubs)","linear, continuous T",linear (correct),10638,direct,1.0,1.0931554404389778,0.05914746172816547,True,327
"BA (m=2, hubs)","linear, continuous T",linear (correct),10638,peer,0.5,0.5260639956069959,0.0803303436660962,True,327
"BA (m=2, hubs)","linear, continuous T",linear (correct),10639,direct,1.0,1.0036651472084859,0.048294759430159095,True,303
"BA (m=2, hubs)","linear, continuous T",linear (correct),10639,peer,0.5,0.4468836157345581,0.09032419222929694,True,303
"BA (m=2, hubs)","linear, continuous T",linear (correct),10640,direct,1.0,0.9627182186737666,0.057853993205700775,True,311
"BA (m=2, hubs)","linear, continuous T",linear (correct),10640,peer,0.5,0.4566753021746781,0.0792674823339839,True,311
"BA (m=2, hubs)","linear, continuous T",linear (correct),10641,direct,1.0,0.9705232542243896,0.06367544158867791,True,311
"BA (m=2, hubs)","linear, continuous T",linear (correct),10641,peer,0.5,0.5317142332222847,0.0768151148148507,True,311
"BA (m=2, hubs)","linear, continuous T",linear (correct),10642,direct,1.0,1.0076502598993664,0.053432043157549,True,306
"BA (m=2, hubs)","linear, continuous T",linear (correct),10642,peer,0.5,0.42327896695969885,0.07905588934561668,True,306
"BA (m=2, hubs)","linear, continuous T",linear (correct),10643,direct,1.0,0.9018019773145343,0.05973253825000909,True,314
"BA (m=2, hubs)","linear, continuous T",linear (correct),10643,peer,0.5,0.6005897552485143,0.08371478215273627,True,314
"BA (m=2, hubs)","linear, continuous T",linear (correct),10644,direct,1.0,1.0166603285356304,0.05884359378739986,True,299
"BA (m=2, hubs)","linear, continuous T",linear (correct),10644,peer,0.5,0.601936428016062,0.08601730064067346,True,299
"BA (m=2, hubs)","linear, continuous T",linear (correct),10645,direct,1.0,0.8835691918293106,0.049499535180514975,False,338
"BA (m=2, hubs)","linear, continuous T",linear (correct),10645,peer,0.5,0.41518461816637214,0.07361062397053075,True,338
"BA (m=2, hubs)","linear, continuous T",linear (correct),10646,direct,1.0,1.01244869115335,0.058481404348500216,True,308
"BA (m=2, hubs)","linear, continuous T",linear (correct),10646,peer,0.5,0.5261029025133773,0.08707723968801062,True,308
"BA (m=2, hubs)","linear, continuous T",linear (correct),10647,direct,1.0,1.0086401007499497,0.04865261775628345,True,316
"BA (m=2, hubs)","linear, continuous T",linear (correct),10647,peer,0.5,0.5581389234808691,0.08211148280558368,True,316
"BA (m=2, hubs)","linear, continuous T",linear (correct),10648,direct,1.0,1.0134545861189719,0.050391842315599386,True,309
"BA (m=2, hubs)","linear, continuous T",linear (correct),10648,peer,0.5,0.34937533037879714,0.07794889629084652,True,309
"BA (m=2, hubs)","linear, continuous T",linear (correct),10649,direct,1.0,0.9830746063153964,0.05505017647828769,True,314
"BA (m=2, hubs)","linear, continuous T",linear (correct),10649,peer,0.5,0.4900301622977652,0.0903753543182455,True,314
"BA (m=2, hubs)","linear, continuous T",linear (correct),10650,direct,1.0,0.9720966567853658,0.05240450258384848,True,310
"BA (m=2, hubs)","linear, continuous T",linear (correct),10650,peer,0.5,0.5464169855313302,0.08219823668376378,True,310
"BA (m=2, hubs)","linear, continuous T",linear (correct),10651,direct,1.0,0.9870750009666458,0.05727352429460224,True,307
"BA (m=2, hubs)","linear, continuous T",linear (correct),10651,peer,0.5,0.34021502799934067,0.07638256150706467,False,307
"BA (m=2, hubs)","linear, continuous T",linear (correct),10652,direct,1.0,0.9589121117832148,0.05671866986964179,True,321
"BA (m=2, hubs)","linear, continuous T",linear (correct),10652,peer,0.5,0.5342853493223965,0.08222659443087477,True,321
"BA (m=2, hubs)","linear, continuous T",linear (correct),10653,direct,1.0,1.0444677798130053,0.048386234128000145,True,316
"BA (m=2, hubs)","linear, continuous T",linear (correct),10653,peer,0.5,0.42213810434748317,0.07514508735066786,True,316
"BA (m=2, hubs)","linear, continuous T",linear (correct),10654,direct,1.0,0.9269633968879419,0.058598901764589005,True,308
"BA (m=2, hubs)","linear, continuous T",linear (correct),10654,peer,0.5,0.5222247658175857,0.07753991761728454,True,308
"BA (m=2, hubs)","linear, continuous T",linear (correct),10655,direct,1.0,0.9775057065297613,0.054101334568054084,True,310
"BA (m=2, hubs)","linear, continuous T",linear (correct),10655,peer,0.5,0.5316967125720343,0.07551965803692196,True,310
"BA (m=2, hubs)","linear, continuous T",linear (correct),10656,direct,1.0,0.9943967637943788,0.05162533413851788,True,296
"BA (m=2, hubs)","linear, continuous T",linear (correct),10656,peer,0.5,0.5017559692264977,0.07773437920398855,True,296
"BA (m=2, hubs)","linear, continuous T",linear (correct),10657,direct,1.0,0.8820214012969464,0.057995708474664266,False,299
"BA (m=2, hubs)","linear, continuous T",linear (correct),10657,peer,0.5,0.5276045793237917,0.08085767312890396,True,299
"BA (m=2, hubs)","linear, continuous T",linear (correct),10658,direct,1.0,0.9703888960154011,0.05291519152166916,True,313
"BA (m=2, hubs)","linear, continuous T",linear (correct),10658,peer,0.5,0.6795176984276963,0.07184367702036343,False,313
"BA (m=2, hubs)","linear, continuous T",linear (correct),10659,direct,1.0,1.1062352007701617,0.06386388001925575,True,309
"BA (m=2, hubs)","linear, continuous T",linear (correct),10659,peer,0.5,0.46698636031940305,0.07865448219698544,True,309
"BA (m=2, hubs)","linear, continuous T",linear (correct),10660,direct,1.0,1.0274127019363546,0.05009930467819593,True,299
"BA (m=2, hubs)","linear, continuous T",linear (correct),10660,peer,0.5,0.5287332509020631,0.07769265046395542,True,299
"BA (m=2, hubs)","linear, continuous T",linear (correct),10661,direct,1.0,0.9668800090459183,0.06344116963089891,True,319
"BA (m=2, hubs)","linear, continuous T",linear (correct),10661,peer,0.5,0.303976960592563,0.08756976531234363,False,319
"BA (m=2, hubs)","linear, continuous T",linear (correct),10662,direct,1.0,1.0209794459463173,0.06166989964180779,True,313
"BA (m=2, hubs)","linear, continuous T",linear (correct),10662,peer,0.5,0.543925198601475,0.07563997457907154,True,313
"BA (m=2, hubs)","linear, continuous T",linear (correct),10663,direct,1.0,0.9936399192754324,0.05548228372810421,True,308
"BA (m=2, hubs)","linear, continuous T",linear (correct),10663,peer,0.5,0.3837603078461905,0.09056704463544087,True,308
"BA (m=2, hubs)","linear, continuous T",linear (correct),10664,direct,1.0,1.0706093962628087,0.05607015243417041,True,301
"BA (m=2, hubs)","linear, continuous T",linear (correct),10664,peer,0.5,0.5073908410969608,0.07416723485699094,True,301
"BA (m=2, hubs)","linear, continuous T",linear (correct),10665,direct,1.0,0.9308774308463502,0.05999423458818566,True,312
"BA (m=2, hubs)","linear, continuous T",linear (correct),10665,peer,0.5,0.5196018103219245,0.0791766703327811,True,312
"BA (m=2, hubs)","linear, continuous T",linear (correct),10666,direct,1.0,1.053135531987114,0.06647506187931926,True,302
"BA (m=2, hubs)","linear, continuous T",linear (correct),10666,peer,0.5,0.46975678241313257,0.08184244418240669,True,302
"BA (m=2, hubs)","linear, continuous T",linear (correct),10667,direct,1.0,0.9753275155249844,0.055711360022143816,True,327
"BA (m=2, hubs)","linear, continuous T",linear (correct),10667,peer,0.5,0.5514369357206562,0.0709502116956457,True,327
"BA (m=2, hubs)","linear, continuous T",linear (correct),10668,direct,1.0,0.9980211533292178,0.06965696465667501,True,308
"BA (m=2, hubs)","linear, continuous T",linear (correct),10668,peer,0.5,0.4089485119153973,0.10017909367645923,True,308
"BA (m=2, hubs)","linear, continuous T",linear (correct),10669,direct,1.0,0.9535617625618649,0.05837815616870524,True,297
"BA (m=2, hubs)","linear, continuous T",linear (correct),10669,peer,0.5,0.5473733524687603,0.10401445035034824,True,297
"BA (m=2, hubs)","linear, continuous T",linear (correct),10670,direct,1.0,0.9563248287910902,0.05444668276762614,True,306
"BA (m=2, hubs)","linear, continuous T",linear (correct),10670,peer,0.5,0.4496356848516471,0.08388263416570803,True,306
"BA (m=2, hubs)","linear, continuous T",linear (correct),10671,direct,1.0,1.0553928153908663,0.0455095281342836,True,314
"BA (m=2, hubs)","linear, continuous T",linear (correct),10671,peer,0.5,0.47058072684303387,0.07989485321445211,True,314
"BA (m=2, hubs)","linear, continuous T",linear (correct),10672,direct,1.0,0.968211233655253,0.05352965878950575,True,314
"BA (m=2, hubs)","linear, continuous T",linear (correct),10672,peer,0.5,0.4326258224990679,0.06902042488646726,True,314
"BA (m=2, hubs)","linear, continuous T",linear (correct),10673,direct,1.0,1.0406060016356464,0.0462455646472924,True,317
"BA (m=2, hubs)","linear, continuous T",linear (correct),10673,peer,0.5,0.4796590571982193,0.07927141010464953,True,317
"BA (m=2, hubs)","linear, continuous T",linear (correct),10674,direct,1.0,1.0522746497991873,0.05279556503196197,True,303
"BA (m=2, hubs)","linear, continuous T",linear (correct),10674,peer,0.5,0.5927055000408711,0.0844564399361279,True,303
"BA (m=2, hubs)","linear, continuous T",linear (correct),10675,direct,1.0,1.029377076243499,0.057589227580671705,True,303
"BA (m=2, hubs)","linear, continuous T",linear (correct),10675,peer,0.5,0.6379360117591899,0.08346195360778647,True,303
"BA (m=2, hubs)","linear, continuous T",linear (correct),10676,direct,1.0,1.008286989573301,0.05917594153548693,True,312
"BA (m=2, hubs)","linear, continuous T",linear (correct),10676,peer,0.5,0.4522218254381397,0.08534764748989568,True,312
"BA (m=2, hubs)","linear, continuous T",linear (correct),10677,direct,1.0,0.9333873999770792,0.05818743638619023,True,332
"BA (m=2, hubs)","linear, continuous T",linear (correct),10677,peer,0.5,0.5913584449982505,0.07947221963615313,True,332
"BA (m=2, hubs)","linear, continuous T",linear (correct),10678,direct,1.0,1.0154898638782777,0.05565068265940756,True,314
"BA (m=2, hubs)","linear, continuous T",linear (correct),10678,peer,0.5,0.3435084539110555,0.08578120696433619,True,314
"BA (m=2, hubs)","linear, continuous T",linear (correct),10679,direct,1.0,1.0236118641128928,0.06786923175720307,True,311
"BA (m=2, hubs)","linear, continuous T",linear (correct),10679,peer,0.5,0.4282812897307824,0.08538458598715645,True,311
"BA (m=2, hubs)","linear, continuous T",linear (correct),10680,direct,1.0,1.1069224369059467,0.05796732662939035,True,309
"BA (m=2, hubs)","linear, continuous T",linear (correct),10680,peer,0.5,0.5640705453275486,0.08744584983159817,True,309
"BA (m=2, hubs)","linear, continuous T",linear (correct),10681,direct,1.0,1.0331824692907687,0.05374926260147614,True,305
"BA (m=2, hubs)","linear, continuous T",linear (correct),10681,peer,0.5,0.3915370607519473,0.08397544093833612,True,305
"BA (m=2, hubs)","linear, continuous T",linear (correct),10682,direct,1.0,0.9754353700236928,0.06335681298069584,True,299
"BA (m=2, hubs)","linear, continuous T",linear (correct),10682,peer,0.5,0.5137847760290174,0.08774142089070752,True,299
"BA (m=2, hubs)","linear, continuous T",linear (correct),10683,direct,1.0,1.0280789029735569,0.06338283634811054,True,316
"BA (m=2, hubs)","linear, continuous T",linear (correct),10683,peer,0.5,0.37451662561621607,0.07969595600825548,True,316
"BA (m=2, hubs)","linear, continuous T",linear (correct),10684,direct,1.0,1.0885324802528948,0.0526861533958163,True,314
"BA (m=2, hubs)","linear, continuous T",linear (correct),10684,peer,0.5,0.5645233977464102,0.08430740729037856,True,314
"BA (m=2, hubs)","linear, continuous T",linear (correct),10685,direct,1.0,1.1781693426268827,0.05211023121541193,False,315
"BA (m=2, hubs)","linear, continuous T",linear (correct),10685,peer,0.5,0.4810607852131147,0.07811721005603675,True,315
"BA (m=2, hubs)","linear, continuous T",linear (correct),10686,direct,1.0,0.9869743508466505,0.04845438531540893,True,298
"BA (m=2, hubs)","linear, continuous T",linear (correct),10686,peer,0.5,0.5526929908868944,0.09716113198813375,True,298
"BA (m=2, hubs)","linear, continuous T",linear (correct),10687,direct,1.0,0.9498860520574937,0.07170962073065301,True,314
"BA (m=2, hubs)","linear, continuous T",linear (correct),10687,peer,0.5,0.5766262630977868,0.08628351707540667,True,314
"BA (m=2, hubs)","linear, continuous T",linear (correct),10688,direct,1.0,0.9658825892368103,0.056812558223291294,True,315
"BA (m=2, hubs)","linear, continuous T",linear (correct),10688,peer,0.5,0.47058312027250543,0.07865633422072445,True,315
"BA (m=2, hubs)","linear, continuous T",linear (correct),10689,direct,1.0,0.951398026369255,0.05340136343793912,True,315
"BA (m=2, hubs)","linear, continuous T",linear (correct),10689,peer,0.5,0.5120200478780955,0.07371050168125419,True,315
"BA (m=2, hubs)","linear, continuous T",linear (correct),10690,direct,1.0,1.0232663699764035,0.055366821615968106,True,307
"BA (m=2, hubs)","linear, continuous T",linear (correct),10690,peer,0.5,0.6353379404807352,0.07949247770355243,True,307
"BA (m=2, hubs)","linear, continuous T",linear (correct),10691,direct,1.0,0.9997919684052348,0.05629513380303745,True,317
"BA (m=2, hubs)","linear, continuous T",linear (correct),10691,peer,0.5,0.5716527171159111,0.08272093411757715,True,317
"BA (m=2, hubs)","linear, continuous T",linear (correct),10692,direct,1.0,0.9429789619342455,0.07296319771597602,True,300
"BA (m=2, hubs)","linear, continuous T",linear (correct),10692,peer,0.5,0.556588692024615,0.08030564636860185,True,300
"BA (m=2, hubs)","linear, continuous T",linear (correct),10693,direct,1.0,0.9922118156621943,0.056157466628730925,True,299
"BA (m=2, hubs)","linear, continuous T",linear (correct),10693,peer,0.5,0.4546152827482626,0.08119852497347634,True,299
"BA (m=2, hubs)","linear, continuous T",linear (correct),10694,direct,1.0,0.9652319989917169,0.0570526535663676,True,288
"BA (m=2, hubs)","linear, continuous T",linear (correct),10694,peer,0.5,0.6582157159774079,0.07919075561665204,False,288
"BA (m=2, hubs)","linear, continuous T",linear (correct),10695,direct,1.0,1.0526317058278976,0.06457448311112571,True,307
"BA (m=2, hubs)","linear, continuous T",linear (correct),10695,peer,0.5,0.5549644172164003,0.09109079767952476,True,307
"BA (m=2, hubs)","linear, continuous T",linear (correct),10696,direct,1.0,1.1297671453577613,0.05881905215920741,False,310
"BA (m=2, hubs)","linear, continuous T",linear (correct),10696,peer,0.5,0.4548683294337298,0.0980598867960156,True,310
"BA (m=2, hubs)","linear, continuous T",linear (correct),10697,direct,1.0,1.010253983749854,0.052642954487008196,True,320
"BA (m=2, hubs)","linear, continuous T",linear (correct),10697,peer,0.5,0.47489205404339296,0.07102579066145055,True,320
"BA (m=2, hubs)","linear, continuous T",linear (correct),10698,direct,1.0,0.9489218094123908,0.05379398704260383,True,307
"BA (m=2, hubs)","linear, continuous T",linear (correct),10698,peer,0.5,0.6107547432539697,0.08041914843357703,True,307
"BA (m=2, hubs)","linear, continuous T",linear (correct),10699,direct,1.0,0.9744387021104162,0.04872809510841974,True,330
"BA (m=2, hubs)","linear, continuous T",linear (correct),10699,peer,0.5,0.4628174307816799,0.07210938143187876,True,330
"BA (m=2, hubs)","linear, continuous T",linear (correct),10700,direct,1.0,0.9744342707034647,0.0498456164997358,True,310
"BA (m=2, hubs)","linear, continuous T",linear (correct),10700,peer,0.5,0.5153719542450753,0.0676974907553462,True,310
"BA (m=2, hubs)","linear, continuous T",linear (correct),10701,direct,1.0,1.026958513544751,0.053328046240732174,True,309
"BA (m=2, hubs)","linear, continuous T",linear (correct),10701,peer,0.5,0.5385094837393217,0.0791196433072397,True,309
"BA (m=2, hubs)","linear, continuous T",linear (correct),10702,direct,1.0,1.0794758066879164,0.04937308213258567,True,321
"BA (m=2, hubs)","linear, continuous T",linear (correct),10702,peer,0.5,0.5138798567003406,0.088568049839373,True,321
"BA (m=2, hubs)","linear, continuous T",linear (correct),10703,direct,1.0,1.046303653779015,0.06189934291837402,True,308
"BA (m=2, hubs)","linear, continuous T",linear (correct),10703,peer,0.5,0.5586488311228063,0.0827786033549455,True,308
"BA (m=2, hubs)","linear, continuous T",linear (correct),10704,direct,1.0,0.9336856093565886,0.06595240523388195,True,319
"BA (m=2, hubs)","linear, continuous T",linear (correct),10704,peer,0.5,0.5486600180723978,0.08964249007376894,True,319
"BA (m=2, hubs)","linear, continuous T",linear (correct),10705,direct,1.0,0.9880424177274807,0.05519655490453195,True,308
"BA (m=2, hubs)","linear, continuous T",linear (correct),10705,peer,0.5,0.4404795023510039,0.08779595001446344,True,308
"BA (m=2, hubs)","linear, continuous T",linear (correct),10706,direct,1.0,0.9305700038322403,0.04783129283094969,True,306
"BA (m=2, hubs)","linear, continuous T",linear (correct),10706,peer,0.5,0.5856438436589277,0.08256697481230371,True,306
"BA (m=2, hubs)","linear, continuous T",linear (correct),10707,direct,1.0,0.9580509378648466,0.06379382153114266,True,319
"BA (m=2, hubs)","linear, continuous T",linear (correct),10707,peer,0.5,0.6254850353985179,0.07049590196225855,True,319
"BA (m=2, hubs)","linear, continuous T",linear (correct),10708,direct,1.0,0.9293408059964563,0.04876189357555165,True,322
"BA (m=2, hubs)","linear, continuous T",linear (correct),10708,peer,0.5,0.40322456170842375,0.07205666682921676,True,322
"BA (m=2, hubs)","linear, continuous T",linear (correct),10709,direct,1.0,0.9142181465574403,0.054272447864418025,True,313
"BA (m=2, hubs)","linear, continuous T",linear (correct),10709,peer,0.5,0.4928911853902245,0.06944848622569691,True,313
"BA (m=2, hubs)","linear, continuous T",linear (correct),10710,direct,1.0,0.9708604090179491,0.05635952978495442,True,315
"BA (m=2, hubs)","linear, continuous T",linear (correct),10710,peer,0.5,0.5430192854758551,0.08497501815348578,True,315
"BA (m=2, hubs)","linear, continuous T",linear (correct),10711,direct,1.0,1.1139292734770594,0.05580330938891639,False,310
"BA (m=2, hubs)","linear, continuous T",linear (correct),10711,peer,0.5,0.5659103741276756,0.07847339081382187,True,310
"BA (m=2, hubs)","linear, continuous T",linear (correct),10712,direct,1.0,1.0250166759818244,0.05641253291138196,True,292
"BA (m=2, hubs)","linear, continuous T",linear (correct),10712,peer,0.5,0.5290085958190085,0.07701913768644353,True,292
"BA (m=2, hubs)","linear, continuous T",linear (correct),10713,direct,1.0,1.0960549564719584,0.055021251619819085,True,310
"BA (m=2, hubs)","linear, continuous T",linear (correct),10713,peer,0.5,0.4865333171028831,0.07774221408595061,True,310
"BA (m=2, hubs)","linear, continuous T",linear (correct),10714,direct,1.0,0.8631402787339147,0.05791630434163422,False,300
"BA (m=2, hubs)","linear, continuous T",linear (correct),10714,peer,0.5,0.5325813977704438,0.073309630055781,True,300
"BA (m=2, hubs)","linear, continuous T",linear (correct),10715,direct,1.0,0.9732279142394729,0.048052554658917584,True,318
"BA (m=2, hubs)","linear, continuous T",linear (correct),10715,peer,0.5,0.4628256226712943,0.07346485648152637,True,318
"BA (m=2, hubs)","linear, continuous T",linear (correct),10716,direct,1.0,1.0993225399349056,0.05599297951151149,True,317
"BA (m=2, hubs)","linear, continuous T",linear (correct),10716,peer,0.5,0.42545816523343727,0.07787541908590849,True,317
"BA (m=2, hubs)","linear, continuous T",linear (correct),10717,direct,1.0,1.126388979581312,0.05322416721698437,False,312
"BA (m=2, hubs)","linear, continuous T",linear (correct),10717,peer,0.5,0.40137811026548337,0.08349603873671593,True,312
"BA (m=2, hubs)","linear, continuous T",linear (correct),10718,direct,1.0,1.1072662000545523,0.053841174981254965,False,307
"BA (m=2, hubs)","linear, continuous T",linear (correct),10718,peer,0.5,0.6447686387712255,0.09976437373793738,True,307
"BA (m=2, hubs)","linear, continuous T",linear (correct),10719,direct,1.0,1.0390794221711637,0.05644654081977392,True,302
"BA (m=2, hubs)","linear, continuous T",linear (correct),10719,peer,0.5,0.5502727717749318,0.07252503057367214,True,302
"BA (m=2, hubs)","linear, continuous T",linear (correct),10720,direct,1.0,1.0846630790214598,0.06463681962924492,True,297
"BA (m=2, hubs)","linear, continuous T",linear (correct),10720,peer,0.5,0.4661638363385504,0.10925411310377485,True,297
"BA (m=2, hubs)","linear, continuous T",linear (correct),10721,direct,1.0,1.0290494279813043,0.06121460708204958,True,302
"BA (m=2, hubs)","linear, continuous T",linear (correct),10721,peer,0.5,0.48321505138925486,0.06840358340221733,True,302
"BA (m=2, hubs)","linear, continuous T",linear (correct),10722,direct,1.0,1.0166424607734637,0.04711230530571851,True,310
"BA (m=2, hubs)","linear, continuous T",linear (correct),10722,peer,0.5,0.43999964559693583,0.06518727461374772,True,310
"BA (m=2, hubs)","linear, continuous T",linear (correct),10723,direct,1.0,0.861921684008908,0.06662895152721623,False,309
"BA (m=2, hubs)","linear, continuous T",linear (correct),10723,peer,0.5,0.5053947040274327,0.09220421829738946,True,309
"BA (m=2, hubs)","linear, continuous T",linear (correct),10724,direct,1.0,1.035920193637558,0.05424865006534993,True,323
"BA (m=2, hubs)","linear, continuous T",linear (correct),10724,peer,0.5,0.41675033521773674,0.08376259841038851,True,323
"BA (m=2, hubs)","linear, continuous T",linear (correct),10725,direct,1.0,0.9498944240395097,0.05180433663663601,True,321
"BA (m=2, hubs)","linear, continuous T",linear (correct),10725,peer,0.5,0.5032651068090841,0.06949619621229257,True,321
"BA (m=2, hubs)","linear, continuous T",linear (correct),10726,direct,1.0,0.9832749276678299,0.056221222316373214,True,320
"BA (m=2, hubs)","linear, continuous T",linear (correct),10726,peer,0.5,0.34981017440023376,0.07344592160330839,False,320
"BA (m=2, hubs)","linear, continuous T",linear (correct),10727,direct,1.0,1.0690115010701422,0.057142105400114496,True,319
"BA (m=2, hubs)","linear, continuous T",linear (correct),10727,peer,0.5,0.5179168308108921,0.08585018051033215,True,319
"BA (m=2, hubs)","linear, continuous T",linear (correct),10728,direct,1.0,0.9627191203099995,0.06757725723066353,True,306
"BA (m=2, hubs)","linear, continuous T",linear (correct),10728,peer,0.5,0.4913859608904589,0.08472224437923778,True,306
"BA (m=2, hubs)","linear, continuous T",linear (correct),10729,direct,1.0,0.9550739184086079,0.050455801106088785,True,305
"BA (m=2, hubs)","linear, continuous T",linear (correct),10729,peer,0.5,0.32263776144915246,0.08265177084799993,False,305
"BA (m=2, hubs)","linear, continuous T",linear (correct),10730,direct,1.0,1.041591270693953,0.05481396725768366,True,321
"BA (m=2, hubs)","linear, continuous T",linear (correct),10730,peer,0.5,0.5258068397095398,0.0659607772389905,True,321
"BA (m=2, hubs)","linear, continuous T",linear (correct),10731,direct,1.0,1.0787855593405695,0.05569262390117337,True,311
"BA (m=2, hubs)","linear, continuous T",linear (correct),10731,peer,0.5,0.6108710237477405,0.07312173031899541,True,311
"BA (m=2, hubs)","linear, continuous T",linear (correct),10732,direct,1.0,0.9788483944625994,0.05710782466485547,True,300
"BA (m=2, hubs)","linear, continuous T",linear (correct),10732,peer,0.5,0.4967685027979281,0.08036608816509948,True,300
"BA (m=2, hubs)","linear, continuous T",linear (correct),10733,direct,1.0,0.9813737774155272,0.061483126135229375,True,313
"BA (m=2, hubs)","linear, continuous T",linear (correct),10733,peer,0.5,0.5950388132451309,0.08192650931402357,True,313
"BA (m=2, hubs)","linear, continuous T",linear (correct),10734,direct,1.0,0.9875356907419844,0.053312392362143225,True,331
"BA (m=2, hubs)","linear, continuous T",linear (correct),10734,peer,0.5,0.6291856769729869,0.0910708492013341,True,331
"BA (m=2, hubs)","linear, continuous T",linear (correct),10735,direct,1.0,1.0324536157898714,0.06310964580901987,True,298
"BA (m=2, hubs)","linear, continuous T",linear (correct),10735,peer,0.5,0.5042052863870408,0.10568330196389415,True,298
"BA (m=2, hubs)","linear, continuous T",linear (correct),10736,direct,1.0,1.1380371123238613,0.06251950061926398,False,307
"BA (m=2, hubs)","linear, continuous T",linear (correct),10736,peer,0.5,0.5110339550330985,0.08666914348913766,True,307
"BA (m=2, hubs)","linear, continuous T",linear (correct),10737,direct,1.0,1.051154001216957,0.04883118348820608,True,321
"BA (m=2, hubs)","linear, continuous T",linear (correct),10737,peer,0.5,0.483700917021285,0.07573542083657948,True,321
"BA (m=2, hubs)","linear, continuous T",linear (correct),10738,direct,1.0,1.0476694769111783,0.05699890982222063,True,313
"BA (m=2, hubs)","linear, continuous T",linear (correct),10738,peer,0.5,0.4963448200229557,0.07670219941864005,True,313
"BA (m=2, hubs)","linear, continuous T",linear (correct),10739,direct,1.0,0.9040313811912796,0.051040709268151435,True,313
"BA (m=2, hubs)","linear, continuous T",linear (correct),10739,peer,0.5,0.5437808485020127,0.08255411061040875,True,313
"BA (m=2, hubs)","linear, continuous T",linear (correct),10740,direct,1.0,1.0116056676915133,0.07061552809937943,True,300
"BA (m=2, hubs)","linear, continuous T",linear (correct),10740,peer,0.5,0.6172174539269087,0.08422903526645632,True,300
"BA (m=2, hubs)","linear, continuous T",linear (correct),10741,direct,1.0,1.0436297530103478,0.0641973847513613,True,300
"BA (m=2, hubs)","linear, continuous T",linear (correct),10741,peer,0.5,0.4657049439487438,0.08301532244919285,True,300
"BA (m=2, hubs)","linear, continuous T",linear (correct),10742,direct,1.0,1.09281700691636,0.05280167202840466,True,320
"BA (m=2, hubs)","linear, continuous T",linear (correct),10742,peer,0.5,0.535775879374685,0.08273965678112875,True,320
"BA (m=2, hubs)","linear, continuous T",linear (correct),10743,direct,1.0,0.9315259307377926,0.05890129294027116,True,311
"BA (m=2, hubs)","linear, continuous T",linear (correct),10743,peer,0.5,0.4746216650994401,0.0856383299934518,True,311
"BA (m=2, hubs)","linear, continuous T",linear (correct),10744,direct,1.0,1.0027999787336686,0.073188914074848,True,306
"BA (m=2, hubs)","linear, continuous T",linear (correct),10744,peer,0.5,0.49264230996077363,0.09582480647099649,True,306
"BA (m=2, hubs)","linear, continuous T",linear (correct),10745,direct,1.0,0.9157163693698102,0.055220711829088616,True,308
"BA (m=2, hubs)","linear, continuous T",linear (correct),10745,peer,0.5,0.4851023924963606,0.06818335834035853,True,308
"BA (m=2, hubs)","linear, continuous T",linear (correct),10746,direct,1.0,0.9277700821579873,0.06134934903898484,True,314
"BA (m=2, hubs)","linear, continuous T",linear (correct),10746,peer,0.5,0.43268569339855756,0.09562499617678628,True,314
"BA (m=2, hubs)","linear, continuous T",linear (correct),10747,direct,1.0,1.1121772671061922,0.07080686855630526,True,311
"BA (m=2, hubs)","linear, continuous T",linear (correct),10747,peer,0.5,0.46578717199251685,0.09933348006800048,True,311
"BA (m=2, hubs)","linear, continuous T",linear (correct),10748,direct,1.0,1.0005803764883954,0.077948228319716,True,308
"BA (m=2, hubs)","linear, continuous T",linear (correct),10748,peer,0.5,0.4271134096334456,0.07944757694788361,True,308
"BA (m=2, hubs)","linear, continuous T",linear (correct),10749,direct,1.0,1.0200555166818224,0.055939290258490613,True,318
"BA (m=2, hubs)","linear, continuous T",linear (correct),10749,peer,0.5,0.3654736908089502,0.07493207306408096,True,318
"BA (m=2, hubs)","linear, continuous T",linear (correct),10750,direct,1.0,1.0150001755164564,0.059778713315625565,True,320
"BA (m=2, hubs)","linear, continuous T",linear (correct),10750,peer,0.5,0.4297343961726424,0.08108449028210597,True,320
"BA (m=2, hubs)","linear, continuous T",linear (correct),10751,direct,1.0,1.054354973971435,0.05751375263637538,True,316
"BA (m=2, hubs)","linear, continuous T",linear (correct),10751,peer,0.5,0.410298796876126,0.07692805419531877,True,316
"BA (m=2, hubs)","linear, continuous T",linear (correct),10752,direct,1.0,1.0088730281987022,0.050313528527022616,True,304
"BA (m=2, hubs)","linear, continuous T",linear (correct),10752,peer,0.5,0.4822642487792998,0.08766597695619217,True,304
"BA (m=2, hubs)","linear, continuous T",linear (correct),10753,direct,1.0,0.9613170575274653,0.06530264107535566,True,309
"BA (m=2, hubs)","linear, continuous T",linear (correct),10753,peer,0.5,0.586137757779607,0.08209575589638146,True,309
"BA (m=2, hubs)","linear, continuous T",linear (correct),10754,direct,1.0,0.9387624579495917,0.055354362983511714,True,302
"BA (m=2, hubs)","linear, continuous T",linear (correct),10754,peer,0.5,0.43016085469861887,0.0714140269062665,True,302
"BA (m=2, hubs)","linear, continuous T",linear (correct),10755,direct,1.0,1.012301640393683,0.055583664123633365,True,322
"BA (m=2, hubs)","linear, continuous T",linear (correct),10755,peer,0.5,0.5552486724553674,0.08874892740281357,True,322
"BA (m=2, hubs)","linear, continuous T",linear (correct),10756,direct,1.0,0.9473542959762435,0.05555827299792334,True,300
"BA (m=2, hubs)","linear, continuous T",linear (correct),10756,peer,0.5,0.5255222872248472,0.10286851645695787,True,300
"BA (m=2, hubs)","linear, continuous T",linear (correct),10757,direct,1.0,1.0341218360137827,0.056180169020246445,True,304
"BA (m=2, hubs)","linear, continuous T",linear (correct),10757,peer,0.5,0.5858856016214815,0.08173977173628977,True,304
"BA (m=2, hubs)","linear, continuous T",linear (correct),10758,direct,1.0,0.9424563977259497,0.057792587893708204,True,292
"BA (m=2, hubs)","linear, continuous T",linear (correct),10758,peer,0.5,0.42015755246653946,0.08556558129910645,True,292
"BA (m=2, hubs)","linear, continuous T",linear (correct),10759,direct,1.0,1.0305847834502366,0.05838571321351116,True,315
"BA (m=2, hubs)","linear, continuous T",linear (correct),10759,peer,0.5,0.6194343169978683,0.09149985772449533,True,315
"BA (m=2, hubs)","linear, continuous T",linear (correct),10760,direct,1.0,1.0090244057810975,0.05801779701628583,True,319
"BA (m=2, hubs)","linear, continuous T",linear (correct),10760,peer,0.5,0.42295301372180805,0.08741834445627772,True,319
"BA (m=2, hubs)","linear, continuous T",linear (correct),10761,direct,1.0,1.0696077355431348,0.05626384186878478,True,311
"BA (m=2, hubs)","linear, continuous T",linear (correct),10761,peer,0.5,0.45052116797698943,0.08102212515773698,True,311
"BA (m=2, hubs)","linear, continuous T",linear (correct),10762,direct,1.0,1.008426344494653,0.0520776996834896,True,307
"BA (m=2, hubs)","linear, continuous T",linear (correct),10762,peer,0.5,0.6543631858285195,0.07600011074793299,False,307
"BA (m=2, hubs)","linear, continuous T",linear (correct),10763,direct,1.0,1.0463839254508387,0.04756096860729645,True,313
"BA (m=2, hubs)","linear, continuous T",linear (correct),10763,peer,0.5,0.4846486422225894,0.08234925657488812,True,313
"BA (m=2, hubs)","linear, continuous T",linear (correct),10764,direct,1.0,0.9547280927950967,0.06180217900009535,True,312
"BA (m=2, hubs)","linear, continuous T",linear (correct),10764,peer,0.5,0.6054718893312723,0.0820171874015745,True,312
"BA (m=2, hubs)","linear, continuous T",linear (correct),10765,direct,1.0,1.0271887217207438,0.05317802364227741,True,319
"BA (m=2, hubs)","linear, continuous T",linear (correct),10765,peer,0.5,0.43981345144599976,0.07662930463834311,True,319
"BA (m=2, hubs)","linear, continuous T",linear (correct),10766,direct,1.0,1.017294643080924,0.07571863315576308,True,323
"BA (m=2, hubs)","linear, continuous T",linear (correct),10766,peer,0.5,0.5460109875148935,0.09075610770221225,True,323
"BA (m=2, hubs)","linear, continuous T",linear (correct),10767,direct,1.0,1.022775086499065,0.052321494715188606,True,313
"BA (m=2, hubs)","linear, continuous T",linear (correct),10767,peer,0.5,0.573250463246906,0.07208524872160547,True,313
"BA (m=2, hubs)","linear, continuous T",linear (correct),10768,direct,1.0,0.9724093738126594,0.06258296814299576,True,307
"BA (m=2, hubs)","linear, continuous T",linear (correct),10768,peer,0.5,0.6689466227641052,0.09580165728635626,True,307
"BA (m=2, hubs)","linear, continuous T",linear (correct),10769,direct,1.0,1.0127053461272975,0.053352643334336106,True,296
"BA (m=2, hubs)","linear, continuous T",linear (correct),10769,peer,0.5,0.4296581112202787,0.07495781460758115,True,296
"BA (m=2, hubs)","linear, continuous T",linear (correct),10770,direct,1.0,0.8813562150272115,0.06033530136566356,False,321
"BA (m=2, hubs)","linear, continuous T",linear (correct),10770,peer,0.5,0.4055615303705112,0.07053407203631473,True,321
"BA (m=2, hubs)","linear, continuous T",linear (correct),10771,direct,1.0,1.0628862152221998,0.059807481006791084,True,306
"BA (m=2, hubs)","linear, continuous T",linear (correct),10771,peer,0.5,0.5003398413299719,0.07550636826477443,True,306
"BA (m=2, hubs)","linear, continuous T",linear (correct),10772,direct,1.0,0.8794370718627044,0.06015428518687856,False,316
"BA (m=2, hubs)","linear, continuous T",linear (correct),10772,peer,0.5,0.4253522841329176,0.08079875368559163,True,316
"BA (m=2, hubs)","linear, continuous T",linear (correct),10773,direct,1.0,0.980320682833514,0.0571812305467423,True,304
"BA (m=2, hubs)","linear, continuous T",linear (correct),10773,peer,0.5,0.5187402222235448,0.09478020060628387,True,304
"BA (m=2, hubs)","linear, continuous T",linear (correct),10774,direct,1.0,0.9193041754590792,0.04999651735743086,True,295
"BA (m=2, hubs)","linear, continuous T",linear (correct),10774,peer,0.5,0.7562721120797223,0.08478402672,False,295
"BA (m=2, hubs)","linear, continuous T",linear (correct),10775,direct,1.0,1.092149063408949,0.05278932330960041,True,338
"BA (m=2, hubs)","linear, continuous T",linear (correct),10775,peer,0.5,0.5908332882392392,0.06611187937538265,True,338
"BA (m=2, hubs)","linear, continuous T",linear (correct),10776,direct,1.0,1.1287831036205402,0.05758580016070148,False,311
"BA (m=2, hubs)","linear, continuous T",linear (correct),10776,peer,0.5,0.41748228153226186,0.08645478580499191,True,311
"BA (m=2, hubs)","linear, continuous T",linear (correct),10777,direct,1.0,0.9495537010448417,0.0529272170513186,True,316
"BA (m=2, hubs)","linear, continuous T",linear (correct),10777,peer,0.5,0.5953396267974951,0.07881481907288042,True,316
"BA (m=2, hubs)","linear, continuous T",linear (correct),10778,direct,1.0,1.0035455716293433,0.06608459614788793,True,304
"BA (m=2, hubs)","linear, continuous T",linear (correct),10778,peer,0.5,0.3284339839671568,0.10214012120396712,True,304
"BA (m=2, hubs)","linear, continuous T",linear (correct),10779,direct,1.0,1.0186920393333507,0.04945899901484501,True,308
"BA (m=2, hubs)","linear, continuous T",linear (correct),10779,peer,0.5,0.7250886038106191,0.08080598871606717,False,308
"BA (m=2, hubs)","linear, continuous T",linear (correct),10780,direct,1.0,1.0102328139982333,0.06415235547698803,True,305
"BA (m=2, hubs)","linear, continuous T",linear (correct),10780,peer,0.5,0.617591571112695,0.08239059440962646,True,305
"BA (m=2, hubs)","linear, continuous T",linear (correct),10781,direct,1.0,1.0362165023647356,0.04942139825896339,True,321
"BA (m=2, hubs)","linear, continuous T",linear (correct),10781,peer,0.5,0.5611568720504723,0.07473996495538945,True,321
"BA (m=2, hubs)","linear, continuous T",linear (correct),10782,direct,1.0,0.9716341901086847,0.05275231959722869,True,297
"BA (m=2, hubs)","linear, continuous T",linear (correct),10782,peer,0.5,0.6793774180521196,0.0903173764259312,False,297
"BA (m=2, hubs)","linear, continuous T",linear (correct),10783,direct,1.0,0.8784063362712728,0.0536189658848524,False,311
"BA (m=2, hubs)","linear, continuous T",linear (correct),10783,peer,0.5,0.4236235179050587,0.067736362914049,True,311
"BA (m=2, hubs)","linear, continuous T",linear (correct),10784,direct,1.0,1.0543118520575276,0.05684482312751274,True,302
"BA (m=2, hubs)","linear, continuous T",linear (correct),10784,peer,0.5,0.49434225069221993,0.081109690876327,True,302
"BA (m=2, hubs)","linear, continuous T",linear (correct),10785,direct,1.0,0.9759859815271371,0.054872585681279056,True,303
"BA (m=2, hubs)","linear, continuous T",linear (correct),10785,peer,0.5,0.4633118588857513,0.09090978309293204,True,303
"BA (m=2, hubs)","linear, continuous T",linear (correct),10786,direct,1.0,1.0264531782468356,0.06646850713944365,True,294
"BA (m=2, hubs)","linear, continuous T",linear (correct),10786,peer,0.5,0.5766741630683231,0.0934148204533486,True,294
"BA (m=2, hubs)","linear, continuous T",linear (correct),10787,direct,1.0,0.9724114221265586,0.061325351331595494,True,316
"BA (m=2, hubs)","linear, continuous T",linear (correct),10787,peer,0.5,0.3740934724629841,0.0753935391658078,True,316
"BA (m=2, hubs)","linear, continuous T",linear (correct),10788,direct,1.0,1.088035086582096,0.055126735474802055,True,312
"BA (m=2, hubs)","linear, continuous T",linear (correct),10788,peer,0.5,0.3653151533461234,0.08187283597849668,True,312
"BA (m=2, hubs)","linear, continuous T",linear (correct),10789,direct,1.0,0.8888428280554084,0.056172851645015426,False,316
"BA (m=2, hubs)","linear, continuous T",linear (correct),10789,peer,0.5,0.707605399639413,0.08555670609124369,False,316
"BA (m=2, hubs)","linear, continuous T",linear (correct),10790,direct,1.0,0.9771464679300454,0.05714810708385892,True,321
"BA (m=2, hubs)","linear, continuous T",linear (correct),10790,peer,0.5,0.3407925467561406,0.08389446796142548,True,321
"BA (m=2, hubs)","linear, continuous T",linear (correct),10791,direct,1.0,1.0747166308050606,0.04737610365237894,True,304
"BA (m=2, hubs)","linear, continuous T",linear (correct),10791,peer,0.5,0.4504152966485812,0.07485556242028699,True,304
"BA (m=2, hubs)","linear, continuous T",linear (correct),10792,direct,1.0,0.979088804407324,0.05550110008351297,True,318
"BA (m=2, hubs)","linear, continuous T",linear (correct),10792,peer,0.5,0.44789561751854146,0.06907274808574651,True,318
"BA (m=2, hubs)","linear, continuous T",linear (correct),10793,direct,1.0,1.0338436397700757,0.06596429413654535,True,307
"BA (m=2, hubs)","linear, continuous T",linear (correct),10793,peer,0.5,0.47097832218777813,0.08013972062971493,True,307
"BA (m=2, hubs)","linear, continuous T",linear (correct),10794,direct,1.0,1.0872537815089771,0.06913255141058398,True,295
"BA (m=2, hubs)","linear, continuous T",linear (correct),10794,peer,0.5,0.545532503753729,0.08591896795865983,True,295
"BA (m=2, hubs)","linear, continuous T",linear (correct),10795,direct,1.0,1.0146488869243775,0.046309000089085284,True,318
"BA (m=2, hubs)","linear, continuous T",linear (correct),10795,peer,0.5,0.5515519659530279,0.07290371664419092,True,318
"BA (m=2, hubs)","linear, continuous T",linear (correct),10796,direct,1.0,1.0024110690128945,0.06213214447508984,True,302
"BA (m=2, hubs)","linear, continuous T",linear (correct),10796,peer,0.5,0.48064745464608244,0.07350867394167411,True,302
"BA (m=2, hubs)","linear, continuous T",linear (correct),10797,direct,1.0,0.9846951207353747,0.05950277786403524,True,313
"BA (m=2, hubs)","linear, continuous T",linear (correct),10797,peer,0.5,0.5158317253743567,0.08581513961212414,True,313
"BA (m=2, hubs)","linear, continuous T",linear (correct),10798,direct,1.0,1.0494320775458204,0.049958047658983804,True,309
"BA (m=2, hubs)","linear, continuous T",linear (correct),10798,peer,0.5,0.5457642015087893,0.0721820588929269,True,309
"BA (m=2, hubs)","linear, continuous T",linear (correct),10799,direct,1.0,0.9404931305368694,0.06041978465701258,True,298
"BA (m=2, hubs)","linear, continuous T",linear (correct),10799,peer,0.5,0.35656220547314066,0.07706006447800227,True,298
"BA (m=2, hubs)","linear, continuous T",linear (correct),10800,direct,1.0,1.0101797966498125,0.05895268603349398,True,307
"BA (m=2, hubs)","linear, continuous T",linear (correct),10800,peer,0.5,0.5294303047828167,0.09271245426363793,True,307
"BA (m=2, hubs)","linear, continuous T",linear (correct),10801,direct,1.0,1.0212674632212486,0.06018950092630974,True,312
"BA (m=2, hubs)","linear, continuous T",linear (correct),10801,peer,0.5,0.4152319796543841,0.08479914075392692,True,312
"BA (m=2, hubs)","linear, continuous T",linear (correct),10802,direct,1.0,0.9078343878974436,0.05816171524566573,True,304
"BA (m=2, hubs)","linear, continuous T",linear (correct),10802,peer,0.5,0.5479397168787153,0.0952772789504426,True,304
"BA (m=2, hubs)","linear, continuous T",linear (correct),10803,direct,1.0,0.9700808700852003,0.06733630573017794,True,310
"BA (m=2, hubs)","linear, continuous T",linear (correct),10803,peer,0.5,0.4487690877752094,0.08381394752505072,True,310
"BA (m=2, hubs)","linear, continuous T",linear (correct),10804,direct,1.0,1.1126649859237363,0.05912340256041778,True,312
"BA (m=2, hubs)","linear, continuous T",linear (correct),10804,peer,0.5,0.6262188368220176,0.08795811034293134,True,312
"BA (m=2, hubs)","linear, continuous T",linear (correct),10805,direct,1.0,0.9699968704963883,0.05877350770619723,True,320
"BA (m=2, hubs)","linear, continuous T",linear (correct),10805,peer,0.5,0.599118667814029,0.08305510801310975,True,320
"BA (m=2, hubs)","linear, continuous T",linear (correct),10806,direct,1.0,1.0165645455712908,0.05186836504839581,True,312
"BA (m=2, hubs)","linear, continuous T",linear (correct),10806,peer,0.5,0.44461080104934636,0.07871828876089064,True,312
"BA (m=2, hubs)","linear, continuous T",linear (correct),10807,direct,1.0,0.9834105239932036,0.06232426648068859,True,310
"BA (m=2, hubs)","linear, continuous T",linear (correct),10807,peer,0.5,0.40123950564158434,0.08428504375240037,True,310
"BA (m=2, hubs)","linear, continuous T",linear (correct),10808,direct,1.0,0.9968630400654137,0.06476108092889514,True,306
"BA (m=2, hubs)","linear, continuous T",linear (correct),10808,peer,0.5,0.5126822817699737,0.08499384672178927,True,306
"BA (m=2, hubs)","linear, continuous T",linear (correct),10809,direct,1.0,0.9748661710683683,0.05760261951778273,True,309
"BA (m=2, hubs)","linear, continuous T",linear (correct),10809,peer,0.5,0.4739644228093506,0.09159756464791603,True,309
"BA (m=2, hubs)","linear, continuous T",linear (correct),10810,direct,1.0,0.9806346988501339,0.06369506061299375,True,301
"BA (m=2, hubs)","linear, continuous T",linear (correct),10810,peer,0.5,0.44798393107547035,0.08267919831741914,True,301
"BA (m=2, hubs)","linear, continuous T",linear (correct),10811,direct,1.0,0.9210782234831932,0.06054624063820817,True,314
"BA (m=2, hubs)","linear, continuous T",linear (correct),10811,peer,0.5,0.43395397816950254,0.10058067556492346,True,314
"BA (m=2, hubs)","linear, continuous T",linear (correct),10812,direct,1.0,0.9934505480888217,0.049283101078495616,True,307
"BA (m=2, hubs)","linear, continuous T",linear (correct),10812,peer,0.5,0.4217144677316855,0.08731443019932246,True,307
"BA (m=2, hubs)","linear, continuous T",linear (correct),10813,direct,1.0,0.8652211935724491,0.05495840022557301,False,314
"BA (m=2, hubs)","linear, continuous T",linear (correct),10813,peer,0.5,0.4211522228941931,0.077450774877448,True,314
"BA (m=2, hubs)","linear, continuous T",linear (correct),10814,direct,1.0,0.945935519106347,0.06018816721813973,True,298
"BA (m=2, hubs)","linear, continuous T",linear (correct),10814,peer,0.5,0.3804192007880711,0.08845892988741604,True,298
"BA (m=2, hubs)","linear, continuous T",linear (correct),10815,direct,1.0,0.9146492337636795,0.05240935232268409,True,309
"BA (m=2, hubs)","linear, continuous T",linear (correct),10815,peer,0.5,0.43333394808523185,0.0728910155510137,True,309
"BA (m=2, hubs)","linear, continuous T",linear (correct),10816,direct,1.0,1.052263235379106,0.05894122439323143,True,298
"BA (m=2, hubs)","linear, continuous T",linear (correct),10816,peer,0.5,0.5906549951802988,0.07709446679528373,True,298
"BA (m=2, hubs)","linear, continuous T",linear (correct),10817,direct,1.0,0.9990140535307716,0.048972597773034,True,315
"BA (m=2, hubs)","linear, continuous T",linear (correct),10817,peer,0.5,0.5851534775185329,0.060118439206908895,True,315
"BA (m=2, hubs)","linear, continuous T",linear (correct),10818,direct,1.0,0.9338262133114928,0.05532311593628826,True,300
"BA (m=2, hubs)","linear, continuous T",linear (correct),10818,peer,0.5,0.583519754420627,0.08463443022330784,True,300
"BA (m=2, hubs)","linear, continuous T",linear (correct),10819,direct,1.0,1.0102044721521437,0.06922507980637785,True,311
"BA (m=2, hubs)","linear, continuous T",linear (correct),10819,peer,0.5,0.38556474778821703,0.07660504899108518,True,311
"BA (m=2, hubs)","linear, continuous T",linear (correct),10820,direct,1.0,1.019822273953568,0.058981237150611036,True,312
"BA (m=2, hubs)","linear, continuous T",linear (correct),10820,peer,0.5,0.3512947625417417,0.07817887165491898,True,312
"BA (m=2, hubs)","linear, continuous T",linear (correct),10821,direct,1.0,1.0494334086434216,0.04682920582449975,True,303
"BA (m=2, hubs)","linear, continuous T",linear (correct),10821,peer,0.5,0.49178011622166506,0.07972109885410893,True,303
"BA (m=2, hubs)","linear, continuous T",linear (correct),10822,direct,1.0,1.0169661186185988,0.05952009003108314,True,299
"BA (m=2, hubs)","linear, continuous T",linear (correct),10822,peer,0.5,0.5186873370206776,0.08573402441292935,True,299
"BA (m=2, hubs)","linear, continuous T",linear (correct),10823,direct,1.0,1.0638926734668022,0.05740261257109821,True,303
"BA (m=2, hubs)","linear, continuous T",linear (correct),10823,peer,0.5,0.46649934935708653,0.08863893913136685,True,303
"BA (m=2, hubs)","linear, continuous T",linear (correct),10824,direct,1.0,1.0939820412476458,0.056853524655592694,True,303
"BA (m=2, hubs)","linear, continuous T",linear (correct),10824,peer,0.5,0.6811865689997432,0.07649927629778759,False,303
"BA (m=2, hubs)","linear, continuous T",linear (correct),10825,direct,1.0,1.1172515064267472,0.057029348779899035,False,317
"BA (m=2, hubs)","linear, continuous T",linear (correct),10825,peer,0.5,0.5124093824018622,0.07242804717593194,True,317
"BA (m=2, hubs)","linear, continuous T",linear (correct),10826,direct,1.0,0.9727536150073313,0.04466511539165852,True,304
"BA (m=2, hubs)","linear, continuous T",linear (correct),10826,peer,0.5,0.4904577228531157,0.07894443835633073,True,304
"BA (m=2, hubs)","linear, continuous T",linear (correct),10827,direct,1.0,0.9340654983374879,0.05153216996722485,True,316
"BA (m=2, hubs)","linear, continuous T",linear (correct),10827,peer,0.5,0.616959512289149,0.07408841691060386,True,316
"BA (m=2, hubs)","linear, continuous T",linear (correct),10828,direct,1.0,1.0746792429617078,0.052401228704047974,True,322
"BA (m=2, hubs)","linear, continuous T",linear (correct),10828,peer,0.5,0.5590924632038972,0.07655975185753165,True,322
"BA (m=2, hubs)","linear, continuous T",linear (correct),10829,direct,1.0,0.9831426928283756,0.06074755319830448,True,299
"BA (m=2, hubs)","linear, continuous T",linear (correct),10829,peer,0.5,0.46491665239346996,0.07790299665040885,True,299
"BA (m=2, hubs)","linear, continuous T",linear (correct),10830,direct,1.0,0.9115167771563087,0.05548583578476575,True,309
"BA (m=2, hubs)","linear, continuous T",linear (correct),10830,peer,0.5,0.49904664370541657,0.0807836657974855,True,309
"BA (m=2, hubs)","linear, continuous T",linear (correct),10831,direct,1.0,1.0611179320561308,0.06070141345779062,True,303
"BA (m=2, hubs)","linear, continuous T",linear (correct),10831,peer,0.5,0.5340143091831849,0.08474149145311638,True,303
"BA (m=2, hubs)","linear, continuous T",linear (correct),10832,direct,1.0,0.9085467828129804,0.05533618347006198,True,307
"BA (m=2, hubs)","linear, continuous T",linear (correct),10832,peer,0.5,0.5633258434552313,0.08590217583562725,True,307
"BA (m=2, hubs)","linear, continuous T",linear (correct),10833,direct,1.0,1.0062901309038064,0.0641561122280239,True,311
"BA (m=2, hubs)","linear, continuous T",linear (correct),10833,peer,0.5,0.5650531361642718,0.07814042175882759,True,311
"BA (m=2, hubs)","linear, continuous T",linear (correct),10834,direct,1.0,1.0330297314529493,0.060173281811376954,True,306
"BA (m=2, hubs)","linear, continuous T",linear (correct),10834,peer,0.5,0.5236151933717417,0.08000380130097852,True,306
"BA (m=2, hubs)","linear, continuous T",linear (correct),10835,direct,1.0,1.0831268797864044,0.061637689657708515,True,303
"BA (m=2, hubs)","linear, continuous T",linear (correct),10835,peer,0.5,0.332614387302366,0.0956682775401415,True,303
"BA (m=2, hubs)","linear, continuous T",linear (correct),10836,direct,1.0,1.0504461432373406,0.06431616694576439,True,303
"BA (m=2, hubs)","linear, continuous T",linear (correct),10836,peer,0.5,0.5105917069078247,0.07640316664046862,True,303
"BA (m=2, hubs)","linear, continuous T",linear (correct),10837,direct,1.0,1.1087042621588241,0.05336924240300135,False,316
"BA (m=2, hubs)","linear, continuous T",linear (correct),10837,peer,0.5,0.619883267832949,0.07521255907234192,True,316
"BA (m=2, hubs)","linear, continuous T",linear (correct),10838,direct,1.0,1.0870965212271804,0.056652640971672295,True,312
"BA (m=2, hubs)","linear, continuous T",linear (correct),10838,peer,0.5,0.4053311219407368,0.0857304053352099,True,312
"BA (m=2, hubs)","linear, continuous T",linear (correct),10839,direct,1.0,0.9725706312502208,0.0671458651281657,True,310
"BA (m=2, hubs)","linear, continuous T",linear (correct),10839,peer,0.5,0.5085384009589573,0.09493184553814951,True,310
"BA (m=2, hubs)","linear, continuous T",linear (correct),10840,direct,1.0,0.9036039659497187,0.061019977703970135,True,311
"BA (m=2, hubs)","linear, continuous T",linear (correct),10840,peer,0.5,0.48982432225882194,0.07445684507661166,True,311
"BA (m=2, hubs)","linear, continuous T",linear (correct),10841,direct,1.0,0.9459498685760341,0.05983647305596,True,307
"BA (m=2, hubs)","linear, continuous T",linear (correct),10841,peer,0.5,0.3972714719274513,0.08359384084681956,True,307
"BA (m=2, hubs)","linear, continuous T",linear (correct),10842,direct,1.0,0.9466852372263211,0.05790670008745816,True,306
"BA (m=2, hubs)","linear, continuous T",linear (correct),10842,peer,0.5,0.5552833359435099,0.07684481641772875,True,306
"BA (m=2, hubs)","linear, continuous T",linear (correct),10843,direct,1.0,0.9667145433942709,0.04952679799898177,True,306
"BA (m=2, hubs)","linear, continuous T",linear (correct),10843,peer,0.5,0.44491654042168344,0.0999114123601789,True,306
"BA (m=2, hubs)","linear, continuous T",linear (correct),10844,direct,1.0,1.0756207294678932,0.06279835113215775,True,313
"BA (m=2, hubs)","linear, continuous T",linear (correct),10844,peer,0.5,0.5237390265021765,0.08191005428474436,True,313
"BA (m=2, hubs)","linear, continuous T",linear (correct),10845,direct,1.0,0.9691936000834795,0.049953680700018176,True,320
"BA (m=2, hubs)","linear, continuous T",linear (correct),10845,peer,0.5,0.35102455363202056,0.09636485367692942,True,320
"BA (m=2, hubs)","linear, continuous T",linear (correct),10846,direct,1.0,1.1157741643400754,0.052235261365053506,False,307
"BA (m=2, hubs)","linear, continuous T",linear (correct),10846,peer,0.5,0.5318439468535037,0.08081961808736807,True,307
"BA (m=2, hubs)","linear, continuous T",linear (correct),10847,direct,1.0,1.029372530878882,0.05019690532817531,True,307
"BA (m=2, hubs)","linear, continuous T",linear (correct),10847,peer,0.5,0.3944119550800924,0.08781333140631058,True,307
"BA (m=2, hubs)","linear, continuous T",linear (correct),10848,direct,1.0,1.0683172852061225,0.06374227322552835,True,302
"BA (m=2, hubs)","linear, continuous T",linear (correct),10848,peer,0.5,0.5018673321505782,0.07099573173896573,True,302
"BA (m=2, hubs)","linear, continuous T",linear (correct),10849,direct,1.0,1.0662897649286678,0.07203573101410857,True,314
"BA (m=2, hubs)","linear, continuous T",linear (correct),10849,peer,0.5,0.3720000991270541,0.0698385254834977,True,314
"BA (m=2, hubs)","linear, continuous T",linear (correct),10850,direct,1.0,1.0993845897486654,0.06048534004212418,True,320
"BA (m=2, hubs)","linear, continuous T",linear (correct),10850,peer,0.5,0.6140454776106634,0.10746920918788039,True,320
"BA (m=2, hubs)","linear, continuous T",linear (correct),10851,direct,1.0,1.0213154188731628,0.05388565694123012,True,313
"BA (m=2, hubs)","linear, continuous T",linear (correct),10851,peer,0.5,0.5461275785263928,0.09471170397054213,True,313
"BA (m=2, hubs)","linear, continuous T",linear (correct),10852,direct,1.0,0.885592097786465,0.06538300399373387,True,307
"BA (m=2, hubs)","linear, continuous T",linear (correct),10852,peer,0.5,0.43430553265165,0.08562827462554384,True,307
"BA (m=2, hubs)","linear, continuous T",linear (correct),10853,direct,1.0,0.9633916760838456,0.05803291230136478,True,312
"BA (m=2, hubs)","linear, continuous T",linear (correct),10853,peer,0.5,0.5259577627514765,0.0905505924200408,True,312
"BA (m=2, hubs)","linear, continuous T",linear (correct),10854,direct,1.0,1.160758506425967,0.049387896298110155,False,309
"BA (m=2, hubs)","linear, continuous T",linear (correct),10854,peer,0.5,0.5425847777592264,0.07366178146770068,True,309
"BA (m=2, hubs)","linear, continuous T",linear (correct),10855,direct,1.0,0.9177423475865707,0.05131469470097178,True,308
"BA (m=2, hubs)","linear, continuous T",linear (correct),10855,peer,0.5,0.41352954802922043,0.07331313539682294,True,308
"BA (m=2, hubs)","linear, continuous T",linear (correct),10856,direct,1.0,0.897824415923524,0.06201183384406832,True,301
"BA (m=2, hubs)","linear, continuous T",linear (correct),10856,peer,0.5,0.554293383285184,0.0882914110266787,True,301
"BA (m=2, hubs)","linear, continuous T",linear (correct),10857,direct,1.0,1.0438846506840092,0.05870129517953531,True,317
"BA (m=2, hubs)","linear, continuous T",linear (correct),10857,peer,0.5,0.4028681935257842,0.07875243637612696,True,317
"BA (m=2, hubs)","linear, continuous T",linear (correct),10858,direct,1.0,1.1281100865161862,0.061973728680731296,False,310
"BA (m=2, hubs)","linear, continuous T",linear (correct),10858,peer,0.5,0.5369923373630707,0.07040412592234344,True,310
"BA (m=2, hubs)","linear, continuous T",linear (correct),10859,direct,1.0,1.029543229296624,0.05647204454664773,True,305
"BA (m=2, hubs)","linear, continuous T",linear (correct),10859,peer,0.5,0.5440495602269624,0.08014761414176369,True,305
"BA (m=2, hubs)","linear, continuous T",linear (correct),10860,direct,1.0,0.9714331081519505,0.062204021484760307,True,312
"BA (m=2, hubs)","linear, continuous T",linear (correct),10860,peer,0.5,0.5717226786706121,0.078331203459818,True,312
"BA (m=2, hubs)","linear, continuous T",linear (correct),10861,direct,1.0,1.1177381360063807,0.05884152838781353,False,310
"BA (m=2, hubs)","linear, continuous T",linear (correct),10861,peer,0.5,0.548656008428963,0.08881825414922122,True,310
"BA (m=2, hubs)","linear, continuous T",linear (correct),10862,direct,1.0,1.0268738522634469,0.06372753542441552,True,310
"BA (m=2, hubs)","linear, continuous T",linear (correct),10862,peer,0.5,0.576835358866631,0.10009718904252851,True,310
"BA (m=2, hubs)","linear, continuous T",linear (correct),10863,direct,1.0,1.0591645761975983,0.0647177854775661,True,310
"BA (m=2, hubs)","linear, continuous T",linear (correct),10863,peer,0.5,0.530209751972356,0.09076786157788291,True,310
"BA (m=2, hubs)","linear, continuous T",linear (correct),10864,direct,1.0,1.0925822489917212,0.06461957477714493,True,302
"BA (m=2, hubs)","linear, continuous T",linear (correct),10864,peer,0.5,0.5757572301320508,0.0866830738049573,True,302
"BA (m=2, hubs)","linear, continuous T",linear (correct),10865,direct,1.0,1.0578788649575863,0.050048410820418186,True,310
"BA (m=2, hubs)","linear, continuous T",linear (correct),10865,peer,0.5,0.5156095628687601,0.07591787421967602,True,310
"BA (m=2, hubs)","linear, continuous T",linear (correct),10866,direct,1.0,1.0305371023998653,0.053724100580732494,True,312
"BA (m=2, hubs)","linear, continuous T",linear (correct),10866,peer,0.5,0.5029665685487453,0.07384330699712578,True,312
"BA (m=2, hubs)","linear, continuous T",linear (correct),10867,direct,1.0,1.0782955857863576,0.05951150223101143,True,320
"BA (m=2, hubs)","linear, continuous T",linear (correct),10867,peer,0.5,0.44614582979567263,0.08874643552191916,True,320
"BA (m=2, hubs)","linear, continuous T",linear (correct),10868,direct,1.0,0.9606213433521116,0.05859838445723406,True,303
"BA (m=2, hubs)","linear, continuous T",linear (correct),10868,peer,0.5,0.4667053431749564,0.08281333940825658,True,303
"BA (m=2, hubs)","linear, continuous T",linear (correct),10869,direct,1.0,0.9880189576547648,0.05502996730621454,True,328
"BA (m=2, hubs)","linear, continuous T",linear (correct),10869,peer,0.5,0.4658705615291421,0.07648180562751757,True,328
"BA (m=2, hubs)","linear, continuous T",linear (correct),10870,direct,1.0,1.0662188981012024,0.06233079276325823,True,311
"BA (m=2, hubs)","linear, continuous T",linear (correct),10870,peer,0.5,0.48862474805439365,0.07304396102120918,True,311
"BA (m=2, hubs)","linear, continuous T",linear (correct),10871,direct,1.0,0.9865409560947792,0.06003768727296733,True,315
"BA (m=2, hubs)","linear, continuous T",linear (correct),10871,peer,0.5,0.4812121596202386,0.06928410312871053,True,315
"BA (m=2, hubs)","linear, continuous T",linear (correct),10872,direct,1.0,0.9849005095271788,0.056799526880281885,True,299
"BA (m=2, hubs)","linear, continuous T",linear (correct),10872,peer,0.5,0.46153868577198887,0.0728389122004562,True,299
"BA (m=2, hubs)","linear, continuous T",linear (correct),10873,direct,1.0,0.9028039076844849,0.05248148026993496,True,306
"BA (m=2, hubs)","linear, continuous T",linear (correct),10873,peer,0.5,0.4504051939606171,0.10490780555571998,True,306
"BA (m=2, hubs)","linear, continuous T",linear (correct),10874,direct,1.0,1.0755239561338552,0.0565259375192101,True,313
"BA (m=2, hubs)","linear, continuous T",linear (correct),10874,peer,0.5,0.6050335869203967,0.07540656767453863,True,313
"BA (m=2, hubs)","linear, continuous T",linear (correct),10875,direct,1.0,0.9991931061052536,0.06215747372382311,True,305
"BA (m=2, hubs)","linear, continuous T",linear (correct),10875,peer,0.5,0.5612958305557245,0.0725610638427642,True,305
"BA (m=2, hubs)","linear, continuous T",linear (correct),10876,direct,1.0,0.9888004177802762,0.052133680498143244,True,300
"BA (m=2, hubs)","linear, continuous T",linear (correct),10876,peer,0.5,0.6078709202156493,0.07852272509805976,True,300
"BA (m=2, hubs)","linear, continuous T",linear (correct),10877,direct,1.0,1.0889629214179488,0.05153607970791143,True,297
"BA (m=2, hubs)","linear, continuous T",linear (correct),10877,peer,0.5,0.5191404359129703,0.09686773564784257,True,297
"BA (m=2, hubs)","linear, continuous T",linear (correct),10878,direct,1.0,0.9288091921265347,0.05282155373446083,True,306
"BA (m=2, hubs)","linear, continuous T",linear (correct),10878,peer,0.5,0.3474012901333615,0.08876871537252588,True,306
"BA (m=2, hubs)","linear, continuous T",linear (correct),10879,direct,1.0,0.9817632442278612,0.05232638181473885,True,308
"BA (m=2, hubs)","linear, continuous T",linear (correct),10879,peer,0.5,0.649907229099685,0.07672424459417385,True,308
"BA (m=2, hubs)","linear, continuous T",linear (correct),10880,direct,1.0,1.0169741802346823,0.04580736951115531,True,309
"BA (m=2, hubs)","linear, continuous T",linear (correct),10880,peer,0.5,0.4429764643910823,0.08003707339873901,True,309
"BA (m=2, hubs)","linear, continuous T",linear (correct),10881,direct,1.0,0.9629457200152544,0.06342132949754259,True,302
"BA (m=2, hubs)","linear, continuous T",linear (correct),10881,peer,0.5,0.4600571112601887,0.07885579768444322,True,302
"BA (m=2, hubs)","linear, continuous T",linear (correct),10882,direct,1.0,1.0552584021297002,0.06755485332238198,True,319
"BA (m=2, hubs)","linear, continuous T",linear (correct),10882,peer,0.5,0.6125348437081746,0.07955474039355422,True,319
"BA (m=2, hubs)","linear, continuous T",linear (correct),10883,direct,1.0,1.000266898810291,0.05974078955194984,True,304
"BA (m=2, hubs)","linear, continuous T",linear (correct),10883,peer,0.5,0.5733323520808936,0.08328061891868502,True,304
"BA (m=2, hubs)","linear, continuous T",linear (correct),10884,direct,1.0,0.9359282615800201,0.05276476780555552,True,312
"BA (m=2, hubs)","linear, continuous T",linear (correct),10884,peer,0.5,0.5080738770782413,0.09177798047521386,True,312
"BA (m=2, hubs)","linear, continuous T",linear (correct),10885,direct,1.0,1.055616295824803,0.05391389641267902,True,317
"BA (m=2, hubs)","linear, continuous T",linear (correct),10885,peer,0.5,0.5282329245802756,0.08830067507018104,True,317
"BA (m=2, hubs)","linear, continuous T",linear (correct),10886,direct,1.0,1.0663906826194316,0.04835715320400835,True,306
"BA (m=2, hubs)","linear, continuous T",linear (correct),10886,peer,0.5,0.4412409018170571,0.07449530327293606,True,306
"BA (m=2, hubs)","linear, continuous T",linear (correct),10887,direct,1.0,1.003929758919783,0.06573482992316651,True,304
"BA (m=2, hubs)","linear, continuous T",linear (correct),10887,peer,0.5,0.5661908299091059,0.07940139096146306,True,304
"BA (m=2, hubs)","linear, continuous T",linear (correct),10888,direct,1.0,0.9778439929217376,0.06518294005073498,True,305
"BA (m=2, hubs)","linear, continuous T",linear (correct),10888,peer,0.5,0.6159344460277507,0.08674471603695091,True,305
"BA (m=2, hubs)","linear, continuous T",linear (correct),10889,direct,1.0,1.0173490941842318,0.07459957200399418,True,309
"BA (m=2, hubs)","linear, continuous T",linear (correct),10889,peer,0.5,0.5674564443228555,0.08025600322129768,True,309
"BA (m=2, hubs)","linear, continuous T",linear (correct),10890,direct,1.0,0.9825708887323896,0.057021755372931644,True,304
"BA (m=2, hubs)","linear, continuous T",linear (correct),10890,peer,0.5,0.47737831608541087,0.08394994425838911,True,304
"BA (m=2, hubs)","linear, continuous T",linear (correct),10891,direct,1.0,1.0422888216218198,0.05899517654932103,True,321
"BA (m=2, hubs)","linear, continuous T",linear (correct),10891,peer,0.5,0.44781488048631407,0.07312679842621422,True,321
"BA (m=2, hubs)","linear, continuous T",linear (correct),10892,direct,1.0,0.9698350370510986,0.06303793798263668,True,303
"BA (m=2, hubs)","linear, continuous T",linear (correct),10892,peer,0.5,0.46740126594947246,0.07842750932672424,True,303
"BA (m=2, hubs)","linear, continuous T",linear (correct),10893,direct,1.0,0.9415301307844793,0.04650705722633095,True,310
"BA (m=2, hubs)","linear, continuous T",linear (correct),10893,peer,0.5,0.4180207971525328,0.08173677942928458,True,310
"BA (m=2, hubs)","linear, continuous T",linear (correct),10894,direct,1.0,0.9635029378746665,0.04382823269196227,True,313
"BA (m=2, hubs)","linear, continuous T",linear (correct),10894,peer,0.5,0.5631242810739557,0.07619011122271138,True,313
"BA (m=2, hubs)","linear, continuous T",linear (correct),10895,direct,1.0,0.9883412523715781,0.05554737585512798,True,318
"BA (m=2, hubs)","linear, continuous T",linear (correct),10895,peer,0.5,0.3783124980507331,0.06898569426289802,True,318
"BA (m=2, hubs)","linear, continuous T",linear (correct),10896,direct,1.0,1.0025678933038495,0.05956820943246143,True,315
"BA (m=2, hubs)","linear, continuous T",linear (correct),10896,peer,0.5,0.5039929107492347,0.08430734732838154,True,315
"BA (m=2, hubs)","linear, continuous T",linear (correct),10897,direct,1.0,1.0538821031493084,0.05378794585123367,True,311
"BA (m=2, hubs)","linear, continuous T",linear (correct),10897,peer,0.5,0.5743148623416923,0.08551534747259203,True,311
"BA (m=2, hubs)","linear, continuous T",linear (correct),10898,direct,1.0,1.03466408323673,0.04725019253528987,True,316
"BA (m=2, hubs)","linear, continuous T",linear (correct),10898,peer,0.5,0.6519285143966009,0.07382533701238402,False,316
"BA (m=2, hubs)","linear, continuous T",linear (correct),10899,direct,1.0,1.0106894270461093,0.05546894165450526,True,309
"BA (m=2, hubs)","linear, continuous T",linear (correct),10899,peer,0.5,0.6081883890254821,0.0897992978369616,True,309
"BA (m=2, hubs)","linear, continuous T",linear (correct),10900,direct,1.0,1.0160640957916134,0.05316305298247603,True,301
"BA (m=2, hubs)","linear, continuous T",linear (correct),10900,peer,0.5,0.3484407069264993,0.07397538429876177,False,301
"BA (m=2, hubs)","linear, continuous T",linear (correct),10901,direct,1.0,0.962373495015285,0.06406545104948451,True,322
"BA (m=2, hubs)","linear, continuous T",linear (correct),10901,peer,0.5,0.5283675962202053,0.07473957793524794,True,322
"BA (m=2, hubs)","linear, continuous T",linear (correct),10902,direct,1.0,1.0465423887504564,0.05808632809592148,True,294
"BA (m=2, hubs)","linear, continuous T",linear (correct),10902,peer,0.5,0.4329213703507772,0.084833517555972,True,294
"BA (m=2, hubs)","linear, continuous T",linear (correct),10903,direct,1.0,0.951052074120242,0.054197728235303756,True,316
"BA (m=2, hubs)","linear, continuous T",linear (correct),10903,peer,0.5,0.48995460685066566,0.08103192921486525,True,316
"BA (m=2, hubs)","linear, continuous T",linear (correct),10904,direct,1.0,1.0600827115687093,0.056094606096365435,True,297
"BA (m=2, hubs)","linear, continuous T",linear (correct),10904,peer,0.5,0.5641944711435698,0.07290862899785694,True,297
"BA (m=2, hubs)","linear, continuous T",linear (correct),10905,direct,1.0,0.9608943556106828,0.06473910315421375,True,314
"BA (m=2, hubs)","linear, continuous T",linear (correct),10905,peer,0.5,0.43008090390054965,0.08220740768899112,True,314
"BA (m=2, hubs)","linear, continuous T",linear (correct),10906,direct,1.0,0.9706159452561766,0.058956548678987905,True,310
"BA (m=2, hubs)","linear, continuous T",linear (correct),10906,peer,0.5,0.5581446710355374,0.07382866257182809,True,310
"BA (m=2, hubs)","linear, continuous T",linear (correct),10907,direct,1.0,0.9692809719636865,0.054873536213267446,True,323
"BA (m=2, hubs)","linear, continuous T",linear (correct),10907,peer,0.5,0.35617143523318945,0.06579543816537933,False,323
"BA (m=2, hubs)","linear, continuous T",linear (correct),10908,direct,1.0,1.013739815159593,0.05683287720780857,True,327
"BA (m=2, hubs)","linear, continuous T",linear (correct),10908,peer,0.5,0.5244354347408448,0.08280500312821551,True,327
"BA (m=2, hubs)","linear, continuous T",linear (correct),10909,direct,1.0,0.9537604143873514,0.06329802044012404,True,315
"BA (m=2, hubs)","linear, continuous T",linear (correct),10909,peer,0.5,0.5703896967142393,0.08754225365703866,True,315
"BA (m=2, hubs)","linear, continuous T",linear (correct),10910,direct,1.0,1.0734930820043678,0.062357920211649355,True,312
"BA (m=2, hubs)","linear, continuous T",linear (correct),10910,peer,0.5,0.5212180358776087,0.07728451994296087,True,312
"BA (m=2, hubs)","linear, continuous T",linear (correct),10911,direct,1.0,1.0407282222195684,0.05361706375085186,True,318
"BA (m=2, hubs)","linear, continuous T",linear (correct),10911,peer,0.5,0.4034431958004221,0.07292283003792192,True,318
"BA (m=2, hubs)","linear, continuous T",linear (correct),10912,direct,1.0,1.020044295419245,0.06495406357458881,True,302
"BA (m=2, hubs)","linear, continuous T",linear (correct),10912,peer,0.5,0.4943665512464274,0.0739416152403853,True,302
"BA (m=2, hubs)","linear, continuous T",linear (correct),10913,direct,1.0,0.9229351265693991,0.06586753503731428,True,302
"BA (m=2, hubs)","linear, continuous T",linear (correct),10913,peer,0.5,0.5945370017160557,0.08395906994104316,True,302
"BA (m=2, hubs)","linear, continuous T",linear (correct),10914,direct,1.0,0.9461371771873356,0.056261066314869136,True,300
"BA (m=2, hubs)","linear, continuous T",linear (correct),10914,peer,0.5,0.40976208568567646,0.08354380678013443,True,300
"BA (m=2, hubs)","linear, continuous T",linear (correct),10915,direct,1.0,0.9851118494206202,0.05458048621577166,True,308
"BA (m=2, hubs)","linear, continuous T",linear (correct),10915,peer,0.5,0.528384714350465,0.07789498615237599,True,308
"BA (m=2, hubs)","linear, continuous T",linear (correct),10916,direct,1.0,0.9292719132971479,0.06542704053442588,True,302
"BA (m=2, hubs)","linear, continuous T",linear (correct),10916,peer,0.5,0.47461668316250727,0.08704496546962777,True,302
"BA (m=2, hubs)","linear, continuous T",linear (correct),10917,direct,1.0,0.9907313874464212,0.04827344367175634,True,310
"BA (m=2, hubs)","linear, continuous T",linear (correct),10917,peer,0.5,0.4963524691488662,0.08303292431161076,True,310
"BA (m=2, hubs)","linear, continuous T",linear (correct),10918,direct,1.0,0.9056166872425343,0.07916123462681085,True,319
"BA (m=2, hubs)","linear, continuous T",linear (correct),10918,peer,0.5,0.34035415303960403,0.09656063970417458,True,319
"BA (m=2, hubs)","linear, continuous T",linear (correct),10919,direct,1.0,0.8901905380871815,0.057336723068222926,True,338
"BA (m=2, hubs)","linear, continuous T",linear (correct),10919,peer,0.5,0.4768710215318457,0.0810866937517778,True,338
"BA (m=2, hubs)","linear, continuous T",linear (correct),10920,direct,1.0,0.9710621647509842,0.06512499344925685,True,301
"BA (m=2, hubs)","linear, continuous T",linear (correct),10920,peer,0.5,0.49623905141270025,0.07213403807051041,True,301
"BA (m=2, hubs)","linear, continuous T",linear (correct),10921,direct,1.0,1.0372527324819303,0.0611396484271563,True,308
"BA (m=2, hubs)","linear, continuous T",linear (correct),10921,peer,0.5,0.44061658014729116,0.08489401801740577,True,308
"BA (m=2, hubs)","linear, continuous T",linear (correct),10922,direct,1.0,1.147939615483621,0.053922103492700206,False,322
"BA (m=2, hubs)","linear, continuous T",linear (correct),10922,peer,0.5,0.4572552255004064,0.08756881538603058,True,322
"BA (m=2, hubs)","linear, continuous T",linear (correct),10923,direct,1.0,1.0269165340514887,0.05822695940243132,True,313
"BA (m=2, hubs)","linear, continuous T",linear (correct),10923,peer,0.5,0.5579716296710114,0.0817384196112195,True,313
"BA (m=2, hubs)","linear, continuous T",linear (correct),10924,direct,1.0,1.0124425546493532,0.046454592142635955,True,310
"BA (m=2, hubs)","linear, continuous T",linear (correct),10924,peer,0.5,0.4336444639280784,0.07846278538870498,True,310
"BA (m=2, hubs)","linear, continuous T",linear (correct),10925,direct,1.0,0.987003017742316,0.06242532401940201,True,295
"BA (m=2, hubs)","linear, continuous T",linear (correct),10925,peer,0.5,0.4099557160203448,0.07646039071123413,True,295
"BA (m=2, hubs)","linear, continuous T",linear (correct),10926,direct,1.0,0.9855954190254934,0.04683912578827925,True,304
"BA (m=2, hubs)","linear, continuous T",linear (correct),10926,peer,0.5,0.5395677114065446,0.08635178168080437,True,304
"BA (m=2, hubs)","linear, continuous T",linear (correct),10927,direct,1.0,1.0024639923552774,0.06280199391822992,True,320
"BA (m=2, hubs)","linear, continuous T",linear (correct),10927,peer,0.5,0.6359773929449855,0.08259679673102133,True,320
"BA (m=2, hubs)","linear, continuous T",linear (correct),10928,direct,1.0,1.0582262876978228,0.05466071154964022,True,319
"BA (m=2, hubs)","linear, continuous T",linear (correct),10928,peer,0.5,0.5676184666557312,0.08168115086511837,True,319
"BA (m=2, hubs)","linear, continuous T",linear (correct),10929,direct,1.0,0.8553599240642487,0.056726275807485904,False,305
"BA (m=2, hubs)","linear, continuous T",linear (correct),10929,peer,0.5,0.5473160047484852,0.08634919007055267,True,305
"BA (m=2, hubs)","linear, continuous T",linear (correct),10930,direct,1.0,0.9528956856256845,0.05301977813655225,True,311
"BA (m=2, hubs)","linear, continuous T",linear (correct),10930,peer,0.5,0.6645976384586728,0.0778749817346879,False,311
"BA (m=2, hubs)","linear, continuous T",linear (correct),10931,direct,1.0,0.9594009774738311,0.05400874013975095,True,299
"BA (m=2, hubs)","linear, continuous T",linear (correct),10931,peer,0.5,0.5747694328625229,0.08479158848508199,True,299
"BA (m=2, hubs)","linear, continuous T",linear (correct),10932,direct,1.0,1.0314025188415439,0.056380382147356634,True,307
"BA (m=2, hubs)","linear, continuous T",linear (correct),10932,peer,0.5,0.5560049561784853,0.08578848083129122,True,307
"BA (m=2, hubs)","linear, continuous T",linear (correct),10933,direct,1.0,1.024515615245433,0.061234747346533606,True,307
"BA (m=2, hubs)","linear, continuous T",linear (correct),10933,peer,0.5,0.48584248513780354,0.07664804480281535,True,307
"BA (m=2, hubs)","linear, continuous T",linear (correct),10934,direct,1.0,1.002437531936424,0.06537398811897485,True,309
"BA (m=2, hubs)","linear, continuous T",linear (correct),10934,peer,0.5,0.44585461017459427,0.07543776027634654,True,309
"BA (m=2, hubs)","linear, continuous T",linear (correct),10935,direct,1.0,0.9841719383403194,0.06149742283148537,True,322
"BA (m=2, hubs)","linear, continuous T",linear (correct),10935,peer,0.5,0.46155971133411944,0.06863390653616337,True,322
"BA (m=2, hubs)","linear, continuous T",linear (correct),10936,direct,1.0,0.9987088830930855,0.05933158368502538,True,320
"BA (m=2, hubs)","linear, continuous T",linear (correct),10936,peer,0.5,0.4425061870165033,0.08672093998873719,True,320
"BA (m=2, hubs)","linear, continuous T",linear (correct),10937,direct,1.0,0.9656036310703238,0.05696917135925281,True,291
"BA (m=2, hubs)","linear, continuous T",linear (correct),10937,peer,0.5,0.3677761395639041,0.08978518276729369,True,291
"BA (m=2, hubs)","linear, continuous T",linear (correct),10938,direct,1.0,0.9585398936074006,0.051844272867794736,True,317
"BA (m=2, hubs)","linear, continuous T",linear (correct),10938,peer,0.5,0.49369587992616687,0.07382348562121328,True,317
"BA (m=2, hubs)","linear, continuous T",linear (correct),10939,direct,1.0,1.00703650928784,0.05443210299402492,True,301
"BA (m=2, hubs)","linear, continuous T",linear (correct),10939,peer,0.5,0.4391747332631124,0.07728006860264912,True,301
"BA (m=2, hubs)","linear, continuous T",linear (correct),10940,direct,1.0,1.0124027910438207,0.05989942927192705,True,302
"BA (m=2, hubs)","linear, continuous T",linear (correct),10940,peer,0.5,0.6076184833913991,0.08847670924668326,True,302
"BA (m=2, hubs)","linear, continuous T",linear (correct),10941,direct,1.0,0.9732218255052648,0.05650576841108497,True,317
"BA (m=2, hubs)","linear, continuous T",linear (correct),10941,peer,0.5,0.4554747001152099,0.07868940195291844,True,317
"BA (m=2, hubs)","linear, continuous T",linear (correct),10942,direct,1.0,1.0287864774557727,0.0637064220559831,True,303
"BA (m=2, hubs)","linear, continuous T",linear (correct),10942,peer,0.5,0.4447319987778873,0.07901614444763871,True,303
"BA (m=2, hubs)","linear, continuous T",linear (correct),10943,direct,1.0,1.0479511330731153,0.05081779703983683,True,310
"BA (m=2, hubs)","linear, continuous T",linear (correct),10943,peer,0.5,0.5564174873049432,0.07521072280789638,True,310
"BA (m=2, hubs)","linear, continuous T",linear (correct),10944,direct,1.0,0.9961560506426578,0.06310645586463234,True,310
"BA (m=2, hubs)","linear, continuous T",linear (correct),10944,peer,0.5,0.4690741742258306,0.07891908103921183,True,310
"BA (m=2, hubs)","linear, continuous T",linear (correct),10945,direct,1.0,1.0234862149062904,0.06415208802435979,True,329
"BA (m=2, hubs)","linear, continuous T",linear (correct),10945,peer,0.5,0.44950123842630246,0.07892629623474194,True,329
"BA (m=2, hubs)","linear, continuous T",linear (correct),10946,direct,1.0,1.054164006142662,0.054350907306147625,True,313
"BA (m=2, hubs)","linear, continuous T",linear (correct),10946,peer,0.5,0.3911018082496926,0.0870935884880567,True,313
"BA (m=2, hubs)","linear, continuous T",linear (correct),10947,direct,1.0,0.9473575695499237,0.055135497623130914,True,315
"BA (m=2, hubs)","linear, continuous T",linear (correct),10947,peer,0.5,0.5507355948508356,0.0779295300157105,True,315
"BA (m=2, hubs)","linear, continuous T",linear (correct),10948,direct,1.0,1.0207983633377298,0.05792543982107921,True,309
"BA (m=2, hubs)","linear, continuous T",linear (correct),10948,peer,0.5,0.4889230912009413,0.0826638192376216,True,309
"BA (m=2, hubs)","linear, continuous T",linear (correct),10949,direct,1.0,1.011498339058253,0.05390740620561412,True,317
"BA (m=2, hubs)","linear, continuous T",linear (correct),10949,peer,0.5,0.3192330194190339,0.08133552832147195,False,317
"BA (m=2, hubs)","linear, continuous T",linear (correct),10950,direct,1.0,0.9754669148289705,0.05075443072579408,True,311
"BA (m=2, hubs)","linear, continuous T",linear (correct),10950,peer,0.5,0.4593383749966795,0.08866394630395709,True,311
"BA (m=2, hubs)","linear, continuous T",linear (correct),10951,direct,1.0,0.8809063394886119,0.04850238152604602,False,328
"BA (m=2, hubs)","linear, continuous T",linear (correct),10951,peer,0.5,0.2885641642489645,0.08097314301562245,False,328
"BA (m=2, hubs)","linear, continuous T",linear (correct),10952,direct,1.0,1.0051875865869655,0.05011011391393478,True,310
"BA (m=2, hubs)","linear, continuous T",linear (correct),10952,peer,0.5,0.5026151005550995,0.0735073609419864,True,310
"BA (m=2, hubs)","linear, continuous T",linear (correct),10953,direct,1.0,1.009779770799656,0.05644692911657893,True,301
"BA (m=2, hubs)","linear, continuous T",linear (correct),10953,peer,0.5,0.5142715511005145,0.07906543171853762,True,301
"BA (m=2, hubs)","linear, continuous T",linear (correct),10954,direct,1.0,0.9373466684943473,0.06267637285243306,True,314
"BA (m=2, hubs)","linear, continuous T",linear (correct),10954,peer,0.5,0.47019858252670715,0.07469934441224438,True,314
"BA (m=2, hubs)","linear, continuous T",linear (correct),10955,direct,1.0,0.9298903022834487,0.05668579725645862,True,296
"BA (m=2, hubs)","linear, continuous T",linear (correct),10955,peer,0.5,0.44666489112760555,0.08070008816408904,True,296
"BA (m=2, hubs)","linear, continuous T",linear (correct),10956,direct,1.0,1.0121760068114873,0.054085476343205464,True,312
"BA (m=2, hubs)","linear, continuous T",linear (correct),10956,peer,0.5,0.6886074691467762,0.06866700859310676,False,312
"BA (m=2, hubs)","linear, continuous T",linear (correct),10957,direct,1.0,0.988879057466598,0.052852670752295716,True,307
"BA (m=2, hubs)","linear, continuous T",linear (correct),10957,peer,0.5,0.6037591596332452,0.0771974803296923,True,307
"BA (m=2, hubs)","linear, continuous T",linear (correct),10958,direct,1.0,1.011012100204453,0.05577874465955336,True,302
"BA (m=2, hubs)","linear, continuous T",linear (correct),10958,peer,0.5,0.36296581524021293,0.09530953595821992,True,302
"BA (m=2, hubs)","linear, continuous T",linear (correct),10959,direct,1.0,0.9771000764634067,0.05951543871639665,True,327
"BA (m=2, hubs)","linear, continuous T",linear (correct),10959,peer,0.5,0.5366682198757341,0.09171680384439528,True,327
"BA (m=2, hubs)","linear, continuous T",linear (correct),10960,direct,1.0,0.896425112648689,0.06038330242646452,True,306
"BA (m=2, hubs)","linear, continuous T",linear (correct),10960,peer,0.5,0.31325652756181616,0.08104230327075344,False,306
"BA (m=2, hubs)","linear, continuous T",linear (correct),10961,direct,1.0,1.0111758794647874,0.056876914009030013,True,310
"BA (m=2, hubs)","linear, continuous T",linear (correct),10961,peer,0.5,0.5337619673707827,0.09901883638678666,True,310
"BA (m=2, hubs)","linear, continuous T",linear (correct),10962,direct,1.0,1.11955683183224,0.06338441957774876,True,306
"BA (m=2, hubs)","linear, continuous T",linear (correct),10962,peer,0.5,0.6037720258405591,0.07033014277905245,True,306
"BA (m=2, hubs)","linear, continuous T",linear (correct),10963,direct,1.0,0.9851988047998596,0.0674058412202319,True,319
"BA (m=2, hubs)","linear, continuous T",linear (correct),10963,peer,0.5,0.6122484288526534,0.0845067785084113,True,319
"BA (m=2, hubs)","linear, continuous T",linear (correct),10964,direct,1.0,0.9926431348246205,0.05349851906381977,True,303
"BA (m=2, hubs)","linear, continuous T",linear (correct),10964,peer,0.5,0.529535906324261,0.08554169192272411,True,303
"BA (m=2, hubs)","linear, continuous T",linear (correct),10965,direct,1.0,1.0287604015888063,0.058161142281806584,True,309
"BA (m=2, hubs)","linear, continuous T",linear (correct),10965,peer,0.5,0.440961816268673,0.08347608125546674,True,309
"BA (m=2, hubs)","linear, continuous T",linear (correct),10966,direct,1.0,0.9717211076432787,0.06203883223046695,True,328
"BA (m=2, hubs)","linear, continuous T",linear (correct),10966,peer,0.5,0.4750446820869844,0.06993507373533625,True,328
"BA (m=2, hubs)","linear, continuous T",linear (correct),10967,direct,1.0,1.083071793914235,0.05261642987313665,True,310
"BA (m=2, hubs)","linear, continuous T",linear (correct),10967,peer,0.5,0.39730378286443024,0.08512839115376174,True,310
"BA (m=2, hubs)","linear, continuous T",linear (correct),10968,direct,1.0,1.0581368757545837,0.056526456864766775,True,313
"BA (m=2, hubs)","linear, continuous T",linear (correct),10968,peer,0.5,0.45457285619377447,0.07811158264768261,True,313
"BA (m=2, hubs)","linear, continuous T",linear (correct),10969,direct,1.0,1.057291662429013,0.060680314094132735,True,302
"BA (m=2, hubs)","linear, continuous T",linear (correct),10969,peer,0.5,0.5493827811448079,0.07456115779516446,True,302
"BA (m=2, hubs)","linear, continuous T",linear (correct),10970,direct,1.0,1.0550667096791426,0.0538310423592799,True,301
"BA (m=2, hubs)","linear, continuous T",linear (correct),10970,peer,0.5,0.3742019534716077,0.08538055630125169,True,301
"BA (m=2, hubs)","linear, continuous T",linear (correct),10971,direct,1.0,1.0116052590443172,0.06294421432440345,True,324
"BA (m=2, hubs)","linear, continuous T",linear (correct),10971,peer,0.5,0.5678156683090694,0.07594885749238331,True,324
"BA (m=2, hubs)","linear, continuous T",linear (correct),10972,direct,1.0,1.0850818969456653,0.05373188118205987,True,298
"BA (m=2, hubs)","linear, continuous T",linear (correct),10972,peer,0.5,0.4081745848915123,0.08031269235593692,True,298
"BA (m=2, hubs)","linear, continuous T",linear (correct),10973,direct,1.0,0.9807098061781608,0.05042094633246025,True,304
"BA (m=2, hubs)","linear, continuous T",linear (correct),10973,peer,0.5,0.46312839409663387,0.08586135730738191,True,304
"BA (m=2, hubs)","linear, continuous T",linear (correct),10974,direct,1.0,0.9563635121281531,0.0580132288236788,True,313
"BA (m=2, hubs)","linear, continuous T",linear (correct),10974,peer,0.5,0.521973210451468,0.08351195394688332,True,313
"BA (m=2, hubs)","linear, continuous T",linear (correct),10975,direct,1.0,0.9688640735019404,0.05896600304309493,True,324
"BA (m=2, hubs)","linear, continuous T",linear (correct),10975,peer,0.5,0.48660782758632165,0.08851651858455746,True,324
"BA (m=2, hubs)","linear, continuous T",linear (correct),10976,direct,1.0,1.036709803322847,0.05758683565699289,True,293
"BA (m=2, hubs)","linear, continuous T",linear (correct),10976,peer,0.5,0.46809009321244655,0.07568357985162327,True,293
"BA (m=2, hubs)","linear, continuous T",linear (correct),10977,direct,1.0,1.0218259616166894,0.04735667524314763,True,320
"BA (m=2, hubs)","linear, continuous T",linear (correct),10977,peer,0.5,0.5240696887551795,0.07546101851987624,True,320
"BA (m=2, hubs)","linear, continuous T",linear (correct),10978,direct,1.0,0.9953450525406523,0.06606479228389774,True,326
"BA (m=2, hubs)","linear, continuous T",linear (correct),10978,peer,0.5,0.41563484112125026,0.07088258407751398,True,326
"BA (m=2, hubs)","linear, continuous T",linear (correct),10979,direct,1.0,1.1080847977301689,0.07004541282151107,True,325
"BA (m=2, hubs)","linear, continuous T",linear (correct),10979,peer,0.5,0.5692299982247575,0.07919888760341322,True,325
"BA (m=2, hubs)","linear, continuous T",linear (correct),10980,direct,1.0,0.9753863033723753,0.060349277317172385,True,302
"BA (m=2, hubs)","linear, continuous T",linear (correct),10980,peer,0.5,0.6031919424274743,0.0952082045429167,True,302
"BA (m=2, hubs)","linear, continuous T",linear (correct),10981,direct,1.0,0.9155781909558546,0.05530513418079907,True,316
"BA (m=2, hubs)","linear, continuous T",linear (correct),10981,peer,0.5,0.41601284376062453,0.07408976381887915,True,316
"BA (m=2, hubs)","linear, continuous T",linear (correct),10982,direct,1.0,0.8979181208940352,0.05393621386127331,True,319
"BA (m=2, hubs)","linear, continuous T",linear (correct),10982,peer,0.5,0.5954564652617539,0.07212328881992171,True,319
"BA (m=2, hubs)","linear, continuous T",linear (correct),10983,direct,1.0,0.9815279561091859,0.06699153194394988,True,302
"BA (m=2, hubs)","linear, continuous T",linear (correct),10983,peer,0.5,0.4543340692005993,0.07958939991347491,True,302
"BA (m=2, hubs)","linear, continuous T",linear (correct),10984,direct,1.0,0.9678071764038118,0.0599496784958537,True,309
"BA (m=2, hubs)","linear, continuous T",linear (correct),10984,peer,0.5,0.5108968695772907,0.08201640945444716,True,309
"BA (m=2, hubs)","linear, continuous T",linear (correct),10985,direct,1.0,0.9237832458052658,0.057724565523846874,True,300
"BA (m=2, hubs)","linear, continuous T",linear (correct),10985,peer,0.5,0.44588520132113674,0.08325530134802686,True,300
"BA (m=2, hubs)","linear, continuous T",linear (correct),10986,direct,1.0,1.0261021079587849,0.05736103336386815,True,311
"BA (m=2, hubs)","linear, continuous T",linear (correct),10986,peer,0.5,0.5376053482167068,0.0868830345357381,True,311
"BA (m=2, hubs)","linear, continuous T",linear (correct),10987,direct,1.0,1.016188938995324,0.05522999131135877,True,310
"BA (m=2, hubs)","linear, continuous T",linear (correct),10987,peer,0.5,0.45554689358526645,0.08367889022470325,True,310
"BA (m=2, hubs)","linear, continuous T",linear (correct),10988,direct,1.0,0.9782886281583646,0.05307027599460358,True,310
"BA (m=2, hubs)","linear, continuous T",linear (correct),10988,peer,0.5,0.4214062843426434,0.07283787274536394,True,310
"BA (m=2, hubs)","linear, continuous T",linear (correct),10989,direct,1.0,0.8902772873907758,0.05912509394224897,True,306
"BA (m=2, hubs)","linear, continuous T",linear (correct),10989,peer,0.5,0.4028917657397277,0.09497064592387361,True,306
"BA (m=2, hubs)","linear, continuous T",linear (correct),10990,direct,1.0,0.9872222743934292,0.06439864054073441,True,292
"BA (m=2, hubs)","linear, continuous T",linear (correct),10990,peer,0.5,0.5672870482316611,0.07696884330058001,True,292
"BA (m=2, hubs)","linear, continuous T",linear (correct),10991,direct,1.0,1.0356433886547538,0.0612101378656313,True,315
"BA (m=2, hubs)","linear, continuous T",linear (correct),10991,peer,0.5,0.37365382037823,0.08521555458282973,True,315
"BA (m=2, hubs)","linear, continuous T",linear (correct),10992,direct,1.0,0.9666943138351476,0.06720373007417398,True,320
"BA (m=2, hubs)","linear, continuous T",linear (correct),10992,peer,0.5,0.5012567172852027,0.0785498248135966,True,320
"BA (m=2, hubs)","linear, continuous T",linear (correct),10993,direct,1.0,0.9481059545692787,0.0610676714766207,True,313
"BA (m=2, hubs)","linear, continuous T",linear (correct),10993,peer,0.5,0.553069279128919,0.07105563034756605,True,313
"BA (m=2, hubs)","linear, continuous T",linear (correct),10994,direct,1.0,0.9380689639743658,0.07416704971542998,True,299
"BA (m=2, hubs)","linear, continuous T",linear (correct),10994,peer,0.5,0.4178127875113039,0.07975282795329837,True,299
"BA (m=2, hubs)","linear, continuous T",linear (correct),10995,direct,1.0,0.9277777492969198,0.05324832250106269,True,310
"BA (m=2, hubs)","linear, continuous T",linear (correct),10995,peer,0.5,0.3478247944730808,0.06967568025701552,False,310
"BA (m=2, hubs)","linear, continuous T",linear (correct),10996,direct,1.0,1.032459254508428,0.05522511849337904,True,315
"BA (m=2, hubs)","linear, continuous T",linear (correct),10996,peer,0.5,0.5004193114362495,0.08105337801156848,True,315
"BA (m=2, hubs)","linear, continuous T",linear (correct),10997,direct,1.0,1.0941537316335628,0.05448014778094088,True,311
"BA (m=2, hubs)","linear, continuous T",linear (correct),10997,peer,0.5,0.482795674389467,0.08489374876773623,True,311
"BA (m=2, hubs)","linear, continuous T",linear (correct),10998,direct,1.0,0.9548524905245426,0.051216066726942275,True,308
"BA (m=2, hubs)","linear, continuous T",linear (correct),10998,peer,0.5,0.41800186294058955,0.07794777026235,True,308
"BA (m=2, hubs)","linear, continuous T",linear (correct),10999,direct,1.0,1.0129314642135825,0.049552597147053325,True,314
"BA (m=2, hubs)","linear, continuous T",linear (correct),10999,peer,0.5,0.5609539535766038,0.07617030073289686,True,314
"BA (m=2, hubs)","linear, continuous T",linear (correct),11000,direct,1.0,0.9372227769065262,0.05828509571191381,True,310
"BA (m=2, hubs)","linear, continuous T",linear (correct),11000,peer,0.5,0.61178072461363,0.08151344585713209,True,310
"BA (m=2, hubs)","linear, continuous T",linear (correct),11001,direct,1.0,0.9969420097557673,0.06739809349571271,True,295
"BA (m=2, hubs)","linear, continuous T",linear (correct),11001,peer,0.5,0.46680382065360093,0.08299079283039221,True,295
"BA (m=2, hubs)","linear, continuous T",linear (correct),11002,direct,1.0,1.0094421533198714,0.07082564204372223,True,309
"BA (m=2, hubs)","linear, continuous T",linear (correct),11002,peer,0.5,0.509028425378746,0.09049664951778123,True,309
"BA (m=2, hubs)","linear, continuous T",linear (correct),11003,direct,1.0,1.0082735457561942,0.049818898198683466,True,299
"BA (m=2, hubs)","linear, continuous T",linear (correct),11003,peer,0.5,0.39577034757869706,0.06380702205951719,True,299
"BA (m=2, hubs)","linear, continuous T",linear (correct),11004,direct,1.0,1.0581849555742986,0.04997621776754518,True,298
"BA (m=2, hubs)","linear, continuous T",linear (correct),11004,peer,0.5,0.5614934609645537,0.08284383492263529,True,298
"BA (m=2, hubs)","linear, continuous T",linear (correct),11005,direct,1.0,0.9788178145258775,0.058875186607084885,True,310
"BA (m=2, hubs)","linear, continuous T",linear (correct),11005,peer,0.5,0.3941797601535752,0.06526061790701558,True,310
"BA (m=2, hubs)","linear, continuous T",linear (correct),11006,direct,1.0,1.0387277298116033,0.062461474300655837,True,305
"BA (m=2, hubs)","linear, continuous T",linear (correct),11006,peer,0.5,0.44841606692887687,0.08858266522484821,True,305
"BA (m=2, hubs)","linear, continuous T",linear (correct),11007,direct,1.0,1.1070930623112638,0.0580635962047423,True,316
"BA (m=2, hubs)","linear, continuous T",linear (correct),11007,peer,0.5,0.4708006561357229,0.09153022170845863,True,316
"BA (m=2, hubs)","linear, continuous T",linear (correct),11008,direct,1.0,0.9715478751411613,0.06860234583835821,True,301
"BA (m=2, hubs)","linear, continuous T",linear (correct),11008,peer,0.5,0.319792290375418,0.08498967163447838,False,301
"BA (m=2, hubs)","linear, continuous T",linear (correct),11009,direct,1.0,1.072515701151124,0.06712846551881226,True,304
"BA (m=2, hubs)","linear, continuous T",linear (correct),11009,peer,0.5,0.5435058532336858,0.08764927197949708,True,304
"BA (m=2, hubs)","linear, continuous T",linear (correct),11010,direct,1.0,0.9617962580819305,0.05743604181017928,True,310
"BA (m=2, hubs)","linear, continuous T",linear (correct),11010,peer,0.5,0.6511795957795543,0.07329460666431559,False,310
"BA (m=2, hubs)","linear, continuous T",linear (correct),11011,direct,1.0,0.9855829106012046,0.059947740123477866,True,307
"BA (m=2, hubs)","linear, continuous T",linear (correct),11011,peer,0.5,0.5827039437288241,0.08767676390198813,True,307
"BA (m=2, hubs)","linear, continuous T",linear (correct),11012,direct,1.0,1.0795431536500137,0.061444849311787876,True,308
"BA (m=2, hubs)","linear, continuous T",linear (correct),11012,peer,0.5,0.5416658529457677,0.0872200621826461,True,308
"BA (m=2, hubs)","linear, continuous T",linear (correct),11013,direct,1.0,1.0893733099164626,0.06368657298476889,True,315
"BA (m=2, hubs)","linear, continuous T",linear (correct),11013,peer,0.5,0.4273162061011393,0.08973144898696704,True,315
"BA (m=2, hubs)","linear, continuous T",linear (correct),11014,direct,1.0,1.0777349469340978,0.06013504877277792,True,302
"BA (m=2, hubs)","linear, continuous T",linear (correct),11014,peer,0.5,0.6125614636944174,0.08366103526521844,True,302
"BA (m=2, hubs)","linear, continuous T",linear (correct),11015,direct,1.0,1.0382058210434364,0.06441152736209219,True,304
"BA (m=2, hubs)","linear, continuous T",linear (correct),11015,peer,0.5,0.45994822500038496,0.08801982922797988,True,304
"BA (m=2, hubs)","linear, continuous T",linear (correct),11016,direct,1.0,1.0417949476709571,0.050300894566215844,True,316
"BA (m=2, hubs)","linear, continuous T",linear (correct),11016,peer,0.5,0.6293265282352304,0.07544492175982123,True,316
"BA (m=2, hubs)","linear, continuous T",linear (correct),11017,direct,1.0,0.9199321271254929,0.05619331084443473,True,303
"BA (m=2, hubs)","linear, continuous T",linear (correct),11017,peer,0.5,0.6689248692122727,0.07907672900784858,False,303
"BA (m=2, hubs)","linear, continuous T",linear (correct),11018,direct,1.0,1.004482910518088,0.05490460966802636,True,305
"BA (m=2, hubs)","linear, continuous T",linear (correct),11018,peer,0.5,0.5420938312514155,0.08134757241040173,True,305
"BA (m=2, hubs)","linear, continuous T",linear (correct),11019,direct,1.0,1.054748901630208,0.05179464863307362,True,308
"BA (m=2, hubs)","linear, continuous T",linear (correct),11019,peer,0.5,0.3337290506043482,0.08156130964793036,False,308
"BA (m=2, hubs)","linear, continuous T",linear (correct),11020,direct,1.0,1.0919743474834342,0.04806281618467374,True,322
"BA (m=2, hubs)","linear, continuous T",linear (correct),11020,peer,0.5,0.5441805694067963,0.07589122980319336,True,322
"BA (m=2, hubs)","linear, continuous T",linear (correct),11021,direct,1.0,1.0635375930611208,0.055443513350394075,True,311
"BA (m=2, hubs)","linear, continuous T",linear (correct),11021,peer,0.5,0.6315991884173987,0.0658145525539993,False,311
"BA (m=2, hubs)","linear, continuous T",linear (correct),11022,direct,1.0,0.9759378129787476,0.04954454582203343,True,321
"BA (m=2, hubs)","linear, continuous T",linear (correct),11022,peer,0.5,0.4906848641271472,0.07273793100985718,True,321
"BA (m=2, hubs)","linear, continuous T",linear (correct),11023,direct,1.0,1.0488419788265622,0.060962281483060154,True,314
"BA (m=2, hubs)","linear, continuous T",linear (correct),11023,peer,0.5,0.5490308009912012,0.0716708746021373,True,314
"BA (m=2, hubs)","linear, continuous T",linear (correct),11024,direct,1.0,1.0701612752542864,0.05394414094356364,True,297
"BA (m=2, hubs)","linear, continuous T",linear (correct),11024,peer,0.5,0.49312714800724916,0.0776244204148111,True,297
"BA (m=2, hubs)","linear, continuous T",linear (correct),11025,direct,1.0,0.9484731398292553,0.04370127242617291,True,302
"BA (m=2, hubs)","linear, continuous T",linear (correct),11025,peer,0.5,0.4016030051860044,0.08809205559922098,True,302
"BA (m=2, hubs)","linear, continuous T",linear (correct),11026,direct,1.0,1.0022960169034882,0.06001204388461342,True,305
"BA (m=2, hubs)","linear, continuous T",linear (correct),11026,peer,0.5,0.572192435355752,0.07875555235915477,True,305
"BA (m=2, hubs)","linear, continuous T",linear (correct),11027,direct,1.0,1.106696340892717,0.06624096432784043,True,319
"BA (m=2, hubs)","linear, continuous T",linear (correct),11027,peer,0.5,0.5076978200963345,0.07378522445035123,True,319
"BA (m=2, hubs)","linear, continuous T",linear (correct),11028,direct,1.0,0.9943568710202738,0.054392819769073765,True,310
"BA (m=2, hubs)","linear, continuous T",linear (correct),11028,peer,0.5,0.4606639336897462,0.07093763712666037,True,310
"BA (m=2, hubs)","linear, continuous T",linear (correct),11029,direct,1.0,0.9756666767318829,0.05575768724633183,True,309
"BA (m=2, hubs)","linear, continuous T",linear (correct),11029,peer,0.5,0.4303478592449295,0.095487412488233,True,309
"BA (m=2, hubs)","linear, continuous T",linear (correct),11030,direct,1.0,1.0003207500883893,0.06320332540895282,True,304
"BA (m=2, hubs)","linear, continuous T",linear (correct),11030,peer,0.5,0.46360809637101535,0.07421471639801834,True,304
"BA (m=2, hubs)","linear, continuous T",linear (correct),11031,direct,1.0,0.9938900490081242,0.06521091751684567,True,311
"BA (m=2, hubs)","linear, continuous T",linear (correct),11031,peer,0.5,0.5261352319814636,0.08087470218979576,True,311
"BA (m=2, hubs)","linear, continuous T",linear (correct),11032,direct,1.0,0.9450365534592736,0.06179491667870394,True,315
"BA (m=2, hubs)","linear, continuous T",linear (correct),11032,peer,0.5,0.5840694975424169,0.07026582017549561,True,315
"BA (m=2, hubs)","linear, continuous T",linear (correct),11033,direct,1.0,1.0019128793503775,0.05906108194365574,True,308
"BA (m=2, hubs)","linear, continuous T",linear (correct),11033,peer,0.5,0.3925019513929137,0.07642221194481641,True,308
"BA (m=2, hubs)","linear, continuous T",linear (correct),11034,direct,1.0,1.0027136875554246,0.06283489687538504,True,309
"BA (m=2, hubs)","linear, continuous T",linear (correct),11034,peer,0.5,0.5034408099846781,0.0679648339419834,True,309
"BA (m=2, hubs)","linear, continuous T",linear (correct),11035,direct,1.0,1.0068899321414395,0.05569108374149084,True,302
"BA (m=2, hubs)","linear, continuous T",linear (correct),11035,peer,0.5,0.5217801450280077,0.06404203920866136,True,302
"BA (m=2, hubs)","linear, continuous T",linear (correct),11036,direct,1.0,0.9623762097579303,0.056885234337454176,True,322
"BA (m=2, hubs)","linear, continuous T",linear (correct),11036,peer,0.5,0.32437378387929855,0.07396152936041564,False,322
"BA (m=2, hubs)","linear, continuous T",linear (correct),11037,direct,1.0,0.9946196448774273,0.05470726864689994,True,318
"BA (m=2, hubs)","linear, continuous T",linear (correct),11037,peer,0.5,0.48714622717067857,0.07413546153105487,True,318
"BA (m=2, hubs)","linear, continuous T",linear (correct),11038,direct,1.0,1.1056642550893472,0.07928388774465235,True,300
"BA (m=2, hubs)","linear, continuous T",linear (correct),11038,peer,0.5,0.49275355852143343,0.0831205851124167,True,300
"BA (m=2, hubs)","linear, continuous T",linear (correct),11039,direct,1.0,0.9483792733636673,0.05594443325123876,True,304
"BA (m=2, hubs)","linear, continuous T",linear (correct),11039,peer,0.5,0.5467335755387129,0.0919395085303619,True,304
"BA (m=2, hubs)","linear, continuous T",linear (correct),11040,direct,1.0,1.0114619011784618,0.05122825946469052,True,324
"BA (m=2, hubs)","linear, continuous T",linear (correct),11040,peer,0.5,0.5778252173876142,0.08137942398870883,True,324
"BA (m=2, hubs)","linear, continuous T",linear (correct),11041,direct,1.0,1.136012208213209,0.05846685239655048,False,313
"BA (m=2, hubs)","linear, continuous T",linear (correct),11041,peer,0.5,0.48630838662473636,0.09242548938934034,True,313
"BA (m=2, hubs)","linear, continuous T",linear (correct),11042,direct,1.0,1.0410609992152853,0.06377977428484462,True,304
"BA (m=2, hubs)","linear, continuous T",linear (correct),11042,peer,0.5,0.598521850577656,0.07762432715989519,True,304
"BA (m=2, hubs)","linear, continuous T",linear (correct),11043,direct,1.0,1.06045391113428,0.059033154118214436,True,313
"BA (m=2, hubs)","linear, continuous T",linear (correct),11043,peer,0.5,0.5508362450765543,0.07686914137197166,True,313
"BA (m=2, hubs)","linear, continuous T",linear (correct),11044,direct,1.0,0.9502345882158636,0.05600979892650974,True,311
"BA (m=2, hubs)","linear, continuous T",linear (correct),11044,peer,0.5,0.5155052933944122,0.0934249012160909,True,311
"BA (m=2, hubs)","linear, continuous T",linear (correct),11045,direct,1.0,1.0852731582791157,0.059306765295169574,True,298
"BA (m=2, hubs)","linear, continuous T",linear (correct),11045,peer,0.5,0.4599537735610769,0.09393340616917556,True,298
"BA (m=2, hubs)","linear, continuous T",linear (correct),11046,direct,1.0,1.1086150456878223,0.05314783446553251,False,309
"BA (m=2, hubs)","linear, continuous T",linear (correct),11046,peer,0.5,0.5559408936367497,0.08493323479579336,True,309
"BA (m=2, hubs)","linear, continuous T",linear (correct),11047,direct,1.0,1.061657431736069,0.04902661665316275,True,306
"BA (m=2, hubs)","linear, continuous T",linear (correct),11047,peer,0.5,0.47740742805465775,0.09089685874970578,True,306
"BA (m=2, hubs)","linear, continuous T",linear (correct),11048,direct,1.0,0.9883979272012422,0.07083235389243954,True,299
"BA (m=2, hubs)","linear, continuous T",linear (correct),11048,peer,0.5,0.45195983416181607,0.0918072885800318,True,299
"BA (m=2, hubs)","linear, continuous T",linear (correct),11049,direct,1.0,1.0335646658295599,0.0570488757073312,True,308
"BA (m=2, hubs)","linear, continuous T",linear (correct),11049,peer,0.5,0.4187587968454255,0.08747241797936711,True,308
"BA (m=2, hubs)","linear, continuous T",linear (correct),11050,direct,1.0,1.0734374445785682,0.06027413336454868,True,306
"BA (m=2, hubs)","linear, continuous T",linear (correct),11050,peer,0.5,0.3322870621348214,0.0814343471901707,False,306
"BA (m=2, hubs)","linear, continuous T",linear (correct),11051,direct,1.0,0.968509922752355,0.058665991892924596,True,314
"BA (m=2, hubs)","linear, continuous T",linear (correct),11051,peer,0.5,0.6107149203242378,0.09612229742911178,True,314
"BA (m=2, hubs)","linear, continuous T",linear (correct),11052,direct,1.0,1.000459201915071,0.05265609542075938,True,312
"BA (m=2, hubs)","linear, continuous T",linear (correct),11052,peer,0.5,0.6018013051650256,0.0788096042024493,True,312
"BA (m=2, hubs)","linear, continuous T",linear (correct),11053,direct,1.0,1.1649234454885893,0.05550560109292281,False,310
"BA (m=2, hubs)","linear, continuous T",linear (correct),11053,peer,0.5,0.4294958132650657,0.10517403289296127,True,310
"BA (m=2, hubs)","linear, continuous T",linear (correct),11054,direct,1.0,1.0330086484556875,0.05662471890074332,True,321
"BA (m=2, hubs)","linear, continuous T",linear (correct),11054,peer,0.5,0.6469867623206798,0.07812854437587116,True,321
"BA (m=2, hubs)","linear, continuous T",linear (correct),11055,direct,1.0,0.9173210806377868,0.06768038825360102,True,323
"BA (m=2, hubs)","linear, continuous T",linear (correct),11055,peer,0.5,0.4694392207274885,0.0829262462224598,True,323
"BA (m=2, hubs)","linear, continuous T",linear (correct),11056,direct,1.0,1.0423062496882904,0.05648374827290824,True,297
"BA (m=2, hubs)","linear, continuous T",linear (correct),11056,peer,0.5,0.5183161291897095,0.08835851460901907,True,297
"BA (m=2, hubs)","linear, continuous T",linear (correct),11057,direct,1.0,0.9714299356942462,0.05824648327141562,True,299
"BA (m=2, hubs)","linear, continuous T",linear (correct),11057,peer,0.5,0.47242189705784743,0.08670517113081139,True,299
"BA (m=2, hubs)","linear, continuous T",linear (correct),11058,direct,1.0,1.0475444403796514,0.057129125763293036,True,317
"BA (m=2, hubs)","linear, continuous T",linear (correct),11058,peer,0.5,0.4961792511468593,0.0876869356573784,True,317
"BA (m=2, hubs)","linear, continuous T",linear (correct),11059,direct,1.0,1.0217088860535106,0.05102741624572903,True,316
"BA (m=2, hubs)","linear, continuous T",linear (correct),11059,peer,0.5,0.4046041858404618,0.07091818738497452,True,316
"BA (m=2, hubs)","linear, continuous T",linear (correct),11060,direct,1.0,0.9790668631311144,0.05949330671353698,True,298
"BA (m=2, hubs)","linear, continuous T",linear (correct),11060,peer,0.5,0.5029903729275512,0.07632239821813903,True,298
"BA (m=2, hubs)","linear, continuous T",linear (correct),11061,direct,1.0,0.9890625281143375,0.06003866930290005,True,293
"BA (m=2, hubs)","linear, continuous T",linear (correct),11061,peer,0.5,0.6046742574822644,0.08403697524724418,True,293
"BA (m=2, hubs)","linear, continuous T",linear (correct),11062,direct,1.0,1.0178083067751387,0.06842736830306041,True,306
"BA (m=2, hubs)","linear, continuous T",linear (correct),11062,peer,0.5,0.4631036812866967,0.0869436077710199,True,306
"BA (m=2, hubs)","linear, continuous T",linear (correct),11063,direct,1.0,0.9877565273299015,0.05260163958521394,True,335
"BA (m=2, hubs)","linear, continuous T",linear (correct),11063,peer,0.5,0.4874039818895266,0.07694603305356375,True,335
"BA (m=2, hubs)","linear, continuous T",linear (correct),11064,direct,1.0,1.0215315832429632,0.05491091442832132,True,316
"BA (m=2, hubs)","linear, continuous T",linear (correct),11064,peer,0.5,0.40800007132934457,0.08273256399449694,True,316
"BA (m=2, hubs)","linear, continuous T",linear (correct),11065,direct,1.0,0.881340236109702,0.06342610187000551,True,304
"BA (m=2, hubs)","linear, continuous T",linear (correct),11065,peer,0.5,0.5721681236438655,0.08183518888131391,True,304
"BA (m=2, hubs)","linear, continuous T",linear (correct),11066,direct,1.0,0.9927244819644088,0.0573369089231096,True,317
"BA (m=2, hubs)","linear, continuous T",linear (correct),11066,peer,0.5,0.5341368181378244,0.0895729517646289,True,317
"BA (m=2, hubs)","linear, continuous T",linear (correct),11067,direct,1.0,1.0983416637252437,0.05847122150228068,True,305
"BA (m=2, hubs)","linear, continuous T",linear (correct),11067,peer,0.5,0.5144756261666509,0.09138487218274884,True,305
"BA (m=2, hubs)","linear, continuous T",linear (correct),11068,direct,1.0,1.052931439622828,0.053160633733702556,True,312
"BA (m=2, hubs)","linear, continuous T",linear (correct),11068,peer,0.5,0.4445711591606177,0.07606761799611311,True,312
"BA (m=2, hubs)","linear, continuous T",linear (correct),11069,direct,1.0,0.9303056995252588,0.06033587281527347,True,292
"BA (m=2, hubs)","linear, continuous T",linear (correct),11069,peer,0.5,0.3002778401159808,0.0796943524099084,False,292
"BA (m=2, hubs)","linear, continuous T",linear (correct),11070,direct,1.0,0.9992614624187789,0.05740362232155805,True,307
"BA (m=2, hubs)","linear, continuous T",linear (correct),11070,peer,0.5,0.6253074004301366,0.07606166625171164,True,307
"BA (m=2, hubs)","linear, continuous T",linear (correct),11071,direct,1.0,0.9988604498373103,0.05359080998747033,True,311
"BA (m=2, hubs)","linear, continuous T",linear (correct),11071,peer,0.5,0.6802851357717312,0.09035834012693557,False,311
"BA (m=2, hubs)","linear, continuous T",linear (correct),11072,direct,1.0,1.006087515672642,0.049953990395189274,True,319
"BA (m=2, hubs)","linear, continuous T",linear (correct),11072,peer,0.5,0.4622781938377099,0.07746933651175207,True,319
"BA (m=2, hubs)","linear, continuous T",linear (correct),11073,direct,1.0,0.9913923627154173,0.0538209508322019,True,324
"BA (m=2, hubs)","linear, continuous T",linear (correct),11073,peer,0.5,0.4909905965384017,0.07435027410487725,True,324
"BA (m=2, hubs)","linear, continuous T",linear (correct),11074,direct,1.0,0.9298788918024256,0.058110415190804024,True,326
"BA (m=2, hubs)","linear, continuous T",linear (correct),11074,peer,0.5,0.48895495123370736,0.07547100514172998,True,326
"BA (m=2, hubs)","linear, continuous T",linear (correct),11075,direct,1.0,1.0869977873470487,0.059483458880484175,True,303
"BA (m=2, hubs)","linear, continuous T",linear (correct),11075,peer,0.5,0.44830181170425426,0.09419207267465497,True,303
"BA (m=2, hubs)","linear, continuous T",linear (correct),11076,direct,1.0,1.0474880842182057,0.050252273805917146,True,311
"BA (m=2, hubs)","linear, continuous T",linear (correct),11076,peer,0.5,0.47921368741961856,0.0742623576227346,True,311
"BA (m=2, hubs)","linear, continuous T",linear (correct),11077,direct,1.0,1.0635427725278372,0.057023091967185406,True,305
"BA (m=2, hubs)","linear, continuous T",linear (correct),11077,peer,0.5,0.30638269768472953,0.08040108526851328,False,305
"BA (m=2, hubs)","linear, continuous T",linear (correct),11078,direct,1.0,0.9621554762528878,0.056069484604166664,True,318
"BA (m=2, hubs)","linear, continuous T",linear (correct),11078,peer,0.5,0.4968241554684792,0.08487551841188029,True,318
"BA (m=2, hubs)","linear, continuous T",linear (correct),11079,direct,1.0,1.0449490431804809,0.06524900064828316,True,302
"BA (m=2, hubs)","linear, continuous T",linear (correct),11079,peer,0.5,0.530465611727981,0.08170381138370915,True,302
"BA (m=2, hubs)","linear, continuous T",linear (correct),11080,direct,1.0,0.9936621254540468,0.04723781706017788,True,310
"BA (m=2, hubs)","linear, continuous T",linear (correct),11080,peer,0.5,0.5342648416919233,0.07862702333383155,True,310
"BA (m=2, hubs)","linear, continuous T",linear (correct),11081,direct,1.0,1.0383542324687614,0.05592102630604472,True,309
"BA (m=2, hubs)","linear, continuous T",linear (correct),11081,peer,0.5,0.5359994623203513,0.07906325859873765,True,309
"BA (m=2, hubs)","linear, continuous T",linear (correct),11082,direct,1.0,0.9949731575133096,0.06003813303834812,True,320
"BA (m=2, hubs)","linear, continuous T",linear (correct),11082,peer,0.5,0.44477946835293675,0.09133619808614453,True,320
"BA (m=2, hubs)","linear, continuous T",linear (correct),11083,direct,1.0,0.9376444385866556,0.05362577688297958,True,295
"BA (m=2, hubs)","linear, continuous T",linear (correct),11083,peer,0.5,0.29868231443254195,0.08519975912837345,False,295
"BA (m=2, hubs)","linear, continuous T",linear (correct),11084,direct,1.0,0.947275911009333,0.05704287909065265,True,305
"BA (m=2, hubs)","linear, continuous T",linear (correct),11084,peer,0.5,0.45093413257751697,0.06721414438234212,True,305
"BA (m=2, hubs)","linear, continuous T",linear (correct),11085,direct,1.0,1.0152543498689617,0.053950621214331515,True,309
"BA (m=2, hubs)","linear, continuous T",linear (correct),11085,peer,0.5,0.6117434333486451,0.08122109618708066,True,309
"BA (m=2, hubs)","linear, continuous T",linear (correct),11086,direct,1.0,1.0249865597893748,0.05680020959925949,True,299
"BA (m=2, hubs)","linear, continuous T",linear (correct),11086,peer,0.5,0.5838229766429918,0.07409447594725593,True,299
"BA (m=2, hubs)","linear, continuous T",linear (correct),11087,direct,1.0,1.0219174327059943,0.057620684869383154,True,305
"BA (m=2, hubs)","linear, continuous T",linear (correct),11087,peer,0.5,0.6587061296460076,0.08894194402477049,True,305
"BA (m=2, hubs)","linear, continuous T",linear (correct),11088,direct,1.0,1.043787031288704,0.06785661404775875,True,315
"BA (m=2, hubs)","linear, continuous T",linear (correct),11088,peer,0.5,0.6440640888741203,0.08430150628634017,True,315
"BA (m=2, hubs)","linear, continuous T",linear (correct),11089,direct,1.0,1.0762573775525413,0.053989931036923046,True,317
"BA (m=2, hubs)","linear, continuous T",linear (correct),11089,peer,0.5,0.4126268654443273,0.0885490427103506,True,317
"BA (m=2, hubs)","linear, continuous T",linear (correct),11090,direct,1.0,1.04268249614557,0.04949022811353684,True,306
"BA (m=2, hubs)","linear, continuous T",linear (correct),11090,peer,0.5,0.5209115627020774,0.08073562558418479,True,306
"BA (m=2, hubs)","linear, continuous T",linear (correct),11091,direct,1.0,1.0676030621371915,0.05556191071786812,True,324
"BA (m=2, hubs)","linear, continuous T",linear (correct),11091,peer,0.5,0.5862541907844997,0.09028423894573501,True,324
"BA (m=2, hubs)","linear, continuous T",linear (correct),11092,direct,1.0,1.0494165084751716,0.06208135252588247,True,310
"BA (m=2, hubs)","linear, continuous T",linear (correct),11092,peer,0.5,0.4854962311837421,0.07714654682132205,True,310
"BA (m=2, hubs)","linear, continuous T",linear (correct),11093,direct,1.0,0.967329794615311,0.05263498472363805,True,308
"BA (m=2, hubs)","linear, continuous T",linear (correct),11093,peer,0.5,0.5431067774223376,0.0691166541218535,True,308
"BA (m=2, hubs)","linear, continuous T",linear (correct),11094,direct,1.0,0.909019640883976,0.05784911394191013,True,318
"BA (m=2, hubs)","linear, continuous T",linear (correct),11094,peer,0.5,0.5012401999437074,0.07837786124640986,True,318
"BA (m=2, hubs)","linear, continuous T",linear (correct),11095,direct,1.0,0.9761342336275594,0.05297431054098873,True,307
"BA (m=2, hubs)","linear, continuous T",linear (correct),11095,peer,0.5,0.3921760069996976,0.07096100943259341,True,307
"BA (m=2, hubs)","linear, continuous T",linear (correct),11096,direct,1.0,0.9578142074306297,0.05281730817095875,True,318
"BA (m=2, hubs)","linear, continuous T",linear (correct),11096,peer,0.5,0.5063596822903472,0.08992050530916039,True,318
"BA (m=2, hubs)","linear, continuous T",linear (correct),11097,direct,1.0,0.9521427879365756,0.053652716122127464,True,298
"BA (m=2, hubs)","linear, continuous T",linear (correct),11097,peer,0.5,0.46013639616753094,0.08707711889413003,True,298
"BA (m=2, hubs)","linear, continuous T",linear (correct),11098,direct,1.0,0.9657634225278146,0.0498624588052424,True,317
"BA (m=2, hubs)","linear, continuous T",linear (correct),11098,peer,0.5,0.6973083985213788,0.08120440213321883,False,317
"BA (m=2, hubs)","linear, continuous T",linear (correct),11099,direct,1.0,1.0196538321960407,0.05537060533417378,True,306
"BA (m=2, hubs)","linear, continuous T",linear (correct),11099,peer,0.5,0.49437935278501377,0.08390916901527234,True,306
"BA (m=2, hubs)","linear, continuous T",linear (correct),11100,direct,1.0,1.0098772790141797,0.0535992349758707,True,315
"BA (m=2, hubs)","linear, continuous T",linear (correct),11100,peer,0.5,0.5632921805884915,0.08381417129353694,True,315
"BA (m=2, hubs)","linear, continuous T",linear (correct),11101,direct,1.0,1.1050199524123632,0.054403693459387344,True,319
"BA (m=2, hubs)","linear, continuous T",linear (correct),11101,peer,0.5,0.4443364213548808,0.09168398158748552,True,319
"BA (m=2, hubs)","linear, continuous T",linear (correct),11102,direct,1.0,0.9786670461083017,0.053666266675070705,True,327
"BA (m=2, hubs)","linear, continuous T",linear (correct),11102,peer,0.5,0.468509535364678,0.07964718878391938,True,327
"BA (m=2, hubs)","linear, continuous T",linear (correct),11103,direct,1.0,1.1685137988730063,0.05710531401155301,False,315
"BA (m=2, hubs)","linear, continuous T",linear (correct),11103,peer,0.5,0.540780073902159,0.08462848439079396,True,315
"BA (m=2, hubs)","linear, continuous T",linear (correct),11104,direct,1.0,1.0038977850408382,0.05354573450886126,True,316
"BA (m=2, hubs)","linear, continuous T",linear (correct),11104,peer,0.5,0.37938926433081566,0.07262565919172449,True,316
"BA (m=2, hubs)","linear, continuous T",linear (correct),11105,direct,1.0,1.00371663926227,0.05524146653692335,True,302
"BA (m=2, hubs)","linear, continuous T",linear (correct),11105,peer,0.5,0.4046143463644815,0.07927928362742082,True,302
"BA (m=2, hubs)","linear, continuous T",linear (correct),11106,direct,1.0,0.9719319297226812,0.06682242394381721,True,305
"BA (m=2, hubs)","linear, continuous T",linear (correct),11106,peer,0.5,0.42771098509085276,0.09528367069740126,True,305
"BA (m=2, hubs)","linear, continuous T",linear (correct),11107,direct,1.0,0.9595326612427204,0.051186791664802604,True,317
"BA (m=2, hubs)","linear, continuous T",linear (correct),11107,peer,0.5,0.34784174968105414,0.07884886727247584,True,317
"BA (m=2, hubs)","linear, continuous T",linear (correct),11108,direct,1.0,0.9978572885784387,0.06537436419969228,True,306
"BA (m=2, hubs)","linear, continuous T",linear (correct),11108,peer,0.5,0.39112845302444726,0.09304523749546818,True,306
"BA (m=2, hubs)","linear, continuous T",linear (correct),11109,direct,1.0,0.9507306765593481,0.053515457615509125,True,307
"BA (m=2, hubs)","linear, continuous T",linear (correct),11109,peer,0.5,0.6096950621230818,0.06828533355389504,True,307
"BA (m=2, hubs)","linear, continuous T",linear (correct),11110,direct,1.0,0.951574271312451,0.05646876279884014,True,320
"BA (m=2, hubs)","linear, continuous T",linear (correct),11110,peer,0.5,0.571913887375914,0.08494906270778453,True,320
"BA (m=2, hubs)","linear, continuous T",linear (correct),11111,direct,1.0,1.0197415211845215,0.05931885224577566,True,310
"BA (m=2, hubs)","linear, continuous T",linear (correct),11111,peer,0.5,0.39105185822418714,0.0788610431047291,True,310
"BA (m=2, hubs)","linear, continuous T",linear (correct),11112,direct,1.0,0.8733216744708663,0.05594085243975131,False,295
"BA (m=2, hubs)","linear, continuous T",linear (correct),11112,peer,0.5,0.5332941305399533,0.09495837958875306,True,295
"BA (m=2, hubs)","linear, continuous T",linear (correct),11113,direct,1.0,1.0067876859189848,0.053517849804524044,True,310
"BA (m=2, hubs)","linear, continuous T",linear (correct),11113,peer,0.5,0.5048579221458439,0.077722322243274,True,310
"BA (m=2, hubs)","linear, continuous T",linear (correct),11114,direct,1.0,1.0926198336168498,0.06104715819984312,True,316
"BA (m=2, hubs)","linear, continuous T",linear (correct),11114,peer,0.5,0.46991216969770244,0.07278814310042811,True,316
"BA (m=2, hubs)","linear, continuous T",linear (correct),11115,direct,1.0,0.9286341799626611,0.06075820579863542,True,318
"BA (m=2, hubs)","linear, continuous T",linear (correct),11115,peer,0.5,0.5076376085418561,0.08738234039796623,True,318
"BA (m=2, hubs)","linear, continuous T",linear (correct),11116,direct,1.0,1.0482636629598163,0.053652383746129975,True,310
"BA (m=2, hubs)","linear, continuous T",linear (correct),11116,peer,0.5,0.5263625718516054,0.07242059432466451,True,310
"BA (m=2, hubs)","linear, continuous T",linear (correct),11117,direct,1.0,1.062722210230683,0.05392712036471113,True,303
"BA (m=2, hubs)","linear, continuous T",linear (correct),11117,peer,0.5,0.5009026847556058,0.07194760382074625,True,303
"BA (m=2, hubs)","linear, continuous T",linear (correct),11118,direct,1.0,1.0451077763101115,0.05700847338059877,True,302
"BA (m=2, hubs)","linear, continuous T",linear (correct),11118,peer,0.5,0.5968682550855366,0.08126078547742573,True,302
"BA (m=2, hubs)","linear, continuous T",linear (correct),11119,direct,1.0,0.9060858482426856,0.04935743994824561,True,315
"BA (m=2, hubs)","linear, continuous T",linear (correct),11119,peer,0.5,0.45717463533994307,0.07388397862609315,True,315
"BA (m=2, hubs)","linear, continuous T",linear (correct),11120,direct,1.0,0.9338685202833756,0.05423757311033959,True,301
"BA (m=2, hubs)","linear, continuous T",linear (correct),11120,peer,0.5,0.39300989937217307,0.08085520579246396,True,301
"BA (m=2, hubs)","linear, continuous T",linear (correct),11121,direct,1.0,0.9735376952072006,0.05427298992290973,True,317
"BA (m=2, hubs)","linear, continuous T",linear (correct),11121,peer,0.5,0.5431006712727421,0.07096006966590579,True,317
"BA (m=2, hubs)","linear, continuous T",linear (correct),11122,direct,1.0,1.0373618833050493,0.06390636909851137,True,309
"BA (m=2, hubs)","linear, continuous T",linear (correct),11122,peer,0.5,0.6003130774202847,0.086809253512228,True,309
"BA (m=2, hubs)","linear, continuous T",linear (correct),11123,direct,1.0,1.0143845105833114,0.0627858111038303,True,313
"BA (m=2, hubs)","linear, continuous T",linear (correct),11123,peer,0.5,0.29658133271126413,0.07191149695300138,False,313
"BA (m=2, hubs)","linear, continuous T",linear (correct),11124,direct,1.0,0.956478652426104,0.05368286758026333,True,317
"BA (m=2, hubs)","linear, continuous T",linear (correct),11124,peer,0.5,0.47283960280092063,0.0689673311022952,True,317
"BA (m=2, hubs)","linear, continuous T",linear (correct),11125,direct,1.0,1.0201990189771395,0.07470116414670006,True,312
"BA (m=2, hubs)","linear, continuous T",linear (correct),11125,peer,0.5,0.5811687577964351,0.0803254709371678,True,312
"BA (m=2, hubs)","linear, continuous T",linear (correct),11126,direct,1.0,1.071615410358737,0.05530610038919956,True,315
"BA (m=2, hubs)","linear, continuous T",linear (correct),11126,peer,0.5,0.53062356519677,0.08833887076935001,True,315
"BA (m=2, hubs)","linear, continuous T",linear (correct),11127,direct,1.0,0.9595262256941165,0.052342344458258125,True,325
"BA (m=2, hubs)","linear, continuous T",linear (correct),11127,peer,0.5,0.426596421537671,0.07704434064136871,True,325
"BA (m=2, hubs)","linear, continuous T",linear (correct),11128,direct,1.0,1.051086678420961,0.055487111318861776,True,312
"BA (m=2, hubs)","linear, continuous T",linear (correct),11128,peer,0.5,0.5971676171586435,0.07791488601721502,True,312
"BA (m=2, hubs)","linear, continuous T",linear (correct),11129,direct,1.0,0.9075139501862667,0.059607890373267726,True,308
"BA (m=2, hubs)","linear, continuous T",linear (correct),11129,peer,0.5,0.546269611278587,0.0805275349897091,True,308
"BA (m=2, hubs)","linear, continuous T",linear (correct),11130,direct,1.0,1.0446157970557093,0.05544240412122608,True,299
"BA (m=2, hubs)","linear, continuous T",linear (correct),11130,peer,0.5,0.6258166953811043,0.08869929638979922,True,299
"BA (m=2, hubs)","linear, continuous T",linear (correct),11131,direct,1.0,1.0430836065975175,0.059030134726580634,True,321
"BA (m=2, hubs)","linear, continuous T",linear (correct),11131,peer,0.5,0.44591375222738394,0.07486264577961335,True,321
"BA (m=2, hubs)","linear, continuous T",linear (correct),11132,direct,1.0,0.9835811326782136,0.05780899535114058,True,312
"BA (m=2, hubs)","linear, continuous T",linear (correct),11132,peer,0.5,0.518048217610917,0.07246809221682403,True,312
"BA (m=2, hubs)","linear, continuous T",linear (correct),11133,direct,1.0,1.0321292784715719,0.051047674798542796,True,305
"BA (m=2, hubs)","linear, continuous T",linear (correct),11133,peer,0.5,0.5974159309757793,0.08135817356000709,True,305
"BA (m=2, hubs)","linear, continuous T",linear (correct),11134,direct,1.0,0.9710262366458097,0.0539530130859708,True,310
"BA (m=2, hubs)","linear, continuous T",linear (correct),11134,peer,0.5,0.49438969112336284,0.07259507499310479,True,310
"BA (m=2, hubs)","linear, continuous T",linear (correct),11135,direct,1.0,1.0124027977780934,0.05987432072024669,True,312
"BA (m=2, hubs)","linear, continuous T",linear (correct),11135,peer,0.5,0.5516771652116415,0.0846047078727783,True,312
"BA (m=2, hubs)","linear, continuous T",linear (correct),11136,direct,1.0,1.0254373298889512,0.05120092436652141,True,321
"BA (m=2, hubs)","linear, continuous T",linear (correct),11136,peer,0.5,0.4778229969265377,0.07614500408883822,True,321
"BA (m=2, hubs)","linear, continuous T",linear (correct),11137,direct,1.0,0.9386321163211943,0.0659883930543872,True,315
"BA (m=2, hubs)","linear, continuous T",linear (correct),11137,peer,0.5,0.5644095545850594,0.094275752197891,True,315
"BA (m=2, hubs)","linear, continuous T",linear (correct),11138,direct,1.0,0.8637031432629905,0.058971269311508166,False,309
"BA (m=2, hubs)","linear, continuous T",linear (correct),11138,peer,0.5,0.7121567328387356,0.08965759001171254,False,309
"BA (m=2, hubs)","linear, continuous T",linear (correct),11139,direct,1.0,1.0001156892009824,0.06007194610688671,True,310
"BA (m=2, hubs)","linear, continuous T",linear (correct),11139,peer,0.5,0.6125753746012865,0.08351851796801985,True,310
"BA (m=2, hubs)","linear, continuous T",linear (correct),11140,direct,1.0,1.0019860443590052,0.06123538423600714,True,302
"BA (m=2, hubs)","linear, continuous T",linear (correct),11140,peer,0.5,0.44257296738996366,0.09136182524528307,True,302
"BA (m=2, hubs)","linear, continuous T",linear (correct),11141,direct,1.0,1.0758821919368304,0.057787300037572605,True,308
"BA (m=2, hubs)","linear, continuous T",linear (correct),11141,peer,0.5,0.4112123418114976,0.07348940656780328,True,308
"BA (m=2, hubs)","linear, continuous T",linear (correct),11142,direct,1.0,1.0249885278305804,0.05609534084178269,True,308
"BA (m=2, hubs)","linear, continuous T",linear (correct),11142,peer,0.5,0.37964721355321157,0.08137070964630509,True,308
"BA (m=2, hubs)","linear, continuous T",linear (correct),11143,direct,1.0,0.8694677045022319,0.0644284140916567,False,307
"BA (m=2, hubs)","linear, continuous T",linear (correct),11143,peer,0.5,0.4379180602020325,0.08376627372588866,True,307
"BA (m=2, hubs)","linear, continuous T",linear (correct),11144,direct,1.0,1.114597444081738,0.06439570578400383,True,331
"BA (m=2, hubs)","linear, continuous T",linear (correct),11144,peer,0.5,0.41037813475602264,0.07479536112328951,True,331
"BA (m=2, hubs)","linear, continuous T",linear (correct),11145,direct,1.0,0.9901475966891525,0.05831146121951734,True,307
"BA (m=2, hubs)","linear, continuous T",linear (correct),11145,peer,0.5,0.5903013183280076,0.06969615349334791,True,307
"BA (m=2, hubs)","linear, continuous T",linear (correct),11146,direct,1.0,0.9898641905100176,0.0524920463544998,True,315
"BA (m=2, hubs)","linear, continuous T",linear (correct),11146,peer,0.5,0.40538634135989327,0.0865973496178006,True,315
"BA (m=2, hubs)","linear, continuous T",linear (correct),11147,direct,1.0,1.0017319337021942,0.054026335132062314,True,312
"BA (m=2, hubs)","linear, continuous T",linear (correct),11147,peer,0.5,0.4450555222928331,0.07281990957015727,True,312
"BA (m=2, hubs)","linear, continuous T",linear (correct),11148,direct,1.0,1.0137564184432075,0.07076922610133432,True,307
"BA (m=2, hubs)","linear, continuous T",linear (correct),11148,peer,0.5,0.6013758459310409,0.08718982593884736,True,307
"BA (m=2, hubs)","linear, continuous T",linear (correct),11149,direct,1.0,0.9496227475822603,0.047933369012218084,True,311
"BA (m=2, hubs)","linear, continuous T",linear (correct),11149,peer,0.5,0.4775368128486171,0.07513346838258715,True,311
"BA (m=2, hubs)","linear, continuous T",linear (correct),11150,direct,1.0,1.0451938902531894,0.05075861467658302,True,315
"BA (m=2, hubs)","linear, continuous T",linear (correct),11150,peer,0.5,0.3741432092665303,0.07908966990176958,True,315
"BA (m=2, hubs)","linear, continuous T",linear (correct),11151,direct,1.0,0.9215659775772197,0.05896157306696944,True,323
"BA (m=2, hubs)","linear, continuous T",linear (correct),11151,peer,0.5,0.6514019243790059,0.07471087727189674,False,323
"BA (m=2, hubs)","linear, continuous T",linear (correct),11152,direct,1.0,0.9842225458116731,0.05825141936857972,True,317
"BA (m=2, hubs)","linear, continuous T",linear (correct),11152,peer,0.5,0.4038080731696398,0.07824171493326691,True,317
"BA (m=2, hubs)","linear, continuous T",linear (correct),11153,direct,1.0,0.9644630754203873,0.05566262735631328,True,316
"BA (m=2, hubs)","linear, continuous T",linear (correct),11153,peer,0.5,0.34762119582913803,0.07732493342671598,False,316
"BA (m=2, hubs)","linear, continuous T",linear (correct),11154,direct,1.0,0.9641227646555084,0.0592278872047633,True,306
"BA (m=2, hubs)","linear, continuous T",linear (correct),11154,peer,0.5,0.3939702225137818,0.07852808449529511,True,306
"BA (m=2, hubs)","linear, continuous T",linear (correct),11155,direct,1.0,0.978669300642093,0.05270042976120831,True,319
"BA (m=2, hubs)","linear, continuous T",linear (correct),11155,peer,0.5,0.34131292405008584,0.08616353238678222,True,319
"BA (m=2, hubs)","linear, continuous T",linear (correct),11156,direct,1.0,0.9521991638298943,0.05368117395660343,True,312
"BA (m=2, hubs)","linear, continuous T",linear (correct),11156,peer,0.5,0.6070186244314238,0.08775886449197488,True,312
"BA (m=2, hubs)","linear, continuous T",linear (correct),11157,direct,1.0,1.1057109674454146,0.044581544328564524,False,318
"BA (m=2, hubs)","linear, continuous T",linear (correct),11157,peer,0.5,0.5339925905668317,0.07905572176956935,True,318
"BA (m=2, hubs)","linear, continuous T",linear (correct),11158,direct,1.0,1.0043296254904421,0.055360652428977204,True,313
"BA (m=2, hubs)","linear, continuous T",linear (correct),11158,peer,0.5,0.5237222607558757,0.08029622787358252,True,313
"BA (m=2, hubs)","linear, continuous T",linear (correct),11159,direct,1.0,1.0816437058688533,0.05459661344228346,True,314
"BA (m=2, hubs)","linear, continuous T",linear (correct),11159,peer,0.5,0.38301622665828594,0.07965993320869695,True,314
"BA (m=2, hubs)","linear, continuous T",linear (correct),11160,direct,1.0,1.0351733927885145,0.055926586821155595,True,309
"BA (m=2, hubs)","linear, continuous T",linear (correct),11160,peer,0.5,0.6014946711785906,0.07401666179640873,True,309
"BA (m=2, hubs)","linear, continuous T",linear (correct),11161,direct,1.0,0.9050133860496781,0.047913228383601125,False,326
"BA (m=2, hubs)","linear, continuous T",linear (correct),11161,peer,0.5,0.48340199190658245,0.08946217226454704,True,326
"BA (m=2, hubs)","linear, continuous T",linear (correct),11162,direct,1.0,1.1430753943182397,0.06349043050895536,False,302
"BA (m=2, hubs)","linear, continuous T",linear (correct),11162,peer,0.5,0.5223375934625218,0.08262949910594179,True,302
"BA (m=2, hubs)","linear, continuous T",linear (correct),11163,direct,1.0,1.0347908699633097,0.05657690035819261,True,310
"BA (m=2, hubs)","linear, continuous T",linear (correct),11163,peer,0.5,0.5374521987974208,0.06878277539582744,True,310
"BA (m=2, hubs)","linear, continuous T",linear (correct),11164,direct,1.0,0.9520920787604549,0.07416724391176445,True,315
"BA (m=2, hubs)","linear, continuous T",linear (correct),11164,peer,0.5,0.3833429485339875,0.0880480448261827,True,315
"BA (m=2, hubs)","linear, continuous T",linear (correct),11165,direct,1.0,1.1595656662421472,0.07538578143780826,False,307
"BA (m=2, hubs)","linear, continuous T",linear (correct),11165,peer,0.5,0.563481306431722,0.08006990447551997,True,307
"BA (m=2, hubs)","linear, continuous T",linear (correct),11166,direct,1.0,0.9448227166857037,0.06788364368383505,True,311
"BA (m=2, hubs)","linear, continuous T",linear (correct),11166,peer,0.5,0.45159955162226817,0.07310281476039185,True,311
"BA (m=2, hubs)","linear, continuous T",linear (correct),11167,direct,1.0,1.0871721985650353,0.06361438933437091,True,324
"BA (m=2, hubs)","linear, continuous T",linear (correct),11167,peer,0.5,0.43250682745163316,0.08512732961277548,True,324
"BA (m=2, hubs)","linear, continuous T",linear (correct),11168,direct,1.0,0.9229002511738813,0.05304329192533874,True,308
"BA (m=2, hubs)","linear, continuous T",linear (correct),11168,peer,0.5,0.43901721413689326,0.08118469486100814,True,308
"BA (m=2, hubs)","linear, continuous T",linear (correct),11169,direct,1.0,0.9926578831629779,0.056676651973881075,True,305
"BA (m=2, hubs)","linear, continuous T",linear (correct),11169,peer,0.5,0.34646606347329784,0.08985235238621535,True,305
"BA (m=2, hubs)","linear, continuous T",linear (correct),11170,direct,1.0,1.112286413996785,0.05092625839753321,False,318
"BA (m=2, hubs)","linear, continuous T",linear (correct),11170,peer,0.5,0.4345614071972741,0.07764479907338409,True,318
"BA (m=2, hubs)","linear, continuous T",linear (correct),11171,direct,1.0,0.9217107595592801,0.059964739150848226,True,313
"BA (m=2, hubs)","linear, continuous T",linear (correct),11171,peer,0.5,0.4803016802150052,0.09055623420705722,True,313
"BA (m=2, hubs)","linear, continuous T",linear (correct),11172,direct,1.0,1.0430361634960996,0.057818706693549854,True,308
"BA (m=2, hubs)","linear, continuous T",linear (correct),11172,peer,0.5,0.6072032241589564,0.08750726740562452,True,308
"BA (m=2, hubs)","linear, continuous T",linear (correct),11173,direct,1.0,0.9707788411730609,0.060725068454238175,True,299
"BA (m=2, hubs)","linear, continuous T",linear (correct),11173,peer,0.5,0.526496152609595,0.07881485177183055,True,299
"BA (m=2, hubs)","linear, continuous T",linear (correct),11174,direct,1.0,1.0044502995723121,0.050632393137678484,True,298
"BA (m=2, hubs)","linear, continuous T",linear (correct),11174,peer,0.5,0.5622391881314786,0.08079843873719039,True,298
"BA (m=2, hubs)","linear, continuous T",linear (correct),11175,direct,1.0,0.9975379700134394,0.0579864624852242,True,305
"BA (m=2, hubs)","linear, continuous T",linear (correct),11175,peer,0.5,0.39835411156455564,0.0739403513232996,True,305
"BA (m=2, hubs)","linear, continuous T",linear (correct),11176,direct,1.0,1.0222701931599185,0.05065545462425292,True,320
"BA (m=2, hubs)","linear, continuous T",linear (correct),11176,peer,0.5,0.5305406758657559,0.0672487187765386,True,320
"BA (m=2, hubs)","linear, continuous T",linear (correct),11177,direct,1.0,1.0253021470537527,0.060623878894116634,True,309
"BA (m=2, hubs)","linear, continuous T",linear (correct),11177,peer,0.5,0.5913414868221898,0.07767480323351705,True,309
"BA (m=2, hubs)","linear, continuous T",linear (correct),11178,direct,1.0,1.0108233780351144,0.05132756968537099,True,314
"BA (m=2, hubs)","linear, continuous T",linear (correct),11178,peer,0.5,0.4407329716694965,0.08224937005793348,True,314
"BA (m=2, hubs)","linear, continuous T",linear (correct),11179,direct,1.0,1.0635734097699807,0.054759218577487265,True,316
"BA (m=2, hubs)","linear, continuous T",linear (correct),11179,peer,0.5,0.6242827801643541,0.08829416787459815,True,316
"BA (m=2, hubs)","linear, continuous T",linear (correct),11180,direct,1.0,1.0819619586258111,0.05684749279107493,True,304
"BA (m=2, hubs)","linear, continuous T",linear (correct),11180,peer,0.5,0.43710027450050415,0.08580619768981675,True,304
"BA (m=2, hubs)","linear, continuous T",linear (correct),11181,direct,1.0,0.9717309663240523,0.057184796823135646,True,307
"BA (m=2, hubs)","linear, continuous T",linear (correct),11181,peer,0.5,0.5674714446162372,0.07686265633011187,True,307
"BA (m=2, hubs)","linear, continuous T",linear (correct),11182,direct,1.0,1.0517408987477181,0.05587218199232679,True,316
"BA (m=2, hubs)","linear, continuous T",linear (correct),11182,peer,0.5,0.6012903049580711,0.07740861114021107,True,316
"BA (m=2, hubs)","linear, continuous T",linear (correct),11183,direct,1.0,1.0981447522278605,0.059333958756702936,True,302
"BA (m=2, hubs)","linear, continuous T",linear (correct),11183,peer,0.5,0.508331716380113,0.08150530669918289,True,302
"BA (m=2, hubs)","linear, continuous T",linear (correct),11184,direct,1.0,1.0081241541153252,0.06285859134619654,True,304
"BA (m=2, hubs)","linear, continuous T",linear (correct),11184,peer,0.5,0.5561208792367873,0.08531316553360574,True,304
"BA (m=2, hubs)","linear, continuous T",linear (correct),11185,direct,1.0,0.979235973650734,0.07469181423840988,True,317
"BA (m=2, hubs)","linear, continuous T",linear (correct),11185,peer,0.5,0.5945059880993343,0.07991066469139002,True,317
"BA (m=2, hubs)","linear, continuous T",linear (correct),11186,direct,1.0,1.0048474213482221,0.06487648717464219,True,314
"BA (m=2, hubs)","linear, continuous T",linear (correct),11186,peer,0.5,0.3254765889861698,0.07447832421861418,False,314
"BA (m=2, hubs)","linear, continuous T",linear (correct),11187,direct,1.0,1.046002435111767,0.05180863013625596,True,313
"BA (m=2, hubs)","linear, continuous T",linear (correct),11187,peer,0.5,0.363618404221174,0.09400153727736295,True,313
"BA (m=2, hubs)","linear, continuous T",linear (correct),11188,direct,1.0,1.007353661140637,0.06345851715123568,True,305
"BA (m=2, hubs)","linear, continuous T",linear (correct),11188,peer,0.5,0.4923184261428224,0.08806369099831297,True,305
"BA (m=2, hubs)","linear, continuous T",linear (correct),11189,direct,1.0,0.9100259943099859,0.06722717118202555,True,313
"BA (m=2, hubs)","linear, continuous T",linear (correct),11189,peer,0.5,0.494001861529055,0.08119156523780303,True,313
"BA (m=2, hubs)","linear, continuous T",linear (correct),11190,direct,1.0,1.076410994993875,0.047678279693851904,True,320
"BA (m=2, hubs)","linear, continuous T",linear (correct),11190,peer,0.5,0.45658832820526485,0.0830104597090431,True,320
"BA (m=2, hubs)","linear, continuous T",linear (correct),11191,direct,1.0,0.9621659271526561,0.04864071246537995,True,310
"BA (m=2, hubs)","linear, continuous T",linear (correct),11191,peer,0.5,0.3940006267586741,0.08145285776900311,True,310
"BA (m=2, hubs)","linear, continuous T",linear (correct),11192,direct,1.0,1.01636262192253,0.06070906621098827,True,309
"BA (m=2, hubs)","linear, continuous T",linear (correct),11192,peer,0.5,0.5151849286566968,0.07865686716035845,True,309
"BA (m=2, hubs)","linear, continuous T",linear (correct),11193,direct,1.0,0.9838537431918796,0.0647094039840058,True,308
"BA (m=2, hubs)","linear, continuous T",linear (correct),11193,peer,0.5,0.5137470343347268,0.08094909796738854,True,308
"BA (m=2, hubs)","linear, continuous T",linear (correct),11194,direct,1.0,0.9598292854693857,0.05514772582903851,True,296
"BA (m=2, hubs)","linear, continuous T",linear (correct),11194,peer,0.5,0.5253477230503468,0.08188291857950218,True,296
"BA (m=2, hubs)","linear, continuous T",linear (correct),11195,direct,1.0,0.8751400403775645,0.05621667563813199,False,313
"BA (m=2, hubs)","linear, continuous T",linear (correct),11195,peer,0.5,0.5007645512451387,0.07771229946863081,True,313
"BA (m=2, hubs)","linear, continuous T",linear (correct),11196,direct,1.0,1.037727682076372,0.06254172408081078,True,311
"BA (m=2, hubs)","linear, continuous T",linear (correct),11196,peer,0.5,0.5069865244740319,0.07273356814119575,True,311
"BA (m=2, hubs)","linear, continuous T",linear (correct),11197,direct,1.0,0.9166100663592202,0.05324268699897261,True,313
"BA (m=2, hubs)","linear, continuous T",linear (correct),11197,peer,0.5,0.4821946181972655,0.08933854204010443,True,313
"BA (m=2, hubs)","linear, continuous T",linear (correct),11198,direct,1.0,0.9578288667600684,0.055567286632490887,True,312
"BA (m=2, hubs)","linear, continuous T",linear (correct),11198,peer,0.5,0.6403657244657366,0.09528410894321875,True,312
"BA (m=2, hubs)","linear, continuous T",linear (correct),11199,direct,1.0,1.0629216660296072,0.05595014798474664,True,315
"BA (m=2, hubs)","linear, continuous T",linear (correct),11199,peer,0.5,0.4626448414197368,0.07966843196059767,True,315
"BA (m=2, hubs)","linear, continuous T",linear (correct),11200,direct,1.0,0.9260874766733488,0.055279096821926846,True,317
"BA (m=2, hubs)","linear, continuous T",linear (correct),11200,peer,0.5,0.4706237165873581,0.08004594896047586,True,317
"BA (m=2, hubs)","linear, continuous T",linear (correct),11201,direct,1.0,0.9798331399706609,0.055229450912046084,True,307
"BA (m=2, hubs)","linear, continuous T",linear (correct),11201,peer,0.5,0.2919708642491647,0.08041600986506764,False,307
"BA (m=2, hubs)","linear, continuous T",linear (correct),11202,direct,1.0,0.8959047780860878,0.05001233185079186,False,319
"BA (m=2, hubs)","linear, continuous T",linear (correct),11202,peer,0.5,0.47910747006776083,0.07846444176134384,True,319
"BA (m=2, hubs)","linear, continuous T",linear (correct),11203,direct,1.0,1.0236144143125048,0.052985679566698515,True,321
"BA (m=2, hubs)","linear, continuous T",linear (correct),11203,peer,0.5,0.46267339690069503,0.06104841649309497,True,321
"BA (m=2, hubs)","linear, continuous T",linear (correct),11204,direct,1.0,0.960241958115252,0.05897368539057502,True,308
"BA (m=2, hubs)","linear, continuous T",linear (correct),11204,peer,0.5,0.4115566399502699,0.07456163229624922,True,308
"BA (m=2, hubs)","linear, continuous T",linear (correct),11205,direct,1.0,1.035450102766981,0.05749078264843394,True,302
"BA (m=2, hubs)","linear, continuous T",linear (correct),11205,peer,0.5,0.4919452579261105,0.08545482800940811,True,302
"BA (m=2, hubs)","linear, continuous T",linear (correct),11206,direct,1.0,0.9598819591386011,0.05021635198933189,True,306
"BA (m=2, hubs)","linear, continuous T",linear (correct),11206,peer,0.5,0.41734396831910336,0.07936087211207643,True,306
"BA (m=2, hubs)","linear, continuous T",linear (correct),11207,direct,1.0,0.9393822430826699,0.0559089652097768,True,310
"BA (m=2, hubs)","linear, continuous T",linear (correct),11207,peer,0.5,0.5336120345211618,0.08983983543828104,True,310
"BA (m=2, hubs)","linear, continuous T",linear (correct),11208,direct,1.0,1.014032351649005,0.059691325076443195,True,311
"BA (m=2, hubs)","linear, continuous T",linear (correct),11208,peer,0.5,0.4394215149891408,0.09046995827247284,True,311
"BA (m=2, hubs)","linear, continuous T",linear (correct),11209,direct,1.0,1.009914658875069,0.05840328634597571,True,317
"BA (m=2, hubs)","linear, continuous T",linear (correct),11209,peer,0.5,0.5188218417348227,0.08124265775872049,True,317
"BA (m=2, hubs)","linear, continuous T",linear (correct),11210,direct,1.0,0.9614326584294418,0.05040650332849812,True,315
"BA (m=2, hubs)","linear, continuous T",linear (correct),11210,peer,0.5,0.6518564141892318,0.07273899285148097,False,315
"BA (m=2, hubs)","linear, continuous T",linear (correct),11211,direct,1.0,0.8389762642910238,0.062840891659223,False,305
"BA (m=2, hubs)","linear, continuous T",linear (correct),11211,peer,0.5,0.39409000273354433,0.08183330460314805,True,305
"BA (m=2, hubs)","linear, continuous T",linear (correct),11212,direct,1.0,1.024134977087527,0.05550212003740326,True,320
"BA (m=2, hubs)","linear, continuous T",linear (correct),11212,peer,0.5,0.43771523508071586,0.08002715364747787,True,320
"BA (m=2, hubs)","linear, continuous T",linear (correct),11213,direct,1.0,1.1018123438301093,0.06046126110500549,True,309
"BA (m=2, hubs)","linear, continuous T",linear (correct),11213,peer,0.5,0.4221039576422201,0.07401963108452038,True,309
"BA (m=2, hubs)","linear, continuous T",linear (correct),11214,direct,1.0,1.004033448652219,0.051533042887242426,True,307
"BA (m=2, hubs)","linear, continuous T",linear (correct),11214,peer,0.5,0.41059485049139355,0.09307449391563258,True,307
"BA (m=2, hubs)","linear, continuous T",linear (correct),11215,direct,1.0,0.9996412371985949,0.05742122767018943,True,316
"BA (m=2, hubs)","linear, continuous T",linear (correct),11215,peer,0.5,0.4575321597867839,0.0699361008164105,True,316
"BA (m=2, hubs)","linear, continuous T",linear (correct),11216,direct,1.0,0.943423256668601,0.05800089679251105,True,330
"BA (m=2, hubs)","linear, continuous T",linear (correct),11216,peer,0.5,0.5620649124020881,0.09096702948644006,True,330
"BA (m=2, hubs)","linear, continuous T",linear (correct),11217,direct,1.0,1.015646181704296,0.0623798006588188,True,309
"BA (m=2, hubs)","linear, continuous T",linear (correct),11217,peer,0.5,0.5434446764913983,0.09558591670891471,True,309
"BA (m=2, hubs)","linear, continuous T",linear (correct),11218,direct,1.0,0.9572023930514167,0.06258021713174858,True,301
"BA (m=2, hubs)","linear, continuous T",linear (correct),11218,peer,0.5,0.45604128014713685,0.07777891988749663,True,301
"BA (m=2, hubs)","linear, continuous T",linear (correct),11219,direct,1.0,0.9815781766625641,0.058162381795023595,True,308
"BA (m=2, hubs)","linear, continuous T",linear (correct),11219,peer,0.5,0.5055761383379814,0.07807958426902609,True,308
"BA (m=2, hubs)","linear, continuous T",linear (correct),11220,direct,1.0,1.0038921917217467,0.05360191701243594,True,298
"BA (m=2, hubs)","linear, continuous T",linear (correct),11220,peer,0.5,0.36871141269475927,0.08467318964620028,True,298
"BA (m=2, hubs)","linear, continuous T",linear (correct),11221,direct,1.0,0.9749898433723811,0.05957671206384913,True,309
"BA (m=2, hubs)","linear, continuous T",linear (correct),11221,peer,0.5,0.5611632311690833,0.0911006539269053,True,309
"BA (m=2, hubs)","linear, continuous T",linear (correct),11222,direct,1.0,0.9455376150568863,0.05734093604801594,True,319
"BA (m=2, hubs)","linear, continuous T",linear (correct),11222,peer,0.5,0.3569658333796631,0.07669740827554096,True,319
"BA (m=2, hubs)","linear, continuous T",linear (correct),11223,direct,1.0,0.9681075278034197,0.05275820692952714,True,299
"BA (m=2, hubs)","linear, continuous T",linear (correct),11223,peer,0.5,0.4781723515220424,0.08055421813258298,True,299
"BA (m=2, hubs)","linear, continuous T",linear (correct),11224,direct,1.0,1.0045656421798859,0.05628402388205284,True,316
"BA (m=2, hubs)","linear, continuous T",linear (correct),11224,peer,0.5,0.6415286816406539,0.08340510547433494,True,316
"BA (m=2, hubs)","linear, continuous T",linear (correct),11225,direct,1.0,1.0718696591610404,0.05513754555448823,True,314
"BA (m=2, hubs)","linear, continuous T",linear (correct),11225,peer,0.5,0.3902281367443712,0.08676829612561582,True,314
"BA (m=2, hubs)","linear, continuous T",linear (correct),11226,direct,1.0,0.986664108429688,0.05050091734909753,True,317
"BA (m=2, hubs)","linear, continuous T",linear (correct),11226,peer,0.5,0.42489827750059866,0.07902397693019275,True,317
"BA (m=2, hubs)","linear, continuous T",linear (correct),11227,direct,1.0,1.000003120622857,0.06093175751951498,True,309
"BA (m=2, hubs)","linear, continuous T",linear (correct),11227,peer,0.5,0.47973911827155374,0.07798110948784177,True,309
"BA (m=2, hubs)","linear, continuous T",linear (correct),11228,direct,1.0,0.9171138610300755,0.05820167637287583,True,317
"BA (m=2, hubs)","linear, continuous T",linear (correct),11228,peer,0.5,0.4678691817694736,0.08467799185913784,True,317
"BA (m=2, hubs)","linear, continuous T",linear (correct),11229,direct,1.0,1.0388861050324356,0.054115839521964734,True,321
"BA (m=2, hubs)","linear, continuous T",linear (correct),11229,peer,0.5,0.45199783996928916,0.081990246824188,True,321
"BA (m=2, hubs)","linear, continuous T",linear (correct),11230,direct,1.0,1.0435259813624835,0.06731405334474697,True,310
"BA (m=2, hubs)","linear, continuous T",linear (correct),11230,peer,0.5,0.4032745026645133,0.07407751024259011,True,310
"BA (m=2, hubs)","linear, continuous T",linear (correct),11231,direct,1.0,0.9991163360186646,0.062033504471343155,True,305
"BA (m=2, hubs)","linear, continuous T",linear (correct),11231,peer,0.5,0.5240327017348368,0.08867225740559677,True,305
"BA (m=2, hubs)","linear, continuous T",linear (correct),11232,direct,1.0,1.0472069807024638,0.0631304393253447,True,311
"BA (m=2, hubs)","linear, continuous T",linear (correct),11232,peer,0.5,0.41932708949172276,0.09182182664253019,True,311
"BA (m=2, hubs)","linear, continuous T",linear (correct),11233,direct,1.0,1.042081565787704,0.05120432770835947,True,323
"BA (m=2, hubs)","linear, continuous T",linear (correct),11233,peer,0.5,0.5039899924446297,0.08709328843943855,True,323
"BA (m=2, hubs)","linear, continuous T",linear (correct),11234,direct,1.0,0.9922038769724979,0.057699131990932837,True,307
"BA (m=2, hubs)","linear, continuous T",linear (correct),11234,peer,0.5,0.5406854999182479,0.08340467423591791,True,307
"BA (m=2, hubs)","linear, continuous T",linear (correct),11235,direct,1.0,0.994020592656928,0.05548895523295805,True,304
"BA (m=2, hubs)","linear, continuous T",linear (correct),11235,peer,0.5,0.5494769864323572,0.09278211512412127,True,304
"BA (m=2, hubs)","linear, continuous T",linear (correct),11236,direct,1.0,1.1832615529113517,0.07301780288868938,False,311
"BA (m=2, hubs)","linear, continuous T",linear (correct),11236,peer,0.5,0.4332799410351604,0.0814997734144008,True,311
"BA (m=2, hubs)","linear, continuous T",linear (correct),11237,direct,1.0,1.0415985821233833,0.05604356523286239,True,316
"BA (m=2, hubs)","linear, continuous T",linear (correct),11237,peer,0.5,0.576231431332941,0.09468086003089125,True,316
"BA (m=2, hubs)","linear, continuous T",linear (correct),11238,direct,1.0,1.0534785630092358,0.0597677620010218,True,311
"BA (m=2, hubs)","linear, continuous T",linear (correct),11238,peer,0.5,0.4773504337959614,0.08338281881685702,True,311
"BA (m=2, hubs)","linear, continuous T",linear (correct),11239,direct,1.0,0.9697960139802023,0.052387504524346755,True,320
"BA (m=2, hubs)","linear, continuous T",linear (correct),11239,peer,0.5,0.38870464074746575,0.07758365377777371,True,320
"BA (m=2, hubs)","linear, continuous T",linear (correct),11240,direct,1.0,0.9065958201928049,0.053091461028990115,True,319
"BA (m=2, hubs)","linear, continuous T",linear (correct),11240,peer,0.5,0.5321067543281357,0.07829247431524362,True,319
"BA (m=2, hubs)","linear, continuous T",linear (correct),11241,direct,1.0,1.041314933909639,0.057636295373019654,True,311
"BA (m=2, hubs)","linear, continuous T",linear (correct),11241,peer,0.5,0.46840164429804576,0.08882742688071028,True,311
"BA (m=2, hubs)","linear, continuous T",linear (correct),11242,direct,1.0,1.0275826224213174,0.061910750010978004,True,323
"BA (m=2, hubs)","linear, continuous T",linear (correct),11242,peer,0.5,0.5750061257241803,0.0732167272564143,True,323
"BA (m=2, hubs)","linear, continuous T",linear (correct),11243,direct,1.0,0.9374223421067778,0.048912608835088404,True,294
"BA (m=2, hubs)","linear, continuous T",linear (correct),11243,peer,0.5,0.6204972694194771,0.07772302357043705,True,294
"BA (m=2, hubs)","linear, continuous T",linear (correct),11244,direct,1.0,0.9552172304868538,0.05595528290658295,True,305
"BA (m=2, hubs)","linear, continuous T",linear (correct),11244,peer,0.5,0.47834870490017545,0.0912000994568738,True,305
"BA (m=2, hubs)","linear, continuous T",linear (correct),11245,direct,1.0,1.0705680160730604,0.05687804239625451,True,309
"BA (m=2, hubs)","linear, continuous T",linear (correct),11245,peer,0.5,0.40582495548641867,0.09354300691267331,True,309
"BA (m=2, hubs)","linear, continuous T",linear (correct),11246,direct,1.0,1.049380494118367,0.058112121888045334,True,325
"BA (m=2, hubs)","linear, continuous T",linear (correct),11246,peer,0.5,0.44874182502831883,0.0814181580435497,True,325
"BA (m=2, hubs)","linear, continuous T",linear (correct),11247,direct,1.0,1.0260504597998399,0.04728955120819009,True,324
"BA (m=2, hubs)","linear, continuous T",linear (correct),11247,peer,0.5,0.3976979592648546,0.08329239948190707,True,324
"BA (m=2, hubs)","linear, continuous T",linear (correct),11248,direct,1.0,1.086848859226899,0.04811723609654651,True,310
"BA (m=2, hubs)","linear, continuous T",linear (correct),11248,peer,0.5,0.3890097325244721,0.07861827812082625,True,310
"BA (m=2, hubs)","linear, continuous T",linear (correct),11249,direct,1.0,0.9492294090873526,0.05203011892444164,True,312
"BA (m=2, hubs)","linear, continuous T",linear (correct),11249,peer,0.5,0.5255831724994628,0.07567299948429725,True,312
"BA (m=2, hubs)","linear, continuous T",linear (correct),11250,direct,1.0,0.9674238485874849,0.04764074952619002,True,302
"BA (m=2, hubs)","linear, continuous T",linear (correct),11250,peer,0.5,0.5179768209968428,0.07475051110623529,True,302
"BA (m=2, hubs)","linear, continuous T",linear (correct),11251,direct,1.0,0.9832780099397317,0.05231002572328747,True,322
"BA (m=2, hubs)","linear, continuous T",linear (correct),11251,peer,0.5,0.472494919611026,0.07387559979829066,True,322
"BA (m=2, hubs)","linear, continuous T",linear (correct),11252,direct,1.0,0.9395879015730342,0.06318620585809423,True,320
"BA (m=2, hubs)","linear, continuous T",linear (correct),11252,peer,0.5,0.3921981184510961,0.07934794600822985,True,320
"BA (m=2, hubs)","linear, continuous T",linear (correct),11253,direct,1.0,0.9707273809582067,0.04870827091571315,True,310
"BA (m=2, hubs)","linear, continuous T",linear (correct),11253,peer,0.5,0.41241291191355733,0.07120042455013936,True,310
"BA (m=2, hubs)","linear, continuous T",linear (correct),11254,direct,1.0,0.892575253571543,0.04765486316930949,False,311
"BA (m=2, hubs)","linear, continuous T",linear (correct),11254,peer,0.5,0.5551835178258483,0.0867070771794612,True,311
"BA (m=2, hubs)","linear, continuous T",linear (correct),11255,direct,1.0,1.0759868463631215,0.05233544220124503,True,319
"BA (m=2, hubs)","linear, continuous T",linear (correct),11255,peer,0.5,0.45609860860297186,0.08235608834244307,True,319
"BA (m=2, hubs)","linear, continuous T",linear (correct),11256,direct,1.0,0.9981047431715575,0.05775884212293109,True,321
"BA (m=2, hubs)","linear, continuous T",linear (correct),11256,peer,0.5,0.503377871137767,0.07296893626963939,True,321
"BA (m=2, hubs)","linear, continuous T",linear (correct),11257,direct,1.0,0.993100579552851,0.06229130660035421,True,312
"BA (m=2, hubs)","linear, continuous T",linear (correct),11257,peer,0.5,0.48582774440823995,0.07734179436317982,True,312
"BA (m=2, hubs)","linear, continuous T",linear (correct),11258,direct,1.0,0.9881447414333873,0.063068659747886,True,317
"BA (m=2, hubs)","linear, continuous T",linear (correct),11258,peer,0.5,0.550455304138008,0.07417941904741242,True,317
"BA (m=2, hubs)","linear, continuous T",linear (correct),11259,direct,1.0,1.0207597645668787,0.05503605060970128,True,312
"BA (m=2, hubs)","linear, continuous T",linear (correct),11259,peer,0.5,0.4900055901171055,0.0805625959117457,True,312
"BA (m=2, hubs)","linear, continuous T",linear (correct),11260,direct,1.0,0.9885924791926339,0.05282375537096066,True,314
"BA (m=2, hubs)","linear, continuous T",linear (correct),11260,peer,0.5,0.41291790603335854,0.08150505778052168,True,314
"BA (m=2, hubs)","linear, continuous T",linear (correct),11261,direct,1.0,1.040302883060618,0.054919617591500595,True,296
"BA (m=2, hubs)","linear, continuous T",linear (correct),11261,peer,0.5,0.6438013279919886,0.08420370118417533,True,296
"BA (m=2, hubs)","linear, continuous T",linear (correct),11262,direct,1.0,1.009140811613281,0.04956072503732403,True,315
"BA (m=2, hubs)","linear, continuous T",linear (correct),11262,peer,0.5,0.47062679149699826,0.09148963349372469,True,315
"BA (m=2, hubs)","linear, continuous T",linear (correct),11263,direct,1.0,1.0208408455637785,0.05046401860834247,True,301
"BA (m=2, hubs)","linear, continuous T",linear (correct),11263,peer,0.5,0.4911091429279402,0.07781517834158855,True,301
"BA (m=2, hubs)","linear, continuous T",linear (correct),11264,direct,1.0,1.0428905689381118,0.05217689020277656,True,302
"BA (m=2, hubs)","linear, continuous T",linear (correct),11264,peer,0.5,0.467698532991405,0.08955244542868329,True,302
"BA (m=2, hubs)","linear, continuous T",linear (correct),11265,direct,1.0,1.1665061156178558,0.058847564371912665,False,305
"BA (m=2, hubs)","linear, continuous T",linear (correct),11265,peer,0.5,0.4516670663475311,0.07947188224862152,True,305
"BA (m=2, hubs)","linear, continuous T",linear (correct),11266,direct,1.0,1.0653355386403813,0.07141105059451439,True,320
"BA (m=2, hubs)","linear, continuous T",linear (correct),11266,peer,0.5,0.5718407844684718,0.0660643550511305,True,320
"BA (m=2, hubs)","linear, continuous T",linear (correct),11267,direct,1.0,0.9311698849431995,0.06530845473436019,True,315
"BA (m=2, hubs)","linear, continuous T",linear (correct),11267,peer,0.5,0.4621549989724491,0.0833716333938435,True,315
"BA (m=2, hubs)","linear, continuous T",linear (correct),11268,direct,1.0,1.0018645333078051,0.05819407836269505,True,310
"BA (m=2, hubs)","linear, continuous T",linear (correct),11268,peer,0.5,0.5912865359635843,0.08705363118886865,True,310
"BA (m=2, hubs)","linear, continuous T",linear (correct),11269,direct,1.0,1.1397844180465375,0.05246617724706033,False,325
"BA (m=2, hubs)","linear, continuous T",linear (correct),11269,peer,0.5,0.5026243243128119,0.08303167247781068,True,325
"BA (m=2, hubs)","linear, continuous T",linear (correct),11270,direct,1.0,0.9727135831061651,0.052854626201386666,True,315
"BA (m=2, hubs)","linear, continuous T",linear (correct),11270,peer,0.5,0.5763772416821809,0.0786841333917994,True,315
"BA (m=2, hubs)","linear, continuous T",linear (correct),11271,direct,1.0,0.9878194543114722,0.048944642612175675,True,305
"BA (m=2, hubs)","linear, continuous T",linear (correct),11271,peer,0.5,0.6196170437047115,0.08580047762429147,True,305
"BA (m=2, hubs)","linear, continuous T",linear (correct),11272,direct,1.0,0.8510573048964363,0.0561456638040458,False,305
"BA (m=2, hubs)","linear, continuous T",linear (correct),11272,peer,0.5,0.4272092104551338,0.08159451206184386,True,305
"BA (m=2, hubs)","linear, continuous T",linear (correct),11273,direct,1.0,0.9847214005083154,0.056812565940523384,True,311
"BA (m=2, hubs)","linear, continuous T",linear (correct),11273,peer,0.5,0.39459086069695554,0.0771865950122373,True,311
"BA (m=2, hubs)","linear, continuous T",linear (correct),11274,direct,1.0,1.0174129109394445,0.06308820533155954,True,308
"BA (m=2, hubs)","linear, continuous T",linear (correct),11274,peer,0.5,0.6266275462393394,0.08058389141449421,True,308
"BA (m=2, hubs)","linear, continuous T",linear (correct),11275,direct,1.0,0.9970445693869187,0.05699003889679242,True,304
"BA (m=2, hubs)","linear, continuous T",linear (correct),11275,peer,0.5,0.5719760404817243,0.0698240962926699,True,304
"BA (m=2, hubs)","linear, continuous T",linear (correct),11276,direct,1.0,1.042905517521731,0.058148056004293056,True,311
"BA (m=2, hubs)","linear, continuous T",linear (correct),11276,peer,0.5,0.5094829775670419,0.07988386388080035,True,311
"BA (m=2, hubs)","linear, continuous T",linear (correct),11277,direct,1.0,0.9678325656193058,0.04716100394844521,True,312
"BA (m=2, hubs)","linear, continuous T",linear (correct),11277,peer,0.5,0.545772560768673,0.08070920850136683,True,312
"BA (m=2, hubs)","linear, continuous T",linear (correct),11278,direct,1.0,1.0260483205659408,0.059792642378087436,True,307
"BA (m=2, hubs)","linear, continuous T",linear (correct),11278,peer,0.5,0.6320014480112095,0.0957969688606682,True,307
"BA (m=2, hubs)","linear, continuous T",linear (correct),11279,direct,1.0,1.0104963849542652,0.05704223549901377,True,337
"BA (m=2, hubs)","linear, continuous T",linear (correct),11279,peer,0.5,0.3742922624909479,0.0782785818234073,True,337
"BA (m=2, hubs)","linear, continuous T",linear (correct),11280,direct,1.0,1.1420781896359642,0.0605621255203581,False,313
"BA (m=2, hubs)","linear, continuous T",linear (correct),11280,peer,0.5,0.5540780301582935,0.07074811702539703,True,313
"BA (m=2, hubs)","linear, continuous T",linear (correct),11281,direct,1.0,0.9564368800810791,0.056364861701098154,True,322
"BA (m=2, hubs)","linear, continuous T",linear (correct),11281,peer,0.5,0.5176078519740127,0.07871278995830022,True,322
"BA (m=2, hubs)","linear, continuous T",linear (correct),11282,direct,1.0,1.0654396997248539,0.04795763867377104,True,321
"BA (m=2, hubs)","linear, continuous T",linear (correct),11282,peer,0.5,0.49020910739231904,0.066582107421518,True,321
"BA (m=2, hubs)","linear, continuous T",linear (correct),11283,direct,1.0,1.0996420572621073,0.06384115078232237,True,315
"BA (m=2, hubs)","linear, continuous T",linear (correct),11283,peer,0.5,0.4272167354344425,0.08592146718525082,True,315
"BA (m=2, hubs)","linear, continuous T",linear (correct),11284,direct,1.0,0.9748843669030314,0.06763273065169174,True,303
"BA (m=2, hubs)","linear, continuous T",linear (correct),11284,peer,0.5,0.42434733865337054,0.08314743903730948,True,303
"BA (m=2, hubs)","linear, continuous T",linear (correct),11285,direct,1.0,0.8620161898790484,0.05488816512745894,False,312
"BA (m=2, hubs)","linear, continuous T",linear (correct),11285,peer,0.5,0.5586155208429439,0.07230026893707228,True,312
"BA (m=2, hubs)","linear, continuous T",linear (correct),11286,direct,1.0,1.0325247739157246,0.053500837368430504,True,316
"BA (m=2, hubs)","linear, continuous T",linear (correct),11286,peer,0.5,0.49314015090911556,0.08522267832330789,True,316
"BA (m=2, hubs)","linear, continuous T",linear (correct),11287,direct,1.0,0.9637185279708816,0.06446445131888745,True,292
"BA (m=2, hubs)","linear, continuous T",linear (correct),11287,peer,0.5,0.45633512182602737,0.08345388416156302,True,292
"BA (m=2, hubs)","linear, continuous T",linear (correct),11288,direct,1.0,1.0815670436375593,0.05924796933153089,True,310
"BA (m=2, hubs)","linear, continuous T",linear (correct),11288,peer,0.5,0.43720702064222705,0.0770348104488425,True,310
"BA (m=2, hubs)","linear, continuous T",linear (correct),11289,direct,1.0,0.932148278585187,0.0522323109915276,True,312
"BA (m=2, hubs)","linear, continuous T",linear (correct),11289,peer,0.5,0.4084940770388686,0.08075446159363212,True,312
"BA (m=2, hubs)","linear, continuous T",linear (correct),11290,direct,1.0,1.1221095106633834,0.06046404475115184,False,309
"BA (m=2, hubs)","linear, continuous T",linear (correct),11290,peer,0.5,0.427765768494031,0.08369326753170353,True,309
"BA (m=2, hubs)","linear, continuous T",linear (correct),11291,direct,1.0,0.9893170709360067,0.05253117147868772,True,306
"BA (m=2, hubs)","linear, continuous T",linear (correct),11291,peer,0.5,0.42868780085373914,0.07030281028885857,True,306
"BA (m=2, hubs)","linear, continuous T",linear (correct),11292,direct,1.0,0.9447285800429437,0.056337380790932104,True,305
"BA (m=2, hubs)","linear, continuous T",linear (correct),11292,peer,0.5,0.5084086094229461,0.08569646970922033,True,305
"BA (m=2, hubs)","linear, continuous T",linear (correct),11293,direct,1.0,0.9631405801257846,0.05789632958759285,True,315
"BA (m=2, hubs)","linear, continuous T",linear (correct),11293,peer,0.5,0.5508716369307728,0.08267042459633898,True,315
"BA (m=2, hubs)","linear, continuous T",linear (correct),11294,direct,1.0,0.8664991989106756,0.055832554100167575,False,313
"BA (m=2, hubs)","linear, continuous T",linear (correct),11294,peer,0.5,0.5147535387878577,0.07305078120377169,True,313
"BA (m=2, hubs)","linear, continuous T",linear (correct),11295,direct,1.0,0.9620133273593023,0.05251466153098031,True,322
"BA (m=2, hubs)","linear, continuous T",linear (correct),11295,peer,0.5,0.3872245301167984,0.0778506413043969,True,322
"BA (m=2, hubs)","linear, continuous T",linear (correct),11296,direct,1.0,1.0020693817180322,0.0676682879997205,True,305
"BA (m=2, hubs)","linear, continuous T",linear (correct),11296,peer,0.5,0.5387293542750983,0.10370354380505373,True,305
"BA (m=2, hubs)","linear, continuous T",linear (correct),11297,direct,1.0,0.9039458157555297,0.060130811463238086,True,308
"BA (m=2, hubs)","linear, continuous T",linear (correct),11297,peer,0.5,0.7165695907239407,0.08500865718222793,False,308
"BA (m=2, hubs)","linear, continuous T",linear (correct),11298,direct,1.0,0.9652881494845993,0.05269717559843592,True,306
"BA (m=2, hubs)","linear, continuous T",linear (correct),11298,peer,0.5,0.4764940035272604,0.0791007137595546,True,306
"BA (m=2, hubs)","linear, continuous T",linear (correct),11299,direct,1.0,1.0147896043510132,0.0536613847539504,True,307
"BA (m=2, hubs)","linear, continuous T",linear (correct),11299,peer,0.5,0.24096990998107165,0.08295547487779484,False,307
"BA (m=2, hubs)","linear, continuous T",linear (correct),11300,direct,1.0,1.0467381984489852,0.06643984008615898,True,315
"BA (m=2, hubs)","linear, continuous T",linear (correct),11300,peer,0.5,0.4600533757204289,0.06859428591555983,True,315
"BA (m=2, hubs)","linear, continuous T",linear (correct),11301,direct,1.0,1.0089613718985535,0.04804089029018508,True,310
"BA (m=2, hubs)","linear, continuous T",linear (correct),11301,peer,0.5,0.5685905826869408,0.0787209022773041,True,310
"BA (m=2, hubs)","linear, continuous T",linear (correct),11302,direct,1.0,1.012707411778544,0.05758264969125876,True,309
"BA (m=2, hubs)","linear, continuous T",linear (correct),11302,peer,0.5,0.5440889106341081,0.09308169837841536,True,309
"BA (m=2, hubs)","linear, continuous T",linear (correct),11303,direct,1.0,0.864607912986021,0.04817505296911503,False,324
"BA (m=2, hubs)","linear, continuous T",linear (correct),11303,peer,0.5,0.343373278060194,0.08775077433677825,True,324
"BA (m=2, hubs)","linear, continuous T",linear (correct),11304,direct,1.0,0.9370968988532459,0.05617298161015154,True,320
"BA (m=2, hubs)","linear, continuous T",linear (correct),11304,peer,0.5,0.4835817222968987,0.10744940252701131,True,320
"BA (m=2, hubs)","linear, continuous T",linear (correct),11305,direct,1.0,1.0744450618546555,0.056338445533504346,True,308
"BA (m=2, hubs)","linear, continuous T",linear (correct),11305,peer,0.5,0.4673224660604987,0.07844700762625685,True,308
"BA (m=2, hubs)","linear, continuous T",linear (correct),11306,direct,1.0,0.9064318248584996,0.06451262487542082,True,296
"BA (m=2, hubs)","linear, continuous T",linear (correct),11306,peer,0.5,0.37478286141941397,0.07214275817282367,True,296
"BA (m=2, hubs)","linear, continuous T",linear (correct),11307,direct,1.0,0.9947323029245491,0.055829249538075464,True,308
"BA (m=2, hubs)","linear, continuous T",linear (correct),11307,peer,0.5,0.45725005614776293,0.08532131642037934,True,308
"BA (m=2, hubs)","linear, continuous T",linear (correct),11308,direct,1.0,1.0503827224162057,0.047199987621588564,True,330
"BA (m=2, hubs)","linear, continuous T",linear (correct),11308,peer,0.5,0.43700338823577617,0.0662478033503553,True,330
"BA (m=2, hubs)","linear, continuous T",linear (correct),11309,direct,1.0,0.9918753428464175,0.051433188329337756,True,313
"BA (m=2, hubs)","linear, continuous T",linear (correct),11309,peer,0.5,0.5310574775082108,0.08961646733284552,True,313
"BA (m=2, hubs)","linear, continuous T",linear (correct),11310,direct,1.0,1.0316747105061692,0.049968212085090544,True,323
"BA (m=2, hubs)","linear, continuous T",linear (correct),11310,peer,0.5,0.5884298977839649,0.09147724400194188,True,323
"BA (m=2, hubs)","linear, continuous T",linear (correct),11311,direct,1.0,0.9936835704666923,0.04627390927069623,True,316
"BA (m=2, hubs)","linear, continuous T",linear (correct),11311,peer,0.5,0.5358345943491519,0.06033817924291274,True,316
"BA (m=2, hubs)","linear, continuous T",linear (correct),11312,direct,1.0,1.0322769304000765,0.0674293140923935,True,307
"BA (m=2, hubs)","linear, continuous T",linear (correct),11312,peer,0.5,0.5589507488070768,0.07710080067367715,True,307
"BA (m=2, hubs)","linear, continuous T",linear (correct),11313,direct,1.0,0.9751939191779259,0.059324516130715814,True,294
"BA (m=2, hubs)","linear, continuous T",linear (correct),11313,peer,0.5,0.4326745453859529,0.09089987630918266,True,294
"BA (m=2, hubs)","linear, continuous T",linear (correct),11314,direct,1.0,0.9907070667073411,0.06578932742398899,True,314
"BA (m=2, hubs)","linear, continuous T",linear (correct),11314,peer,0.5,0.42427607761354236,0.08371214616363502,True,314
"BA (m=2, hubs)","linear, continuous T",linear (correct),11315,direct,1.0,0.9666278944463327,0.06516953752642447,True,312
"BA (m=2, hubs)","linear, continuous T",linear (correct),11315,peer,0.5,0.5482829943215883,0.07735511851868253,True,312
"BA (m=2, hubs)","linear, continuous T",linear (correct),11316,direct,1.0,0.9583423439747345,0.06087008893258628,True,309
"BA (m=2, hubs)","linear, continuous T",linear (correct),11316,peer,0.5,0.520931666668213,0.08576273999051587,True,309
"BA (m=2, hubs)","linear, continuous T",linear (correct),11317,direct,1.0,0.9631150895099271,0.04899365794572426,True,317
"BA (m=2, hubs)","linear, continuous T",linear (correct),11317,peer,0.5,0.6567379908260925,0.08400279594318645,True,317
"BA (m=2, hubs)","linear, continuous T",linear (correct),11318,direct,1.0,1.0346905381380456,0.05870340564389027,True,312
"BA (m=2, hubs)","linear, continuous T",linear (correct),11318,peer,0.5,0.49094793604094505,0.08766961923749468,True,312
"BA (m=2, hubs)","linear, continuous T",linear (correct),11319,direct,1.0,0.9459922807922437,0.05385018952329577,True,317
"BA (m=2, hubs)","linear, continuous T",linear (correct),11319,peer,0.5,0.5874484213255096,0.07536250429684647,True,317
"BA (m=2, hubs)","linear, continuous T",linear (correct),11320,direct,1.0,1.0486279018412321,0.05318713578050758,True,324
"BA (m=2, hubs)","linear, continuous T",linear (correct),11320,peer,0.5,0.5692187377994872,0.08351303894805394,True,324
"BA (m=2, hubs)","linear, continuous T",linear (correct),11321,direct,1.0,1.003979349831591,0.05780122861839556,True,311
"BA (m=2, hubs)","linear, continuous T",linear (correct),11321,peer,0.5,0.3906384874134652,0.07565219540644047,True,311
"BA (m=2, hubs)","linear, continuous T",linear (correct),11322,direct,1.0,0.9468146470573744,0.04887537833167289,True,307
"BA (m=2, hubs)","linear, continuous T",linear (correct),11322,peer,0.5,0.5869193304896526,0.08069500715821074,True,307
"BA (m=2, hubs)","linear, continuous T",linear (correct),11323,direct,1.0,0.9419023351773264,0.05577493661806902,True,301
"BA (m=2, hubs)","linear, continuous T",linear (correct),11323,peer,0.5,0.41855742050887,0.08762043397186983,True,301
"BA (m=2, hubs)","linear, continuous T",linear (correct),11324,direct,1.0,1.0279864760232642,0.06287599048275261,True,330
"BA (m=2, hubs)","linear, continuous T",linear (correct),11324,peer,0.5,0.4701377727857745,0.08360562701525932,True,330
"BA (m=2, hubs)","linear, continuous T",linear (correct),11325,direct,1.0,0.990262909572759,0.0649282229079055,True,309
"BA (m=2, hubs)","linear, continuous T",linear (correct),11325,peer,0.5,0.5310553849201961,0.0736503536559053,True,309
"BA (m=2, hubs)","linear, continuous T",linear (correct),11326,direct,1.0,1.0942906876914844,0.057618450954512894,True,308
"BA (m=2, hubs)","linear, continuous T",linear (correct),11326,peer,0.5,0.5474218926081973,0.07583235655692847,True,308
"BA (m=2, hubs)","linear, continuous T",linear (correct),11327,direct,1.0,1.0045412981412658,0.052819976807994454,True,314
"BA (m=2, hubs)","linear, continuous T",linear (correct),11327,peer,0.5,0.4437275691602458,0.07293111476056115,True,314
"BA (m=2, hubs)","linear, continuous T",linear (correct),11328,direct,1.0,0.992265389651385,0.05903525827680459,True,302
"BA (m=2, hubs)","linear, continuous T",linear (correct),11328,peer,0.5,0.6229054753460376,0.08827216908961226,True,302
"BA (m=2, hubs)","linear, continuous T",linear (correct),11329,direct,1.0,0.9124189147588114,0.07308550867102438,True,299
"BA (m=2, hubs)","linear, continuous T",linear (correct),11329,peer,0.5,0.5077909379234828,0.07970160970147504,True,299
"BA (m=2, hubs)","linear, continuous T",linear (correct),11330,direct,1.0,0.9345407424121593,0.05049027857249175,True,305
"BA (m=2, hubs)","linear, continuous T",linear (correct),11330,peer,0.5,0.6402930314787302,0.08937444521618441,True,305
"BA (m=2, hubs)","linear, continuous T",linear (correct),11331,direct,1.0,1.0372487291913102,0.05996671242619217,True,294
"BA (m=2, hubs)","linear, continuous T",linear (correct),11331,peer,0.5,0.3967350087148467,0.09103669824413207,True,294
"BA (m=2, hubs)","linear, continuous T",linear (correct),11332,direct,1.0,1.0014455055097993,0.05568987196259031,True,318
"BA (m=2, hubs)","linear, continuous T",linear (correct),11332,peer,0.5,0.5951712066554198,0.07175980338008747,True,318
"BA (m=2, hubs)","linear, continuous T",linear (correct),11333,direct,1.0,0.9442614375843503,0.057969860172620166,True,302
"BA (m=2, hubs)","linear, continuous T",linear (correct),11333,peer,0.5,0.449294595459732,0.10560236318518944,True,302
"BA (m=2, hubs)","linear, continuous T",linear (correct),11334,direct,1.0,1.025654652140198,0.054504544566333725,True,311
"BA (m=2, hubs)","linear, continuous T",linear (correct),11334,peer,0.5,0.6107378056533976,0.08857359231863438,True,311
"BA (m=2, hubs)","linear, continuous T",linear (correct),11335,direct,1.0,1.012958419354286,0.04923148229047859,True,305
"BA (m=2, hubs)","linear, continuous T",linear (correct),11335,peer,0.5,0.5074732509661379,0.07131478025556298,True,305
"BA (m=2, hubs)","linear, continuous T",linear (correct),11336,direct,1.0,0.9890373673530011,0.05531706894021494,True,308
"BA (m=2, hubs)","linear, continuous T",linear (correct),11336,peer,0.5,0.4885844082377161,0.0754679342236644,True,308
"BA (m=2, hubs)","linear, continuous T",linear (correct),11337,direct,1.0,0.9843278492968806,0.05243908548574099,True,306
"BA (m=2, hubs)","linear, continuous T",linear (correct),11337,peer,0.5,0.45311561266376515,0.07813807937776511,True,306
"BA (m=2, hubs)","linear, continuous T",linear (correct),11338,direct,1.0,1.0528943523662808,0.05297385391723745,True,321
"BA (m=2, hubs)","linear, continuous T",linear (correct),11338,peer,0.5,0.4157247778579688,0.08070380002412879,True,321
"BA (m=2, hubs)","linear, continuous T",linear (correct),11339,direct,1.0,0.9143528753500926,0.06076771391181527,True,303
"BA (m=2, hubs)","linear, continuous T",linear (correct),11339,peer,0.5,0.5696977303205762,0.07242640887764322,True,303
"BA (m=2, hubs)","linear, continuous T",linear (correct),11340,direct,1.0,0.9933178616135606,0.043702620512017315,True,303
"BA (m=2, hubs)","linear, continuous T",linear (correct),11340,peer,0.5,0.5598275210134538,0.0873265152599993,True,303
"BA (m=2, hubs)","linear, continuous T",linear (correct),11341,direct,1.0,0.973144867564061,0.06066381839111534,True,307
"BA (m=2, hubs)","linear, continuous T",linear (correct),11341,peer,0.5,0.5346450398940881,0.07882395608531917,True,307
"BA (m=2, hubs)","linear, continuous T",linear (correct),11342,direct,1.0,0.9554791946843467,0.06740828377804797,True,311
"BA (m=2, hubs)","linear, continuous T",linear (correct),11342,peer,0.5,0.5071307905967034,0.09389531425429898,True,311
"BA (m=2, hubs)","linear, continuous T",linear (correct),11343,direct,1.0,0.9273335827230333,0.051735134387959555,True,316
"BA (m=2, hubs)","linear, continuous T",linear (correct),11343,peer,0.5,0.545240475374922,0.08600906204964086,True,316
"BA (m=2, hubs)","linear, continuous T",linear (correct),11344,direct,1.0,0.9386630131445353,0.05875852355612741,True,308
"BA (m=2, hubs)","linear, continuous T",linear (correct),11344,peer,0.5,0.5011133600568426,0.07719220377818889,True,308
"BA (m=2, hubs)","linear, continuous T",linear (correct),11345,direct,1.0,1.1179923552130302,0.050049833568652065,False,299
"BA (m=2, hubs)","linear, continuous T",linear (correct),11345,peer,0.5,0.4296483933904958,0.08138750809386121,True,299
"BA (m=2, hubs)","linear, continuous T",linear (correct),11346,direct,1.0,0.9715364214455945,0.06234796806725163,True,310
"BA (m=2, hubs)","linear, continuous T",linear (correct),11346,peer,0.5,0.6224226062475626,0.09522328803677627,True,310
"BA (m=2, hubs)","linear, continuous T",linear (correct),11347,direct,1.0,1.0922432173009724,0.05481292149990793,True,308
"BA (m=2, hubs)","linear, continuous T",linear (correct),11347,peer,0.5,0.49476926954636297,0.08082058058098701,True,308
"BA (m=2, hubs)","linear, continuous T",linear (correct),11348,direct,1.0,1.0976110810163724,0.05547267193431588,True,307
"BA (m=2, hubs)","linear, continuous T",linear (correct),11348,peer,0.5,0.43259001634925603,0.0678257309568881,True,307
"BA (m=2, hubs)","linear, continuous T",linear (correct),11349,direct,1.0,0.9359004565697203,0.04777319180655689,True,312
"BA (m=2, hubs)","linear, continuous T",linear (correct),11349,peer,0.5,0.22802453554619284,0.07359054903987595,False,312
"BA (m=2, hubs)","linear, continuous T",linear (correct),11350,direct,1.0,1.0184992887341404,0.05509831921076092,True,311
"BA (m=2, hubs)","linear, continuous T",linear (correct),11350,peer,0.5,0.5083921367544523,0.0771786961937397,True,311
"BA (m=2, hubs)","linear, continuous T",linear (correct),11351,direct,1.0,0.9370846069240637,0.0544461715850084,True,313
"BA (m=2, hubs)","linear, continuous T",linear (correct),11351,peer,0.5,0.5113437830580921,0.0788836685961988,True,313
"BA (m=2, hubs)","linear, continuous T",linear (correct),11352,direct,1.0,0.9458400261342146,0.053185880533253405,True,307
"BA (m=2, hubs)","linear, continuous T",linear (correct),11352,peer,0.5,0.39081365830690196,0.07676636077051126,True,307
"BA (m=2, hubs)","linear, continuous T",linear (correct),11353,direct,1.0,0.9874833612172357,0.06113761135948443,True,308
"BA (m=2, hubs)","linear, continuous T",linear (correct),11353,peer,0.5,0.43728594526683634,0.07446693727823478,True,308
"BA (m=2, hubs)","linear, continuous T",linear (correct),11354,direct,1.0,1.0685298497324196,0.058905254598121064,True,310
"BA (m=2, hubs)","linear, continuous T",linear (correct),11354,peer,0.5,0.49776479226641734,0.0792391271288442,True,310
"BA (m=2, hubs)","linear, continuous T",linear (correct),11355,direct,1.0,1.028250204560375,0.05018856128528701,True,304
"BA (m=2, hubs)","linear, continuous T",linear (correct),11355,peer,0.5,0.4349834075894121,0.0900503907929619,True,304
"BA (m=2, hubs)","linear, continuous T",linear (correct),11356,direct,1.0,1.0630610108416731,0.058247490748770295,True,318
"BA (m=2, hubs)","linear, continuous T",linear (correct),11356,peer,0.5,0.44201924328938264,0.08937287855704477,True,318
"BA (m=2, hubs)","linear, continuous T",linear (correct),11357,direct,1.0,0.9781159277775401,0.0709530368274688,True,306
"BA (m=2, hubs)","linear, continuous T",linear (correct),11357,peer,0.5,0.4110492433548012,0.08171193473550649,True,306
"BA (m=2, hubs)","linear, continuous T",linear (correct),11358,direct,1.0,0.9440238910825118,0.052516600301371355,True,308
"BA (m=2, hubs)","linear, continuous T",linear (correct),11358,peer,0.5,0.49024640314274553,0.08239546698261459,True,308
"BA (m=2, hubs)","linear, continuous T",linear (correct),11359,direct,1.0,1.034776641514296,0.05800735449014039,True,295
"BA (m=2, hubs)","linear, continuous T",linear (correct),11359,peer,0.5,0.5812696449924281,0.1142128589579512,True,295
"BA (m=2, hubs)","linear, continuous T",linear (correct),11360,direct,1.0,1.0229758215621396,0.052634171213208035,True,310
"BA (m=2, hubs)","linear, continuous T",linear (correct),11360,peer,0.5,0.366558906133367,0.07929508023960428,True,310
"BA (m=2, hubs)","linear, continuous T",linear (correct),11361,direct,1.0,0.92526450043041,0.05193750915822125,True,302
"BA (m=2, hubs)","linear, continuous T",linear (correct),11361,peer,0.5,0.6688380418710728,0.06384747710441784,False,302
"BA (m=2, hubs)","linear, continuous T",linear (correct),11362,direct,1.0,0.9240028753160082,0.05529095598609782,True,297
"BA (m=2, hubs)","linear, continuous T",linear (correct),11362,peer,0.5,0.39667787886220685,0.07214448290282698,True,297
"BA (m=2, hubs)","linear, continuous T",linear (correct),11363,direct,1.0,1.0199752423598407,0.05791755764236435,True,309
"BA (m=2, hubs)","linear, continuous T",linear (correct),11363,peer,0.5,0.5584849176552724,0.08208432721020642,True,309
"BA (m=2, hubs)","linear, continuous T",linear (correct),11364,direct,1.0,0.9180318594591292,0.05820536179162391,True,312
"BA (m=2, hubs)","linear, continuous T",linear (correct),11364,peer,0.5,0.48060177479572674,0.07459398131424183,True,312
"BA (m=2, hubs)","linear, continuous T",linear (correct),11365,direct,1.0,1.0684649225143767,0.060479564415651624,True,312
"BA (m=2, hubs)","linear, continuous T",linear (correct),11365,peer,0.5,0.5906087631874878,0.09793876831777912,True,312
"BA (m=2, hubs)","linear, continuous T",linear (correct),11366,direct,1.0,1.0316294352959463,0.051872566130425804,True,317
"BA (m=2, hubs)","linear, continuous T",linear (correct),11366,peer,0.5,0.31975643913217505,0.08367840881414736,False,317
"BA (m=2, hubs)","linear, continuous T",linear (correct),11367,direct,1.0,1.020898705397332,0.07051005620708765,True,323
"BA (m=2, hubs)","linear, continuous T",linear (correct),11367,peer,0.5,0.36853525702870776,0.09199139818518992,True,323
"BA (m=2, hubs)","linear, continuous T",linear (correct),11368,direct,1.0,1.0029542216293823,0.05453825051489688,True,322
"BA (m=2, hubs)","linear, continuous T",linear (correct),11368,peer,0.5,0.5584391266140745,0.07067680616031671,True,322
"BA (m=2, hubs)","linear, continuous T",linear (correct),11369,direct,1.0,1.0878140039516857,0.06588044902781169,True,322
"BA (m=2, hubs)","linear, continuous T",linear (correct),11369,peer,0.5,0.562708735308771,0.08582048862534335,True,322
"BA (m=2, hubs)","linear, continuous T",linear (correct),11370,direct,1.0,0.9840321824993068,0.06093892602170876,True,319
"BA (m=2, hubs)","linear, continuous T",linear (correct),11370,peer,0.5,0.5036243101982348,0.07784966454949103,True,319
"BA (m=2, hubs)","linear, continuous T",linear (correct),11371,direct,1.0,0.9965028360972621,0.05444031582795345,True,315
"BA (m=2, hubs)","linear, continuous T",linear (correct),11371,peer,0.5,0.4346884831845457,0.09211432028923225,True,315
"BA (m=2, hubs)","linear, continuous T",linear (correct),11372,direct,1.0,1.0260085524462,0.06183528452636068,True,312
"BA (m=2, hubs)","linear, continuous T",linear (correct),11372,peer,0.5,0.6538262964385142,0.09451246762318803,True,312
"BA (m=2, hubs)","linear, continuous T",linear (correct),11373,direct,1.0,1.0031011188942223,0.05883515648199078,True,298
"BA (m=2, hubs)","linear, continuous T",linear (correct),11373,peer,0.5,0.4097566630083416,0.07940650194140551,True,298
"BA (m=2, hubs)","linear, continuous T",linear (correct),11374,direct,1.0,1.0072707868648547,0.05198019935236741,True,309
"BA (m=2, hubs)","linear, continuous T",linear (correct),11374,peer,0.5,0.3557442488703095,0.08063214410341023,True,309
"BA (m=2, hubs)","linear, continuous T",linear (correct),11375,direct,1.0,0.9528069753656037,0.05169378668833134,True,309
"BA (m=2, hubs)","linear, continuous T",linear (correct),11375,peer,0.5,0.5903195374145621,0.08328137283417374,True,309
"BA (m=2, hubs)","linear, continuous T",linear (correct),11376,direct,1.0,0.9694873098263582,0.05993123193414298,True,297
"BA (m=2, hubs)","linear, continuous T",linear (correct),11376,peer,0.5,0.49171369459804976,0.07148364040294453,True,297
"BA (m=2, hubs)","linear, continuous T",linear (correct),11377,direct,1.0,0.910886494746074,0.05679089669870722,True,310
"BA (m=2, hubs)","linear, continuous T",linear (correct),11377,peer,0.5,0.36732745561415503,0.07327015988754214,True,310
"BA (m=2, hubs)","linear, continuous T",linear (correct),11378,direct,1.0,1.0391474973140398,0.06873203280828327,True,313
"BA (m=2, hubs)","linear, continuous T",linear (correct),11378,peer,0.5,0.5620044718298474,0.06988979435139209,True,313
"BA (m=2, hubs)","linear, continuous T",linear (correct),11379,direct,1.0,1.1277515692715518,0.057405043408163395,False,303
"BA (m=2, hubs)","linear, continuous T",linear (correct),11379,peer,0.5,0.4242693752041868,0.08079872373807938,True,303
"BA (m=2, hubs)","linear, continuous T",linear (correct),11380,direct,1.0,0.9844579997425181,0.04521209529560907,True,310
"BA (m=2, hubs)","linear, continuous T",linear (correct),11380,peer,0.5,0.43061825333475084,0.08643043140192294,True,310
"BA (m=2, hubs)","linear, continuous T",linear (correct),11381,direct,1.0,1.0731373372109714,0.05369132467847294,True,325
"BA (m=2, hubs)","linear, continuous T",linear (correct),11381,peer,0.5,0.39510167319841927,0.07519130017436038,True,325
"BA (m=2, hubs)","linear, continuous T",linear (correct),11382,direct,1.0,1.0361309134352108,0.04932235770891906,True,318
"BA (m=2, hubs)","linear, continuous T",linear (correct),11382,peer,0.5,0.48720415326002864,0.08319038112288056,True,318
"BA (m=2, hubs)","linear, continuous T",linear (correct),11383,direct,1.0,1.0545802022752697,0.05506452639054942,True,321
"BA (m=2, hubs)","linear, continuous T",linear (correct),11383,peer,0.5,0.4184819904416098,0.08272305339072032,True,321
"BA (m=2, hubs)","linear, continuous T",linear (correct),11384,direct,1.0,1.0201891656477087,0.06059394220353917,True,323
"BA (m=2, hubs)","linear, continuous T",linear (correct),11384,peer,0.5,0.5826880536249829,0.077289433054328,True,323
"BA (m=2, hubs)","linear, continuous T",linear (correct),11385,direct,1.0,1.0143189153529428,0.04859268067512898,True,311
"BA (m=2, hubs)","linear, continuous T",linear (correct),11385,peer,0.5,0.3473923615603654,0.0747574211984226,False,311
"BA (m=2, hubs)","linear, continuous T",linear (correct),11386,direct,1.0,0.9659892834710345,0.0621830151987455,True,313
"BA (m=2, hubs)","linear, continuous T",linear (correct),11386,peer,0.5,0.5218227513243995,0.07485624250221308,True,313
"BA (m=2, hubs)","linear, continuous T",linear (correct),11387,direct,1.0,0.886897506915445,0.052083408285026216,False,314
"BA (m=2, hubs)","linear, continuous T",linear (correct),11387,peer,0.5,0.48090684325743677,0.07889115372874714,True,314
"BA (m=2, hubs)","linear, continuous T",linear (correct),11388,direct,1.0,0.9618952545510353,0.05090170910509373,True,315
"BA (m=2, hubs)","linear, continuous T",linear (correct),11388,peer,0.5,0.39103763800774166,0.08733778209619109,True,315
"BA (m=2, hubs)","linear, continuous T",linear (correct),11389,direct,1.0,0.9963776035029305,0.056625605263808755,True,306
"BA (m=2, hubs)","linear, continuous T",linear (correct),11389,peer,0.5,0.5125034915952463,0.07965944945873182,True,306
"BA (m=2, hubs)","linear, continuous T",linear (correct),11390,direct,1.0,0.9293000531189421,0.053793156690752304,True,318
"BA (m=2, hubs)","linear, continuous T",linear (correct),11390,peer,0.5,0.4472364261476962,0.08496206076303509,True,318
"BA (m=2, hubs)","linear, continuous T",linear (correct),11391,direct,1.0,0.9491840596781216,0.05452795251608558,True,319
"BA (m=2, hubs)","linear, continuous T",linear (correct),11391,peer,0.5,0.4850485955383061,0.07898352508435234,True,319
"BA (m=2, hubs)","linear, continuous T",linear (correct),11392,direct,1.0,1.0481777877770613,0.07524496645706184,True,291
"BA (m=2, hubs)","linear, continuous T",linear (correct),11392,peer,0.5,0.49543001549917276,0.0850115808087504,True,291
"BA (m=2, hubs)","linear, continuous T",linear (correct),11393,direct,1.0,0.9177670126917676,0.05243417858188998,True,304
"BA (m=2, hubs)","linear, continuous T",linear (correct),11393,peer,0.5,0.5197651493597947,0.07345873718722898,True,304
"BA (m=2, hubs)","linear, continuous T",linear (correct),11394,direct,1.0,1.0730800337684148,0.053054766351365884,True,305
"BA (m=2, hubs)","linear, continuous T",linear (correct),11394,peer,0.5,0.416201548792561,0.08267088057557456,True,305
"BA (m=2, hubs)","linear, continuous T",linear (correct),11395,direct,1.0,1.0138245915941526,0.059646429093005215,True,301
"BA (m=2, hubs)","linear, continuous T",linear (correct),11395,peer,0.5,0.4058433282054819,0.07705723243911755,True,301
"BA (m=2, hubs)","linear, continuous T",linear (correct),11396,direct,1.0,1.0142377918490368,0.05677079312001763,True,296
"BA (m=2, hubs)","linear, continuous T",linear (correct),11396,peer,0.5,0.42307281196063407,0.0787279999623583,True,296
"BA (m=2, hubs)","linear, continuous T",linear (correct),11397,direct,1.0,1.0892025426956629,0.06576711986757891,True,300
"BA (m=2, hubs)","linear, continuous T",linear (correct),11397,peer,0.5,0.5020053013226466,0.0823243304899699,True,300
"BA (m=2, hubs)","linear, continuous T",linear (correct),11398,direct,1.0,1.0596079765152866,0.05472993939135776,True,295
"BA (m=2, hubs)","linear, continuous T",linear (correct),11398,peer,0.5,0.5494556945087521,0.09213927942645271,True,295
"BA (m=2, hubs)","linear, continuous T",linear (correct),11399,direct,1.0,0.9382763656590938,0.05353869647446957,True,301
"BA (m=2, hubs)","linear, continuous T",linear (correct),11399,peer,0.5,0.41195597472400625,0.08413212442623702,True,301
"BA (m=2, hubs)","linear, continuous T",linear (correct),11400,direct,1.0,1.0101206690766005,0.0602814007462153,True,315
"BA (m=2, hubs)","linear, continuous T",linear (correct),11400,peer,0.5,0.5671214743805346,0.08694908702849898,True,315
"BA (m=2, hubs)","linear, continuous T",linear (correct),11401,direct,1.0,0.9080661750695177,0.06840989939118161,True,298
"BA (m=2, hubs)","linear, continuous T",linear (correct),11401,peer,0.5,0.47150348596112757,0.0787829779484845,True,298
"BA (m=2, hubs)","linear, continuous T",linear (correct),11402,direct,1.0,0.962048262333242,0.05636814530316253,True,312
"BA (m=2, hubs)","linear, continuous T",linear (correct),11402,peer,0.5,0.5518384873485928,0.08522452365877195,True,312
"BA (m=2, hubs)","linear, continuous T",linear (correct),11403,direct,1.0,1.0292920578621838,0.05002347094369552,True,306
"BA (m=2, hubs)","linear, continuous T",linear (correct),11403,peer,0.5,0.4598382303731628,0.07698856682205883,True,306
"BA (m=2, hubs)","linear, continuous T",linear (correct),11404,direct,1.0,1.0272265885159209,0.056440250941720414,True,325
"BA (m=2, hubs)","linear, continuous T",linear (correct),11404,peer,0.5,0.4845116789579595,0.07587603261287927,True,325
"BA (m=2, hubs)","linear, continuous T",linear (correct),11405,direct,1.0,0.9266507375149049,0.060126320162642355,True,316
"BA (m=2, hubs)","linear, continuous T",linear (correct),11405,peer,0.5,0.6636091903490495,0.09054217913210864,True,316
"BA (m=2, hubs)","linear, continuous T",linear (correct),11406,direct,1.0,1.054748506383985,0.05516127002898819,True,308
"BA (m=2, hubs)","linear, continuous T",linear (correct),11406,peer,0.5,0.3554804882588875,0.0907676307389821,True,308
"BA (m=2, hubs)","linear, continuous T",linear (correct),11407,direct,1.0,1.0165622666034946,0.05513326671724422,True,306
"BA (m=2, hubs)","linear, continuous T",linear (correct),11407,peer,0.5,0.6150858572088679,0.08297601444611866,True,306
"BA (m=2, hubs)","linear, continuous T",linear (correct),11408,direct,1.0,0.952033934257545,0.05666903312934073,True,318
"BA (m=2, hubs)","linear, continuous T",linear (correct),11408,peer,0.5,0.6060998110739219,0.07172596566122645,True,318
"BA (m=2, hubs)","linear, continuous T",linear (correct),11409,direct,1.0,1.0492537918505958,0.05772663646011748,True,318
"BA (m=2, hubs)","linear, continuous T",linear (correct),11409,peer,0.5,0.5038475646943005,0.08903742500773851,True,318
"BA (m=2, hubs)","linear, continuous T",linear (correct),11410,direct,1.0,1.0275300331861164,0.06014455407679794,True,316
"BA (m=2, hubs)","linear, continuous T",linear (correct),11410,peer,0.5,0.5217560661979653,0.07522516805202051,True,316
"BA (m=2, hubs)","linear, continuous T",linear (correct),11411,direct,1.0,0.9388153599470864,0.06305238032774615,True,309
"BA (m=2, hubs)","linear, continuous T",linear (correct),11411,peer,0.5,0.4724563085458482,0.09265154024769995,True,309
"BA (m=2, hubs)","linear, continuous T",linear (correct),11412,direct,1.0,1.0535930664281452,0.05014446528969103,True,305
"BA (m=2, hubs)","linear, continuous T",linear (correct),11412,peer,0.5,0.594191103108759,0.07408019691257901,True,305
"BA (m=2, hubs)","linear, continuous T",linear (correct),11413,direct,1.0,1.0592261665189304,0.05195987284689114,True,328
"BA (m=2, hubs)","linear, continuous T",linear (correct),11413,peer,0.5,0.5654146621977404,0.07641535737999743,True,328
"BA (m=2, hubs)","linear, continuous T",linear (correct),11414,direct,1.0,0.9840283273843919,0.0538130989736584,True,314
"BA (m=2, hubs)","linear, continuous T",linear (correct),11414,peer,0.5,0.5134678838054478,0.07993126897694801,True,314
"BA (m=2, hubs)","linear, continuous T",linear (correct),11415,direct,1.0,1.0253279360162004,0.062122112804978716,True,306
"BA (m=2, hubs)","linear, continuous T",linear (correct),11415,peer,0.5,0.5325313416483193,0.09636469840651674,True,306
"BA (m=2, hubs)","linear, continuous T",linear (correct),11416,direct,1.0,0.9798644025435838,0.05697748884464066,True,317
"BA (m=2, hubs)","linear, continuous T",linear (correct),11416,peer,0.5,0.5855895741628236,0.09255500341691437,True,317
"BA (m=2, hubs)","linear, continuous T",linear (correct),11417,direct,1.0,0.9323990359541203,0.054905566395082754,True,314
"BA (m=2, hubs)","linear, continuous T",linear (correct),11417,peer,0.5,0.5473881462816793,0.07914790175541295,True,314
"BA (m=2, hubs)","linear, continuous T",linear (correct),11418,direct,1.0,1.081053633825781,0.06267969302568323,True,296
"BA (m=2, hubs)","linear, continuous T",linear (correct),11418,peer,0.5,0.5216705367231291,0.07914731738749235,True,296
"BA (m=2, hubs)","linear, continuous T",linear (correct),11419,direct,1.0,0.974864884465868,0.05913990310434086,True,297
"BA (m=2, hubs)","linear, continuous T",linear (correct),11419,peer,0.5,0.478421620282674,0.09312360962982413,True,297
"BA (m=2, hubs)","linear, continuous T",linear (correct),11420,direct,1.0,0.9819855247412971,0.05009023334628474,True,299
"BA (m=2, hubs)","linear, continuous T",linear (correct),11420,peer,0.5,0.5282425948236801,0.0950757615853577,True,299
"BA (m=2, hubs)","linear, continuous T",linear (correct),11421,direct,1.0,1.1673325557936147,0.06870375047955414,False,302
"BA (m=2, hubs)","linear, continuous T",linear (correct),11421,peer,0.5,0.6248105034459855,0.08117069002802137,True,302
"BA (m=2, hubs)","linear, continuous T",linear (correct),11422,direct,1.0,1.0995389150404709,0.05542715634857853,True,309
"BA (m=2, hubs)","linear, continuous T",linear (correct),11422,peer,0.5,0.6531466396077015,0.08503163856346638,True,309
"BA (m=2, hubs)","linear, continuous T",linear (correct),11423,direct,1.0,1.0229885216997854,0.0682880094655302,True,305
"BA (m=2, hubs)","linear, continuous T",linear (correct),11423,peer,0.5,0.5569963629705154,0.0638576694276861,True,305
"BA (m=2, hubs)","linear, continuous T",linear (correct),11424,direct,1.0,1.0336000960428926,0.052669438222579086,True,296
"BA (m=2, hubs)","linear, continuous T",linear (correct),11424,peer,0.5,0.5090851854334258,0.09643759357814922,True,296
"BA (m=2, hubs)","linear, continuous T",linear (correct),11425,direct,1.0,0.9883867527024428,0.053664480256385816,True,292
"BA (m=2, hubs)","linear, continuous T",linear (correct),11425,peer,0.5,0.4638027098714075,0.07878457761932463,True,292
"BA (m=2, hubs)","linear, continuous T",linear (correct),11426,direct,1.0,1.0215018450589888,0.05886619722043248,True,306
"BA (m=2, hubs)","linear, continuous T",linear (correct),11426,peer,0.5,0.6084734831688878,0.086240147244141,True,306
"BA (m=2, hubs)","linear, continuous T",linear (correct),11427,direct,1.0,0.9868917261216453,0.05953447640453155,True,293
"BA (m=2, hubs)","linear, continuous T",linear (correct),11427,peer,0.5,0.49438695186250325,0.08766738943155848,True,293
"BA (m=2, hubs)","linear, continuous T",linear (correct),11428,direct,1.0,1.0283155111355633,0.058143091520236445,True,304
"BA (m=2, hubs)","linear, continuous T",linear (correct),11428,peer,0.5,0.5950104961459949,0.08585259382873164,True,304
"BA (m=2, hubs)","linear, continuous T",linear (correct),11429,direct,1.0,0.9803819176462242,0.04958191613489147,True,308
"BA (m=2, hubs)","linear, continuous T",linear (correct),11429,peer,0.5,0.5400863329042069,0.07715521959186539,True,308
"BA (m=2, hubs)","linear, continuous T",linear (correct),11430,direct,1.0,0.9718000964909224,0.05994482224675599,True,312
"BA (m=2, hubs)","linear, continuous T",linear (correct),11430,peer,0.5,0.4049320623330968,0.07835619738889038,True,312
"BA (m=2, hubs)","linear, continuous T",linear (correct),11431,direct,1.0,0.9666917490339644,0.06556735279381681,True,313
"BA (m=2, hubs)","linear, continuous T",linear (correct),11431,peer,0.5,0.4593543457421722,0.08193821061764184,True,313
"BA (m=2, hubs)","linear, continuous T",linear (correct),11432,direct,1.0,1.0966485374316515,0.06474767454022975,True,310
"BA (m=2, hubs)","linear, continuous T",linear (correct),11432,peer,0.5,0.609294495793795,0.08613549226837844,True,310
"BA (m=2, hubs)","linear, continuous T",linear (correct),11433,direct,1.0,1.1156077685652042,0.054420430601454566,False,308
"BA (m=2, hubs)","linear, continuous T",linear (correct),11433,peer,0.5,0.529013508616322,0.08345103502181095,True,308
"BA (m=2, hubs)","linear, continuous T",linear (correct),11434,direct,1.0,1.005780392371908,0.05707448786119084,True,310
"BA (m=2, hubs)","linear, continuous T",linear (correct),11434,peer,0.5,0.4169162796760998,0.08865484409556941,True,310
"BA (m=2, hubs)","linear, continuous T",linear (correct),11435,direct,1.0,0.9933896661833383,0.06294551719641713,True,301
"BA (m=2, hubs)","linear, continuous T",linear (correct),11435,peer,0.5,0.5137259430269924,0.07470447403055058,True,301
"BA (m=2, hubs)","linear, continuous T",linear (correct),11436,direct,1.0,0.9484167455590459,0.05607457291071035,True,312
"BA (m=2, hubs)","linear, continuous T",linear (correct),11436,peer,0.5,0.407942529438422,0.078951039951476,True,312
"BA (m=2, hubs)","linear, continuous T",linear (correct),11437,direct,1.0,1.0897104333202803,0.054176551277141556,True,300
"BA (m=2, hubs)","linear, continuous T",linear (correct),11437,peer,0.5,0.6164339263447985,0.09466025787888034,True,300
"BA (m=2, hubs)","linear, continuous T",linear (correct),11438,direct,1.0,1.088883947606537,0.058204212429661166,True,303
"BA (m=2, hubs)","linear, continuous T",linear (correct),11438,peer,0.5,0.3916724557012608,0.08322259101339892,True,303
"BA (m=2, hubs)","linear, continuous T",linear (correct),11439,direct,1.0,0.909959046979934,0.061391959732620634,True,313
"BA (m=2, hubs)","linear, continuous T",linear (correct),11439,peer,0.5,0.5513424515485241,0.08886291695956322,True,313
"BA (m=2, hubs)","linear, continuous T",linear (correct),11440,direct,1.0,0.9689122851165427,0.05211960919272559,True,301
"BA (m=2, hubs)","linear, continuous T",linear (correct),11440,peer,0.5,0.4440770970063458,0.08307520242622772,True,301
"BA (m=2, hubs)","linear, continuous T",linear (correct),11441,direct,1.0,0.9700197373447449,0.05131438765717096,True,304
"BA (m=2, hubs)","linear, continuous T",linear (correct),11441,peer,0.5,0.5369724166460383,0.09073255465155108,True,304
"BA (m=2, hubs)","linear, continuous T",linear (correct),11442,direct,1.0,0.9166143394097047,0.05528666865244026,True,315
"BA (m=2, hubs)","linear, continuous T",linear (correct),11442,peer,0.5,0.5280656599095579,0.08708463307540294,True,315
"BA (m=2, hubs)","linear, continuous T",linear (correct),11443,direct,1.0,0.9793813203713656,0.05811814958195345,True,300
"BA (m=2, hubs)","linear, continuous T",linear (correct),11443,peer,0.5,0.5820617392001989,0.08634624462166063,True,300
"BA (m=2, hubs)","linear, continuous T",linear (correct),11444,direct,1.0,1.0703627665683866,0.07527108664923687,True,308
"BA (m=2, hubs)","linear, continuous T",linear (correct),11444,peer,0.5,0.35515741269472245,0.09291934307216236,True,308
"BA (m=2, hubs)","linear, continuous T",linear (correct),11445,direct,1.0,0.9784403420387635,0.0662318937201696,True,297
"BA (m=2, hubs)","linear, continuous T",linear (correct),11445,peer,0.5,0.43629860703064055,0.07295646286187522,True,297
"BA (m=2, hubs)","linear, continuous T",linear (correct),11446,direct,1.0,1.1457691665267604,0.057007271972959794,False,305
"BA (m=2, hubs)","linear, continuous T",linear (correct),11446,peer,0.5,0.3912986676901643,0.0835260249870196,True,305
"BA (m=2, hubs)","linear, continuous T",linear (correct),11447,direct,1.0,1.0537241564112678,0.054572284054305135,True,301
"BA (m=2, hubs)","linear, continuous T",linear (correct),11447,peer,0.5,0.5005671331952611,0.07828310151903205,True,301
"BA (m=2, hubs)","linear, continuous T",linear (correct),11448,direct,1.0,0.9509478022365779,0.05910515465203121,True,322
"BA (m=2, hubs)","linear, continuous T",linear (correct),11448,peer,0.5,0.5140816483953928,0.0828755968151485,True,322
"BA (m=2, hubs)","linear, continuous T",linear (correct),11449,direct,1.0,0.9745514252519761,0.05864657820527128,True,321
"BA (m=2, hubs)","linear, continuous T",linear (correct),11449,peer,0.5,0.4876671303795918,0.08702327334481948,True,321
"BA (m=2, hubs)","linear, continuous T",linear (correct),11450,direct,1.0,1.0274674453597792,0.0619073697152097,True,306
"BA (m=2, hubs)","linear, continuous T",linear (correct),11450,peer,0.5,0.5890749124050998,0.08779527193853132,True,306
"BA (m=2, hubs)","linear, continuous T",linear (correct),11451,direct,1.0,0.9722150876231997,0.051786036787352836,True,313
"BA (m=2, hubs)","linear, continuous T",linear (correct),11451,peer,0.5,0.4874935106901378,0.08917950419057957,True,313
"BA (m=2, hubs)","linear, continuous T",linear (correct),11452,direct,1.0,1.1714438422692965,0.056212521105273965,False,303
"BA (m=2, hubs)","linear, continuous T",linear (correct),11452,peer,0.5,0.6121753336285604,0.0874900504725994,True,303
"BA (m=2, hubs)","linear, continuous T",linear (correct),11453,direct,1.0,0.8681970881882043,0.05481881119685847,False,318
"BA (m=2, hubs)","linear, continuous T",linear (correct),11453,peer,0.5,0.6267491539228073,0.0793140685184425,True,318
"BA (m=2, hubs)","linear, continuous T",linear (correct),11454,direct,1.0,1.038768403713024,0.05739239127382805,True,301
"BA (m=2, hubs)","linear, continuous T",linear (correct),11454,peer,0.5,0.5796877877645659,0.08255016231246912,True,301
"BA (m=2, hubs)","linear, continuous T",linear (correct),11455,direct,1.0,1.0378094296371232,0.06638216294142159,True,304
"BA (m=2, hubs)","linear, continuous T",linear (correct),11455,peer,0.5,0.6229001462193539,0.09610881824871646,True,304
"BA (m=2, hubs)","linear, continuous T",linear (correct),11456,direct,1.0,0.9523006448345755,0.06822001653908191,True,312
"BA (m=2, hubs)","linear, continuous T",linear (correct),11456,peer,0.5,0.49381764854498833,0.07697836355929126,True,312
"BA (m=2, hubs)","linear, continuous T",linear (correct),11457,direct,1.0,1.0063510885879507,0.05755470829203779,True,301
"BA (m=2, hubs)","linear, continuous T",linear (correct),11457,peer,0.5,0.5261241280371662,0.0707289190433664,True,301
"BA (m=2, hubs)","linear, continuous T",linear (correct),11458,direct,1.0,1.0224002738625662,0.07964239495310246,True,292
"BA (m=2, hubs)","linear, continuous T",linear (correct),11458,peer,0.5,0.4155137906783822,0.08924347904830048,True,292
"BA (m=2, hubs)","linear, continuous T",linear (correct),11459,direct,1.0,0.9796453581075677,0.057835288988219276,True,298
"BA (m=2, hubs)","linear, continuous T",linear (correct),11459,peer,0.5,0.5785064351475354,0.08517705859627062,True,298
"BA (m=2, hubs)","linear, continuous T",linear (correct),11460,direct,1.0,0.9592902488658517,0.055135567293676316,True,311
"BA (m=2, hubs)","linear, continuous T",linear (correct),11460,peer,0.5,0.5208203956151379,0.09222190029818059,True,311
"BA (m=2, hubs)","linear, continuous T",linear (correct),11461,direct,1.0,1.0530210872425543,0.06391686184890352,True,307
"BA (m=2, hubs)","linear, continuous T",linear (correct),11461,peer,0.5,0.5303811485381903,0.09520992004212918,True,307
"BA (m=2, hubs)","linear, continuous T",linear (correct),11462,direct,1.0,1.0764434941616865,0.06375437993669106,True,303
"BA (m=2, hubs)","linear, continuous T",linear (correct),11462,peer,0.5,0.5023745349672725,0.07100978850878502,True,303
"BA (m=2, hubs)","linear, continuous T",linear (correct),11463,direct,1.0,1.0703551782272838,0.06095956414346977,True,320
"BA (m=2, hubs)","linear, continuous T",linear (correct),11463,peer,0.5,0.6173612984694125,0.08445125112262632,True,320
"BA (m=2, hubs)","linear, continuous T",linear (correct),11464,direct,1.0,1.0564714845273075,0.05533891191166633,True,314
"BA (m=2, hubs)","linear, continuous T",linear (correct),11464,peer,0.5,0.43709238468909173,0.07288617074145701,True,314
"BA (m=2, hubs)","linear, continuous T",linear (correct),11465,direct,1.0,1.093357484332218,0.05673854418398437,True,309
"BA (m=2, hubs)","linear, continuous T",linear (correct),11465,peer,0.5,0.5075418503400149,0.07030106839253536,True,309
"BA (m=2, hubs)","linear, continuous T",linear (correct),11466,direct,1.0,1.0148060927629938,0.057735024879695,True,298
"BA (m=2, hubs)","linear, continuous T",linear (correct),11466,peer,0.5,0.5445594228668142,0.07251561901325213,True,298
"BA (m=2, hubs)","linear, continuous T",linear (correct),11467,direct,1.0,0.9538766471367661,0.05061594569584192,True,317
"BA (m=2, hubs)","linear, continuous T",linear (correct),11467,peer,0.5,0.4155007975790322,0.06830822348138184,True,317
"BA (m=2, hubs)","linear, continuous T",linear (correct),11468,direct,1.0,1.0485767517609164,0.04723782107059657,True,310
"BA (m=2, hubs)","linear, continuous T",linear (correct),11468,peer,0.5,0.5807965880621396,0.06786501465440088,True,310
"BA (m=2, hubs)","linear, continuous T",linear (correct),11469,direct,1.0,1.0010795658989637,0.056229250784981186,True,309
"BA (m=2, hubs)","linear, continuous T",linear (correct),11469,peer,0.5,0.4436608527470596,0.08118043292393609,True,309
"BA (m=2, hubs)","linear, continuous T",linear (correct),11470,direct,1.0,1.0266190546291833,0.058495560540606464,True,310
"BA (m=2, hubs)","linear, continuous T",linear (correct),11470,peer,0.5,0.5842267027245823,0.08688757867053037,True,310
"BA (m=2, hubs)","linear, continuous T",linear (correct),11471,direct,1.0,1.0468348790821047,0.04915803606670893,True,313
"BA (m=2, hubs)","linear, continuous T",linear (correct),11471,peer,0.5,0.37533894294350956,0.08185832558220119,True,313
"BA (m=2, hubs)","linear, continuous T",linear (correct),11472,direct,1.0,1.046114417848199,0.058376573409496785,True,316
"BA (m=2, hubs)","linear, continuous T",linear (correct),11472,peer,0.5,0.4692819906753499,0.07966921102388229,True,316
"BA (m=2, hubs)","linear, continuous T",linear (correct),11473,direct,1.0,0.964021166666075,0.05690965975512621,True,311
"BA (m=2, hubs)","linear, continuous T",linear (correct),11473,peer,0.5,0.5010418991988546,0.08395416142805841,True,311
"BA (m=2, hubs)","linear, continuous T",linear (correct),11474,direct,1.0,1.0087874858208468,0.050560134315221245,True,315
"BA (m=2, hubs)","linear, continuous T",linear (correct),11474,peer,0.5,0.5089797394773962,0.07602298364019085,True,315
"BA (m=2, hubs)","linear, continuous T",linear (correct),11475,direct,1.0,0.9232777788145521,0.061810870312897455,True,324
"BA (m=2, hubs)","linear, continuous T",linear (correct),11475,peer,0.5,0.5296142833398801,0.08885176138778626,True,324
"BA (m=2, hubs)","linear, continuous T",linear (correct),11476,direct,1.0,0.9856737158672867,0.0654982587451611,True,314
"BA (m=2, hubs)","linear, continuous T",linear (correct),11476,peer,0.5,0.4983312330644492,0.08218710607759665,True,314
"BA (m=2, hubs)","linear, continuous T",linear (correct),11477,direct,1.0,0.9132967776800401,0.06750553334279684,True,303
"BA (m=2, hubs)","linear, continuous T",linear (correct),11477,peer,0.5,0.49208824982828925,0.07661583620172861,True,303
"BA (m=2, hubs)","linear, continuous T",linear (correct),11478,direct,1.0,0.954071857864478,0.06896354912051718,True,330
"BA (m=2, hubs)","linear, continuous T",linear (correct),11478,peer,0.5,0.6128013295431546,0.07122317766339588,True,330
"BA (m=2, hubs)","linear, continuous T",linear (correct),11479,direct,1.0,1.1357990412999164,0.05911331212593034,False,317
"BA (m=2, hubs)","linear, continuous T",linear (correct),11479,peer,0.5,0.6078899949299557,0.0902519360440454,True,317
"BA (m=2, hubs)","linear, continuous T",linear (correct),11480,direct,1.0,1.0828858866627247,0.06727988532260927,True,319
"BA (m=2, hubs)","linear, continuous T",linear (correct),11480,peer,0.5,0.38366692188545426,0.08020755954999405,True,319
"BA (m=2, hubs)","linear, continuous T",linear (correct),11481,direct,1.0,0.9342360844337899,0.04977399587762186,True,319
"BA (m=2, hubs)","linear, continuous T",linear (correct),11481,peer,0.5,0.6298049805843204,0.07726222480511025,True,319
"BA (m=2, hubs)","linear, continuous T",linear (correct),11482,direct,1.0,1.066722998730005,0.06731199276739808,True,309
"BA (m=2, hubs)","linear, continuous T",linear (correct),11482,peer,0.5,0.44418705760066546,0.0858278646917205,True,309
"BA (m=2, hubs)","linear, continuous T",linear (correct),11483,direct,1.0,0.9266343274830573,0.06155226093457622,True,303
"BA (m=2, hubs)","linear, continuous T",linear (correct),11483,peer,0.5,0.5033629400248528,0.07846257250889731,True,303
"BA (m=2, hubs)","linear, continuous T",linear (correct),11484,direct,1.0,0.9367180913797881,0.05473174841336825,True,303
"BA (m=2, hubs)","linear, continuous T",linear (correct),11484,peer,0.5,0.5993124525418878,0.09584617349911921,True,303
"BA (m=2, hubs)","linear, continuous T",linear (correct),11485,direct,1.0,0.9514082144788875,0.05500065858304435,True,296
"BA (m=2, hubs)","linear, continuous T",linear (correct),11485,peer,0.5,0.48034821056583427,0.08209952791518815,True,296
"BA (m=2, hubs)","linear, continuous T",linear (correct),11486,direct,1.0,0.979453216505961,0.04678655289932728,True,319
"BA (m=2, hubs)","linear, continuous T",linear (correct),11486,peer,0.5,0.4487954656763199,0.08122431569323373,True,319
"BA (m=2, hubs)","linear, continuous T",linear (correct),11487,direct,1.0,0.9449101443984176,0.05358946216141476,True,323
"BA (m=2, hubs)","linear, continuous T",linear (correct),11487,peer,0.5,0.5735477294748123,0.08284461185689275,True,323
"BA (m=2, hubs)","linear, continuous T",linear (correct),11488,direct,1.0,1.0018720461413284,0.06618085278250312,True,327
"BA (m=2, hubs)","linear, continuous T",linear (correct),11488,peer,0.5,0.510155471166465,0.0833456225454596,True,327
"BA (m=2, hubs)","linear, continuous T",linear (correct),11489,direct,1.0,1.1099123891514375,0.06041599339014882,True,322
"BA (m=2, hubs)","linear, continuous T",linear (correct),11489,peer,0.5,0.5114426560666715,0.08799330173572492,True,322
"BA (m=2, hubs)","linear, continuous T",linear (correct),11490,direct,1.0,0.9908256012042302,0.061439925711180655,True,309
"BA (m=2, hubs)","linear, continuous T",linear (correct),11490,peer,0.5,0.530737272176656,0.09568276599915329,True,309
"BA (m=2, hubs)","linear, continuous T",linear (correct),11491,direct,1.0,0.9288451171735708,0.058361177599410695,True,306
"BA (m=2, hubs)","linear, continuous T",linear (correct),11491,peer,0.5,0.5716954519963551,0.069655836939076,True,306
"BA (m=2, hubs)","linear, continuous T",linear (correct),11492,direct,1.0,0.9315472930825376,0.06322046266551974,True,294
"BA (m=2, hubs)","linear, continuous T",linear (correct),11492,peer,0.5,0.4724829873000867,0.07841848474870322,True,294
"BA (m=2, hubs)","linear, continuous T",linear (correct),11493,direct,1.0,0.9795826135154428,0.04893790098585906,True,315
"BA (m=2, hubs)","linear, continuous T",linear (correct),11493,peer,0.5,0.5540921703222113,0.08051367843521047,True,315
"BA (m=2, hubs)","linear, continuous T",linear (correct),11494,direct,1.0,1.0759672424190974,0.053824103196989936,True,315
"BA (m=2, hubs)","linear, continuous T",linear (correct),11494,peer,0.5,0.4535473503648913,0.07963636681482694,True,315
"BA (m=2, hubs)","linear, continuous T",linear (correct),11495,direct,1.0,1.0182835638069945,0.05351184085425919,True,299
"BA (m=2, hubs)","linear, continuous T",linear (correct),11495,peer,0.5,0.40559484832624676,0.09039664774313899,True,299
"BA (m=2, hubs)","linear, continuous T",linear (correct),11496,direct,1.0,1.0137536755290235,0.060342867762313235,True,317
"BA (m=2, hubs)","linear, continuous T",linear (correct),11496,peer,0.5,0.5004352607165801,0.07595916008118297,True,317
"BA (m=2, hubs)","linear, continuous T",linear (correct),11497,direct,1.0,1.0234011504013019,0.07097421830478294,True,316
"BA (m=2, hubs)","linear, continuous T",linear (correct),11497,peer,0.5,0.40014895760572333,0.07802265648640788,True,316
"BA (m=2, hubs)","linear, continuous T",linear (correct),11498,direct,1.0,1.0291045770020528,0.052353639453656,True,317
"BA (m=2, hubs)","linear, continuous T",linear (correct),11498,peer,0.5,0.5066302289128394,0.08799706275307174,True,317
"BA (m=2, hubs)","linear, continuous T",linear (correct),11499,direct,1.0,1.0784152255796846,0.05386704890304963,True,310
"BA (m=2, hubs)","linear, continuous T",linear (correct),11499,peer,0.5,0.564495764182288,0.08841371673902514,True,310
"BA (m=2, hubs)","linear, continuous T",linear (correct),11500,direct,1.0,1.1047100941501886,0.05033710575649811,False,301
"BA (m=2, hubs)","linear, continuous T",linear (correct),11500,peer,0.5,0.535482613621073,0.07480051374619126,True,301
"BA (m=2, hubs)","linear, continuous T",linear (correct),11501,direct,1.0,0.9947652038498663,0.05622981900857215,True,323
"BA (m=2, hubs)","linear, continuous T",linear (correct),11501,peer,0.5,0.511112702384716,0.07603036477537958,True,323
"BA (m=2, hubs)","linear, continuous T",linear (correct),11502,direct,1.0,0.9446842287314241,0.05801458197975355,True,298
"BA (m=2, hubs)","linear, continuous T",linear (correct),11502,peer,0.5,0.3671846627485618,0.08571376726580417,True,298
"BA (m=2, hubs)","linear, continuous T",linear (correct),11503,direct,1.0,1.0561427487611166,0.05607516314290455,True,319
"BA (m=2, hubs)","linear, continuous T",linear (correct),11503,peer,0.5,0.4783328417052238,0.07570894453010925,True,319
"BA (m=2, hubs)","linear, continuous T",linear (correct),11504,direct,1.0,0.924239752751149,0.059487780391979474,True,311
"BA (m=2, hubs)","linear, continuous T",linear (correct),11504,peer,0.5,0.45173126637811767,0.07978746456754425,True,311
"BA (m=2, hubs)","linear, continuous T",linear (correct),11505,direct,1.0,0.999180665598045,0.059901885099565656,True,311
"BA (m=2, hubs)","linear, continuous T",linear (correct),11505,peer,0.5,0.4229567258171668,0.06808912853152006,True,311
"BA (m=2, hubs)","linear, continuous T",linear (correct),11506,direct,1.0,1.0086427453243483,0.059746986206571005,True,321
"BA (m=2, hubs)","linear, continuous T",linear (correct),11506,peer,0.5,0.2854419575352967,0.08686533969784045,False,321
"BA (m=2, hubs)","linear, continuous T",linear (correct),11507,direct,1.0,0.8818167006631773,0.05549279712054769,False,322
"BA (m=2, hubs)","linear, continuous T",linear (correct),11507,peer,0.5,0.5709954415993679,0.09107434943234109,True,322
"BA (m=2, hubs)","linear, continuous T",linear (correct),11508,direct,1.0,1.06585401929385,0.07016374883791449,True,311
"BA (m=2, hubs)","linear, continuous T",linear (correct),11508,peer,0.5,0.6124075900233572,0.08058682889314327,True,311
"BA (m=2, hubs)","linear, continuous T",linear (correct),11509,direct,1.0,1.0606825691323294,0.06363422380768372,True,312
"BA (m=2, hubs)","linear, continuous T",linear (correct),11509,peer,0.5,0.5525149784948136,0.09076469855403245,True,312
"BA (m=2, hubs)","linear, continuous T",linear (correct),11510,direct,1.0,0.9416924284612072,0.05523287237757802,True,309
"BA (m=2, hubs)","linear, continuous T",linear (correct),11510,peer,0.5,0.3739429916358168,0.08404543847703504,True,309
"BA (m=2, hubs)","linear, continuous T",linear (correct),11511,direct,1.0,1.1183590551073288,0.046379380168843486,False,309
"BA (m=2, hubs)","linear, continuous T",linear (correct),11511,peer,0.5,0.5737255998337536,0.06695873492124876,True,309
"BA (m=2, hubs)","linear, continuous T",linear (correct),11512,direct,1.0,1.1221231239711398,0.05305844787034134,False,308
"BA (m=2, hubs)","linear, continuous T",linear (correct),11512,peer,0.5,0.46855947120487734,0.0733104565568147,True,308
"BA (m=2, hubs)","linear, continuous T",linear (correct),11513,direct,1.0,1.0154337458751783,0.05202084532419757,True,301
"BA (m=2, hubs)","linear, continuous T",linear (correct),11513,peer,0.5,0.49796510282961864,0.09879650025121697,True,301
"BA (m=2, hubs)","linear, continuous T",linear (correct),11514,direct,1.0,0.9902165155996046,0.048385437334869615,True,300
"BA (m=2, hubs)","linear, continuous T",linear (correct),11514,peer,0.5,0.5113655975533757,0.08606521136470427,True,300
"BA (m=2, hubs)","linear, continuous T",linear (correct),11515,direct,1.0,1.0290560326704252,0.05064045193733274,True,302
"BA (m=2, hubs)","linear, continuous T",linear (correct),11515,peer,0.5,0.33428211494803384,0.089787805341245,True,302
"BA (m=2, hubs)","linear, continuous T",linear (correct),11516,direct,1.0,0.987931063956404,0.060574704511315594,True,305
"BA (m=2, hubs)","linear, continuous T",linear (correct),11516,peer,0.5,0.47256869654739525,0.081967660550025,True,305
"BA (m=2, hubs)","linear, continuous T",linear (correct),11517,direct,1.0,1.0592915904156706,0.05582134365847317,True,313
"BA (m=2, hubs)","linear, continuous T",linear (correct),11517,peer,0.5,0.5043636159366547,0.08032628119239585,True,313
"BA (m=2, hubs)","linear, continuous T",linear (correct),11518,direct,1.0,1.0256207545929088,0.04722591407205626,True,315
"BA (m=2, hubs)","linear, continuous T",linear (correct),11518,peer,0.5,0.5235599057145224,0.06828814116593575,True,315
"BA (m=2, hubs)","linear, continuous T",linear (correct),11519,direct,1.0,1.1371709459243573,0.058342839567564184,False,304
"BA (m=2, hubs)","linear, continuous T",linear (correct),11519,peer,0.5,0.4834953972836113,0.0872830064699509,True,304
"BA (m=2, hubs)","linear, continuous T",linear (correct),11520,direct,1.0,1.0118648297818658,0.06789185458191924,True,310
"BA (m=2, hubs)","linear, continuous T",linear (correct),11520,peer,0.5,0.6246087693529462,0.0775585236213686,True,310
"BA (m=2, hubs)","linear, continuous T",linear (correct),11521,direct,1.0,0.9266167707818981,0.05535304141296602,True,290
"BA (m=2, hubs)","linear, continuous T",linear (correct),11521,peer,0.5,0.4711714942988465,0.08791735191333663,True,290
"BA (m=2, hubs)","linear, continuous T",linear (correct),11522,direct,1.0,0.9980299339230531,0.05109736520201197,True,302
"BA (m=2, hubs)","linear, continuous T",linear (correct),11522,peer,0.5,0.5793713146781633,0.07108720483770291,True,302
"BA (m=2, hubs)","linear, continuous T",linear (correct),11523,direct,1.0,1.0154243309250266,0.05959465332992835,True,303
"BA (m=2, hubs)","linear, continuous T",linear (correct),11523,peer,0.5,0.5526435936410152,0.07464278180135181,True,303
"BA (m=2, hubs)","linear, continuous T",linear (correct),11524,direct,1.0,1.024351424422294,0.05054726754558709,True,318
"BA (m=2, hubs)","linear, continuous T",linear (correct),11524,peer,0.5,0.4644972720783626,0.10313570508255934,True,318
"BA (m=2, hubs)","linear, continuous T",linear (correct),11525,direct,1.0,0.9351348027421531,0.056522945502220256,True,307
"BA (m=2, hubs)","linear, continuous T",linear (correct),11525,peer,0.5,0.5057427562461811,0.0785481771358588,True,307
"BA (m=2, hubs)","linear, continuous T",linear (correct),11526,direct,1.0,0.9086822825042208,0.05442561422586461,True,297
"BA (m=2, hubs)","linear, continuous T",linear (correct),11526,peer,0.5,0.5597749127142925,0.07882558528532915,True,297
"BA (m=2, hubs)","linear, continuous T",linear (correct),11527,direct,1.0,1.1204935717135631,0.0715247334922228,True,311
"BA (m=2, hubs)","linear, continuous T",linear (correct),11527,peer,0.5,0.35424276464400606,0.080152531268721,True,311
"BA (m=2, hubs)","linear, continuous T",linear (correct),11528,direct,1.0,1.0413011566544783,0.05650563111224996,True,316
"BA (m=2, hubs)","linear, continuous T",linear (correct),11528,peer,0.5,0.5269623999960551,0.08469210167383182,True,316
"BA (m=2, hubs)","linear, continuous T",linear (correct),11529,direct,1.0,0.9342030737335184,0.0557225306284146,True,314
"BA (m=2, hubs)","linear, continuous T",linear (correct),11529,peer,0.5,0.5177103411283189,0.07933587774475968,True,314
"BA (m=2, hubs)","linear, continuous T",linear (correct),11530,direct,1.0,1.050628693691974,0.05104426127707393,True,325
"BA (m=2, hubs)","linear, continuous T",linear (correct),11530,peer,0.5,0.44972092305875394,0.0795406721396476,True,325
"BA (m=2, hubs)","linear, continuous T",linear (correct),11531,direct,1.0,1.009567252818851,0.057201587852245564,True,308
"BA (m=2, hubs)","linear, continuous T",linear (correct),11531,peer,0.5,0.46444792345290936,0.08832800712736162,True,308
"BA (m=2, hubs)","linear, continuous T",linear (correct),11532,direct,1.0,1.0662117284153225,0.05654287357192205,True,317
"BA (m=2, hubs)","linear, continuous T",linear (correct),11532,peer,0.5,0.4709943232750804,0.08097952038125007,True,317
"BA (m=2, hubs)","linear, continuous T",linear (correct),11533,direct,1.0,0.971179118155828,0.05151171996468129,True,303
"BA (m=2, hubs)","linear, continuous T",linear (correct),11533,peer,0.5,0.6603026936822746,0.07578289098363497,False,303
"BA (m=2, hubs)","linear, continuous T",linear (correct),11534,direct,1.0,1.0564577659768264,0.0520278866300117,True,321
"BA (m=2, hubs)","linear, continuous T",linear (correct),11534,peer,0.5,0.5963963702447571,0.06669923857781118,True,321
"BA (m=2, hubs)","linear, continuous T",linear (correct),11535,direct,1.0,0.9890714964012028,0.057350105179001735,True,311
"BA (m=2, hubs)","linear, continuous T",linear (correct),11535,peer,0.5,0.5016005922779078,0.08759685226492218,True,311
"BA (m=2, hubs)","linear, continuous T",linear (correct),11536,direct,1.0,1.0818241310066679,0.05664403325353522,True,318
"BA (m=2, hubs)","linear, continuous T",linear (correct),11536,peer,0.5,0.4882316702554024,0.07124534087653142,True,318
"BA (m=2, hubs)","linear, continuous T",linear (correct),11537,direct,1.0,1.011294760908865,0.05407478628646845,True,292
"BA (m=2, hubs)","linear, continuous T",linear (correct),11537,peer,0.5,0.4962051886561259,0.08299645120911678,True,292
"BA (m=2, hubs)","linear, continuous T",linear (correct),11538,direct,1.0,0.9332500721478846,0.06323210121388868,True,297
"BA (m=2, hubs)","linear, continuous T",linear (correct),11538,peer,0.5,0.4190370601379166,0.07948735817516846,True,297
"BA (m=2, hubs)","linear, continuous T",linear (correct),11539,direct,1.0,0.9326762531271628,0.06404446232815907,True,311
"BA (m=2, hubs)","linear, continuous T",linear (correct),11539,peer,0.5,0.5477590455084214,0.07797886419991062,True,311
"BA (m=2, hubs)","linear, continuous T",linear (correct),11540,direct,1.0,0.9721879837176285,0.06182965937082679,True,316
"BA (m=2, hubs)","linear, continuous T",linear (correct),11540,peer,0.5,0.5955212327101526,0.08748915411853034,True,316
"BA (m=2, hubs)","linear, continuous T",linear (correct),11541,direct,1.0,0.8738406118470327,0.05533288013965569,False,300
"BA (m=2, hubs)","linear, continuous T",linear (correct),11541,peer,0.5,0.3292602284115872,0.09397863531251804,True,300
"BA (m=2, hubs)","linear, continuous T",linear (correct),11542,direct,1.0,0.9851493237275786,0.05624349622042052,True,320
"BA (m=2, hubs)","linear, continuous T",linear (correct),11542,peer,0.5,0.5468478800406951,0.08468208534015972,True,320
"BA (m=2, hubs)","linear, continuous T",linear (correct),11543,direct,1.0,1.0532668249788208,0.05712609675949086,True,318
"BA (m=2, hubs)","linear, continuous T",linear (correct),11543,peer,0.5,0.46762227661236166,0.0680008661318361,True,318
"BA (m=2, hubs)","linear, continuous T",linear (correct),11544,direct,1.0,1.1103802589881218,0.05514944680704914,False,314
"BA (m=2, hubs)","linear, continuous T",linear (correct),11544,peer,0.5,0.5904058670358364,0.07824525426367121,True,314
"BA (m=2, hubs)","linear, continuous T",linear (correct),11545,direct,1.0,1.0153365847830942,0.0637113965181048,True,320
"BA (m=2, hubs)","linear, continuous T",linear (correct),11545,peer,0.5,0.370012045513912,0.07522553135010558,True,320
"BA (m=2, hubs)","linear, continuous T",linear (correct),11546,direct,1.0,1.0523378463150759,0.06297816267082042,True,305
"BA (m=2, hubs)","linear, continuous T",linear (correct),11546,peer,0.5,0.41962552110492257,0.08769639060396382,True,305
"BA (m=2, hubs)","linear, continuous T",linear (correct),11547,direct,1.0,0.9955588430905268,0.052742033333592696,True,291
"BA (m=2, hubs)","linear, continuous T",linear (correct),11547,peer,0.5,0.6727156753476514,0.08259423130484667,False,291
"BA (m=2, hubs)","linear, continuous T",linear (correct),11548,direct,1.0,0.9782395912447788,0.05514144484439434,True,318
"BA (m=2, hubs)","linear, continuous T",linear (correct),11548,peer,0.5,0.42483261918081594,0.08825796860080809,True,318
"BA (m=2, hubs)","linear, continuous T",linear (correct),11549,direct,1.0,1.003329439369147,0.06134510203001194,True,304
"BA (m=2, hubs)","linear, continuous T",linear (correct),11549,peer,0.5,0.5618049550067865,0.07183734245217072,True,304
"BA (m=2, hubs)","linear, continuous T",linear (correct),11550,direct,1.0,0.9538446997972118,0.058544764664384456,True,305
"BA (m=2, hubs)","linear, continuous T",linear (correct),11550,peer,0.5,0.45011083854907796,0.07660278098947736,True,305
"BA (m=2, hubs)","linear, continuous T",linear (correct),11551,direct,1.0,1.0445600062135658,0.06356377256724906,True,315
"BA (m=2, hubs)","linear, continuous T",linear (correct),11551,peer,0.5,0.519862978284354,0.07753417734556589,True,315
"BA (m=2, hubs)","linear, continuous T",linear (correct),11552,direct,1.0,1.0087802675107858,0.0616757185658924,True,291
"BA (m=2, hubs)","linear, continuous T",linear (correct),11552,peer,0.5,0.46273303380130704,0.08125169447954202,True,291
"BA (m=2, hubs)","linear, continuous T",linear (correct),11553,direct,1.0,1.0417324194762771,0.051872692168804885,True,309
"BA (m=2, hubs)","linear, continuous T",linear (correct),11553,peer,0.5,0.40757390157383366,0.08515164098805963,True,309
"BA (m=2, hubs)","linear, continuous T",linear (correct),11554,direct,1.0,0.9374638018327621,0.05911432684885742,True,305
"BA (m=2, hubs)","linear, continuous T",linear (correct),11554,peer,0.5,0.5699764562575121,0.06980415722570965,True,305
"BA (m=2, hubs)","linear, continuous T",linear (correct),11555,direct,1.0,0.9857011326551962,0.06427149342280077,True,310
"BA (m=2, hubs)","linear, continuous T",linear (correct),11555,peer,0.5,0.5804633131766483,0.0777032860835036,True,310
"BA (m=2, hubs)","linear, continuous T",linear (correct),11556,direct,1.0,0.9009547700332483,0.05070661323515407,True,328
"BA (m=2, hubs)","linear, continuous T",linear (correct),11556,peer,0.5,0.5372559035132942,0.07279964628647642,True,328
"BA (m=2, hubs)","linear, continuous T",linear (correct),11557,direct,1.0,1.015072293334046,0.06540749457612753,True,318
"BA (m=2, hubs)","linear, continuous T",linear (correct),11557,peer,0.5,0.26209363834256966,0.08380015599216127,False,318
"BA (m=2, hubs)","linear, continuous T",linear (correct),11558,direct,1.0,1.026593156207704,0.052245135768639275,True,325
"BA (m=2, hubs)","linear, continuous T",linear (correct),11558,peer,0.5,0.49756193736343446,0.08416773167832517,True,325
"BA (m=2, hubs)","linear, continuous T",linear (correct),11559,direct,1.0,0.973852259634842,0.059330109261747546,True,317
"BA (m=2, hubs)","linear, continuous T",linear (correct),11559,peer,0.5,0.43309030804780896,0.08025638488219967,True,317
"BA (m=2, hubs)","linear, continuous T",linear (correct),11560,direct,1.0,1.1028664617086672,0.04823858884389666,False,307
"BA (m=2, hubs)","linear, continuous T",linear (correct),11560,peer,0.5,0.49735079052236586,0.07374365072956911,True,307
"BA (m=2, hubs)","linear, continuous T",linear (correct),11561,direct,1.0,0.9587262471382113,0.053767743409890316,True,307
"BA (m=2, hubs)","linear, continuous T",linear (correct),11561,peer,0.5,0.4971840029869368,0.07223024703699168,True,307
"BA (m=2, hubs)","linear, continuous T",linear (correct),11562,direct,1.0,1.0215092288058525,0.05520253817934147,True,314
"BA (m=2, hubs)","linear, continuous T",linear (correct),11562,peer,0.5,0.452714968789005,0.07475979047504985,True,314
"BA (m=2, hubs)","linear, continuous T",linear (correct),11563,direct,1.0,1.2469807855549884,0.05575550195061207,False,297
"BA (m=2, hubs)","linear, continuous T",linear (correct),11563,peer,0.5,0.4959489814563585,0.08635352382990882,True,297
"BA (m=2, hubs)","linear, continuous T",linear (correct),11564,direct,1.0,0.9812838625081346,0.05847086192404429,True,307
"BA (m=2, hubs)","linear, continuous T",linear (correct),11564,peer,0.5,0.5838758273656941,0.07741949721665296,True,307
"BA (m=2, hubs)","linear, continuous T",linear (correct),11565,direct,1.0,0.9927161523805578,0.054970475279074456,True,308
"BA (m=2, hubs)","linear, continuous T",linear (correct),11565,peer,0.5,0.4564800746401623,0.08602101523606866,True,308
"BA (m=2, hubs)","linear, continuous T",linear (correct),11566,direct,1.0,0.9380222011623628,0.06211497990421669,True,312
"BA (m=2, hubs)","linear, continuous T",linear (correct),11566,peer,0.5,0.47662255400639936,0.07281351576317356,True,312
"BA (m=2, hubs)","linear, continuous T",linear (correct),11567,direct,1.0,1.0511522046964075,0.06759479175528355,True,309
"BA (m=2, hubs)","linear, continuous T",linear (correct),11567,peer,0.5,0.47752488865724235,0.07544087862144529,True,309
"BA (m=2, hubs)","linear, continuous T",linear (correct),11568,direct,1.0,1.0579198808269459,0.05376993547764126,True,300
"BA (m=2, hubs)","linear, continuous T",linear (correct),11568,peer,0.5,0.5554140919505556,0.0663202320223085,True,300
"BA (m=2, hubs)","linear, continuous T",linear (correct),11569,direct,1.0,1.0008413008412789,0.06562338172382061,True,294
"BA (m=2, hubs)","linear, continuous T",linear (correct),11569,peer,0.5,0.6919574485393494,0.10133939112809874,True,294
"BA (m=2, hubs)","linear, continuous T",linear (correct),11570,direct,1.0,0.9630360838230188,0.06946935140001156,True,304
"BA (m=2, hubs)","linear, continuous T",linear (correct),11570,peer,0.5,0.5196108901548211,0.08097746806882566,True,304
"BA (m=2, hubs)","linear, continuous T",linear (correct),11571,direct,1.0,0.93207122902766,0.05803914688272904,True,330
"BA (m=2, hubs)","linear, continuous T",linear (correct),11571,peer,0.5,0.5084194455052944,0.09903750353059496,True,330
"BA (m=2, hubs)","linear, continuous T",linear (correct),11572,direct,1.0,0.9277853931047301,0.06328903378231852,True,309
"BA (m=2, hubs)","linear, continuous T",linear (correct),11572,peer,0.5,0.5548030375022115,0.0789261914017018,True,309
"BA (m=2, hubs)","linear, continuous T",linear (correct),11573,direct,1.0,0.9670580651985832,0.05555546058536601,True,304
"BA (m=2, hubs)","linear, continuous T",linear (correct),11573,peer,0.5,0.47193143684029326,0.08726878976902823,True,304
"BA (m=2, hubs)","linear, continuous T",linear (correct),11574,direct,1.0,1.0498422087339323,0.05002455453452371,True,306
"BA (m=2, hubs)","linear, continuous T",linear (correct),11574,peer,0.5,0.6314111601777315,0.07369620281957898,True,306
"BA (m=2, hubs)","linear, continuous T",linear (correct),11575,direct,1.0,1.1282276338262982,0.05437707808298947,False,316
"BA (m=2, hubs)","linear, continuous T",linear (correct),11575,peer,0.5,0.655749095567448,0.08660629656761727,True,316
"BA (m=2, hubs)","linear, continuous T",linear (correct),11576,direct,1.0,1.0346021743637677,0.05317359303423338,True,318
"BA (m=2, hubs)","linear, continuous T",linear (correct),11576,peer,0.5,0.4647443646411044,0.06906651218829507,True,318
"BA (m=2, hubs)","linear, continuous T",linear (correct),11577,direct,1.0,0.9786902962141664,0.05274114240034656,True,319
"BA (m=2, hubs)","linear, continuous T",linear (correct),11577,peer,0.5,0.40475203457323683,0.08456356787382688,True,319
"BA (m=2, hubs)","linear, continuous T",linear (correct),11578,direct,1.0,1.0083407221930976,0.04727846302470083,True,322
"BA (m=2, hubs)","linear, continuous T",linear (correct),11578,peer,0.5,0.6041423027777542,0.08846996406147163,True,322
"BA (m=2, hubs)","linear, continuous T",linear (correct),11579,direct,1.0,0.9659803120305219,0.04591124908363669,True,328
"BA (m=2, hubs)","linear, continuous T",linear (correct),11579,peer,0.5,0.5811503079738288,0.07839239428712737,True,328
"BA (m=2, hubs)","linear, continuous T",linear (correct),11580,direct,1.0,0.9376601868837059,0.058519249152326924,True,303
"BA (m=2, hubs)","linear, continuous T",linear (correct),11580,peer,0.5,0.6120671140320489,0.0653305276121793,True,303
"BA (m=2, hubs)","linear, continuous T",linear (correct),11581,direct,1.0,1.1076662742725756,0.05735707476068094,True,318
"BA (m=2, hubs)","linear, continuous T",linear (correct),11581,peer,0.5,0.5692170390796693,0.08044714966029483,True,318
"BA (m=2, hubs)","linear, continuous T",linear (correct),11582,direct,1.0,1.0226003587195516,0.04334016365469099,True,311
"BA (m=2, hubs)","linear, continuous T",linear (correct),11582,peer,0.5,0.31177600369619796,0.0827680496069236,False,311
"BA (m=2, hubs)","linear, continuous T",linear (correct),11583,direct,1.0,0.9553706021435058,0.05724754452029996,True,314
"BA (m=2, hubs)","linear, continuous T",linear (correct),11583,peer,0.5,0.44470911607639574,0.0822858625342346,True,314
"BA (m=2, hubs)","linear, continuous T",linear (correct),11584,direct,1.0,0.9183521209871599,0.057372763716395096,True,319
"BA (m=2, hubs)","linear, continuous T",linear (correct),11584,peer,0.5,0.42967126057235444,0.08219865867372728,True,319
"BA (m=2, hubs)","linear, continuous T",linear (correct),11585,direct,1.0,0.9516091095392397,0.07002628769296484,True,314
"BA (m=2, hubs)","linear, continuous T",linear (correct),11585,peer,0.5,0.4721496224622202,0.09800577020274324,True,314
"BA (m=2, hubs)","linear, continuous T",linear (correct),11586,direct,1.0,1.031249132631287,0.058114150685848256,True,321
"BA (m=2, hubs)","linear, continuous T",linear (correct),11586,peer,0.5,0.5257727607697382,0.07460711594264288,True,321
"BA (m=2, hubs)","linear, continuous T",linear (correct),11587,direct,1.0,0.9391980729515512,0.048762708490537196,True,308
"BA (m=2, hubs)","linear, continuous T",linear (correct),11587,peer,0.5,0.49880600754370674,0.07800932834819332,True,308
"BA (m=2, hubs)","linear, continuous T",linear (correct),11588,direct,1.0,0.9775914857892728,0.0645971362073811,True,302
"BA (m=2, hubs)","linear, continuous T",linear (correct),11588,peer,0.5,0.5843493859905681,0.07880208657116003,True,302
"BA (m=2, hubs)","linear, continuous T",linear (correct),11589,direct,1.0,0.9025874105270725,0.05538650223211312,True,311
"BA (m=2, hubs)","linear, continuous T",linear (correct),11589,peer,0.5,0.46131220132766326,0.0681316857081029,True,311
"BA (m=2, hubs)","linear, continuous T",linear (correct),11590,direct,1.0,0.9837832758382555,0.04968670540111245,True,319
"BA (m=2, hubs)","linear, continuous T",linear (correct),11590,peer,0.5,0.34703234739018074,0.08791223367801566,True,319
"BA (m=2, hubs)","linear, continuous T",linear (correct),11591,direct,1.0,0.9307757684915782,0.06391790064195552,True,309
"BA (m=2, hubs)","linear, continuous T",linear (correct),11591,peer,0.5,0.7580986071358273,0.07903615585751742,False,309
"BA (m=2, hubs)","linear, continuous T",linear (correct),11592,direct,1.0,1.0595101304430337,0.06735537647734452,True,313
"BA (m=2, hubs)","linear, continuous T",linear (correct),11592,peer,0.5,0.5943694177254115,0.07823667961454617,True,313
"BA (m=2, hubs)","linear, continuous T",linear (correct),11593,direct,1.0,1.0216918381468338,0.05830998258944367,True,309
"BA (m=2, hubs)","linear, continuous T",linear (correct),11593,peer,0.5,0.4942546052688877,0.08581776752680668,True,309
"BA (m=2, hubs)","linear, continuous T",linear (correct),11594,direct,1.0,0.9944321984321738,0.06168065323497455,True,321
"BA (m=2, hubs)","linear, continuous T",linear (correct),11594,peer,0.5,0.5321256322593516,0.08888361452836263,True,321
"BA (m=2, hubs)","linear, continuous T",linear (correct),11595,direct,1.0,0.9986994777657792,0.04758136492572419,True,320
"BA (m=2, hubs)","linear, continuous T",linear (correct),11595,peer,0.5,0.39721167484649916,0.07953544871334639,True,320
"BA (m=2, hubs)","linear, continuous T",linear (correct),11596,direct,1.0,1.1485404590351382,0.06248094015675698,False,312
"BA (m=2, hubs)","linear, continuous T",linear (correct),11596,peer,0.5,0.5502616959860639,0.08325836747498314,True,312
"BA (m=2, hubs)","linear, continuous T",linear (correct),11597,direct,1.0,0.9071477009172358,0.06454255560609783,True,321
"BA (m=2, hubs)","linear, continuous T",linear (correct),11597,peer,0.5,0.45924633851622376,0.07901906013448222,True,321
"BA (m=2, hubs)","linear, continuous T",linear (correct),11598,direct,1.0,1.0193169779419156,0.051936862078887674,True,301
"BA (m=2, hubs)","linear, continuous T",linear (correct),11598,peer,0.5,0.4926450506595487,0.08040172962759692,True,301
"BA (m=2, hubs)","linear, continuous T",linear (correct),11599,direct,1.0,0.9338684332545761,0.04543421354759999,True,331
"BA (m=2, hubs)","linear, continuous T",linear (correct),11599,peer,0.5,0.5941853834626027,0.08529385629330394,True,331
"BA (m=2, hubs)","linear, continuous T",linear (correct),11600,direct,1.0,1.033165238843092,0.04915896117947348,True,325
"BA (m=2, hubs)","linear, continuous T",linear (correct),11600,peer,0.5,0.5687732691937766,0.06929331059136573,True,325
"BA (m=2, hubs)","linear, continuous T",linear (correct),11601,direct,1.0,0.9905226062386473,0.05657611531695696,True,308
"BA (m=2, hubs)","linear, continuous T",linear (correct),11601,peer,0.5,0.44339376896670696,0.06744004451893021,True,308
"BA (m=2, hubs)","linear, continuous T",linear (correct),11602,direct,1.0,1.0632984762589754,0.06035064365102311,True,321
"BA (m=2, hubs)","linear, continuous T",linear (correct),11602,peer,0.5,0.4441634623005072,0.0730992242741155,True,321
"BA (m=2, hubs)","linear, continuous T",linear (correct),11603,direct,1.0,1.019396621474439,0.053107879789131854,True,307
"BA (m=2, hubs)","linear, continuous T",linear (correct),11603,peer,0.5,0.4089247652026976,0.07876742927220731,True,307
"BA (m=2, hubs)","linear, continuous T",linear (correct),11604,direct,1.0,0.8931377762542128,0.05259765145144559,False,309
"BA (m=2, hubs)","linear, continuous T",linear (correct),11604,peer,0.5,0.5000957070117421,0.07814032203903948,True,309
"BA (m=2, hubs)","linear, continuous T",linear (correct),11605,direct,1.0,0.9358212481207255,0.04820819903911083,True,309
"BA (m=2, hubs)","linear, continuous T",linear (correct),11605,peer,0.5,0.5304429977020967,0.07482594846446812,True,309
"BA (m=2, hubs)","linear, continuous T",linear (correct),11606,direct,1.0,1.044132079897694,0.06408051726447991,True,307
"BA (m=2, hubs)","linear, continuous T",linear (correct),11606,peer,0.5,0.4139372049709105,0.07290107347448178,True,307
"BA (m=2, hubs)","linear, continuous T",linear (correct),11607,direct,1.0,0.9079802940929984,0.056682698187536754,True,302
"BA (m=2, hubs)","linear, continuous T",linear (correct),11607,peer,0.5,0.47609497230059644,0.08640923588995984,True,302
"BA (m=2, hubs)","linear, continuous T",linear (correct),11608,direct,1.0,1.0554204506486404,0.05475393620494619,True,318
"BA (m=2, hubs)","linear, continuous T",linear (correct),11608,peer,0.5,0.5811854445367656,0.09411858506451624,True,318
"BA (m=2, hubs)","linear, continuous T",linear (correct),11609,direct,1.0,1.032686134140192,0.05762342240620853,True,313
"BA (m=2, hubs)","linear, continuous T",linear (correct),11609,peer,0.5,0.5205579763106101,0.09142820778778749,True,313
"BA (m=2, hubs)","linear, continuous T",linear (correct),11610,direct,1.0,1.0009238234470494,0.051722986492273956,True,311
"BA (m=2, hubs)","linear, continuous T",linear (correct),11610,peer,0.5,0.5662663634377781,0.07668535991986802,True,311
"BA (m=2, hubs)","linear, continuous T",linear (correct),11611,direct,1.0,0.9741096492448569,0.057157921990174526,True,314
"BA (m=2, hubs)","linear, continuous T",linear (correct),11611,peer,0.5,0.39994408044652613,0.0826411945915486,True,314
"BA (m=2, hubs)","linear, continuous T",linear (correct),11612,direct,1.0,1.0719527229956016,0.05740975566573571,True,310
"BA (m=2, hubs)","linear, continuous T",linear (correct),11612,peer,0.5,0.653461672707918,0.07918688724493572,True,310
"BA (m=2, hubs)","linear, continuous T",linear (correct),11613,direct,1.0,0.9777620914866624,0.04766188539546323,True,309
"BA (m=2, hubs)","linear, continuous T",linear (correct),11613,peer,0.5,0.41509828635099627,0.07299261776082723,True,309
"BA (m=2, hubs)","linear, continuous T",linear (correct),11614,direct,1.0,0.9591954127156935,0.06390512131238787,True,309
"BA (m=2, hubs)","linear, continuous T",linear (correct),11614,peer,0.5,0.3747471025803727,0.07930283164690947,True,309
"BA (m=2, hubs)","linear, continuous T",linear (correct),11615,direct,1.0,0.97257974257527,0.056191820924126765,True,321
"BA (m=2, hubs)","linear, continuous T",linear (correct),11615,peer,0.5,0.36162112988299483,0.06830330121285835,False,321
"BA (m=2, hubs)","linear, continuous T",linear (correct),11616,direct,1.0,1.0424001621222678,0.05393531494406543,True,302
"BA (m=2, hubs)","linear, continuous T",linear (correct),11616,peer,0.5,0.5514167919288161,0.08270061064362717,True,302
"BA (m=2, hubs)","linear, continuous T",linear (correct),11617,direct,1.0,1.022828436499906,0.052600765492879585,True,309
"BA (m=2, hubs)","linear, continuous T",linear (correct),11617,peer,0.5,0.5001797337335832,0.07461549854923899,True,309
"BA (m=2, hubs)","linear, continuous T",linear (correct),11618,direct,1.0,1.0213575755520976,0.05533718433653901,True,308
"BA (m=2, hubs)","linear, continuous T",linear (correct),11618,peer,0.5,0.4672375284075112,0.08934733913988789,True,308
"BA (m=2, hubs)","linear, continuous T",linear (correct),11619,direct,1.0,1.023623750468191,0.06161033117435932,True,321
"BA (m=2, hubs)","linear, continuous T",linear (correct),11619,peer,0.5,0.6505186474180893,0.07514380090976185,False,321
"BA (m=2, hubs)","linear, continuous T",linear (correct),11620,direct,1.0,0.9650639647799787,0.054777502124205735,True,317
"BA (m=2, hubs)","linear, continuous T",linear (correct),11620,peer,0.5,0.6006126320257312,0.07818100949473358,True,317
"BA (m=2, hubs)","linear, continuous T",linear (correct),11621,direct,1.0,0.9805352284068596,0.06144386352375873,True,303
"BA (m=2, hubs)","linear, continuous T",linear (correct),11621,peer,0.5,0.47414758254155226,0.07906469286823678,True,303
"BA (m=2, hubs)","linear, continuous T",linear (correct),11622,direct,1.0,0.9664182254018722,0.05485189527784483,True,306
"BA (m=2, hubs)","linear, continuous T",linear (correct),11622,peer,0.5,0.5081019051945782,0.0774556271113137,True,306
"BA (m=2, hubs)","linear, continuous T",linear (correct),11623,direct,1.0,0.9806724260647679,0.06506091776632339,True,308
"BA (m=2, hubs)","linear, continuous T",linear (correct),11623,peer,0.5,0.4549289712054216,0.09170336190894073,True,308
"BA (m=2, hubs)","linear, continuous T",linear (correct),11624,direct,1.0,1.0195419176211333,0.05164553480225741,True,313
"BA (m=2, hubs)","linear, continuous T",linear (correct),11624,peer,0.5,0.41792399833294275,0.09177043433293455,True,313
"BA (m=2, hubs)","linear, continuous T",linear (correct),11625,direct,1.0,1.0164953017556198,0.057903391561586595,True,313
"BA (m=2, hubs)","linear, continuous T",linear (correct),11625,peer,0.5,0.4967128966133702,0.08493686635582774,True,313
"BA (m=2, hubs)","linear, continuous T",linear (correct),11626,direct,1.0,0.9589776579029705,0.05913803874002249,True,308
"BA (m=2, hubs)","linear, continuous T",linear (correct),11626,peer,0.5,0.562814600093522,0.0786384505313913,True,308
"BA (m=2, hubs)","linear, continuous T",linear (correct),11627,direct,1.0,1.094903904316883,0.06116931133510645,True,310
"BA (m=2, hubs)","linear, continuous T",linear (correct),11627,peer,0.5,0.42700873170719117,0.0847985367253315,True,310
"BA (m=2, hubs)","linear, continuous T",linear (correct),11628,direct,1.0,0.9751901094037673,0.06650082374296416,True,309
"BA (m=2, hubs)","linear, continuous T",linear (correct),11628,peer,0.5,0.39372206551212785,0.08613854758627737,True,309
"BA (m=2, hubs)","linear, continuous T",linear (correct),11629,direct,1.0,0.9631311040067838,0.05564071704226364,True,315
"BA (m=2, hubs)","linear, continuous T",linear (correct),11629,peer,0.5,0.5085042971111731,0.07769525917387064,True,315
"BA (m=2, hubs)","linear, continuous T",linear (correct),11630,direct,1.0,1.0810510813737093,0.062470226529936904,True,299
"BA (m=2, hubs)","linear, continuous T",linear (correct),11630,peer,0.5,0.48349110092888387,0.08548638032034576,True,299
"BA (m=2, hubs)","linear, continuous T",linear (correct),11631,direct,1.0,1.0276563592603662,0.060677353022994325,True,310
"BA (m=2, hubs)","linear, continuous T",linear (correct),11631,peer,0.5,0.38899789155263886,0.08974516574937241,True,310
"BA (m=2, hubs)","linear, continuous T",linear (correct),11632,direct,1.0,0.997192614024647,0.057375400359550896,True,316
"BA (m=2, hubs)","linear, continuous T",linear (correct),11632,peer,0.5,0.579544958858721,0.0859104136488343,True,316
"BA (m=2, hubs)","linear, continuous T",linear (correct),11633,direct,1.0,1.059535736326204,0.061550192418083086,True,305
"BA (m=2, hubs)","linear, continuous T",linear (correct),11633,peer,0.5,0.6106718107190852,0.09007528773426124,True,305
"BA (m=2, hubs)","linear, continuous T",linear (correct),11634,direct,1.0,0.9924329760734892,0.047354259387141315,True,314
"BA (m=2, hubs)","linear, continuous T",linear (correct),11634,peer,0.5,0.5473144597185324,0.06798923121304362,True,314
"BA (m=2, hubs)","linear, continuous T",linear (correct),11635,direct,1.0,1.0121217560718514,0.0559628297229702,True,308
"BA (m=2, hubs)","linear, continuous T",linear (correct),11635,peer,0.5,0.6013173981135027,0.08087070880356696,True,308
"BA (m=2, hubs)","linear, continuous T",linear (correct),11636,direct,1.0,0.8411841658477786,0.05651981153246815,False,312
"BA (m=2, hubs)","linear, continuous T",linear (correct),11636,peer,0.5,0.5532623301312019,0.07774084365843417,True,312
"BA (m=2, hubs)","linear, continuous T",linear (correct),11637,direct,1.0,0.9987166371163739,0.054481605217785514,True,323
"BA (m=2, hubs)","linear, continuous T",linear (correct),11637,peer,0.5,0.5273394710346333,0.08400587852759894,True,323
"BA (m=2, hubs)","linear, continuous T",linear (correct),11638,direct,1.0,0.9585648803917178,0.06240982787789638,True,305
"BA (m=2, hubs)","linear, continuous T",linear (correct),11638,peer,0.5,0.5955258588184196,0.08355256961697329,True,305
"BA (m=2, hubs)","linear, continuous T",linear (correct),11639,direct,1.0,1.1090017488246036,0.05821852396834012,True,319
"BA (m=2, hubs)","linear, continuous T",linear (correct),11639,peer,0.5,0.4486171374562391,0.09168047216408604,True,319
"BA (m=2, hubs)","linear, continuous T",linear (correct),11640,direct,1.0,0.9922074916028522,0.05896785138385899,True,318
"BA (m=2, hubs)","linear, continuous T",linear (correct),11640,peer,0.5,0.6446639618561629,0.07202445523131894,False,318
"BA (m=2, hubs)","linear, continuous T",linear (correct),11641,direct,1.0,1.0162327621455054,0.059167199243479844,True,301
"BA (m=2, hubs)","linear, continuous T",linear (correct),11641,peer,0.5,0.49087740696818166,0.09216570116451331,True,301
"BA (m=2, hubs)","linear, continuous T",linear (correct),11642,direct,1.0,1.1073606193832473,0.05535796631147986,True,308
"BA (m=2, hubs)","linear, continuous T",linear (correct),11642,peer,0.5,0.4696456839991439,0.0808390806322943,True,308
"BA (m=2, hubs)","linear, continuous T",linear (correct),11643,direct,1.0,0.9986702405987851,0.05702058362844808,True,311
"BA (m=2, hubs)","linear, continuous T",linear (correct),11643,peer,0.5,0.5849919195501475,0.10069686600108767,True,311
"BA (m=2, hubs)","linear, continuous T",linear (correct),11644,direct,1.0,0.9794363235950427,0.05143347859321203,True,305
"BA (m=2, hubs)","linear, continuous T",linear (correct),11644,peer,0.5,0.47779935091259873,0.0779805022207126,True,305
"BA (m=2, hubs)","linear, continuous T",linear (correct),11645,direct,1.0,0.9152303638865105,0.05199885720816272,True,315
"BA (m=2, hubs)","linear, continuous T",linear (correct),11645,peer,0.5,0.41756031226909707,0.07786279092815919,True,315
"BA (m=2, hubs)","linear, continuous T",linear (correct),11646,direct,1.0,0.955030994671425,0.05823701686559635,True,310
"BA (m=2, hubs)","linear, continuous T",linear (correct),11646,peer,0.5,0.4664752250270466,0.07817921647748487,True,310
"BA (m=2, hubs)","linear, continuous T",linear (correct),11647,direct,1.0,0.9395638235488994,0.06178876473891948,True,314
"BA (m=2, hubs)","linear, continuous T",linear (correct),11647,peer,0.5,0.516727242108157,0.07025940432754314,True,314
"BA (m=2, hubs)","linear, continuous T",linear (correct),11648,direct,1.0,1.0576631333426878,0.055731141870704715,True,309
"BA (m=2, hubs)","linear, continuous T",linear (correct),11648,peer,0.5,0.5597923090111255,0.0856134369595344,True,309
"BA (m=2, hubs)","linear, continuous T",linear (correct),11649,direct,1.0,1.0140231700417666,0.06462656995260341,True,304
"BA (m=2, hubs)","linear, continuous T",linear (correct),11649,peer,0.5,0.5649323259805274,0.08268240095458246,True,304
"BA (m=2, hubs)","linear, continuous T",linear (correct),11650,direct,1.0,0.9781772859178564,0.04785092381066737,True,304
"BA (m=2, hubs)","linear, continuous T",linear (correct),11650,peer,0.5,0.5616415824528643,0.07815962318057022,True,304
"BA (m=2, hubs)","linear, continuous T",linear (correct),11651,direct,1.0,1.0674078618355474,0.05640034542441967,True,297
"BA (m=2, hubs)","linear, continuous T",linear (correct),11651,peer,0.5,0.44054058118639744,0.08574706767766231,True,297
"BA (m=2, hubs)","linear, continuous T",linear (correct),11652,direct,1.0,0.9225417936298718,0.05637856276244439,True,296
"BA (m=2, hubs)","linear, continuous T",linear (correct),11652,peer,0.5,0.30786960612413106,0.08844010092297658,False,296
"BA (m=2, hubs)","linear, continuous T",linear (correct),11653,direct,1.0,1.0930613623619534,0.055933838160248134,True,305
"BA (m=2, hubs)","linear, continuous T",linear (correct),11653,peer,0.5,0.3700593084734777,0.08272383459871968,True,305
"BA (m=2, hubs)","linear, continuous T",linear (correct),11654,direct,1.0,0.9105857231053057,0.059176598370996245,True,296
"BA (m=2, hubs)","linear, continuous T",linear (correct),11654,peer,0.5,0.5009613472828383,0.09379160523541587,True,296
"BA (m=2, hubs)","linear, continuous T",linear (correct),11655,direct,1.0,0.9799192500295814,0.059044608739784364,True,311
"BA (m=2, hubs)","linear, continuous T",linear (correct),11655,peer,0.5,0.6797671498130912,0.07695976072237741,False,311
"BA (m=2, hubs)","linear, continuous T",linear (correct),11656,direct,1.0,0.9994518097297084,0.049224373338383524,True,311
"BA (m=2, hubs)","linear, continuous T",linear (correct),11656,peer,0.5,0.6179862615286117,0.10664825088631703,True,311
"BA (m=2, hubs)","linear, continuous T",linear (correct),11657,direct,1.0,0.9506463826643626,0.05817049409664017,True,313
"BA (m=2, hubs)","linear, continuous T",linear (correct),11657,peer,0.5,0.5246127089120737,0.07398649058334486,True,313
"BA (m=2, hubs)","linear, continuous T",linear (correct),11658,direct,1.0,1.0135848522995554,0.05846989010761835,True,307
"BA (m=2, hubs)","linear, continuous T",linear (correct),11658,peer,0.5,0.4444239557879865,0.07576012955436827,True,307
"BA (m=2, hubs)","linear, continuous T",linear (correct),11659,direct,1.0,1.061793976704178,0.05775961596179037,True,313
"BA (m=2, hubs)","linear, continuous T",linear (correct),11659,peer,0.5,0.5253895507338758,0.09097139663793578,True,313
"BA (m=2, hubs)","linear, continuous T",linear (correct),11660,direct,1.0,0.9706379905505828,0.05208819275923279,True,305
"BA (m=2, hubs)","linear, continuous T",linear (correct),11660,peer,0.5,0.5113940865124892,0.07515452780011629,True,305
"BA (m=2, hubs)","linear, continuous T",linear (correct),11661,direct,1.0,1.0393722746511005,0.05555692531738646,True,309
"BA (m=2, hubs)","linear, continuous T",linear (correct),11661,peer,0.5,0.4378656027121993,0.07496511105318747,True,309
"BA (m=2, hubs)","linear, continuous T",linear (correct),11662,direct,1.0,0.9656114556479981,0.06213859912576476,True,313
"BA (m=2, hubs)","linear, continuous T",linear (correct),11662,peer,0.5,0.5015407166016267,0.07557908637030963,True,313
"BA (m=2, hubs)","linear, continuous T",linear (correct),11663,direct,1.0,1.0082527460258688,0.05371190413982023,True,310
"BA (m=2, hubs)","linear, continuous T",linear (correct),11663,peer,0.5,0.6580689059235532,0.07791464370259542,False,310
"BA (m=2, hubs)","linear, continuous T",linear (correct),11664,direct,1.0,1.0346474002263797,0.06076288576738794,True,320
"BA (m=2, hubs)","linear, continuous T",linear (correct),11664,peer,0.5,0.5167963358125968,0.07583114935016624,True,320
"BA (m=2, hubs)","linear, continuous T",linear (correct),11665,direct,1.0,0.9223852763368527,0.052272535119735924,True,323
"BA (m=2, hubs)","linear, continuous T",linear (correct),11665,peer,0.5,0.6280281772453973,0.07644375710241438,True,323
"BA (m=2, hubs)","linear, continuous T",linear (correct),11666,direct,1.0,1.0443213953386739,0.06040940404691931,True,311
"BA (m=2, hubs)","linear, continuous T",linear (correct),11666,peer,0.5,0.3769268585778675,0.08271427079351526,True,311
"BA (m=2, hubs)","linear, continuous T",linear (correct),11667,direct,1.0,0.9872120850544519,0.0514659909487403,True,297
"BA (m=2, hubs)","linear, continuous T",linear (correct),11667,peer,0.5,0.43231946211269456,0.07494753584694969,True,297
"BA (m=2, hubs)","linear, continuous T",linear (correct),11668,direct,1.0,1.0159475247784966,0.046652788471498806,True,323
"BA (m=2, hubs)","linear, continuous T",linear (correct),11668,peer,0.5,0.5941368419880659,0.07205496888931769,True,323
"BA (m=2, hubs)","linear, continuous T",linear (correct),11669,direct,1.0,1.0174875897799585,0.06315375093377497,True,314
"BA (m=2, hubs)","linear, continuous T",linear (correct),11669,peer,0.5,0.5860616978007248,0.0815201737964638,True,314
"BA (m=2, hubs)","linear, continuous T",linear (correct),11670,direct,1.0,0.9398906988280761,0.05856104380162509,True,314
"BA (m=2, hubs)","linear, continuous T",linear (correct),11670,peer,0.5,0.5725011774833751,0.08267248016861554,True,314
"BA (m=2, hubs)","linear, continuous T",linear (correct),11671,direct,1.0,1.0154071757648278,0.05658694012214349,True,315
"BA (m=2, hubs)","linear, continuous T",linear (correct),11671,peer,0.5,0.5753194614957908,0.07166979559863744,True,315
"BA (m=2, hubs)","linear, continuous T",linear (correct),11672,direct,1.0,0.993945902983099,0.05463039228067449,True,301
"BA (m=2, hubs)","linear, continuous T",linear (correct),11672,peer,0.5,0.4966504388428359,0.08037811530752674,True,301
"BA (m=2, hubs)","linear, continuous T",linear (correct),11673,direct,1.0,0.93801248224814,0.06173068686819474,True,307
"BA (m=2, hubs)","linear, continuous T",linear (correct),11673,peer,0.5,0.6594523096818191,0.08254471630582069,True,307
"BA (m=2, hubs)","linear, continuous T",linear (correct),11674,direct,1.0,0.9994003867953262,0.05746780581889506,True,294
"BA (m=2, hubs)","linear, continuous T",linear (correct),11674,peer,0.5,0.6203145623813152,0.08949938264341388,True,294
"BA (m=2, hubs)","linear, continuous T",linear (correct),11675,direct,1.0,0.9487929764828117,0.055675852296065684,True,297
"BA (m=2, hubs)","linear, continuous T",linear (correct),11675,peer,0.5,0.5487010016121638,0.09528963955644604,True,297
"BA (m=2, hubs)","linear, continuous T",linear (correct),11676,direct,1.0,0.8975621343262973,0.05920956291245697,True,322
"BA (m=2, hubs)","linear, continuous T",linear (correct),11676,peer,0.5,0.5368908851584209,0.08928010094959105,True,322
"BA (m=2, hubs)","linear, continuous T",linear (correct),11677,direct,1.0,1.0779106287332225,0.0604895403577173,True,313
"BA (m=2, hubs)","linear, continuous T",linear (correct),11677,peer,0.5,0.45755170520798455,0.08679546218095066,True,313
"BA (m=2, hubs)","linear, continuous T",linear (correct),11678,direct,1.0,1.0378966265444236,0.0648547963887492,True,307
"BA (m=2, hubs)","linear, continuous T",linear (correct),11678,peer,0.5,0.42873721827066097,0.08038156430292752,True,307
"BA (m=2, hubs)","linear, continuous T",linear (correct),11679,direct,1.0,0.9077681500800349,0.058440110108192576,True,295
"BA (m=2, hubs)","linear, continuous T",linear (correct),11679,peer,0.5,0.6887738263772208,0.10184959623991585,True,295
"BA (m=2, hubs)","linear, continuous T",linear (correct),11680,direct,1.0,1.0713115044308161,0.049918036666914176,True,312
"BA (m=2, hubs)","linear, continuous T",linear (correct),11680,peer,0.5,0.7250723149354865,0.08881545777173286,False,312
"BA (m=2, hubs)","linear, continuous T",linear (correct),11681,direct,1.0,0.9903553116687913,0.054229423236164885,True,311
"BA (m=2, hubs)","linear, continuous T",linear (correct),11681,peer,0.5,0.5719850454785415,0.08392113760143823,True,311
"BA (m=2, hubs)","linear, continuous T",linear (correct),11682,direct,1.0,1.0378434925793927,0.054152719790593676,True,311
"BA (m=2, hubs)","linear, continuous T",linear (correct),11682,peer,0.5,0.4946179889907326,0.08483301527354506,True,311
"BA (m=2, hubs)","linear, continuous T",linear (correct),11683,direct,1.0,0.8818590784936118,0.059542821334455355,False,301
"BA (m=2, hubs)","linear, continuous T",linear (correct),11683,peer,0.5,0.4382749728509161,0.08778557166929828,True,301
"BA (m=2, hubs)","linear, continuous T",linear (correct),11684,direct,1.0,0.9311999736608384,0.06538785276088606,True,310
"BA (m=2, hubs)","linear, continuous T",linear (correct),11684,peer,0.5,0.45819307170452933,0.09848480788472128,True,310
"BA (m=2, hubs)","linear, continuous T",linear (correct),11685,direct,1.0,1.0685622797101482,0.05843409236569124,True,303
"BA (m=2, hubs)","linear, continuous T",linear (correct),11685,peer,0.5,0.48858340934278954,0.0923286313507508,True,303
"BA (m=2, hubs)","linear, continuous T",linear (correct),11686,direct,1.0,0.9368480858930366,0.0558372751521754,True,307
"BA (m=2, hubs)","linear, continuous T",linear (correct),11686,peer,0.5,0.4368697867530598,0.08032636248943437,True,307
"BA (m=2, hubs)","linear, continuous T",linear (correct),11687,direct,1.0,1.0887865122916058,0.05915287148187153,True,308
"BA (m=2, hubs)","linear, continuous T",linear (correct),11687,peer,0.5,0.5358416698211419,0.08409669524184356,True,308
"BA (m=2, hubs)","linear, continuous T",linear (correct),11688,direct,1.0,1.0508157280139445,0.06497200043600695,True,316
"BA (m=2, hubs)","linear, continuous T",linear (correct),11688,peer,0.5,0.6054552727145618,0.07961531173192343,True,316
"BA (m=2, hubs)","linear, continuous T",linear (correct),11689,direct,1.0,1.0553673123613085,0.049631556738497416,True,313
"BA (m=2, hubs)","linear, continuous T",linear (correct),11689,peer,0.5,0.5737192300562485,0.08365749949010204,True,313
"BA (m=2, hubs)","linear, continuous T",linear (correct),11690,direct,1.0,0.985158450185691,0.06447978021567354,True,309
"BA (m=2, hubs)","linear, continuous T",linear (correct),11690,peer,0.5,0.548163649207217,0.07443337976498454,True,309
"BA (m=2, hubs)","linear, continuous T",linear (correct),11691,direct,1.0,1.046340718874877,0.05276815541969744,True,314
"BA (m=2, hubs)","linear, continuous T",linear (correct),11691,peer,0.5,0.6249465468638585,0.08227594624204732,True,314
"BA (m=2, hubs)","linear, continuous T",linear (correct),11692,direct,1.0,0.968900013006099,0.0695529683895552,True,311
"BA (m=2, hubs)","linear, continuous T",linear (correct),11692,peer,0.5,0.5632462039445855,0.08903974602997734,True,311
"BA (m=2, hubs)","linear, continuous T",linear (correct),11693,direct,1.0,1.0391358907549006,0.05515496164394182,True,311
"BA (m=2, hubs)","linear, continuous T",linear (correct),11693,peer,0.5,0.4468897908327556,0.07808919547099609,True,311
"BA (m=2, hubs)","linear, continuous T",linear (correct),11694,direct,1.0,0.9734286510502463,0.051195250597860655,True,320
"BA (m=2, hubs)","linear, continuous T",linear (correct),11694,peer,0.5,0.334118801771888,0.07718859397767754,False,320
"BA (m=2, hubs)","linear, continuous T",linear (correct),11695,direct,1.0,0.9904497024496739,0.05777880050506987,True,315
"BA (m=2, hubs)","linear, continuous T",linear (correct),11695,peer,0.5,0.5415308905091416,0.07444126077028053,True,315
"BA (m=2, hubs)","linear, continuous T",linear (correct),11696,direct,1.0,1.027774876477077,0.05798361556938061,True,329
"BA (m=2, hubs)","linear, continuous T",linear (correct),11696,peer,0.5,0.4652568591357551,0.07543327735701476,True,329
"BA (m=2, hubs)","linear, continuous T",linear (correct),11697,direct,1.0,0.9560549876933727,0.05200876402326854,True,317
"BA (m=2, hubs)","linear, continuous T",linear (correct),11697,peer,0.5,0.4052778783787329,0.09243918939384708,True,317
"BA (m=2, hubs)","linear, continuous T",linear (correct),11698,direct,1.0,0.9642817245700736,0.05788014705398928,True,317
"BA (m=2, hubs)","linear, continuous T",linear (correct),11698,peer,0.5,0.48875926758951543,0.07450145425490633,True,317
"BA (m=2, hubs)","linear, continuous T",linear (correct),11699,direct,1.0,0.9664838670410167,0.050495127626070044,True,317
"BA (m=2, hubs)","linear, continuous T",linear (correct),11699,peer,0.5,0.5261810703200688,0.0780126758738708,True,317
"BA (m=2, hubs)","linear, continuous T",linear (correct),11700,direct,1.0,1.0220613588768566,0.064696021631099,True,296
"BA (m=2, hubs)","linear, continuous T",linear (correct),11700,peer,0.5,0.5607967104440593,0.08073698551504575,True,296
"BA (m=2, hubs)","linear, continuous T",linear (correct),11701,direct,1.0,0.9555175219037577,0.05086945643279135,True,316
"BA (m=2, hubs)","linear, continuous T",linear (correct),11701,peer,0.5,0.46768023972685463,0.07940335081223088,True,316
"BA (m=2, hubs)","linear, continuous T",linear (correct),11702,direct,1.0,0.9423169059889047,0.046942416197733546,True,299
"BA (m=2, hubs)","linear, continuous T",linear (correct),11702,peer,0.5,0.42833026229210763,0.08682523309680723,True,299
"BA (m=2, hubs)","linear, continuous T",linear (correct),11703,direct,1.0,0.9981562631556372,0.05852206227634591,True,313
"BA (m=2, hubs)","linear, continuous T",linear (correct),11703,peer,0.5,0.5809049736149206,0.08230424636624942,True,313
"BA (m=2, hubs)","linear, continuous T",linear (correct),11704,direct,1.0,0.9648639255078918,0.05728591288252437,True,314
"BA (m=2, hubs)","linear, continuous T",linear (correct),11704,peer,0.5,0.5240183799512247,0.08928592635464543,True,314
"BA (m=2, hubs)","linear, continuous T",linear (correct),11705,direct,1.0,1.073260830973965,0.053767913548064955,True,309
"BA (m=2, hubs)","linear, continuous T",linear (correct),11705,peer,0.5,0.45213390559912947,0.06561054173086729,True,309
"BA (m=2, hubs)","linear, continuous T",linear (correct),11706,direct,1.0,1.0230357751829031,0.044977185696455646,True,319
"BA (m=2, hubs)","linear, continuous T",linear (correct),11706,peer,0.5,0.5909763240511742,0.07163904623466431,True,319
"BA (m=2, hubs)","linear, continuous T",linear (correct),11707,direct,1.0,0.9581972352589073,0.06486902021233105,True,306
"BA (m=2, hubs)","linear, continuous T",linear (correct),11707,peer,0.5,0.48032644124953655,0.08300697223361274,True,306
"BA (m=2, hubs)","linear, continuous T",linear (correct),11708,direct,1.0,0.9628943453916183,0.05902975968186095,True,305
"BA (m=2, hubs)","linear, continuous T",linear (correct),11708,peer,0.5,0.5331523183251693,0.08948775654177259,True,305
"BA (m=2, hubs)","linear, continuous T",linear (correct),11709,direct,1.0,1.0291695792478726,0.04454410964791526,True,316
"BA (m=2, hubs)","linear, continuous T",linear (correct),11709,peer,0.5,0.611387083373301,0.06924456390389054,True,316
"BA (m=2, hubs)","linear, continuous T",linear (correct),11710,direct,1.0,1.0275391536717768,0.04665932737775259,True,316
"BA (m=2, hubs)","linear, continuous T",linear (correct),11710,peer,0.5,0.4276902668227227,0.07642788565500389,True,316
"BA (m=2, hubs)","linear, continuous T",linear (correct),11711,direct,1.0,0.9929935603481711,0.05179795683344813,True,304
"BA (m=2, hubs)","linear, continuous T",linear (correct),11711,peer,0.5,0.5798206772679965,0.08118391209399785,True,304
"BA (m=2, hubs)","linear, continuous T",linear (correct),11712,direct,1.0,1.0350830075355817,0.05515147616013361,True,309
"BA (m=2, hubs)","linear, continuous T",linear (correct),11712,peer,0.5,0.6331904945728826,0.0898141386694677,True,309
"BA (m=2, hubs)","linear, continuous T",linear (correct),11713,direct,1.0,1.0036638834086302,0.05463492059871683,True,322
"BA (m=2, hubs)","linear, continuous T",linear (correct),11713,peer,0.5,0.5192870294959551,0.08634523576260882,True,322
"BA (m=2, hubs)","linear, continuous T",linear (correct),11714,direct,1.0,0.9463223813445087,0.05200251605257898,True,299
"BA (m=2, hubs)","linear, continuous T",linear (correct),11714,peer,0.5,0.4880783963384667,0.06819486570148812,True,299
"BA (m=2, hubs)","linear, continuous T",linear (correct),11715,direct,1.0,0.927546043486644,0.058320730994574826,True,314
"BA (m=2, hubs)","linear, continuous T",linear (correct),11715,peer,0.5,0.4185973958723557,0.08283060296978287,True,314
"BA (m=2, hubs)","linear, continuous T",linear (correct),11716,direct,1.0,1.0330446736737442,0.05582156982185643,True,321
"BA (m=2, hubs)","linear, continuous T",linear (correct),11716,peer,0.5,0.5044994492314971,0.07319539318833349,True,321
"BA (m=2, hubs)","linear, continuous T",linear (correct),11717,direct,1.0,0.9776037751460972,0.05448943089605376,True,296
"BA (m=2, hubs)","linear, continuous T",linear (correct),11717,peer,0.5,0.45537618300413757,0.09776981525861307,True,296
"BA (m=2, hubs)","linear, continuous T",linear (correct),11718,direct,1.0,1.051300062107218,0.057406952882342946,True,310
"BA (m=2, hubs)","linear, continuous T",linear (correct),11718,peer,0.5,0.3648622216459535,0.09749085500177122,True,310
"BA (m=2, hubs)","linear, continuous T",linear (correct),11719,direct,1.0,1.042920790354111,0.05505903897164744,True,313
"BA (m=2, hubs)","linear, continuous T",linear (correct),11719,peer,0.5,0.4555740363587212,0.08681789925614715,True,313
"BA (m=2, hubs)","linear, continuous T",linear (correct),11720,direct,1.0,0.9998463996835634,0.05205454169826849,True,318
"BA (m=2, hubs)","linear, continuous T",linear (correct),11720,peer,0.5,0.41457947801411105,0.07333296413170128,True,318
"BA (m=2, hubs)","linear, continuous T",linear (correct),11721,direct,1.0,1.0252314341114286,0.04905721876032253,True,311
"BA (m=2, hubs)","linear, continuous T",linear (correct),11721,peer,0.5,0.4257106394655794,0.0768377247681418,True,311
"BA (m=2, hubs)","linear, continuous T",linear (correct),11722,direct,1.0,1.081798149994195,0.05896471029555757,True,309
"BA (m=2, hubs)","linear, continuous T",linear (correct),11722,peer,0.5,0.3654671136241723,0.074261974019792,True,309
"BA (m=2, hubs)","linear, continuous T",linear (correct),11723,direct,1.0,1.0141606365553333,0.07188322641894354,True,312
"BA (m=2, hubs)","linear, continuous T",linear (correct),11723,peer,0.5,0.4923366861082448,0.0855690372165832,True,312
"BA (m=2, hubs)","linear, continuous T",linear (correct),11724,direct,1.0,1.0777694215935605,0.0678898968536928,True,312
"BA (m=2, hubs)","linear, continuous T",linear (correct),11724,peer,0.5,0.5506686460361402,0.06705550240129254,True,312
"BA (m=2, hubs)","linear, continuous T",linear (correct),11725,direct,1.0,0.9478515933861581,0.05305524323392536,True,312
"BA (m=2, hubs)","linear, continuous T",linear (correct),11725,peer,0.5,0.4048811829389925,0.07901725081763655,True,312
"BA (m=2, hubs)","linear, continuous T",linear (correct),11726,direct,1.0,0.9427294068601905,0.05397323148852198,True,314
"BA (m=2, hubs)","linear, continuous T",linear (correct),11726,peer,0.5,0.5505394591393833,0.08582299671212143,True,314
"BA (m=2, hubs)","linear, continuous T",linear (correct),11727,direct,1.0,0.94722774422429,0.06532582851531434,True,300
"BA (m=2, hubs)","linear, continuous T",linear (correct),11727,peer,0.5,0.5454248429454172,0.0975239541143662,True,300
"BA (m=2, hubs)","linear, continuous T",linear (correct),11728,direct,1.0,1.0190865023195201,0.05649556385719253,True,306
"BA (m=2, hubs)","linear, continuous T",linear (correct),11728,peer,0.5,0.4371382465966255,0.07909660070780503,True,306
"BA (m=2, hubs)","linear, continuous T",linear (correct),11729,direct,1.0,0.9725734737034839,0.05619740713473137,True,311
"BA (m=2, hubs)","linear, continuous T",linear (correct),11729,peer,0.5,0.3951599671459599,0.0921179660924492,True,311
"BA (m=2, hubs)","linear, continuous T",linear (correct),11730,direct,1.0,0.9712208146349101,0.05376677740893103,True,324
"BA (m=2, hubs)","linear, continuous T",linear (correct),11730,peer,0.5,0.41822220418281975,0.0706333167359397,True,324
"BA (m=2, hubs)","linear, continuous T",linear (correct),11731,direct,1.0,1.0960970984709983,0.059624444752816336,True,300
"BA (m=2, hubs)","linear, continuous T",linear (correct),11731,peer,0.5,0.5383431155316686,0.07568655584065744,True,300
"BA (m=2, hubs)","linear, continuous T",linear (correct),11732,direct,1.0,0.9825598166592885,0.0540093137766209,True,316
"BA (m=2, hubs)","linear, continuous T",linear (correct),11732,peer,0.5,0.5416731287388172,0.07278575855085807,True,316
"BA (m=2, hubs)","linear, continuous T",linear (correct),11733,direct,1.0,1.0888678145985362,0.047601249260783206,True,315
"BA (m=2, hubs)","linear, continuous T",linear (correct),11733,peer,0.5,0.6447477932558346,0.0780734572265116,True,315
"BA (m=2, hubs)","linear, continuous T",linear (correct),11734,direct,1.0,0.9762089911835033,0.06431548730123869,True,306
"BA (m=2, hubs)","linear, continuous T",linear (correct),11734,peer,0.5,0.5137906366143031,0.07907192659035117,True,306
"BA (m=2, hubs)","linear, continuous T",linear (correct),11735,direct,1.0,1.019842352473654,0.0609121377819494,True,303
"BA (m=2, hubs)","linear, continuous T",linear (correct),11735,peer,0.5,0.42157549562215896,0.08619078664374016,True,303
"BA (m=2, hubs)","linear, continuous T",linear (correct),11736,direct,1.0,1.0126126767550518,0.06407256099345286,True,299
"BA (m=2, hubs)","linear, continuous T",linear (correct),11736,peer,0.5,0.4260752845603436,0.08717942377348877,True,299
"BA (m=2, hubs)","linear, continuous T",linear (correct),11737,direct,1.0,0.9606614987380788,0.056286404901226245,True,324
"BA (m=2, hubs)","linear, continuous T",linear (correct),11737,peer,0.5,0.41722813950221266,0.07516078392060666,True,324
"BA (m=2, hubs)","linear, continuous T",linear (correct),11738,direct,1.0,0.9098282528778913,0.05301524295857495,True,293
"BA (m=2, hubs)","linear, continuous T",linear (correct),11738,peer,0.5,0.5110488287855449,0.07056993780012182,True,293
"BA (m=2, hubs)","linear, continuous T",linear (correct),11739,direct,1.0,0.9509942637451165,0.057019508103419415,True,329
"BA (m=2, hubs)","linear, continuous T",linear (correct),11739,peer,0.5,0.4612694859326718,0.07897259872508602,True,329
"BA (m=2, hubs)","linear, continuous T",linear (correct),11740,direct,1.0,1.0235010562039553,0.06210164243432723,True,296
"BA (m=2, hubs)","linear, continuous T",linear (correct),11740,peer,0.5,0.40908808258773843,0.08265452630368963,True,296
"BA (m=2, hubs)","linear, continuous T",linear (correct),11741,direct,1.0,1.0509718969493018,0.0540876350987144,True,296
"BA (m=2, hubs)","linear, continuous T",linear (correct),11741,peer,0.5,0.6894891204623889,0.06702392492936118,False,296
"BA (m=2, hubs)","linear, continuous T",linear (correct),11742,direct,1.0,0.9652706628313713,0.050538937380265075,True,331
"BA (m=2, hubs)","linear, continuous T",linear (correct),11742,peer,0.5,0.49198983792584716,0.07412700394114868,True,331
"BA (m=2, hubs)","linear, continuous T",linear (correct),11743,direct,1.0,0.9506574504538486,0.05915819189631698,True,302
"BA (m=2, hubs)","linear, continuous T",linear (correct),11743,peer,0.5,0.4532742845114938,0.09653981843761439,True,302
"BA (m=2, hubs)","linear, continuous T",linear (correct),11744,direct,1.0,1.0510654299666364,0.05378304229856068,True,318
"BA (m=2, hubs)","linear, continuous T",linear (correct),11744,peer,0.5,0.6337419801222491,0.06688127877578492,False,318
"BA (m=2, hubs)","linear, continuous T",linear (correct),11745,direct,1.0,1.0355066381436957,0.06568538573955653,True,311
"BA (m=2, hubs)","linear, continuous T",linear (correct),11745,peer,0.5,0.48822314197718525,0.08026714482608875,True,311
"BA (m=2, hubs)","linear, continuous T",linear (correct),11746,direct,1.0,0.995456380657723,0.05641454798454007,True,323
"BA (m=2, hubs)","linear, continuous T",linear (correct),11746,peer,0.5,0.48952447129032617,0.07751263118989693,True,323
"BA (m=2, hubs)","linear, continuous T",linear (correct),11747,direct,1.0,0.9646428688403029,0.049086283298946626,True,326
"BA (m=2, hubs)","linear, continuous T",linear (correct),11747,peer,0.5,0.45335916521753095,0.06763032902421923,True,326
"BA (m=2, hubs)","linear, continuous T",linear (correct),11748,direct,1.0,1.0346603850528835,0.05977214116806328,True,310
"BA (m=2, hubs)","linear, continuous T",linear (correct),11748,peer,0.5,0.4657786188966928,0.07568688162877839,True,310
"BA (m=2, hubs)","linear, continuous T",linear (correct),11749,direct,1.0,0.9804135831663138,0.06720750992522244,True,313
"BA (m=2, hubs)","linear, continuous T",linear (correct),11749,peer,0.5,0.5440801361508735,0.08253324148199208,True,313
"BA (m=2, hubs)","linear, continuous T",linear (correct),11750,direct,1.0,1.069517675193583,0.060936164724785316,True,306
"BA (m=2, hubs)","linear, continuous T",linear (correct),11750,peer,0.5,0.6055042593345145,0.0857090243160932,True,306
"BA (m=2, hubs)","linear, continuous T",linear (correct),11751,direct,1.0,0.9282377381624171,0.04671411682254491,True,309
"BA (m=2, hubs)","linear, continuous T",linear (correct),11751,peer,0.5,0.36761959645067405,0.07288258859540492,True,309
"BA (m=2, hubs)","linear, continuous T",linear (correct),11752,direct,1.0,0.9512887589357221,0.06256768511027272,True,317
"BA (m=2, hubs)","linear, continuous T",linear (correct),11752,peer,0.5,0.48011573691374204,0.0804978753295815,True,317
"BA (m=2, hubs)","linear, continuous T",linear (correct),11753,direct,1.0,1.0831857741864652,0.06419036993936275,True,312
"BA (m=2, hubs)","linear, continuous T",linear (correct),11753,peer,0.5,0.5577459339908669,0.08381472718389223,True,312
"BA (m=2, hubs)","linear, continuous T",linear (correct),11754,direct,1.0,0.9068968151141537,0.05766948836942916,True,308
"BA (m=2, hubs)","linear, continuous T",linear (correct),11754,peer,0.5,0.5075186597091672,0.07894978345608133,True,308
"BA (m=2, hubs)","linear, continuous T",linear (correct),11755,direct,1.0,1.0243711118324597,0.04858576892976843,True,320
"BA (m=2, hubs)","linear, continuous T",linear (correct),11755,peer,0.5,0.630870351132046,0.07959088453333264,True,320
"BA (m=2, hubs)","linear, continuous T",linear (correct),11756,direct,1.0,1.0048821697125432,0.05761911115064075,True,314
"BA (m=2, hubs)","linear, continuous T",linear (correct),11756,peer,0.5,0.7403095037334716,0.07561136923901982,False,314
"BA (m=2, hubs)","linear, continuous T",linear (correct),11757,direct,1.0,0.9827485008014134,0.05806499605295481,True,299
"BA (m=2, hubs)","linear, continuous T",linear (correct),11757,peer,0.5,0.4065838580671781,0.08690731854749227,True,299
"BA (m=2, hubs)","linear, continuous T",linear (correct),11758,direct,1.0,1.0600258895462504,0.06092346469230321,True,311
"BA (m=2, hubs)","linear, continuous T",linear (correct),11758,peer,0.5,0.4618290945046047,0.07697375168302666,True,311
"BA (m=2, hubs)","linear, continuous T",linear (correct),11759,direct,1.0,1.0177686608514163,0.05608222606869102,True,304
"BA (m=2, hubs)","linear, continuous T",linear (correct),11759,peer,0.5,0.4872577146683986,0.08611822978208913,True,304
"BA (m=2, hubs)","linear, continuous T",linear (correct),11760,direct,1.0,1.0180513812383916,0.059537893908432345,True,323
"BA (m=2, hubs)","linear, continuous T",linear (correct),11760,peer,0.5,0.4856696265106161,0.09563254992557566,True,323
"BA (m=2, hubs)","linear, continuous T",linear (correct),11761,direct,1.0,1.1304681590059262,0.05958376680680412,False,308
"BA (m=2, hubs)","linear, continuous T",linear (correct),11761,peer,0.5,0.5599009984210523,0.08244453762694372,True,308
"BA (m=2, hubs)","linear, continuous T",linear (correct),11762,direct,1.0,1.0827018614790613,0.06146109686881455,True,308
"BA (m=2, hubs)","linear, continuous T",linear (correct),11762,peer,0.5,0.5457932990703489,0.08512781944100044,True,308
"BA (m=2, hubs)","linear, continuous T",linear (correct),11763,direct,1.0,0.9495607080516092,0.057105611116875496,True,316
"BA (m=2, hubs)","linear, continuous T",linear (correct),11763,peer,0.5,0.5306477230453003,0.08315682402944255,True,316
"BA (m=2, hubs)","linear, continuous T",linear (correct),11764,direct,1.0,0.9633339752902663,0.06191236493724935,True,314
"BA (m=2, hubs)","linear, continuous T",linear (correct),11764,peer,0.5,0.39798523666701696,0.07449867627120431,True,314
"BA (m=2, hubs)","linear, continuous T",linear (correct),11765,direct,1.0,0.9541724607110549,0.0568387904147392,True,320
"BA (m=2, hubs)","linear, continuous T",linear (correct),11765,peer,0.5,0.6482164984099162,0.07826085159774471,True,320
"BA (m=2, hubs)","linear, continuous T",linear (correct),11766,direct,1.0,0.9902230266565802,0.05961779789611834,True,300
"BA (m=2, hubs)","linear, continuous T",linear (correct),11766,peer,0.5,0.5098168567521585,0.07774492994074737,True,300
"BA (m=2, hubs)","linear, continuous T",linear (correct),11767,direct,1.0,0.9890883238804192,0.06276663440453124,True,316
"BA (m=2, hubs)","linear, continuous T",linear (correct),11767,peer,0.5,0.4838882953271394,0.08756867860725383,True,316
"BA (m=2, hubs)","linear, continuous T",linear (correct),11768,direct,1.0,0.997903874143453,0.054195563296421286,True,306
"BA (m=2, hubs)","linear, continuous T",linear (correct),11768,peer,0.5,0.41223980337914257,0.09037240699807958,True,306
"BA (m=2, hubs)","linear, continuous T",linear (correct),11769,direct,1.0,0.9596706172445665,0.063715635320127,True,302
"BA (m=2, hubs)","linear, continuous T",linear (correct),11769,peer,0.5,0.4416431079786103,0.08771693399115577,True,302
"BA (m=2, hubs)","linear, continuous T",linear (correct),11770,direct,1.0,1.0078742776572487,0.057281221558680186,True,306
"BA (m=2, hubs)","linear, continuous T",linear (correct),11770,peer,0.5,0.47311304090923956,0.08539585012104257,True,306
"BA (m=2, hubs)","linear, continuous T",linear (correct),11771,direct,1.0,0.9722481754553705,0.0421548614269887,True,317
"BA (m=2, hubs)","linear, continuous T",linear (correct),11771,peer,0.5,0.5265558539381323,0.0658923930055756,True,317
"BA (m=2, hubs)","linear, continuous T",linear (correct),11772,direct,1.0,1.0568337214836248,0.05360453450533506,True,320
"BA (m=2, hubs)","linear, continuous T",linear (correct),11772,peer,0.5,0.5215969146579148,0.07694989717602818,True,320
"BA (m=2, hubs)","linear, continuous T",linear (correct),11773,direct,1.0,1.0474097420590365,0.06475996396887185,True,303
"BA (m=2, hubs)","linear, continuous T",linear (correct),11773,peer,0.5,0.42767900959275584,0.08664256368106935,True,303
"BA (m=2, hubs)","linear, continuous T",linear (correct),11774,direct,1.0,0.9769812154419895,0.07018286648316681,True,316
"BA (m=2, hubs)","linear, continuous T",linear (correct),11774,peer,0.5,0.527244728420683,0.08837192644825173,True,316
"BA (m=2, hubs)","linear, continuous T",linear (correct),11775,direct,1.0,1.0438102726163991,0.0520100671503581,True,314
"BA (m=2, hubs)","linear, continuous T",linear (correct),11775,peer,0.5,0.44336489092004283,0.07916929729357931,True,314
"BA (m=2, hubs)","linear, continuous T",linear (correct),11776,direct,1.0,1.0297164089068411,0.061438111583002886,True,309
"BA (m=2, hubs)","linear, continuous T",linear (correct),11776,peer,0.5,0.4587835431548917,0.06829245751071097,True,309
"BA (m=2, hubs)","linear, continuous T",linear (correct),11777,direct,1.0,1.0102408398643699,0.057608890787230346,True,310
"BA (m=2, hubs)","linear, continuous T",linear (correct),11777,peer,0.5,0.4036395183080071,0.07868455832611235,True,310
"BA (m=2, hubs)","linear, continuous T",linear (correct),11778,direct,1.0,1.0436617197496725,0.07441461083055995,True,311
"BA (m=2, hubs)","linear, continuous T",linear (correct),11778,peer,0.5,0.6015548040137235,0.07410475153695252,True,311
"BA (m=2, hubs)","linear, continuous T",linear (correct),11779,direct,1.0,0.9718264002943298,0.054537981862663974,True,298
"BA (m=2, hubs)","linear, continuous T",linear (correct),11779,peer,0.5,0.440635921069361,0.08309717990038107,True,298
"BA (m=2, hubs)","linear, continuous T",linear (correct),11780,direct,1.0,1.0051879968804314,0.06088776136723066,True,309
"BA (m=2, hubs)","linear, continuous T",linear (correct),11780,peer,0.5,0.40926064418240604,0.07602483233019228,True,309
"BA (m=2, hubs)","linear, continuous T",linear (correct),11781,direct,1.0,1.025373480240661,0.049162392025299546,True,315
"BA (m=2, hubs)","linear, continuous T",linear (correct),11781,peer,0.5,0.3948882480221828,0.07807970325003426,True,315
"BA (m=2, hubs)","linear, continuous T",linear (correct),11782,direct,1.0,0.9335758023862245,0.06098302496036587,True,307
"BA (m=2, hubs)","linear, continuous T",linear (correct),11782,peer,0.5,0.5549760990545236,0.07288263412839494,True,307
"BA (m=2, hubs)","linear, continuous T",linear (correct),11783,direct,1.0,0.9895894358210965,0.05958828181022043,True,297
"BA (m=2, hubs)","linear, continuous T",linear (correct),11783,peer,0.5,0.4970930524789794,0.09433649964009992,True,297
"BA (m=2, hubs)","linear, continuous T",linear (correct),11784,direct,1.0,0.9525620646412496,0.06438323837829096,True,317
"BA (m=2, hubs)","linear, continuous T",linear (correct),11784,peer,0.5,0.5414702234828388,0.076841139694134,True,317
"BA (m=2, hubs)","linear, continuous T",linear (correct),11785,direct,1.0,1.028522865493414,0.06335453314947237,True,309
"BA (m=2, hubs)","linear, continuous T",linear (correct),11785,peer,0.5,0.5818568163294627,0.08423791608173949,True,309
"BA (m=2, hubs)","linear, continuous T",linear (correct),11786,direct,1.0,0.9528134831633321,0.07895749758859238,True,308
"BA (m=2, hubs)","linear, continuous T",linear (correct),11786,peer,0.5,0.508102676827297,0.08512699568295812,True,308
"BA (m=2, hubs)","linear, continuous T",linear (correct),11787,direct,1.0,0.9136362680226973,0.04831523008804031,True,317
"BA (m=2, hubs)","linear, continuous T",linear (correct),11787,peer,0.5,0.4945341191903251,0.08139120502907866,True,317
"BA (m=2, hubs)","linear, continuous T",linear (correct),11788,direct,1.0,0.9435620746442147,0.05700303420561536,True,308
"BA (m=2, hubs)","linear, continuous T",linear (correct),11788,peer,0.5,0.5586785675065487,0.09920955849060302,True,308
"BA (m=2, hubs)","linear, continuous T",linear (correct),11789,direct,1.0,1.0267129402733373,0.056217088806469966,True,318
"BA (m=2, hubs)","linear, continuous T",linear (correct),11789,peer,0.5,0.5323445274197687,0.08681659451966135,True,318
"BA (m=2, hubs)","linear, continuous T",linear (correct),11790,direct,1.0,0.8801187337099681,0.06688854383703413,True,314
"BA (m=2, hubs)","linear, continuous T",linear (correct),11790,peer,0.5,0.5849967177466686,0.08243558313144497,True,314
"BA (m=2, hubs)","linear, continuous T",linear (correct),11791,direct,1.0,1.0102539047728507,0.056916580408558785,True,311
"BA (m=2, hubs)","linear, continuous T",linear (correct),11791,peer,0.5,0.4260985349325858,0.08395761154424408,True,311
"BA (m=2, hubs)","linear, continuous T",linear (correct),11792,direct,1.0,0.9802937165356683,0.06497309282473009,True,305
"BA (m=2, hubs)","linear, continuous T",linear (correct),11792,peer,0.5,0.5017836369521447,0.08383989107661748,True,305
"BA (m=2, hubs)","linear, continuous T",linear (correct),11793,direct,1.0,0.998683104021701,0.07121795445795687,True,311
"BA (m=2, hubs)","linear, continuous T",linear (correct),11793,peer,0.5,0.6135369059033658,0.06993256009964806,True,311
"BA (m=2, hubs)","linear, continuous T",linear (correct),11794,direct,1.0,1.0136715034794677,0.060349090968944426,True,311
"BA (m=2, hubs)","linear, continuous T",linear (correct),11794,peer,0.5,0.44947189059759046,0.08170210711392194,True,311
"BA (m=2, hubs)","linear, continuous T",linear (correct),11795,direct,1.0,1.0052958294630117,0.0557165540351,True,310
"BA (m=2, hubs)","linear, continuous T",linear (correct),11795,peer,0.5,0.4130099477480539,0.07864994744233517,True,310
"BA (m=2, hubs)","linear, continuous T",linear (correct),11796,direct,1.0,0.9812937990806395,0.06375558529914749,True,305
"BA (m=2, hubs)","linear, continuous T",linear (correct),11796,peer,0.5,0.48721630345971445,0.08492855129523001,True,305
"BA (m=2, hubs)","linear, continuous T",linear (correct),11797,direct,1.0,0.8608557732713898,0.05462657701734988,False,317
"BA (m=2, hubs)","linear, continuous T",linear (correct),11797,peer,0.5,0.529276092602485,0.07201506780620122,True,317
"BA (m=2, hubs)","linear, continuous T",linear (correct),11798,direct,1.0,1.0624521826045332,0.0745035096127962,True,303
"BA (m=2, hubs)","linear, continuous T",linear (correct),11798,peer,0.5,0.40607939414512,0.08014369781299227,True,303
"BA (m=2, hubs)","linear, continuous T",linear (correct),11799,direct,1.0,0.9345431299544259,0.057050467224026014,True,319
"BA (m=2, hubs)","linear, continuous T",linear (correct),11799,peer,0.5,0.5102108247031196,0.08292908872962784,True,319
"BA (m=2, hubs)","linear, continuous T",linear (correct),11800,direct,1.0,0.9316631112286156,0.05550294097537013,True,317
"BA (m=2, hubs)","linear, continuous T",linear (correct),11800,peer,0.5,0.5261886773767182,0.08358631459071206,True,317
"BA (m=2, hubs)","linear, continuous T",linear (correct),11801,direct,1.0,1.0637251041603106,0.06429658395830348,True,311
"BA (m=2, hubs)","linear, continuous T",linear (correct),11801,peer,0.5,0.3716123868873469,0.07829664962923118,True,311
"BA (m=2, hubs)","linear, continuous T",linear (correct),11802,direct,1.0,1.0113016862133442,0.0596050953145571,True,310
"BA (m=2, hubs)","linear, continuous T",linear (correct),11802,peer,0.5,0.5307083058055464,0.07423593039227898,True,310
"BA (m=2, hubs)","linear, continuous T",linear (correct),11803,direct,1.0,1.0515698843220842,0.06381582461473462,True,295
"BA (m=2, hubs)","linear, continuous T",linear (correct),11803,peer,0.5,0.5168882351692476,0.08502316890380225,True,295
"BA (m=2, hubs)","linear, continuous T",linear (correct),11804,direct,1.0,0.9221449363604178,0.07763026406426,True,300
"BA (m=2, hubs)","linear, continuous T",linear (correct),11804,peer,0.5,0.46457966006697654,0.071742322053586,True,300
"BA (m=2, hubs)","linear, continuous T",linear (correct),11805,direct,1.0,1.0398598679587123,0.0499665760618296,True,321
"BA (m=2, hubs)","linear, continuous T",linear (correct),11805,peer,0.5,0.6445113244623297,0.08823559020970324,True,321
"BA (m=2, hubs)","linear, continuous T",linear (correct),11806,direct,1.0,1.0418903786408553,0.05141237572868508,True,309
"BA (m=2, hubs)","linear, continuous T",linear (correct),11806,peer,0.5,0.5213136432279752,0.07452529415083009,True,309
"BA (m=2, hubs)","linear, continuous T",linear (correct),11807,direct,1.0,1.0550770367568443,0.05273701876646156,True,319
"BA (m=2, hubs)","linear, continuous T",linear (correct),11807,peer,0.5,0.5177066797234221,0.07827126343710109,True,319
"BA (m=2, hubs)","linear, continuous T",linear (correct),11808,direct,1.0,1.014465296337657,0.05408613470708117,True,313
"BA (m=2, hubs)","linear, continuous T",linear (correct),11808,peer,0.5,0.5621980433160777,0.06366373389373321,True,313
"BA (m=2, hubs)","linear, continuous T",linear (correct),11809,direct,1.0,0.980974189458906,0.05933960698151616,True,318
"BA (m=2, hubs)","linear, continuous T",linear (correct),11809,peer,0.5,0.5388913034054574,0.07992653697579255,True,318
"BA (m=2, hubs)","linear, continuous T",linear (correct),11810,direct,1.0,1.01484786828282,0.04654422884631539,True,317
"BA (m=2, hubs)","linear, continuous T",linear (correct),11810,peer,0.5,0.6132861164648955,0.07013867308267739,True,317
"BA (m=2, hubs)","linear, continuous T",linear (correct),11811,direct,1.0,0.9283397586814836,0.057911501257164925,True,321
"BA (m=2, hubs)","linear, continuous T",linear (correct),11811,peer,0.5,0.6077745511025002,0.08470526048848015,True,321
"BA (m=2, hubs)","linear, continuous T",linear (correct),11812,direct,1.0,0.9053391474706516,0.04961489144854319,True,311
"BA (m=2, hubs)","linear, continuous T",linear (correct),11812,peer,0.5,0.43986119107360616,0.0786912560136829,True,311
"BA (m=2, hubs)","linear, continuous T",linear (correct),11813,direct,1.0,0.9261521734090802,0.052797913182960295,True,301
"BA (m=2, hubs)","linear, continuous T",linear (correct),11813,peer,0.5,0.5784118659115415,0.07987693251224384,True,301
"BA (m=2, hubs)","linear, continuous T",linear (correct),11814,direct,1.0,0.9354984786302704,0.05159963535963559,True,321
"BA (m=2, hubs)","linear, continuous T",linear (correct),11814,peer,0.5,0.5647946789346131,0.06613902333962336,True,321
"BA (m=2, hubs)","linear, continuous T",linear (correct),11815,direct,1.0,1.076163054307885,0.06040383919319726,True,310
"BA (m=2, hubs)","linear, continuous T",linear (correct),11815,peer,0.5,0.3280013157030242,0.07927426195367888,False,310
"BA (m=2, hubs)","linear, continuous T",linear (correct),11816,direct,1.0,1.067609011376756,0.06303263922790682,True,303
"BA (m=2, hubs)","linear, continuous T",linear (correct),11816,peer,0.5,0.489149182193223,0.08085228807630968,True,303
"BA (m=2, hubs)","linear, continuous T",linear (correct),11817,direct,1.0,1.0330967567595717,0.048909720015285804,True,305
"BA (m=2, hubs)","linear, continuous T",linear (correct),11817,peer,0.5,0.37919645299422305,0.06996156182367946,True,305
"BA (m=2, hubs)","linear, continuous T",linear (correct),11818,direct,1.0,0.846822967684433,0.061813696809081074,False,309
"BA (m=2, hubs)","linear, continuous T",linear (correct),11818,peer,0.5,0.3013860408630575,0.07799255365958117,False,309
"BA (m=2, hubs)","linear, continuous T",linear (correct),11819,direct,1.0,0.9826533681784339,0.05733526448227292,True,311
"BA (m=2, hubs)","linear, continuous T",linear (correct),11819,peer,0.5,0.646426789344382,0.06675971180570024,False,311
"BA (m=2, hubs)","linear, continuous T",linear (correct),11820,direct,1.0,0.9884444561504618,0.05517379601979733,True,320
"BA (m=2, hubs)","linear, continuous T",linear (correct),11820,peer,0.5,0.49071179180665253,0.08737149140969161,True,320
"BA (m=2, hubs)","linear, continuous T",linear (correct),11821,direct,1.0,0.9586629237265099,0.05577774415617605,True,321
"BA (m=2, hubs)","linear, continuous T",linear (correct),11821,peer,0.5,0.5167655762700738,0.0689679396309873,True,321
"BA (m=2, hubs)","linear, continuous T",linear (correct),11822,direct,1.0,1.0664034586921727,0.055604668612160936,True,326
"BA (m=2, hubs)","linear, continuous T",linear (correct),11822,peer,0.5,0.46582474333453294,0.07145190016293315,True,326
"BA (m=2, hubs)","linear, continuous T",linear (correct),11823,direct,1.0,0.9806446071119936,0.053052317195588124,True,307
"BA (m=2, hubs)","linear, continuous T",linear (correct),11823,peer,0.5,0.4229316530097578,0.0691560968906107,True,307
"BA (m=2, hubs)","linear, continuous T",linear (correct),11824,direct,1.0,1.0746197158239224,0.06368909836653311,True,309
"BA (m=2, hubs)","linear, continuous T",linear (correct),11824,peer,0.5,0.4751669377354192,0.07679994728216132,True,309
"BA (m=2, hubs)","linear, continuous T",linear (correct),11825,direct,1.0,0.9752152077874721,0.0513828710035191,True,315
"BA (m=2, hubs)","linear, continuous T",linear (correct),11825,peer,0.5,0.4335415925950995,0.07409760586841947,True,315
"BA (m=2, hubs)","linear, continuous T",linear (correct),11826,direct,1.0,1.0413665345282868,0.05869849040556008,True,296
"BA (m=2, hubs)","linear, continuous T",linear (correct),11826,peer,0.5,0.5656648890240337,0.08281699687333424,True,296
"BA (m=2, hubs)","linear, continuous T",linear (correct),11827,direct,1.0,1.1255291370725027,0.050794079050662515,False,317
"BA (m=2, hubs)","linear, continuous T",linear (correct),11827,peer,0.5,0.42486152077379424,0.08486636441905165,True,317
"BA (m=2, hubs)","linear, continuous T",linear (correct),11828,direct,1.0,0.9600029382426991,0.04822675436462929,True,324
"BA (m=2, hubs)","linear, continuous T",linear (correct),11828,peer,0.5,0.5707584364923753,0.07302712507108954,True,324
"BA (m=2, hubs)","linear, continuous T",linear (correct),11829,direct,1.0,0.951418534170986,0.052314932385580354,True,314
"BA (m=2, hubs)","linear, continuous T",linear (correct),11829,peer,0.5,0.5871163891840734,0.0678773902338106,True,314
"BA (m=2, hubs)","linear, continuous T",linear (correct),11830,direct,1.0,1.049638638090372,0.047206380974554804,True,317
"BA (m=2, hubs)","linear, continuous T",linear (correct),11830,peer,0.5,0.48188853664543035,0.07856760702630386,True,317
"BA (m=2, hubs)","linear, continuous T",linear (correct),11831,direct,1.0,0.8727559124307103,0.05718543211609872,False,314
"BA (m=2, hubs)","linear, continuous T",linear (correct),11831,peer,0.5,0.43895776489863986,0.078763936845271,True,314
"BA (m=2, hubs)","linear, continuous T",linear (correct),11832,direct,1.0,0.9026422599692391,0.05936428467801026,True,313
"BA (m=2, hubs)","linear, continuous T",linear (correct),11832,peer,0.5,0.5531909478406423,0.07159742270915373,True,313
"BA (m=2, hubs)","linear, continuous T",linear (correct),11833,direct,1.0,0.9544043738402106,0.05295463606582417,True,305
"BA (m=2, hubs)","linear, continuous T",linear (correct),11833,peer,0.5,0.4550258711558548,0.07975484206983821,True,305
"BA (m=2, hubs)","linear, continuous T",linear (correct),11834,direct,1.0,1.02868122357624,0.06005417402726665,True,311
"BA (m=2, hubs)","linear, continuous T",linear (correct),11834,peer,0.5,0.6721540391624655,0.09621253018753828,True,311
"BA (m=2, hubs)","linear, continuous T",linear (correct),11835,direct,1.0,1.0711240138676466,0.05593936171747173,True,305
"BA (m=2, hubs)","linear, continuous T",linear (correct),11835,peer,0.5,0.6189862328006657,0.1006703538469919,True,305
"BA (m=2, hubs)","linear, continuous T",linear (correct),11836,direct,1.0,1.016693633295001,0.06564472016497577,True,302
"BA (m=2, hubs)","linear, continuous T",linear (correct),11836,peer,0.5,0.3754814464906096,0.07870680102822326,True,302
"BA (m=2, hubs)","linear, continuous T",linear (correct),11837,direct,1.0,0.9562864223055447,0.047304534423131754,True,318
"BA (m=2, hubs)","linear, continuous T",linear (correct),11837,peer,0.5,0.4487669368049299,0.0733069520109555,True,318
"BA (m=2, hubs)","linear, continuous T",linear (correct),11838,direct,1.0,1.0516893264304714,0.054707781706469144,True,305
"BA (m=2, hubs)","linear, continuous T",linear (correct),11838,peer,0.5,0.532776286859129,0.07390242586312396,True,305
"BA (m=2, hubs)","linear, continuous T",linear (correct),11839,direct,1.0,1.0366877239535688,0.06425335763327782,True,301
"BA (m=2, hubs)","linear, continuous T",linear (correct),11839,peer,0.5,0.4432311649118808,0.07098951303339675,True,301
"BA (m=2, hubs)","linear, continuous T",linear (correct),11840,direct,1.0,1.0617809493099593,0.05966107501208261,True,291
"BA (m=2, hubs)","linear, continuous T",linear (correct),11840,peer,0.5,0.4193839468353808,0.07055706977888293,True,291
"BA (m=2, hubs)","linear, continuous T",linear (correct),11841,direct,1.0,1.0605595454330279,0.047771727228439975,True,309
"BA (m=2, hubs)","linear, continuous T",linear (correct),11841,peer,0.5,0.5295232957816058,0.07478706330455487,True,309
"BA (m=2, hubs)","linear, continuous T",linear (correct),11842,direct,1.0,0.9067406933288699,0.06004624655360088,True,300
"BA (m=2, hubs)","linear, continuous T",linear (correct),11842,peer,0.5,0.4604526688450377,0.07868473524233441,True,300
"BA (m=2, hubs)","linear, continuous T",linear (correct),11843,direct,1.0,0.9847124920852464,0.059022432598399704,True,319
"BA (m=2, hubs)","linear, continuous T",linear (correct),11843,peer,0.5,0.5005206247869038,0.07571858188724628,True,319
"BA (m=2, hubs)","linear, continuous T",linear (correct),11844,direct,1.0,1.1031141410283292,0.06465737686233108,True,296
"BA (m=2, hubs)","linear, continuous T",linear (correct),11844,peer,0.5,0.613655356802593,0.08318892876627208,True,296
"BA (m=2, hubs)","linear, continuous T",linear (correct),11845,direct,1.0,0.9352953396816636,0.054274189579641974,True,312
"BA (m=2, hubs)","linear, continuous T",linear (correct),11845,peer,0.5,0.5118803965369076,0.08463057485880696,True,312
"BA (m=2, hubs)","linear, continuous T",linear (correct),11846,direct,1.0,1.0558209934882903,0.05152790014616402,True,308
"BA (m=2, hubs)","linear, continuous T",linear (correct),11846,peer,0.5,0.5250534504988918,0.08642943089728432,True,308
"BA (m=2, hubs)","linear, continuous T",linear (correct),11847,direct,1.0,0.9383735766516198,0.06481307178152038,True,311
"BA (m=2, hubs)","linear, continuous T",linear (correct),11847,peer,0.5,0.5579290371249003,0.07828638617718094,True,311
"BA (m=2, hubs)","linear, continuous T",linear (correct),11848,direct,1.0,0.9793661965678739,0.06148089570081901,True,310
"BA (m=2, hubs)","linear, continuous T",linear (correct),11848,peer,0.5,0.6172536250527054,0.07224014237125909,True,310
"BA (m=2, hubs)","linear, continuous T",linear (correct),11849,direct,1.0,1.050840710103696,0.059657905753202005,True,319
"BA (m=2, hubs)","linear, continuous T",linear (correct),11849,peer,0.5,0.40507877344323995,0.08664513606831115,True,319
"BA (m=2, hubs)","linear, continuous T",linear (correct),11850,direct,1.0,0.954430784492446,0.056575527376262334,True,326
"BA (m=2, hubs)","linear, continuous T",linear (correct),11850,peer,0.5,0.43090778505458976,0.076194250139531,True,326
"BA (m=2, hubs)","linear, continuous T",linear (correct),11851,direct,1.0,1.0457077895922735,0.049637878346723445,True,304
"BA (m=2, hubs)","linear, continuous T",linear (correct),11851,peer,0.5,0.5278390548787525,0.07869325707351231,True,304
"BA (m=2, hubs)","linear, continuous T",linear (correct),11852,direct,1.0,0.9833249967004555,0.04801277320513236,True,318
"BA (m=2, hubs)","linear, continuous T",linear (correct),11852,peer,0.5,0.4775192648032905,0.07966043546914565,True,318
"BA (m=2, hubs)","linear, continuous T",linear (correct),11853,direct,1.0,1.0877779710080009,0.04763028310937235,True,315
"BA (m=2, hubs)","linear, continuous T",linear (correct),11853,peer,0.5,0.5309341904558691,0.07970167394075484,True,315
"BA (m=2, hubs)","linear, continuous T",linear (correct),11854,direct,1.0,0.9687600137607115,0.058499987283596434,True,285
"BA (m=2, hubs)","linear, continuous T",linear (correct),11854,peer,0.5,0.3728188794959767,0.07374084426910857,True,285
"BA (m=2, hubs)","linear, continuous T",linear (correct),11855,direct,1.0,0.9327594435838733,0.05891030924802919,True,311
"BA (m=2, hubs)","linear, continuous T",linear (correct),11855,peer,0.5,0.5059370484131537,0.07681818420222919,True,311
"BA (m=2, hubs)","linear, continuous T",linear (correct),11856,direct,1.0,0.9511750928488389,0.06056510084746689,True,318
"BA (m=2, hubs)","linear, continuous T",linear (correct),11856,peer,0.5,0.4698173822465145,0.07864939264171662,True,318
"BA (m=2, hubs)","linear, continuous T",linear (correct),11857,direct,1.0,0.9739012462432828,0.0713874395630588,True,315
"BA (m=2, hubs)","linear, continuous T",linear (correct),11857,peer,0.5,0.5146425076038497,0.07695392916583743,True,315
"BA (m=2, hubs)","linear, continuous T",linear (correct),11858,direct,1.0,0.9979844277759,0.055376291815415084,True,320
"BA (m=2, hubs)","linear, continuous T",linear (correct),11858,peer,0.5,0.38561211711692045,0.07185464129269489,True,320
"BA (m=2, hubs)","linear, continuous T",linear (correct),11859,direct,1.0,0.9689343483073062,0.06244256788234075,True,324
"BA (m=2, hubs)","linear, continuous T",linear (correct),11859,peer,0.5,0.37507632687112635,0.07938435731941479,True,324
"BA (m=2, hubs)","linear, continuous T",linear (correct),11860,direct,1.0,0.9715640595164857,0.05176819127907785,True,311
"BA (m=2, hubs)","linear, continuous T",linear (correct),11860,peer,0.5,0.43993604052161844,0.09081232274293731,True,311
"BA (m=2, hubs)","linear, continuous T",linear (correct),11861,direct,1.0,0.9528077930051067,0.06069231575840062,True,304
"BA (m=2, hubs)","linear, continuous T",linear (correct),11861,peer,0.5,0.590433785518667,0.08539412741972353,True,304
"BA (m=2, hubs)","linear, continuous T",linear (correct),11862,direct,1.0,0.9844554226682123,0.0577698234430776,True,308
"BA (m=2, hubs)","linear, continuous T",linear (correct),11862,peer,0.5,0.493401922560982,0.0818837072231709,True,308
"BA (m=2, hubs)","linear, continuous T",linear (correct),11863,direct,1.0,1.0763518282856717,0.05363623683398819,True,314
"BA (m=2, hubs)","linear, continuous T",linear (correct),11863,peer,0.5,0.46508593229241446,0.06975044821847458,True,314
"BA (m=2, hubs)","linear, continuous T",linear (correct),11864,direct,1.0,1.009266665443559,0.06822781661373309,True,320
"BA (m=2, hubs)","linear, continuous T",linear (correct),11864,peer,0.5,0.47816986208863094,0.08123171073362194,True,320
"BA (m=2, hubs)","linear, continuous T",linear (correct),11865,direct,1.0,1.0075573126169743,0.04993496529829386,True,309
"BA (m=2, hubs)","linear, continuous T",linear (correct),11865,peer,0.5,0.5650820804080853,0.08097973611093892,True,309
"BA (m=2, hubs)","linear, continuous T",linear (correct),11866,direct,1.0,1.0623803816158242,0.05196066656233572,True,301
"BA (m=2, hubs)","linear, continuous T",linear (correct),11866,peer,0.5,0.5778363803824496,0.08303802946872389,True,301
"BA (m=2, hubs)","linear, continuous T",linear (correct),11867,direct,1.0,1.0439276248979863,0.04482639723650724,True,315
"BA (m=2, hubs)","linear, continuous T",linear (correct),11867,peer,0.5,0.49290941743040045,0.09351584987680807,True,315
"BA (m=2, hubs)","linear, continuous T",linear (correct),11868,direct,1.0,1.0263411474493098,0.056246840597349,True,317
"BA (m=2, hubs)","linear, continuous T",linear (correct),11868,peer,0.5,0.3450588333574602,0.08609061710294931,True,317
"BA (m=2, hubs)","linear, continuous T",linear (correct),11869,direct,1.0,0.95868220996285,0.060745329962451994,True,323
"BA (m=2, hubs)","linear, continuous T",linear (correct),11869,peer,0.5,0.6112931706064868,0.07569205568296306,True,323
"BA (m=2, hubs)","linear, continuous T",linear (correct),11870,direct,1.0,1.0000312171002415,0.0576002411386278,True,305
"BA (m=2, hubs)","linear, continuous T",linear (correct),11870,peer,0.5,0.44544397351908444,0.07269860686957008,True,305
"BA (m=2, hubs)","linear, continuous T",linear (correct),11871,direct,1.0,1.0039691767370857,0.05753787940024418,True,304
"BA (m=2, hubs)","linear, continuous T",linear (correct),11871,peer,0.5,0.5358333162793522,0.10213834780667136,True,304
"BA (m=2, hubs)","linear, continuous T",linear (correct),11872,direct,1.0,0.9956013039390271,0.047972983950224785,True,317
"BA (m=2, hubs)","linear, continuous T",linear (correct),11872,peer,0.5,0.5361720142625838,0.07398003153654001,True,317
"BA (m=2, hubs)","linear, continuous T",linear (correct),11873,direct,1.0,1.0332035344584969,0.06238914004248624,True,313
"BA (m=2, hubs)","linear, continuous T",linear (correct),11873,peer,0.5,0.5895885826337565,0.08579818358381555,True,313
"BA (m=2, hubs)","linear, continuous T",linear (correct),11874,direct,1.0,1.0284041697849804,0.05024217016556829,True,310
"BA (m=2, hubs)","linear, continuous T",linear (correct),11874,peer,0.5,0.46801440666938343,0.08072612439183906,True,310
"BA (m=2, hubs)","linear, continuous T",linear (correct),11875,direct,1.0,1.0907272127177143,0.05361637726955758,True,317
"BA (m=2, hubs)","linear, continuous T",linear (correct),11875,peer,0.5,0.5798142019456191,0.09380631977230817,True,317
"BA (m=2, hubs)","linear, continuous T",linear (correct),11876,direct,1.0,0.9536586154699663,0.04777535059086027,True,318
"BA (m=2, hubs)","linear, continuous T",linear (correct),11876,peer,0.5,0.49447152441036957,0.080901306666257,True,318
"BA (m=2, hubs)","linear, continuous T",linear (correct),11877,direct,1.0,0.9423786837863751,0.05080285923712712,True,313
"BA (m=2, hubs)","linear, continuous T",linear (correct),11877,peer,0.5,0.5343934613914966,0.07517156420300498,True,313
"BA (m=2, hubs)","linear, continuous T",linear (correct),11878,direct,1.0,1.0701788518050481,0.05583498798059384,True,309
"BA (m=2, hubs)","linear, continuous T",linear (correct),11878,peer,0.5,0.49000051583542287,0.08279494234842984,True,309
"BA (m=2, hubs)","linear, continuous T",linear (correct),11879,direct,1.0,0.9825300656660734,0.0634318916209207,True,310
"BA (m=2, hubs)","linear, continuous T",linear (correct),11879,peer,0.5,0.6089814835783364,0.07490403881737272,True,310
"BA (m=2, hubs)","linear, continuous T",linear (correct),11880,direct,1.0,1.0066040296328622,0.07153204646175988,True,303
"BA (m=2, hubs)","linear, continuous T",linear (correct),11880,peer,0.5,0.47983580786151525,0.07717892574796616,True,303
"BA (m=2, hubs)","linear, continuous T",linear (correct),11881,direct,1.0,0.9777411387907069,0.0683495016720503,True,307
"BA (m=2, hubs)","linear, continuous T",linear (correct),11881,peer,0.5,0.6605660341682116,0.09208684891779477,True,307
"BA (m=2, hubs)","linear, continuous T",linear (correct),11882,direct,1.0,0.9784771625042513,0.05234725617415913,True,310
"BA (m=2, hubs)","linear, continuous T",linear (correct),11882,peer,0.5,0.5575787310847028,0.07000011977257357,True,310
"BA (m=2, hubs)","linear, continuous T",linear (correct),11883,direct,1.0,0.9708838390550436,0.050956889888451505,True,300
"BA (m=2, hubs)","linear, continuous T",linear (correct),11883,peer,0.5,0.6391007896851897,0.08465698693843168,True,300
"BA (m=2, hubs)","linear, continuous T",linear (correct),11884,direct,1.0,1.0231462177623012,0.06102979211528376,True,302
"BA (m=2, hubs)","linear, continuous T",linear (correct),11884,peer,0.5,0.31199860908169613,0.09925696393478999,True,302
"BA (m=2, hubs)","linear, continuous T",linear (correct),11885,direct,1.0,1.0010558384250607,0.048724941353447425,True,299
"BA (m=2, hubs)","linear, continuous T",linear (correct),11885,peer,0.5,0.38323319155578434,0.09013903289562193,True,299
"BA (m=2, hubs)","linear, continuous T",linear (correct),11886,direct,1.0,1.0925563624008479,0.06646435888724775,True,311
"BA (m=2, hubs)","linear, continuous T",linear (correct),11886,peer,0.5,0.5577974846975406,0.07483062044155933,True,311
"BA (m=2, hubs)","linear, continuous T",linear (correct),11887,direct,1.0,1.0638448518831785,0.0519883587971317,True,307
"BA (m=2, hubs)","linear, continuous T",linear (correct),11887,peer,0.5,0.4371735725978939,0.07820419190019118,True,307
"BA (m=2, hubs)","linear, continuous T",linear (correct),11888,direct,1.0,0.9735961900076429,0.0534054478078923,True,312
"BA (m=2, hubs)","linear, continuous T",linear (correct),11888,peer,0.5,0.544408211766215,0.08402854559360164,True,312
"BA (m=2, hubs)","linear, continuous T",linear (correct),11889,direct,1.0,0.9908631922399336,0.057769149105591014,True,302
"BA (m=2, hubs)","linear, continuous T",linear (correct),11889,peer,0.5,0.553422525505709,0.07601318738216893,True,302
"BA (m=2, hubs)","linear, continuous T",linear (correct),11890,direct,1.0,0.9710978470422195,0.05729993040101862,True,309
"BA (m=2, hubs)","linear, continuous T",linear (correct),11890,peer,0.5,0.38257386717837977,0.08691459022805896,True,309
"BA (m=2, hubs)","linear, continuous T",linear (correct),11891,direct,1.0,0.9816310110979564,0.06296437892374707,True,298
"BA (m=2, hubs)","linear, continuous T",linear (correct),11891,peer,0.5,0.3734789131235801,0.0946052532780116,True,298
"BA (m=2, hubs)","linear, continuous T",linear (correct),11892,direct,1.0,0.9069969979003081,0.05757782401495667,True,314
"BA (m=2, hubs)","linear, continuous T",linear (correct),11892,peer,0.5,0.5363194781920961,0.08309382458918035,True,314
"BA (m=2, hubs)","linear, continuous T",linear (correct),11893,direct,1.0,1.1169389629164883,0.06805598913538975,True,311
"BA (m=2, hubs)","linear, continuous T",linear (correct),11893,peer,0.5,0.5352063387382304,0.08130209432713971,True,311
"BA (m=2, hubs)","linear, continuous T",linear (correct),11894,direct,1.0,0.9937692660248202,0.05876898901846214,True,305
"BA (m=2, hubs)","linear, continuous T",linear (correct),11894,peer,0.5,0.5142454177577075,0.08786021454962141,True,305
"BA (m=2, hubs)","linear, continuous T",linear (correct),11895,direct,1.0,0.9769124070491704,0.05119624969599999,True,313
"BA (m=2, hubs)","linear, continuous T",linear (correct),11895,peer,0.5,0.5396007792985882,0.08505886005186927,True,313
"BA (m=2, hubs)","linear, continuous T",linear (correct),11896,direct,1.0,0.9703412764493308,0.05718120590232614,True,311
"BA (m=2, hubs)","linear, continuous T",linear (correct),11896,peer,0.5,0.5876701531936505,0.08353719385184119,True,311
"BA (m=2, hubs)","linear, continuous T",linear (correct),11897,direct,1.0,0.9982938683171376,0.061989899031717914,True,313
"BA (m=2, hubs)","linear, continuous T",linear (correct),11897,peer,0.5,0.5087565579807232,0.07854293212659866,True,313
"BA (m=2, hubs)","linear, continuous T",linear (correct),11898,direct,1.0,0.9434099329703348,0.05475178718885029,True,308
"BA (m=2, hubs)","linear, continuous T",linear (correct),11898,peer,0.5,0.39448036333267633,0.09021215501763817,True,308
"BA (m=2, hubs)","linear, continuous T",linear (correct),11899,direct,1.0,1.0615954644876986,0.06928789287816557,True,308
"BA (m=2, hubs)","linear, continuous T",linear (correct),11899,peer,0.5,0.4487228662478875,0.08262489176896659,True,308
"BA (m=2, hubs)","linear, continuous T",linear (correct),11900,direct,1.0,0.9609262437897774,0.05273434856593969,True,310
"BA (m=2, hubs)","linear, continuous T",linear (correct),11900,peer,0.5,0.4616420228516594,0.07914868231465046,True,310
"BA (m=2, hubs)","linear, continuous T",linear (correct),11901,direct,1.0,1.0035998489772167,0.05927172135684969,True,308
"BA (m=2, hubs)","linear, continuous T",linear (correct),11901,peer,0.5,0.4942928495042063,0.07909409531104068,True,308
"BA (m=2, hubs)","linear, continuous T",linear (correct),11902,direct,1.0,1.0293550037052994,0.059997169136458625,True,322
"BA (m=2, hubs)","linear, continuous T",linear (correct),11902,peer,0.5,0.48990128145203354,0.08147995523301867,True,322
"BA (m=2, hubs)","linear, continuous T",linear (correct),11903,direct,1.0,0.967456468715271,0.05663889877106478,True,293
"BA (m=2, hubs)","linear, continuous T",linear (correct),11903,peer,0.5,0.3481326688708969,0.07663590386334163,False,293
"BA (m=2, hubs)","linear, continuous T",linear (correct),11904,direct,1.0,0.8758966340215057,0.05912021241371804,False,302
"BA (m=2, hubs)","linear, continuous T",linear (correct),11904,peer,0.5,0.5091751075159818,0.08236656064180665,True,302
"BA (m=2, hubs)","linear, continuous T",linear (correct),11905,direct,1.0,0.8985322742049714,0.060588879832843445,True,311
"BA (m=2, hubs)","linear, continuous T",linear (correct),11905,peer,0.5,0.6705463469718566,0.10489177835620153,True,311
"BA (m=2, hubs)","linear, continuous T",linear (correct),11906,direct,1.0,1.0292741706993054,0.07321317594170307,True,325
"BA (m=2, hubs)","linear, continuous T",linear (correct),11906,peer,0.5,0.5089980723667348,0.06653502165848736,True,325
"BA (m=2, hubs)","linear, continuous T",linear (correct),11907,direct,1.0,0.961215984913928,0.05241786704378662,True,322
"BA (m=2, hubs)","linear, continuous T",linear (correct),11907,peer,0.5,0.5451495119204439,0.07142373068813505,True,322
"BA (m=2, hubs)","linear, continuous T",linear (correct),11908,direct,1.0,0.9320141278239205,0.056449261045549926,True,307
"BA (m=2, hubs)","linear, continuous T",linear (correct),11908,peer,0.5,0.626788992294647,0.08352208062543139,True,307
"BA (m=2, hubs)","linear, continuous T",linear (correct),11909,direct,1.0,1.0772490339566856,0.06694913550451044,True,316
"BA (m=2, hubs)","linear, continuous T",linear (correct),11909,peer,0.5,0.5012152829444357,0.08369912608251939,True,316
"BA (m=2, hubs)","linear, continuous T",linear (correct),11910,direct,1.0,0.939477145556702,0.06518228944971544,True,297
"BA (m=2, hubs)","linear, continuous T",linear (correct),11910,peer,0.5,0.520127679546789,0.08840740500608382,True,297
"BA (m=2, hubs)","linear, continuous T",linear (correct),11911,direct,1.0,1.009431184228063,0.05607901531673802,True,321
"BA (m=2, hubs)","linear, continuous T",linear (correct),11911,peer,0.5,0.7679200742362847,0.07545659625280353,False,321
"BA (m=2, hubs)","linear, continuous T",linear (correct),11912,direct,1.0,0.9696806532277898,0.055406375505751324,True,321
"BA (m=2, hubs)","linear, continuous T",linear (correct),11912,peer,0.5,0.43445882359624816,0.08044477604246486,True,321
"BA (m=2, hubs)","linear, continuous T",linear (correct),11913,direct,1.0,1.0479529201723132,0.06706189465951376,True,315
"BA (m=2, hubs)","linear, continuous T",linear (correct),11913,peer,0.5,0.4489620347150787,0.09170434486288763,True,315
"BA (m=2, hubs)","linear, continuous T",linear (correct),11914,direct,1.0,1.0854410259253127,0.058675476050672234,True,299
"BA (m=2, hubs)","linear, continuous T",linear (correct),11914,peer,0.5,0.4186944813762478,0.0910947165690345,True,299
"BA (m=2, hubs)","linear, continuous T",linear (correct),11915,direct,1.0,1.0431957577970041,0.058003647988492876,True,305
"BA (m=2, hubs)","linear, continuous T",linear (correct),11915,peer,0.5,0.398577039032393,0.10095823337388903,True,305
"BA (m=2, hubs)","linear, continuous T",linear (correct),11916,direct,1.0,1.0076224611850946,0.05161076689466622,True,303
"BA (m=2, hubs)","linear, continuous T",linear (correct),11916,peer,0.5,0.4034204447921366,0.07316444563254108,True,303
"BA (m=2, hubs)","linear, continuous T",linear (correct),11917,direct,1.0,1.040286632196733,0.05369039790158985,True,307
"BA (m=2, hubs)","linear, continuous T",linear (correct),11917,peer,0.5,0.5265775247334944,0.06873610482070615,True,307
"BA (m=2, hubs)","linear, continuous T",linear (correct),11918,direct,1.0,1.1258172903429324,0.04840268964429012,False,331
"BA (m=2, hubs)","linear, continuous T",linear (correct),11918,peer,0.5,0.5276995050622554,0.07416744630322306,True,331
"BA (m=2, hubs)","linear, continuous T",linear (correct),11919,direct,1.0,0.9066165030522748,0.061093719852353595,True,296
"BA (m=2, hubs)","linear, continuous T",linear (correct),11919,peer,0.5,0.3593344809009563,0.06710429939796188,False,296
"BA (m=2, hubs)","linear, continuous T",linear (correct),11920,direct,1.0,0.9148088861210637,0.04947236094208415,True,311
"BA (m=2, hubs)","linear, continuous T",linear (correct),11920,peer,0.5,0.7191735296589058,0.0803822638979141,False,311
"BA (m=2, hubs)","linear, continuous T",linear (correct),11921,direct,1.0,1.0525067891339244,0.05321751465461731,True,316
"BA (m=2, hubs)","linear, continuous T",linear (correct),11921,peer,0.5,0.546736527871784,0.0838951583987002,True,316
"BA (m=2, hubs)","linear, continuous T",linear (correct),11922,direct,1.0,0.9524937848580748,0.06180951907894916,True,310
"BA (m=2, hubs)","linear, continuous T",linear (correct),11922,peer,0.5,0.5317786527311922,0.07926794902712271,True,310
"BA (m=2, hubs)","linear, continuous T",linear (correct),11923,direct,1.0,1.0011768793362048,0.058810530051548314,True,315
"BA (m=2, hubs)","linear, continuous T",linear (correct),11923,peer,0.5,0.4607808479633171,0.09298035712768278,True,315
"BA (m=2, hubs)","linear, continuous T",linear (correct),11924,direct,1.0,1.03941390001141,0.05256242001297769,True,309
"BA (m=2, hubs)","linear, continuous T",linear (correct),11924,peer,0.5,0.4856514796740525,0.06975690232750761,True,309
"BA (m=2, hubs)","linear, continuous T",linear (correct),11925,direct,1.0,0.9383434552190915,0.05487851690589612,True,303
"BA (m=2, hubs)","linear, continuous T",linear (correct),11925,peer,0.5,0.3755187881184455,0.07671379052465038,True,303
"BA (m=2, hubs)","linear, continuous T",linear (correct),11926,direct,1.0,1.0929733348476425,0.055310133792236635,True,307
"BA (m=2, hubs)","linear, continuous T",linear (correct),11926,peer,0.5,0.4833907335009366,0.09561774398872722,True,307
"BA (m=2, hubs)","linear, continuous T",linear (correct),11927,direct,1.0,0.9869055733609852,0.06722926458417489,True,319
"BA (m=2, hubs)","linear, continuous T",linear (correct),11927,peer,0.5,0.4157465251415577,0.07053034773875962,True,319
"BA (m=2, hubs)","linear, continuous T",linear (correct),11928,direct,1.0,1.0396732806441291,0.05539664922180657,True,307
"BA (m=2, hubs)","linear, continuous T",linear (correct),11928,peer,0.5,0.5138223454857344,0.07951387509258487,True,307
"BA (m=2, hubs)","linear, continuous T",linear (correct),11929,direct,1.0,1.0094020983328542,0.044669199038107864,True,313
"BA (m=2, hubs)","linear, continuous T",linear (correct),11929,peer,0.5,0.6147623856827528,0.0921680851461386,True,313
"BA (m=2, hubs)","linear, continuous T",linear (correct),11930,direct,1.0,0.9826418690450659,0.0562137424345122,True,306
"BA (m=2, hubs)","linear, continuous T",linear (correct),11930,peer,0.5,0.40429611416235817,0.08356060873315059,True,306
"BA (m=2, hubs)","linear, continuous T",linear (correct),11931,direct,1.0,0.9792782614882856,0.054542945754789525,True,298
"BA (m=2, hubs)","linear, continuous T",linear (correct),11931,peer,0.5,0.5215406434171382,0.07234288649852877,True,298
"BA (m=2, hubs)","linear, continuous T",linear (correct),11932,direct,1.0,1.0920982427165253,0.056842339443529205,True,304
"BA (m=2, hubs)","linear, continuous T",linear (correct),11932,peer,0.5,0.37041989843284767,0.08103138922595825,True,304
"BA (m=2, hubs)","linear, continuous T",linear (correct),11933,direct,1.0,1.0000750744012028,0.06846926674478677,True,305
"BA (m=2, hubs)","linear, continuous T",linear (correct),11933,peer,0.5,0.4894816000108255,0.08724285643210726,True,305
"BA (m=2, hubs)","linear, continuous T",linear (correct),11934,direct,1.0,0.9633224646305824,0.05288202152402696,True,305
"BA (m=2, hubs)","linear, continuous T",linear (correct),11934,peer,0.5,0.6237334542147559,0.07788287535614219,True,305
"BA (m=2, hubs)","linear, continuous T",linear (correct),11935,direct,1.0,0.9422759520737397,0.05660578416347688,True,317
"BA (m=2, hubs)","linear, continuous T",linear (correct),11935,peer,0.5,0.43958629091455614,0.0675526021614444,True,317
"BA (m=2, hubs)","linear, continuous T",linear (correct),11936,direct,1.0,1.0323312773154265,0.06429832974202414,True,306
"BA (m=2, hubs)","linear, continuous T",linear (correct),11936,peer,0.5,0.45491022626655364,0.0869693522881191,True,306
"BA (m=2, hubs)","linear, continuous T",linear (correct),11937,direct,1.0,0.9849141611803701,0.05266656037265637,True,315
"BA (m=2, hubs)","linear, continuous T",linear (correct),11937,peer,0.5,0.49119751105305903,0.07523171471769712,True,315
"BA (m=2, hubs)","linear, continuous T",linear (correct),11938,direct,1.0,1.0301886005499203,0.05847789514387745,True,317
"BA (m=2, hubs)","linear, continuous T",linear (correct),11938,peer,0.5,0.6650969179220739,0.10172120482112236,True,317
"BA (m=2, hubs)","linear, continuous T",linear (correct),11939,direct,1.0,0.9195221583526507,0.05966523728019622,True,302
"BA (m=2, hubs)","linear, continuous T",linear (correct),11939,peer,0.5,0.4110219480180283,0.08780553377721478,True,302
"BA (m=2, hubs)","linear, continuous T",linear (correct),11940,direct,1.0,1.0359837003858337,0.056194564856172156,True,317
"BA (m=2, hubs)","linear, continuous T",linear (correct),11940,peer,0.5,0.4767073345476526,0.07493239871303901,True,317
"BA (m=2, hubs)","linear, continuous T",linear (correct),11941,direct,1.0,0.9757651039903732,0.057515635126088926,True,311
"BA (m=2, hubs)","linear, continuous T",linear (correct),11941,peer,0.5,0.39025225113280887,0.08780826076454876,True,311
"BA (m=2, hubs)","linear, continuous T",linear (correct),11942,direct,1.0,0.9043919098075432,0.0540655798871831,True,307
"BA (m=2, hubs)","linear, continuous T",linear (correct),11942,peer,0.5,0.46958214165541506,0.09048337940742865,True,307
"BA (m=2, hubs)","linear, continuous T",linear (correct),11943,direct,1.0,1.0244710908185453,0.05926155308332169,True,312
"BA (m=2, hubs)","linear, continuous T",linear (correct),11943,peer,0.5,0.3891369360102966,0.08029998698965714,True,312
"BA (m=2, hubs)","linear, continuous T",linear (correct),11944,direct,1.0,0.9872682528532355,0.05555341626375428,True,301
"BA (m=2, hubs)","linear, continuous T",linear (correct),11944,peer,0.5,0.525993370548731,0.07504159723446822,True,301
"BA (m=2, hubs)","linear, continuous T",linear (correct),11945,direct,1.0,1.0424537522848065,0.05678752302865249,True,320
"BA (m=2, hubs)","linear, continuous T",linear (correct),11945,peer,0.5,0.41609764841307184,0.08813250143570252,True,320
"BA (m=2, hubs)","linear, continuous T",linear (correct),11946,direct,1.0,1.1021157173078437,0.05460030666177941,True,309
"BA (m=2, hubs)","linear, continuous T",linear (correct),11946,peer,0.5,0.38795080233394086,0.06620426486302043,True,309
"BA (m=2, hubs)","linear, continuous T",linear (correct),11947,direct,1.0,0.9602566806360864,0.0552784245309851,True,321
"BA (m=2, hubs)","linear, continuous T",linear (correct),11947,peer,0.5,0.4877622349510368,0.07927560406486427,True,321
"BA (m=2, hubs)","linear, continuous T",linear (correct),11948,direct,1.0,1.060903996914588,0.05004181392322742,True,305
"BA (m=2, hubs)","linear, continuous T",linear (correct),11948,peer,0.5,0.445957516572423,0.0747312589514826,True,305
"BA (m=2, hubs)","linear, continuous T",linear (correct),11949,direct,1.0,1.0849381833177074,0.06088355724697745,True,322
"BA (m=2, hubs)","linear, continuous T",linear (correct),11949,peer,0.5,0.43707287932359473,0.08022695818923568,True,322
"BA (m=2, hubs)","linear, continuous T",linear (correct),11950,direct,1.0,0.9878507575757323,0.05860523386315758,True,309
"BA (m=2, hubs)","linear, continuous T",linear (correct),11950,peer,0.5,0.5555484690830896,0.08512853618231732,True,309
"BA (m=2, hubs)","linear, continuous T",linear (correct),11951,direct,1.0,0.9184452273341949,0.06956335107381949,True,313
"BA (m=2, hubs)","linear, continuous T",linear (correct),11951,peer,0.5,0.6095673415397408,0.08801700552962498,True,313
"BA (m=2, hubs)","linear, continuous T",linear (correct),11952,direct,1.0,0.9988969968057805,0.05804602714182314,True,309
"BA (m=2, hubs)","linear, continuous T",linear (correct),11952,peer,0.5,0.4426752166015496,0.07338598328943237,True,309
"BA (m=2, hubs)","linear, continuous T",linear (correct),11953,direct,1.0,0.9656883281005406,0.052990855093238726,True,305
"BA (m=2, hubs)","linear, continuous T",linear (correct),11953,peer,0.5,0.5301629389695529,0.07789189957274197,True,305
"BA (m=2, hubs)","linear, continuous T",linear (correct),11954,direct,1.0,1.0098665371415254,0.06164144902878411,True,308
"BA (m=2, hubs)","linear, continuous T",linear (correct),11954,peer,0.5,0.5932519944553772,0.09144307468265414,True,308
"BA (m=2, hubs)","linear, continuous T",linear (correct),11955,direct,1.0,0.9799017669882891,0.056776682149072874,True,321
"BA (m=2, hubs)","linear, continuous T",linear (correct),11955,peer,0.5,0.5674391351741531,0.08660547596971015,True,321
"BA (m=2, hubs)","linear, continuous T",linear (correct),11956,direct,1.0,0.8894822827823541,0.059920830481997055,True,313
"BA (m=2, hubs)","linear, continuous T",linear (correct),11956,peer,0.5,0.4582206761530277,0.07977290673666917,True,313
"BA (m=2, hubs)","linear, continuous T",linear (correct),11957,direct,1.0,1.0284583356685375,0.05325300608111505,True,312
"BA (m=2, hubs)","linear, continuous T",linear (correct),11957,peer,0.5,0.5683694043305224,0.08725300616853163,True,312
"BA (m=2, hubs)","linear, continuous T",linear (correct),11958,direct,1.0,0.9088426798614192,0.06824748237381108,True,309
"BA (m=2, hubs)","linear, continuous T",linear (correct),11958,peer,0.5,0.44325415865515905,0.08094819692624614,True,309
"BA (m=2, hubs)","linear, continuous T",linear (correct),11959,direct,1.0,0.9823253066981118,0.0579858730238693,True,312
"BA (m=2, hubs)","linear, continuous T",linear (correct),11959,peer,0.5,0.40420451637753846,0.07762436056156116,True,312
"BA (m=2, hubs)","linear, continuous T",linear (correct),11960,direct,1.0,1.0553675619409233,0.04807003638374379,True,320
"BA (m=2, hubs)","linear, continuous T",linear (correct),11960,peer,0.5,0.5257192467917031,0.07704065628540417,True,320
"BA (m=2, hubs)","linear, continuous T",linear (correct),11961,direct,1.0,0.9968431932411195,0.0592283447780382,True,307
"BA (m=2, hubs)","linear, continuous T",linear (correct),11961,peer,0.5,0.5232723496527939,0.08790747205250156,True,307
"BA (m=2, hubs)","linear, continuous T",linear (correct),11962,direct,1.0,0.9359402730141799,0.05272328528579173,True,295
"BA (m=2, hubs)","linear, continuous T",linear (correct),11962,peer,0.5,0.4799433528668949,0.07977213498004578,True,295
"BA (m=2, hubs)","linear, continuous T",linear (correct),11963,direct,1.0,0.993895403165698,0.058675031063037154,True,315
"BA (m=2, hubs)","linear, continuous T",linear (correct),11963,peer,0.5,0.6192219672783822,0.07454647351632937,True,315
"BA (m=2, hubs)","linear, continuous T",linear (correct),11964,direct,1.0,1.0996126725597846,0.061512618245294144,True,316
"BA (m=2, hubs)","linear, continuous T",linear (correct),11964,peer,0.5,0.4422225305582616,0.0752569569780697,True,316
"BA (m=2, hubs)","linear, continuous T",linear (correct),11965,direct,1.0,1.0106785294034257,0.05808702887201102,True,311
"BA (m=2, hubs)","linear, continuous T",linear (correct),11965,peer,0.5,0.4169765035080956,0.10099268172388907,True,311
"BA (m=2, hubs)","linear, continuous T",linear (correct),11966,direct,1.0,0.9678526840947045,0.06318819415557057,True,316
"BA (m=2, hubs)","linear, continuous T",linear (correct),11966,peer,0.5,0.4994271191455773,0.09659829340279143,True,316
"BA (m=2, hubs)","linear, continuous T",linear (correct),11967,direct,1.0,0.9624127985716981,0.05220336118583032,True,309
"BA (m=2, hubs)","linear, continuous T",linear (correct),11967,peer,0.5,0.5122496119962416,0.08065871636621828,True,309
"BA (m=2, hubs)","linear, continuous T",linear (correct),11968,direct,1.0,1.0310033756573325,0.062308809161821146,True,319
"BA (m=2, hubs)","linear, continuous T",linear (correct),11968,peer,0.5,0.43694233563001267,0.07901054723900941,True,319
"BA (m=2, hubs)","linear, continuous T",linear (correct),11969,direct,1.0,1.014111550717847,0.05967313084414418,True,307
"BA (m=2, hubs)","linear, continuous T",linear (correct),11969,peer,0.5,0.5604335805058246,0.08263511913733917,True,307
"BA (m=2, hubs)","linear, continuous T",linear (correct),11970,direct,1.0,0.9401074179822627,0.05250579636850791,True,299
"BA (m=2, hubs)","linear, continuous T",linear (correct),11970,peer,0.5,0.32118312645388347,0.07409577874091317,False,299
"BA (m=2, hubs)","linear, continuous T",linear (correct),11971,direct,1.0,1.0611464419782997,0.05993862316863133,True,312
"BA (m=2, hubs)","linear, continuous T",linear (correct),11971,peer,0.5,0.41217964962944453,0.07979885619672451,True,312
"BA (m=2, hubs)","linear, continuous T",linear (correct),11972,direct,1.0,1.005332015803636,0.0514253617801324,True,307
"BA (m=2, hubs)","linear, continuous T",linear (correct),11972,peer,0.5,0.40366069286249556,0.07772118402233176,True,307
"BA (m=2, hubs)","linear, continuous T",linear (correct),11973,direct,1.0,0.9724654880134168,0.06051128142453381,True,311
"BA (m=2, hubs)","linear, continuous T",linear (correct),11973,peer,0.5,0.4142525175627287,0.0828588600506956,True,311
"BA (m=2, hubs)","linear, continuous T",linear (correct),11974,direct,1.0,1.0385395117092682,0.06368430181653266,True,312
"BA (m=2, hubs)","linear, continuous T",linear (correct),11974,peer,0.5,0.5521181686586641,0.0860243926449151,True,312
"BA (m=2, hubs)","linear, continuous T",linear (correct),11975,direct,1.0,0.9681966155420688,0.06901464158790349,True,313
"BA (m=2, hubs)","linear, continuous T",linear (correct),11975,peer,0.5,0.6275094350167503,0.0792518257764602,True,313
"BA (m=2, hubs)","linear, continuous T",linear (correct),11976,direct,1.0,0.9329029749239653,0.06111333578096878,True,312
"BA (m=2, hubs)","linear, continuous T",linear (correct),11976,peer,0.5,0.48719544235675494,0.08233930310515883,True,312
"BA (m=2, hubs)","linear, continuous T",linear (correct),11977,direct,1.0,0.9793522053333338,0.055064732374250656,True,313
"BA (m=2, hubs)","linear, continuous T",linear (correct),11977,peer,0.5,0.4017767008574579,0.07125787133809461,True,313
"BA (m=2, hubs)","linear, continuous T",linear (correct),11978,direct,1.0,0.947413793273459,0.05792401045730172,True,321
"BA (m=2, hubs)","linear, continuous T",linear (correct),11978,peer,0.5,0.5714035823968113,0.08660395691312847,True,321
"BA (m=2, hubs)","linear, continuous T",linear (correct),11979,direct,1.0,1.0426128509015036,0.04909667260540824,True,306
"BA (m=2, hubs)","linear, continuous T",linear (correct),11979,peer,0.5,0.6701686497535005,0.08934642935610863,True,306
"BA (m=2, hubs)","linear, continuous T",linear (correct),11980,direct,1.0,0.9945731453607844,0.05912422882193666,True,319
"BA (m=2, hubs)","linear, continuous T",linear (correct),11980,peer,0.5,0.6276811900585415,0.08606933835120631,True,319
"BA (m=2, hubs)","linear, continuous T",linear (correct),11981,direct,1.0,1.0892849916512068,0.06887126412089194,True,300
"BA (m=2, hubs)","linear, continuous T",linear (correct),11981,peer,0.5,0.38587819905741666,0.09229152870522134,True,300
"BA (m=2, hubs)","linear, continuous T",linear (correct),11982,direct,1.0,0.9813058501062882,0.06296702622114284,True,305
"BA (m=2, hubs)","linear, continuous T",linear (correct),11982,peer,0.5,0.571139161480988,0.10356684340055582,True,305
"BA (m=2, hubs)","linear, continuous T",linear (correct),11983,direct,1.0,0.9832356931444496,0.056307760812971314,True,291
"BA (m=2, hubs)","linear, continuous T",linear (correct),11983,peer,0.5,0.391285852471817,0.09043751603494715,True,291
"BA (m=2, hubs)","linear, continuous T",linear (correct),11984,direct,1.0,0.9912590742867798,0.04856433666108247,True,307
"BA (m=2, hubs)","linear, continuous T",linear (correct),11984,peer,0.5,0.4730151261324028,0.08723623833701774,True,307
"BA (m=2, hubs)","linear, continuous T",linear (correct),11985,direct,1.0,0.954325003289303,0.07248592655004732,True,313
"BA (m=2, hubs)","linear, continuous T",linear (correct),11985,peer,0.5,0.5014170098433652,0.07459961762180312,True,313
"BA (m=2, hubs)","linear, continuous T",linear (correct),11986,direct,1.0,1.0115793319423085,0.06471128054258408,True,315
"BA (m=2, hubs)","linear, continuous T",linear (correct),11986,peer,0.5,0.4087967310779502,0.08779984276519388,True,315
"BA (m=2, hubs)","linear, continuous T",linear (correct),11987,direct,1.0,0.939110414257294,0.05520224105381248,True,305
"BA (m=2, hubs)","linear, continuous T",linear (correct),11987,peer,0.5,0.5039519178069302,0.08709691325463163,True,305
"BA (m=2, hubs)","linear, continuous T",linear (correct),11988,direct,1.0,1.0206480287090112,0.05229823171057486,True,331
"BA (m=2, hubs)","linear, continuous T",linear (correct),11988,peer,0.5,0.45950571908125365,0.06919347124149693,True,331
"BA (m=2, hubs)","linear, continuous T",linear (correct),11989,direct,1.0,0.9686758348634232,0.05920911015625218,True,310
"BA (m=2, hubs)","linear, continuous T",linear (correct),11989,peer,0.5,0.5705439760323009,0.10309340571683918,True,310
"BA (m=2, hubs)","linear, continuous T",linear (correct),11990,direct,1.0,0.9669675548059645,0.050288173311535345,True,317
"BA (m=2, hubs)","linear, continuous T",linear (correct),11990,peer,0.5,0.5121177664073161,0.06575619362512615,True,317
"BA (m=2, hubs)","linear, continuous T",linear (correct),11991,direct,1.0,1.1085066723771229,0.05247495481450313,False,307
"BA (m=2, hubs)","linear, continuous T",linear (correct),11991,peer,0.5,0.40943298199147016,0.08591845038070707,True,307
"BA (m=2, hubs)","linear, continuous T",linear (correct),11992,direct,1.0,0.9846373518177051,0.0528686892387327,True,322
"BA (m=2, hubs)","linear, continuous T",linear (correct),11992,peer,0.5,0.5195237501734403,0.08230689883897223,True,322
"BA (m=2, hubs)","linear, continuous T",linear (correct),11993,direct,1.0,0.9034667506916704,0.05229255018011539,True,304
"BA (m=2, hubs)","linear, continuous T",linear (correct),11993,peer,0.5,0.46296653080128775,0.07386020334129444,True,304
"BA (m=2, hubs)","linear, continuous T",linear (correct),11994,direct,1.0,0.9137948462036517,0.05738334136236641,True,306
"BA (m=2, hubs)","linear, continuous T",linear (correct),11994,peer,0.5,0.5319382765933497,0.07612291906679977,True,306
"BA (m=2, hubs)","linear, continuous T",linear (correct),11995,direct,1.0,0.8861001849788447,0.05066834360057958,False,309
"BA (m=2, hubs)","linear, continuous T",linear (correct),11995,peer,0.5,0.5854656030693046,0.09153067473899862,True,309
"BA (m=2, hubs)","linear, continuous T",linear (correct),11996,direct,1.0,1.1076142728380014,0.053977655443558994,False,303
"BA (m=2, hubs)","linear, continuous T",linear (correct),11996,peer,0.5,0.6176385356562536,0.08242292535314648,True,303
"BA (m=2, hubs)","linear, continuous T",linear (correct),11997,direct,1.0,0.8449311993718299,0.05724569282650505,False,304
"BA (m=2, hubs)","linear, continuous T",linear (correct),11997,peer,0.5,0.4776197774689874,0.07527892390402524,True,304
"BA (m=2, hubs)","linear, continuous T",linear (correct),11998,direct,1.0,1.018464906926044,0.056138621877801186,True,323
"BA (m=2, hubs)","linear, continuous T",linear (correct),11998,peer,0.5,0.6038804728419054,0.09160783053918402,True,323
"BA (m=2, hubs)","linear, continuous T",linear (correct),11999,direct,1.0,0.9903813356167663,0.04977164350949428,True,306
"BA (m=2, hubs)","linear, continuous T",linear (correct),11999,peer,0.5,0.3398579324752207,0.0747914315538943,False,306
