graph,dgp,nuisances,seed,effect,truth,estimate,se,covers,n_focal
ER (avg deg 4),"linear, continuous T",oracle,0,direct,1.0,0.979159142905893,0.037821907725672184,True,449
ER (avg deg 4),"linear, continuous T",oracle,0,peer,0.5,0.5129010675304582,0.059786072284720056,True,449
ER (avg deg 4),"linear, continuous T",linear (correct),0,direct,1.0,0.9852708960214364,0.039197198814422095,True,449
ER (avg deg 4),"linear, continuous T",linear (correct),0,peer,0.5,0.5095011518745745,0.059746921352746625,True,449
ER (avg deg 4),"paper eq. 38, binary T",oracle,0,direct,10.0,9.996847106109339,0.10354035768449886,True,449
ER (avg deg 4),"paper eq. 38, binary T",oracle,0,peer,5.0,4.987401816189321,0.06381640304982017,True,449
"BA (m=2, hubs)","linear, continuous T",oracle,0,direct,1.0,0.8938113399404094,0.05691544359031473,True,320
"BA (m=2, hubs)","linear, continuous T",oracle,0,peer,0.5,0.4871046679915111,0.08015936906283293,True,320
"BA (m=2, hubs)","linear, continuous T",linear (correct),0,direct,1.0,0.8989469892953472,0.053021554602944124,True,320
"BA (m=2, hubs)","linear, continuous T",linear (correct),0,peer,0.5,0.4927223902231369,0.07453292673931294,True,320
"BA (m=2, hubs)","paper eq. 38, binary T",oracle,0,direct,10.0,10.005882374383228,0.11496881936398805,True,320
"BA (m=2, hubs)","paper eq. 38, binary T",oracle,0,peer,5.0,4.899042883757256,0.09582471854692919,True,320
SBM (40 blocks),"linear, continuous T",oracle,0,direct,1.0,1.0092426897515163,0.06489949816017193,True,229
SBM (40 blocks),"linear, continuous T",oracle,0,peer,0.5,0.6841321753221066,0.10785768198380527,True,229
SBM (40 blocks),"linear, continuous T",linear (correct),0,direct,1.0,0.9973322612770562,0.06127249770125686,True,229
SBM (40 blocks),"linear, continuous T",linear (correct),0,peer,0.5,0.6361522602777586,0.10941587064319809,True,229
SBM (40 blocks),"paper eq. 38, binary T",oracle,0,direct,10.0,9.991458781902884,0.13137458939859312,True,229
SBM (40 blocks),"paper eq. 38, binary T",oracle,0,peer,5.0,5.070171004240042,0.06171848983454925,True,229
ER (avg deg 4),"linear, continuous T",oracle,1,direct,1.0,0.901916958187071,0.04581119236105461,False,454
ER (avg deg 4),"linear, continuous T",oracle,1,peer,0.5,0.5151249875020919,0.0707551013276855,True,454
ER (avg deg 4),"linear, continuous T",linear (correct),1,direct,1.0,0.9131974793826043,0.040649489250047424,False,454
ER (avg deg 4),"linear, continuous T",linear (correct),1,peer,0.5,0.5398695058442807,0.06257905862856912,True,454
ER (avg deg 4),"paper eq. 38, binary T",oracle,1,direct,10.0,9.888905561613434,0.10351965485103544,True,454
ER (avg deg 4),"paper eq. 38, binary T",oracle,1,peer,5.0,5.119830688453093,0.08429271302902835,True,454
"BA (m=2, hubs)","linear, continuous T",oracle,1,direct,1.0,0.9343565313762526,0.0482881839517285,True,323
"BA (m=2, hubs)","linear, continuous T",oracle,1,peer,0.5,0.5810144106699178,0.08641644061363087,True,323
"BA (m=2, hubs)","linear, continuous T",linear (correct),1,direct,1.0,0.9306860650042377,0.049885900458793216,True,323
"BA (m=2, hubs)","linear, continuous T",linear (correct),1,peer,0.5,0.590836000150932,0.09013809427211182,True,323
"BA (m=2, hubs)","paper eq. 38, binary T",oracle,1,direct,10.0,9.868555786245789,0.11502391889859104,True,323
"BA (m=2, hubs)","paper eq. 38, binary T",oracle,1,peer,5.0,5.081862639321762,0.0749709253801491,True,323
SBM (40 blocks),"linear, continuous T",oracle,1,direct,1.0,0.8904178967565635,0.0826755724358521,True,223
SBM (40 blocks),"linear, continuous T",oracle,1,peer,0.5,0.4401141565056013,0.10769169923991209,True,223
SBM (40 blocks),"linear, continuous T",linear (correct),1,direct,1.0,0.9292866912980695,0.07737971110121779,True,223
SBM (40 blocks),"linear, continuous T",linear (correct),1,peer,0.5,0.4755817619555602,0.10336880782954694,True,223
SBM (40 blocks),"paper eq. 38, binary T",oracle,1,direct,10.0,9.872267557969732,0.13688012205215552,True,223
SBM (40 blocks),"paper eq. 38, binary T",oracle,1,peer,5.0,4.9826048597142805,0.07986525710908739,True,223
ER (avg deg 4),"linear, continuous T",oracle,2,direct,1.0,0.9241095767298799,0.04646932712325589,True,457
ER (avg deg 4),"linear, continuous T",oracle,2,peer,0.5,0.5686572146728373,0.061891319130615886,True,457
ER (avg deg 4),"linear, continuous T",linear (correct),2,direct,1.0,0.9256642895970163,0.04513827877609048,True,457
ER (avg deg 4),"linear, continuous T",linear (correct),2,peer,0.5,0.581269039621655,0.060890656655675765,True,457
ER (avg deg 4),"paper eq. 38, binary T",oracle,2,direct,10.0,9.90971077035991,0.09165536396475457,True,457
ER (avg deg 4),"paper eq. 38, binary T",oracle,2,peer,5.0,4.997752065339292,0.06962775525149165,True,457
"BA (m=2, hubs)","linear, continuous T",oracle,2,direct,1.0,1.0286929999270502,0.05318606007615603,True,311
"BA (m=2, hubs)","linear, continuous T",oracle,2,peer,0.5,0.4237284553727292,0.07595038309744401,True,311
"BA (m=2, hubs)","linear, continuous T",linear (correct),2,direct,1.0,1.033308928270333,0.05395960683115963,True,311
"BA (m=2, hubs)","linear, continuous T",linear (correct),2,peer,0.5,0.4242010289197178,0.07421053651815586,True,311
"BA (m=2, hubs)","paper eq. 38, binary T",oracle,2,direct,10.0,10.316606976003262,0.11766367698653635,False,311
"BA (m=2, hubs)","paper eq. 38, binary T",oracle,2,peer,5.0,4.932320030242766,0.08201516405570913,True,311
SBM (40 blocks),"linear, continuous T",oracle,2,direct,1.0,0.9151808337419808,0.06082423094750947,True,240
SBM (40 blocks),"linear, continuous T",oracle,2,peer,0.5,0.42859743421985047,0.11984445450789173,True,240
SBM (40 blocks),"linear, continuous T",linear (correct),2,direct,1.0,0.9105472794568592,0.05864153458863989,True,240
SBM (40 blocks),"linear, continuous T",linear (correct),2,peer,0.5,0.4370204369016319,0.1104336245885039,True,240
SBM (40 blocks),"paper eq. 38, binary T",oracle,2,direct,10.0,9.985763883458024,0.12263158045740784,True,240
SBM (40 blocks),"paper eq. 38, binary T",oracle,2,peer,5.0,4.84965538496441,0.07496980725460002,False,240
ER (avg deg 4),"linear, continuous T",oracle,3,direct,1.0,0.984058946511018,0.04172177240829838,True,444
ER (avg deg 4),"linear, continuous T",oracle,3,peer,0.5,0.4634824588023032,0.0576986063269536,True,444
ER (avg deg 4),"linear, continuous T",linear (correct),3,direct,1.0,0.9705475877801022,0.042816305659632056,True,444
ER (avg deg 4),"linear, continuous T",linear (correct),3,peer,0.5,0.4776599475604904,0.05904898370922697,True,444
ER (avg deg 4),"paper eq. 38, binary T",oracle,3,direct,10.0,9.91277861347733,0.09504785157446989,True,444
ER (avg deg 4),"paper eq. 38, binary T",oracle,3,peer,5.0,5.14719018723917,0.06783379965157063,False,444
"BA (m=2, hubs)","linear, continuous T",oracle,3,direct,1.0,1.009313822019098,0.06109256650182989,True,310
"BA (m=2, hubs)","linear, continuous T",oracle,3,peer,0.5,0.47624525452689825,0.09150112557539661,True,310
"BA (m=2, hubs)","linear, continuous T",linear (correct),3,direct,1.0,0.9952667803277485,0.05958731151154087,True,310
"BA (m=2, hubs)","linear, continuous T",linear (correct),3,peer,0.5,0.4712890336081185,0.09039617531622547,True,310
"BA (m=2, hubs)","paper eq. 38, binary T",oracle,3,direct,10.0,10.125587659881788,0.10946510651545549,True,310
"BA (m=2, hubs)","paper eq. 38, binary T",oracle,3,peer,5.0,5.12874411596476,0.08032242215391201,True,310
SBM (40 blocks),"linear, continuous T",oracle,3,direct,1.0,0.9492877188073325,0.06679353809625277,True,230
SBM (40 blocks),"linear, continuous T",oracle,3,peer,0.5,0.4257514693700865,0.11248939622874206,True,230
SBM (40 blocks),"linear, continuous T",linear (correct),3,direct,1.0,0.9576382615036283,0.06813460938313233,True,230
SBM (40 blocks),"linear, continuous T",linear (correct),3,peer,0.5,0.4119299966913673,0.11061742890203284,True,230
SBM (40 blocks),"paper eq. 38, binary T",oracle,3,direct,10.0,9.829968192044412,0.1241682810275987,True,230
SBM (40 blocks),"paper eq. 38, binary T",oracle,3,peer,5.0,5.106358706433636,0.0682852392926709,True,230
ER (avg deg 4),"linear, continuous T",oracle,4,direct,1.0,1.023935977059255,0.04854831491535419,True,483
ER (avg deg 4),"linear, continuous T",oracle,4,peer,0.5,0.573845910004626,0.06768817662989042,True,483
ER (avg deg 4),"linear, continuous T",linear (correct),4,direct,1.0,1.0239115180147957,0.049006020503667425,True,483
ER (avg deg 4),"linear, continuous T",linear (correct),4,peer,0.5,0.5787395341470568,0.0660212165187868,True,483
ER (avg deg 4),"paper eq. 38, binary T",oracle,4,direct,10.0,9.917203110091869,0.09391036218433804,True,483
ER (avg deg 4),"paper eq. 38, binary T",oracle,4,peer,5.0,5.026213438435514,0.05788732402334181,True,483
"BA (m=2, hubs)","linear, continuous T",oracle,4,direct,1.0,1.0821057221130466,0.05277943806719956,True,309
"BA (m=2, hubs)","linear, continuous T",oracle,4,peer,0.5,0.5503253162754277,0.0870806393731867,True,309
"BA (m=2, hubs)","linear, continuous T",linear (correct),4,direct,1.0,1.0887712481147152,0.05400764310674097,True,309
"BA (m=2, hubs)","linear, continuous T",linear (correct),4,peer,0.5,0.5691917311999372,0.08792341960194126,True,309
"BA (m=2, hubs)","paper eq. 38, binary T",oracle,4,direct,10.0,10.042159213570867,0.11512606743856223,True,309
"BA (m=2, hubs)","paper eq. 38, binary T",oracle,4,peer,5.0,5.1403315604530615,0.0800410817507541,True,309
SBM (40 blocks),"linear, continuous T",oracle,4,direct,1.0,1.1765356006788408,0.06850303779819975,False,230
SBM (40 blocks),"linear, continuous T",oracle,4,peer,0.5,0.6978309575752034,0.11377222504601386,True,230
SBM (40 blocks),"linear, continuous T",linear (correct),4,direct,1.0,1.1880596294978927,0.06468269753274224,False,230
SBM (40 blocks),"linear, continuous T",linear (correct),4,peer,0.5,0.7485005437734357,0.10334744891159159,False,230
SBM (40 blocks),"paper eq. 38, binary T",oracle,4,direct,10.0,10.101600018762435,0.12374108301447566,True,230
SBM (40 blocks),"paper eq. 38, binary T",oracle,4,peer,5.0,5.019387544671902,0.08177143450074205,True,230
ER (avg deg 4),"linear, continuous T",oracle,5,direct,1.0,1.0267343656869294,0.05065684612725516,True,462
ER (avg deg 4),"linear, continuous T",oracle,5,peer,0.5,0.5035007509939817,0.0543178643261563,True,462
ER (avg deg 4),"linear, continuous T",linear (correct),5,direct,1.0,1.0314490706898964,0.0542030213676605,True,462
ER (avg deg 4),"linear, continuous T",linear (correct),5,peer,0.5,0.500052884465506,0.05536072150997773,True,462
ER (avg deg 4),"paper eq. 38, binary T",oracle,5,direct,10.0,10.098526345323144,0.09011177719218379,True,462
ER (avg deg 4),"paper eq. 38, binary T",oracle,5,peer,5.0,5.051514214958127,0.06976959678848982,True,462
"BA (m=2, hubs)","linear, continuous T",oracle,5,direct,1.0,0.9710007283218838,0.05070449100297126,True,306
"BA (m=2, hubs)","linear, continuous T",oracle,5,peer,0.5,0.39683389733466257,0.06998393507558015,True,306
"BA (m=2, hubs)","linear, continuous T",linear (correct),5,direct,1.0,0.9720096192259007,0.05026056074042203,True,306
"BA (m=2, hubs)","linear, continuous T",linear (correct),5,peer,0.5,0.3909754448756593,0.06968214233538271,True,306
"BA (m=2, hubs)","paper eq. 38, binary T",oracle,5,direct,10.0,9.869486110544862,0.1056093770693124,True,306
"BA (m=2, hubs)","paper eq. 38, binary T",oracle,5,peer,5.0,5.119918825709356,0.0815841216413838,True,306
SBM (40 blocks),"linear, continuous T",oracle,5,direct,1.0,0.9009611690123542,0.07956740202013997,True,231
SBM (40 blocks),"linear, continuous T",oracle,5,peer,0.5,0.5093864873104483,0.1461156260522321,True,231
SBM (40 blocks),"linear, continuous T",linear (correct),5,direct,1.0,0.9158082505325963,0.07583501784945992,True,231
SBM (40 blocks),"linear, continuous T",linear (correct),5,peer,0.5,0.5717548756646892,0.13781210656785006,True,231
SBM (40 blocks),"paper eq. 38, binary T",oracle,5,direct,10.0,10.068592407608975,0.1308640559483253,True,231
SBM (40 blocks),"paper eq. 38, binary T",oracle,5,peer,5.0,5.008200528986686,0.06626799551903502,True,231
ER (avg deg 4),"linear, continuous T",oracle,6,direct,1.0,0.9947398198457776,0.04643403567835747,True,444
ER (avg deg 4),"linear, continuous T",oracle,6,peer,0.5,0.4545885209381928,0.06369651919162476,True,444
ER (avg deg 4),"linear, continuous T",linear (correct),6,direct,1.0,0.9933816089112103,0.04606160012259478,True,444
ER (avg deg 4),"linear, continuous T",linear (correct),6,peer,0.5,0.45710338731521416,0.06470902431198639,True,444
ER (avg deg 4),"paper eq. 38, binary T",oracle,6,direct,10.0,10.0004933813891,0.0968704927023023,True,444
ER (avg deg 4),"paper eq. 38, binary T",oracle,6,peer,5.0,4.937246691486993,0.07306307350194666,True,444
"BA (m=2, hubs)","linear, continuous T",oracle,6,direct,1.0,1.1170818442190231,0.05807420131229919,False,310
"BA (m=2, hubs)","linear, continuous T",oracle,6,peer,0.5,0.33593118583374176,0.07871322968852044,False,310
"BA (m=2, hubs)","linear, continuous T",linear (correct),6,direct,1.0,1.112053522141826,0.05916256891815631,True,310
"BA (m=2, hubs)","linear, continuous T",linear (correct),6,peer,0.5,0.32779074140079756,0.08206275331016966,False,310
"BA (m=2, hubs)","paper eq. 38, binary T",oracle,6,direct,10.0,9.822823905819336,0.1220952127898312,True,310
"BA (m=2, hubs)","paper eq. 38, binary T",oracle,6,peer,5.0,4.986587038181063,0.06797649859642757,True,310
SBM (40 blocks),"linear, continuous T",oracle,6,direct,1.0,1.0545942400076707,0.062346918548694376,True,240
SBM (40 blocks),"linear, continuous T",oracle,6,peer,0.5,0.3368486965075601,0.11147582073773983,True,240
SBM (40 blocks),"linear, continuous T",linear (correct),6,direct,1.0,1.046436321610676,0.06387036619899757,True,240
SBM (40 blocks),"linear, continuous T",linear (correct),6,peer,0.5,0.3296480854915232,0.11468015695011648,True,240
SBM (40 blocks),"paper eq. 38, binary T",oracle,6,direct,10.0,10.13364519807608,0.13027446491195355,True,240
SBM (40 blocks),"paper eq. 38, binary T",oracle,6,peer,5.0,4.969445785296115,0.05649556189685851,True,240
ER (avg deg 4),"linear, continuous T",oracle,7,direct,1.0,1.0064926293847887,0.04330223532242932,True,476
ER (avg deg 4),"linear, continuous T",oracle,7,peer,0.5,0.4479630616315519,0.051059451997745496,True,476
ER (avg deg 4),"linear, continuous T",linear (correct),7,direct,1.0,0.9964252136467501,0.044529892543321264,True,476
ER (avg deg 4),"linear, continuous T",linear (correct),7,peer,0.5,0.4454920991749811,0.05374718699821646,True,476
ER (avg deg 4),"paper eq. 38, binary T",oracle,7,direct,10.0,10.055955641446914,0.09069776182607982,True,476
ER (avg deg 4),"paper eq. 38, binary T",oracle,7,peer,5.0,5.0211819325732785,0.059208892830137014,True,476
"BA (m=2, hubs)","linear, continuous T",oracle,7,direct,1.0,0.9671481378281874,0.0708008769276156,True,311
"BA (m=2, hubs)","linear, continuous T",oracle,7,peer,0.5,0.4756914357573654,0.07832479800035644,True,311
"BA (m=2, hubs)","linear, continuous T",linear (correct),7,direct,1.0,0.9740872218327492,0.06921226595846339,True,311
"BA (m=2, hubs)","linear, continuous T",linear (correct),7,peer,0.5,0.47911909672547925,0.07610456470836256,True,311
"BA (m=2, hubs)","paper eq. 38, binary T",oracle,7,direct,10.0,10.220178722794518,0.11185680571734638,False,311
"BA (m=2, hubs)","paper eq. 38, binary T",oracle,7,peer,5.0,5.024276863335358,0.06638749178759396,True,311
SBM (40 blocks),"linear, continuous T",oracle,7,direct,1.0,1.033294463177909,0.06563073388314442,True,224
SBM (40 blocks),"linear, continuous T",oracle,7,peer,0.5,0.3170220032429925,0.11693534238520303,True,224
SBM (40 blocks),"linear, continuous T",linear (correct),7,direct,1.0,1.044539330757049,0.06729229922648793,True,224
SBM (40 blocks),"linear, continuous T",linear (correct),7,peer,0.5,0.3124890857788172,0.12301756391060077,True,224
SBM (40 blocks),"paper eq. 38, binary T",oracle,7,direct,10.0,10.021549242793384,0.11690764860848434,True,224
SBM (40 blocks),"paper eq. 38, binary T",oracle,7,peer,5.0,4.959309583643203,0.05053043423502256,True,224
ER (avg deg 4),"linear, continuous T",oracle,8,direct,1.0,0.9239569318628953,0.05051961669887562,True,461
ER (avg deg 4),"linear, continuous T",oracle,8,peer,0.5,0.45649511063466663,0.06488604484898473,True,461
ER (avg deg 4),"linear, continuous T",linear (correct),8,direct,1.0,0.9353618180566232,0.05374052007149198,True,461
ER (avg deg 4),"linear, continuous T",linear (correct),8,peer,0.5,0.45639830345394244,0.0681020407800831,True,461
ER (avg deg 4),"paper eq. 38, binary T",oracle,8,direct,10.0,9.925950454464603,0.1001431042458113,True,461
ER (avg deg 4),"paper eq. 38, binary T",oracle,8,peer,5.0,4.940136091885683,0.07547197895997251,True,461
"BA (m=2, hubs)","linear, continuous T",oracle,8,direct,1.0,1.028522318744008,0.063375800133542,True,310
"BA (m=2, hubs)","linear, continuous T",oracle,8,peer,0.5,0.552199002424373,0.08498826142799844,True,310
"BA (m=2, hubs)","linear, continuous T",linear (correct),8,direct,1.0,1.0307058388618984,0.062418372330364284,True,310
"BA (m=2, hubs)","linear, continuous T",linear (correct),8,peer,0.5,0.5422431764717132,0.0856815267783694,True,310
"BA (m=2, hubs)","paper eq. 38, binary T",oracle,8,direct,10.0,10.144405441317183,0.1181917013373818,True,310
"BA (m=2, hubs)","paper eq. 38, binary T",oracle,8,peer,5.0,5.041625533259614,0.09781324287188763,True,310
SBM (40 blocks),"linear, continuous T",oracle,8,direct,1.0,0.9346793128839495,0.0771715977552094,True,227
SBM (40 blocks),"linear, continuous T",oracle,8,peer,0.5,0.721651990213039,0.09663833195858938,False,227
SBM (40 blocks),"linear, continuous T",linear (correct),8,direct,1.0,0.9296133104245071,0.07656782553592249,True,227
SBM (40 blocks),"linear, continuous T",linear (correct),8,peer,0.5,0.7314628489665538,0.09871887323021769,False,227
SBM (40 blocks),"paper eq. 38, binary T",oracle,8,direct,10.0,10.193037284369296,0.14645957807153828,True,227
SBM (40 blocks),"paper eq. 38, binary T",oracle,8,peer,5.0,4.999870418068428,0.06697012184507994,True,227
ER (avg deg 4),"linear, continuous T",oracle,9,direct,1.0,0.9484472486301528,0.04530613878337092,True,453
ER (avg deg 4),"linear, continuous T",oracle,9,peer,0.5,0.43875465676831654,0.05688993359130659,True,453
ER (avg deg 4),"linear, continuous T",linear (correct),9,direct,1.0,0.9515734200269339,0.04642343035802816,True,453
ER (avg deg 4),"linear, continuous T",linear (correct),9,peer,0.5,0.4406710831983768,0.05739403059655845,True,453
ER (avg deg 4),"paper eq. 38, binary T",oracle,9,direct,10.0,10.089678347884622,0.09059069500100496,True,453
ER (avg deg 4),"paper eq. 38, binary T",oracle,9,peer,5.0,5.0497889549596255,0.06950228177040536,True,453
"BA (m=2, hubs)","linear, continuous T",oracle,9,direct,1.0,1.0592976340252742,0.05896877814288364,True,308
"BA (m=2, hubs)","linear, continuous T",oracle,9,peer,0.5,0.4597093763657126,0.07889277732367476,True,308
"BA (m=2, hubs)","linear, continuous T",linear (correct),9,direct,1.0,1.0635102905884888,0.06058837409443947,True,308
"BA (m=2, hubs)","linear, continuous T",linear (correct),9,peer,0.5,0.4535691342056472,0.07892028979469225,True,308
"BA (m=2, hubs)","paper eq. 38, binary T",oracle,9,direct,10.0,9.79901471183495,0.13632253643479644,True,308
"BA (m=2, hubs)","paper eq. 38, binary T",oracle,9,peer,5.0,5.075518791554084,0.09376748017794914,True,308
SBM (40 blocks),"linear, continuous T",oracle,9,direct,1.0,0.967346495150338,0.06188296589605894,True,213
SBM (40 blocks),"linear, continuous T",oracle,9,peer,0.5,0.4588614167083304,0.13669076559963,True,213
SBM (40 blocks),"linear, continuous T",linear (correct),9,direct,1.0,0.9675973030573045,0.06298950674305462,True,213
SBM (40 blocks),"linear, continuous T",linear (correct),9,peer,0.5,0.4608713862592399,0.1393217797673767,True,213
SBM (40 blocks),"paper eq. 38, binary T",oracle,9,direct,10.0,9.900405221785363,0.11958023383123,True,213
SBM (40 blocks),"paper eq. 38, binary T",oracle,9,peer,5.0,5.0152534900908785,0.06921996214550631,True,213
ER (avg deg 4),"linear, continuous T",oracle,10,direct,1.0,0.8752795574248687,0.0521305268250446,False,460
ER (avg deg 4),"linear, continuous T",oracle,10,peer,0.5,0.45439603231162917,0.06425758953523782,True,460
ER (avg deg 4),"linear, continuous T",linear (correct),10,direct,1.0,0.891733573722724,0.05151900619892448,False,460
ER (avg deg 4),"linear, continuous T",linear (correct),10,peer,0.5,0.43438614933195785,0.060640836514354306,True,460
ER (avg deg 4),"paper eq. 38, binary T",oracle,10,direct,10.0,9.964448463008639,0.0976083169568599,True,460
ER (avg deg 4),"paper eq. 38, binary T",oracle,10,peer,5.0,5.092102452159857,0.06776299551255502,True,460
"BA (m=2, hubs)","linear, continuous T",oracle,10,direct,1.0,1.0022985913962255,0.05922772523978322,True,304
"BA (m=2, hubs)","linear, continuous T",oracle,10,peer,0.5,0.6189324737657523,0.06569458165935861,True,304
"BA (m=2, hubs)","linear, continuous T",linear (correct),10,direct,1.0,0.9983042547652387,0.05720506804172307,True,304
"BA (m=2, hubs)","linear, continuous T",linear (correct),10,peer,0.5,0.6088449865298216,0.06564940816980605,True,304
"BA (m=2, hubs)","paper eq. 38, binary T",oracle,10,direct,10.0,9.96536902664964,0.1111195561223093,True,304
"BA (m=2, hubs)","paper eq. 38, binary T",oracle,10,peer,5.0,4.999477527710783,0.07921268115482534,True,304
SBM (40 blocks),"linear, continuous T",oracle,10,direct,1.0,0.9647227600843007,0.07049286137942619,True,228
SBM (40 blocks),"linear, continuous T",oracle,10,peer,0.5,0.4885319359703625,0.08059531478578587,True,228
SBM (40 blocks),"linear, continuous T",linear (correct),10,direct,1.0,0.9632938699993989,0.06994672678515707,True,228
SBM (40 blocks),"linear, continuous T",linear (correct),10,peer,0.5,0.5061784995039552,0.08303054174667206,True,228
SBM (40 blocks),"paper eq. 38, binary T",oracle,10,direct,10.0,9.849046849475373,0.14052389616174704,True,228
SBM (40 blocks),"paper eq. 38, binary T",oracle,10,peer,5.0,4.954204590267325,0.062404542188108036,True,228
ER (avg deg 4),"linear, continuous T",oracle,11,direct,1.0,0.9946273626406006,0.05421580919156596,True,457
ER (avg deg 4),"linear, continuous T",oracle,11,peer,0.5,0.460975840926733,0.06883698711319461,True,457
ER (avg deg 4),"linear, continuous T",linear (correct),11,direct,1.0,0.9980952926813114,0.05341852059443907,True,457
ER (avg deg 4),"linear, continuous T",linear (correct),11,peer,0.5,0.45861890010756007,0.06784976125118988,True,457
ER (avg deg 4),"paper eq. 38, binary T",oracle,11,direct,10.0,10.079810297543007,0.08763230970747767,True,457
ER (avg deg 4),"paper eq. 38, binary T",oracle,11,peer,5.0,5.047355900510784,0.06926159341874094,True,457
"BA (m=2, hubs)","linear, continuous T",oracle,11,direct,1.0,1.0259355745892078,0.05694816146113227,True,320
"BA (m=2, hubs)","linear, continuous T",oracle,11,peer,0.5,0.4927483098050509,0.083755823231692,True,320
"BA (m=2, hubs)","linear, continuous T",linear (correct),11,direct,1.0,1.0195708740742642,0.056925316075575744,True,320
"BA (m=2, hubs)","linear, continuous T",linear (correct),11,peer,0.5,0.5201840407931398,0.0836442574670112,True,320
"BA (m=2, hubs)","paper eq. 38, binary T",oracle,11,direct,10.0,9.888944564181614,0.11108055480793395,True,320
"BA (m=2, hubs)","paper eq. 38, binary T",oracle,11,peer,5.0,4.9434834774729595,0.08464646923118742,True,320
SBM (40 blocks),"linear, continuous T",oracle,11,direct,1.0,0.9699573556149759,0.05399927951080527,True,230
SBM (40 blocks),"linear, continuous T",oracle,11,peer,0.5,0.6617575210774873,0.09554765435612139,True,230
SBM (40 blocks),"linear, continuous T",linear (correct),11,direct,1.0,0.979020542301182,0.056485945247162446,True,230
SBM (40 blocks),"linear, continuous T",linear (correct),11,peer,0.5,0.6395012962197665,0.0985673240238762,True,230
SBM (40 blocks),"paper eq. 38, binary T",oracle,11,direct,10.0,10.044924408099636,0.1409211550589102,True,230
SBM (40 blocks),"paper eq. 38, binary T",oracle,11,peer,5.0,4.875386323826453,0.06778533097354743,True,230
ER (avg deg 4),"linear, continuous T",oracle,12,direct,1.0,0.9857029982111891,0.049394144772151365,True,451
ER (avg deg 4),"linear, continuous T",oracle,12,peer,0.5,0.5120672698564467,0.058472329849316176,True,451
ER (avg deg 4),"linear, continuous T",linear (correct),12,direct,1.0,0.9898666556825365,0.047967593086591466,True,451
ER (avg deg 4),"linear, continuous T",linear (correct),12,peer,0.5,0.5166338995855535,0.056442623037966405,True,451
ER (avg deg 4),"paper eq. 38, binary T",oracle,12,direct,10.0,9.884716547457737,0.09922922152347796,True,451
ER (avg deg 4),"paper eq. 38, binary T",oracle,12,peer,5.0,4.888020399491273,0.08087536881112746,True,451
"BA (m=2, hubs)","linear, continuous T",oracle,12,direct,1.0,0.9542669916227738,0.060053092662543765,True,318
"BA (m=2, hubs)","linear, continuous T",oracle,12,peer,0.5,0.7379069134634791,0.08560212023823345,False,318
"BA (m=2, hubs)","linear, continuous T",linear (correct),12,direct,1.0,0.9567553348693727,0.05530793716002098,True,318
"BA (m=2, hubs)","linear, continuous T",linear (correct),12,peer,0.5,0.7503890693526128,0.08207220525733105,False,318
"BA (m=2, hubs)","paper eq. 38, binary T",oracle,12,direct,10.0,10.08213341966013,0.11426617890220492,True,318
"BA (m=2, hubs)","paper eq. 38, binary T",oracle,12,peer,5.0,5.029020061508533,0.09287038367900802,True,318
SBM (40 blocks),"linear, continuous T",oracle,12,direct,1.0,0.9214570094956032,0.08139392953133066,True,241
SBM (40 blocks),"linear, continuous T",oracle,12,peer,0.5,0.4721819102312503,0.1328454444949068,True,241
SBM (40 blocks),"linear, continuous T",linear (correct),12,direct,1.0,0.9436663320074312,0.07953256197195299,True,241
SBM (40 blocks),"linear, continuous T",linear (correct),12,peer,0.5,0.4481462280701783,0.12547545370806343,True,241
SBM (40 blocks),"paper eq. 38, binary T",oracle,12,direct,10.0,9.92239202200269,0.12487160976253191,True,241
SBM (40 blocks),"paper eq. 38, binary T",oracle,12,peer,5.0,5.011823398893191,0.08680395067863118,True,241
ER (avg deg 4),"linear, continuous T",oracle,13,direct,1.0,0.9994104338276134,0.04773397465066584,True,447
ER (avg deg 4),"linear, continuous T",oracle,13,peer,0.5,0.4560555801341118,0.056828925628613886,True,447
ER (avg deg 4),"linear, continuous T",linear (correct),13,direct,1.0,1.0052237704723859,0.04838264384626678,True,447
ER (avg deg 4),"linear, continuous T",linear (correct),13,peer,0.5,0.4526685100672673,0.059326528826382056,True,447
ER (avg deg 4),"paper eq. 38, binary T",oracle,13,direct,10.0,10.084330604325036,0.09546961276513273,True,447
ER (avg deg 4),"paper eq. 38, binary T",oracle,13,peer,5.0,5.015722565294138,0.074383022997319,True,447
"BA (m=2, hubs)","linear, continuous T",oracle,13,direct,1.0,0.9592440349859631,0.05077202431004533,True,311
"BA (m=2, hubs)","linear, continuous T",oracle,13,peer,0.5,0.4189715734334086,0.0931595371718903,True,311
"BA (m=2, hubs)","linear, continuous T",linear (correct),13,direct,1.0,0.9507606020045266,0.049535007612203946,True,311
"BA (m=2, hubs)","linear, continuous T",linear (correct),13,peer,0.5,0.43068219598747476,0.08814442293765114,True,311
"BA (m=2, hubs)","paper eq. 38, binary T",oracle,13,direct,10.0,10.245310302545345,0.10717458799317152,False,311
"BA (m=2, hubs)","paper eq. 38, binary T",oracle,13,peer,5.0,5.033990183768224,0.07533766251639674,True,311
SBM (40 blocks),"linear, continuous T",oracle,13,direct,1.0,0.965682921283857,0.06212596718972353,True,227
SBM (40 blocks),"linear, continuous T",oracle,13,peer,0.5,0.4726537581099039,0.09621089912421187,True,227
SBM (40 blocks),"linear, continuous T",linear (correct),13,direct,1.0,0.960171449618795,0.06419006478190491,True,227
SBM (40 blocks),"linear, continuous T",linear (correct),13,peer,0.5,0.4398007074077055,0.10139104416987176,True,227
SBM (40 blocks),"paper eq. 38, binary T",oracle,13,direct,10.0,9.89441028247386,0.15879486156360448,True,227
SBM (40 blocks),"paper eq. 38, binary T",oracle,13,peer,5.0,4.95761307978724,0.11479011702287092,True,227
ER (avg deg 4),"linear, continuous T",oracle,14,direct,1.0,0.9962570117885077,0.05184224586933903,True,467
ER (avg deg 4),"linear, continuous T",oracle,14,peer,0.5,0.6304689142403174,0.05512082747170531,False,467
ER (avg deg 4),"linear, continuous T",linear (correct),14,direct,1.0,0.9881823804711639,0.050519986563049575,True,467
ER (avg deg 4),"linear, continuous T",linear (correct),14,peer,0.5,0.6590241601842262,0.05513464165627395,False,467
ER (avg deg 4),"paper eq. 38, binary T",oracle,14,direct,10.0,9.89138935693442,0.09209376339918754,True,467
ER (avg deg 4),"paper eq. 38, binary T",oracle,14,peer,5.0,4.9729812515730965,0.0580093534332647,True,467
"BA (m=2, hubs)","linear, continuous T",oracle,14,direct,1.0,0.990581173592729,0.06059271907333377,True,325
"BA (m=2, hubs)","linear, continuous T",oracle,14,peer,0.5,0.6149265685730949,0.08294164252110142,True,325
"BA (m=2, hubs)","linear, continuous T",linear (correct),14,direct,1.0,0.9797909720725597,0.06014193516458929,True,325
"BA (m=2, hubs)","linear, continuous T",linear (correct),14,peer,0.5,0.6174615364726486,0.08115027686994064,True,325
"BA (m=2, hubs)","paper eq. 38, binary T",oracle,14,direct,10.0,9.996212164567508,0.11905276539272723,True,325
"BA (m=2, hubs)","paper eq. 38, binary T",oracle,14,peer,5.0,4.90318465240959,0.10183016320547547,True,325
SBM (40 blocks),"linear, continuous T",oracle,14,direct,1.0,0.9896500555686307,0.06819507072138983,True,223
SBM (40 blocks),"linear, continuous T",oracle,14,peer,0.5,0.4073925887426621,0.09836912488751248,True,223
SBM (40 blocks),"linear, continuous T",linear (correct),14,direct,1.0,1.0066109012201072,0.06853137627283916,True,223
SBM (40 blocks),"linear, continuous T",linear (correct),14,peer,0.5,0.39130735234836994,0.1030127028086853,True,223
SBM (40 blocks),"paper eq. 38, binary T",oracle,14,direct,10.0,10.171633615933414,0.12985545672048432,True,223
SBM (40 blocks),"paper eq. 38, binary T",oracle,14,peer,5.0,5.0250412039713455,0.09225040979354485,True,223
ER (avg deg 4),"linear, continuous T",oracle,15,direct,1.0,1.101303825536198,0.04923015676384373,False,459
ER (avg deg 4),"linear, continuous T",oracle,15,peer,0.5,0.5549556882379688,0.052105116285638825,True,459
ER (avg deg 4),"linear, continuous T",linear (correct),15,direct,1.0,1.0950647927855865,0.050015997708126064,True,459
ER (avg deg 4),"linear, continuous T",linear (correct),15,peer,0.5,0.5578397059017497,0.052524602687244674,True,459
ER (avg deg 4),"paper eq. 38, binary T",oracle,15,direct,10.0,10.05255602990993,0.10263513785324518,True,459
ER (avg deg 4),"paper eq. 38, binary T",oracle,15,peer,5.0,4.903231692538831,0.07640810085261295,True,459
"BA (m=2, hubs)","linear, continuous T",oracle,15,direct,1.0,1.0791683306359412,0.062352475317123957,True,318
"BA (m=2, hubs)","linear, continuous T",oracle,15,peer,0.5,0.5189828768442478,0.08925515225218283,True,318
"BA (m=2, hubs)","linear, continuous T",linear (correct),15,direct,1.0,1.0824303928051626,0.0632708744865465,True,318
"BA (m=2, hubs)","linear, continuous T",linear (correct),15,peer,0.5,0.506494271854372,0.09203649932452204,True,318
"BA (m=2, hubs)","paper eq. 38, binary T",oracle,15,direct,10.0,9.965409022814791,0.1092759908777085,True,318
"BA (m=2, hubs)","paper eq. 38, binary T",oracle,15,peer,5.0,5.150540416818176,0.0804050170022296,True,318
SBM (40 blocks),"linear, continuous T",oracle,15,direct,1.0,1.0513628985459815,0.05458726869246776,True,235
SBM (40 blocks),"linear, continuous T",oracle,15,peer,0.5,0.39201648279911794,0.09143724298891405,True,235
SBM (40 blocks),"linear, continuous T",linear (correct),15,direct,1.0,1.0471948185797855,0.055641022810550736,True,235
SBM (40 blocks),"linear, continuous T",linear (correct),15,peer,0.5,0.3926084837824162,0.09463661223597572,True,235
SBM (40 blocks),"paper eq. 38, binary T",oracle,15,direct,10.0,10.109230813368452,0.12931500486655367,True,235
SBM (40 blocks),"paper eq. 38, binary T",oracle,15,peer,5.0,5.038348813868075,0.05260413300937816,True,235
ER (avg deg 4),"linear, continuous T",oracle,16,direct,1.0,0.9688420911727231,0.05077842642455895,True,455
ER (avg deg 4),"linear, continuous T",oracle,16,peer,0.5,0.4387456660553396,0.05716947321622687,True,455
ER (avg deg 4),"linear, continuous T",linear (correct),16,direct,1.0,0.9740718779299885,0.052522068619432524,True,455
ER (avg deg 4),"linear, continuous T",linear (correct),16,peer,0.5,0.41363235898610695,0.05930445060169377,True,455
ER (avg deg 4),"paper eq. 38, binary T",oracle,16,direct,10.0,9.916068670941227,0.09227872589654755,True,455
ER (avg deg 4),"paper eq. 38, binary T",oracle,16,peer,5.0,5.138295297696546,0.07697115775974925,True,455
"BA (m=2, hubs)","linear, continuous T",oracle,16,direct,1.0,1.073321923504502,0.051291349998979184,True,305
"BA (m=2, hubs)","linear, continuous T",oracle,16,peer,0.5,0.46947334046845746,0.07268733085333505,True,305
"BA (m=2, hubs)","linear, continuous T",linear (correct),16,direct,1.0,1.0758665416556743,0.05242174141979456,True,305
"BA (m=2, hubs)","linear, continuous T",linear (correct),16,peer,0.5,0.4648428657532811,0.07127530355392861,True,305
"BA (m=2, hubs)","paper eq. 38, binary T",oracle,16,direct,10.0,9.915647225529243,0.12228144932717969,True,305
"BA (m=2, hubs)","paper eq. 38, binary T",oracle,16,peer,5.0,5.007922504064886,0.07406847448072826,True,305
SBM (40 blocks),"linear, continuous T",oracle,16,direct,1.0,0.9738028316929525,0.06926537814554438,True,233
SBM (40 blocks),"linear, continuous T",oracle,16,peer,0.5,0.34519809518193595,0.11962436748898168,True,233
SBM (40 blocks),"linear, continuous T",linear (correct),16,direct,1.0,0.9712041514778449,0.06469210211647172,True,233
SBM (40 blocks),"linear, continuous T",linear (correct),16,peer,0.5,0.35662722168629446,0.12251061805787059,True,233
SBM (40 blocks),"paper eq. 38, binary T",oracle,16,direct,10.0,9.899427302968332,0.13256245572147524,True,233
SBM (40 blocks),"paper eq. 38, binary T",oracle,16,peer,5.0,5.141805480948874,0.07514596708883813,True,233
ER (avg deg 4),"linear, continuous T",oracle,17,direct,1.0,0.9981024707984978,0.03931417561759612,True,470
ER (avg deg 4),"linear, continuous T",oracle,17,peer,0.5,0.5289253432549942,0.05085956462809196,True,470
ER (avg deg 4),"linear, continuous T",linear (correct),17,direct,1.0,0.9832545936682284,0.04324708253139232,True,470
ER (avg deg 4),"linear, continuous T",linear (correct),17,peer,0.5,0.5147509222672628,0.05505497304945209,True,470
ER (avg deg 4),"paper eq. 38, binary T",oracle,17,direct,10.0,10.027230558609133,0.09152847195123642,True,470
ER (avg deg 4),"paper eq. 38, binary T",oracle,17,peer,5.0,5.122548128700775,0.0714000559136971,True,470
"BA (m=2, hubs)","linear, continuous T",oracle,17,direct,1.0,1.0461047638987948,0.04687808804624466,True,317
"BA (m=2, hubs)","linear, continuous T",oracle,17,peer,0.5,0.486643251249531,0.07583454403274123,True,317
"BA (m=2, hubs)","linear, continuous T",linear (correct),17,direct,1.0,1.0446636144053656,0.050818658516665595,True,317
"BA (m=2, hubs)","linear, continuous T",linear (correct),17,peer,0.5,0.492552025374843,0.08197970196816781,True,317
"BA (m=2, hubs)","paper eq. 38, binary T",oracle,17,direct,10.0,10.049005415291164,0.10566992874129948,True,317
"BA (m=2, hubs)","paper eq. 38, binary T",oracle,17,peer,5.0,4.9796407082606855,0.08498552725217942,True,317
SBM (40 blocks),"linear, continuous T",oracle,17,direct,1.0,1.1308555229411532,0.06890964964507522,True,225
SBM (40 blocks),"linear, continuous T",oracle,17,peer,0.5,0.5981770383252415,0.11837998555072113,True,225
SBM (40 blocks),"linear, continuous T",linear (correct),17,direct,1.0,1.1396979917820107,0.07154352728704737,True,225
SBM (40 blocks),"linear, continuous T",linear (correct),17,peer,0.5,0.6365820155411919,0.12250232594472144,True,225
SBM (40 blocks),"paper eq. 38, binary T",oracle,17,direct,10.0,9.705368998471505,0.14506150620770236,False,225
SBM (40 blocks),"paper eq. 38, binary T",oracle,17,peer,5.0,5.126723522696781,0.09577196992188189,True,225
ER (avg deg 4),"linear, continuous T",oracle,18,direct,1.0,1.021030107913411,0.0504862031946005,True,444
ER (avg deg 4),"linear, continuous T",oracle,18,peer,0.5,0.5866888138256584,0.058911140835224404,True,444
ER (avg deg 4),"linear, continuous T",linear (correct),18,direct,1.0,1.016383066930966,0.049191349293783125,True,444
ER (avg deg 4),"linear, continuous T",linear (correct),18,peer,0.5,0.5914546154484773,0.05772579716568772,True,444
ER (avg deg 4),"paper eq. 38, binary T",oracle,18,direct,10.0,10.107388391875572,0.09412344714862658,True,444
ER (avg deg 4),"paper eq. 38, binary T",oracle,18,peer,5.0,4.977972363935868,0.07789111908582608,True,444
"BA (m=2, hubs)","linear, continuous T",oracle,18,direct,1.0,0.9695071822758282,0.04840072972359756,True,307
"BA (m=2, hubs)","linear, continuous T",oracle,18,peer,0.5,0.5646475999773809,0.08346877881150391,True,307
"BA (m=2, hubs)","linear, continuous T",linear (correct),18,direct,1.0,0.966782271512201,0.048165172119951534,True,307
"BA (m=2, hubs)","linear, continuous T",linear (correct),18,peer,0.5,0.5608196626874621,0.08386230194573127,True,307
"BA (m=2, hubs)","paper eq. 38, binary T",oracle,18,direct,10.0,10.147887660593248,0.11295235364543343,True,307
"BA (m=2, hubs)","paper eq. 38, binary T",oracle,18,peer,5.0,5.059795389578868,0.07074406997940515,True,307
SBM (40 blocks),"linear, continuous T",oracle,18,direct,1.0,1.1455164972205463,0.0728367822891556,False,225
SBM (40 blocks),"linear, continuous T",oracle,18,peer,0.5,0.35959476598978163,0.1179540295221744,True,225
SBM (40 blocks),"linear, continuous T",linear (correct),18,direct,1.0,1.1348563077717773,0.06964095285713331,True,225
SBM (40 blocks),"linear, continuous T",linear (correct),18,peer,0.5,0.39649044184250326,0.11425211945567303,True,225
SBM (40 blocks),"paper eq. 38, binary T",oracle,18,direct,10.0,9.846975611524506,0.14074444680125228,True,225
SBM (40 blocks),"paper eq. 38, binary T",oracle,18,peer,5.0,5.027346722681086,0.06610888297301457,True,225
ER (avg deg 4),"linear, continuous T",oracle,19,direct,1.0,1.0062248300570036,0.04544134102215105,True,462
ER (avg deg 4),"linear, continuous T",oracle,19,peer,0.5,0.5816281743649492,0.05526305438814383,True,462
ER (avg deg 4),"linear, continuous T",linear (correct),19,direct,1.0,0.998245098724545,0.04737419927733125,True,462
ER (avg deg 4),"linear, continuous T",linear (correct),19,peer,0.5,0.587850834471194,0.05563319065828845,True,462
ER (avg deg 4),"paper eq. 38, binary T",oracle,19,direct,10.0,10.06020770547904,0.09429447379769647,True,462
ER (avg deg 4),"paper eq. 38, binary T",oracle,19,peer,5.0,5.084273194292015,0.06736689360490059,True,462
"BA (m=2, hubs)","linear, continuous T",oracle,19,direct,1.0,0.9501755882428531,0.05675300469549443,True,310
"BA (m=2, hubs)","linear, continuous T",oracle,19,peer,0.5,0.5350818168170767,0.07695458025956776,True,310
"BA (m=2, hubs)","linear, continuous T",linear (correct),19,direct,1.0,0.9570244228357506,0.057341853051509885,True,310
"BA (m=2, hubs)","linear, continuous T",linear (correct),19,peer,0.5,0.5293461692235392,0.07823548555440302,True,310
"BA (m=2, hubs)","paper eq. 38, binary T",oracle,19,direct,10.0,9.909147514662134,0.10519400593332413,True,310
"BA (m=2, hubs)","paper eq. 38, binary T",oracle,19,peer,5.0,4.866303011819332,0.07549897712669808,True,310
SBM (40 blocks),"linear, continuous T",oracle,19,direct,1.0,1.0459171536724532,0.0724590851749453,True,237
SBM (40 blocks),"linear, continuous T",oracle,19,peer,0.5,0.4169764057688187,0.11014874164674054,True,237
SBM (40 blocks),"linear, continuous T",linear (correct),19,direct,1.0,1.0386405594325572,0.0750996656488793,True,237
SBM (40 blocks),"linear, continuous T",linear (correct),19,peer,0.5,0.409874852925587,0.11319324875875972,True,237
SBM (40 blocks),"paper eq. 38, binary T",oracle,19,direct,10.0,10.166145504570585,0.11480296285659398,True,237
SBM (40 blocks),"paper eq. 38, binary T",oracle,19,peer,5.0,5.065879875369179,0.0692961807835298,True,237
ER (avg deg 4),"linear, continuous T",oracle,20,direct,1.0,1.0976477414241808,0.046530216327702385,False,473
ER (avg deg 4),"linear, continuous T",oracle,20,peer,0.5,0.4750966158117264,0.0649678622866909,True,473
ER (avg deg 4),"linear, continuous T",linear (correct),20,direct,1.0,1.099350395796102,0.04654905477671053,False,473
ER (avg deg 4),"linear, continuous T",linear (correct),20,peer,0.5,0.47360079284079215,0.06504102777862611,True,473
ER (avg deg 4),"paper eq. 38, binary T",oracle,20,direct,10.0,10.011438500355524,0.08434025101881332,True,473
ER (avg deg 4),"paper eq. 38, binary T",oracle,20,peer,5.0,4.941288186051212,0.0688114880979625,True,473
"BA (m=2, hubs)","linear, continuous T",oracle,20,direct,1.0,1.0722897376480656,0.05380250376484178,True,303
"BA (m=2, hubs)","linear, continuous T",oracle,20,peer,0.5,0.5008120794841934,0.07364229981169927,True,303
"BA (m=2, hubs)","linear, continuous T",linear (correct),20,direct,1.0,1.0726117083163136,0.05513085033506719,True,303
"BA (m=2, hubs)","linear, continuous T",linear (correct),20,peer,0.5,0.5011482859579924,0.07436273518433446,True,303
"BA (m=2, hubs)","paper eq. 38, binary T",oracle,20,direct,10.0,9.855915199159126,0.11250122951929155,True,303
"BA (m=2, hubs)","paper eq. 38, binary T",oracle,20,peer,5.0,5.134686674262901,0.07329140706523452,True,303
SBM (40 blocks),"linear, continuous T",oracle,20,direct,1.0,1.0605492993575187,0.0657250735896241,True,228
SBM (40 blocks),"linear, continuous T",oracle,20,peer,0.5,0.5526184174801378,0.11144438651677638,True,228
SBM (40 blocks),"linear, continuous T",linear (correct),20,direct,1.0,1.0478249356269604,0.06642801253955784,True,228
SBM (40 blocks),"linear, continuous T",linear (correct),20,peer,0.5,0.5586097455479524,0.1164965904166279,True,228
SBM (40 blocks),"paper eq. 38, binary T",oracle,20,direct,10.0,9.887405161020686,0.12184067646205837,True,228
SBM (40 blocks),"paper eq. 38, binary T",oracle,20,peer,5.0,5.1722023585984855,0.0656822504670862,False,228
ER (avg deg 4),"linear, continuous T",oracle,21,direct,1.0,0.9642848608801018,0.0541746337864518,True,474
ER (avg deg 4),"linear, continuous T",oracle,21,peer,0.5,0.5296916779562406,0.05966664757716389,True,474
ER (avg deg 4),"linear, continuous T",linear (correct),21,direct,1.0,0.9605627759205213,0.05303696036917925,True,474
ER (avg deg 4),"linear, continuous T",linear (correct),21,peer,0.5,0.5169885544118592,0.0593342967849646,True,474
ER (avg deg 4),"paper eq. 38, binary T",oracle,21,direct,10.0,10.043067169844214,0.08858657482268036,True,474
ER (avg deg 4),"paper eq. 38, binary T",oracle,21,peer,5.0,5.067149016884957,0.05862294067896329,True,474
"BA (m=2, hubs)","linear, continuous T",oracle,21,direct,1.0,1.0161320158298452,0.05364800989118143,True,317
"BA (m=2, hubs)","linear, continuous T",oracle,21,peer,0.5,0.44494122700045724,0.0720397346847779,True,317
"BA (m=2, hubs)","linear, continuous T",linear (correct),21,direct,1.0,1.0045415328067355,0.05393557706209172,True,317
"BA (m=2, hubs)","linear, continuous T",linear (correct),21,peer,0.5,0.4269951735444155,0.07185317404090337,True,317
"BA (m=2, hubs)","paper eq. 38, binary T",oracle,21,direct,10.0,10.11201987487782,0.11155268374167832,True,317
"BA (m=2, hubs)","paper eq. 38, binary T",oracle,21,peer,5.0,5.072241937440937,0.07542737796419181,True,317
SBM (40 blocks),"linear, continuous T",oracle,21,direct,1.0,0.9029481460504526,0.06807489947320294,True,226
SBM (40 blocks),"linear, continuous T",oracle,21,peer,0.5,0.5722751537175955,0.09438470517168725,True,226
SBM (40 blocks),"linear, continuous T",linear (correct),21,direct,1.0,0.9296461509871495,0.0629828594288144,True,226
SBM (40 blocks),"linear, continuous T",linear (correct),21,peer,0.5,0.5693183600829286,0.0914809810864699,True,226
SBM (40 blocks),"paper eq. 38, binary T",oracle,21,direct,10.0,10.237406282170769,0.15383427851636872,True,226
SBM (40 blocks),"paper eq. 38, binary T",oracle,21,peer,5.0,5.012874669308873,0.0665313164857076,True,226
ER (avg deg 4),"linear, continuous T",oracle,22,direct,1.0,1.016433558132687,0.04905194666194988,True,463
ER (avg deg 4),"linear, continuous T",oracle,22,peer,0.5,0.518498261324494,0.0636460565134414,True,463
ER (avg deg 4),"linear, continuous T",linear (correct),22,direct,1.0,1.0196231695159033,0.048185053473530325,True,463
ER (avg deg 4),"linear, continuous T",linear (correct),22,peer,0.5,0.5175689662100836,0.06226908941620829,True,463
ER (avg deg 4),"paper eq. 38, binary T",oracle,22,direct,10.0,10.117023397242235,0.09318942081358883,True,463
ER (avg deg 4),"paper eq. 38, binary T",oracle,22,peer,5.0,4.794500806283733,0.06250302383094267,False,463
"BA (m=2, hubs)","linear, continuous T",oracle,22,direct,1.0,0.9171062895408975,0.0641274330524871,True,301
"BA (m=2, hubs)","linear, continuous T",oracle,22,peer,0.5,0.5363176438475123,0.0818806952463031,True,301
"BA (m=2, hubs)","linear, continuous T",linear (correct),22,direct,1.0,0.9159492152717902,0.060175857776474995,True,301
"BA (m=2, hubs)","linear, continuous T",linear (correct),22,peer,0.5,0.5443881419194363,0.08123513780119979,True,301
"BA (m=2, hubs)","paper eq. 38, binary T",oracle,22,direct,10.0,10.07067040749994,0.10403058206622394,True,301
"BA (m=2, hubs)","paper eq. 38, binary T",oracle,22,peer,5.0,4.99580949873263,0.07834686581484325,True,301
SBM (40 blocks),"linear, continuous T",oracle,22,direct,1.0,0.9934134095343379,0.06346127457094838,True,235
SBM (40 blocks),"linear, continuous T",oracle,22,peer,0.5,0.3633423558375337,0.1147882464901175,True,235
SBM (40 blocks),"linear, continuous T",linear (correct),22,direct,1.0,0.9908506601371209,0.0615055109352822,True,235
SBM (40 blocks),"linear, continuous T",linear (correct),22,peer,0.5,0.3867309802812159,0.11111366989107115,True,235
SBM (40 blocks),"paper eq. 38, binary T",oracle,22,direct,10.0,10.172379463426891,0.12026612992766957,True,235
SBM (40 blocks),"paper eq. 38, binary T",oracle,22,peer,5.0,4.983121147248655,0.06527514300277078,True,235
ER (avg deg 4),"linear, continuous T",oracle,23,direct,1.0,0.9804466262147019,0.043367069063153595,True,465
ER (avg deg 4),"linear, continuous T",oracle,23,peer,0.5,0.5434789269929562,0.05746752271609032,True,465
ER (avg deg 4),"linear, continuous T",linear (correct),23,direct,1.0,0.9937075175766482,0.044926388437048125,True,465
ER (avg deg 4),"linear, continuous T",linear (correct),23,peer,0.5,0.5354858700946143,0.05814719930441504,True,465
ER (avg deg 4),"paper eq. 38, binary T",oracle,23,direct,10.0,9.962121410913154,0.08554435984338715,True,465
ER (avg deg 4),"paper eq. 38, binary T",oracle,23,peer,5.0,5.07309069312644,0.06890503366481657,True,465
"BA (m=2, hubs)","linear, continuous T",oracle,23,direct,1.0,0.9714366519774695,0.049984003304764414,True,303
"BA (m=2, hubs)","linear, continuous T",oracle,23,peer,0.5,0.474371358603938,0.08228769413383685,True,303
"BA (m=2, hubs)","linear, continuous T",linear (correct),23,direct,1.0,0.9811272677467942,0.05095087113204092,True,303
"BA (m=2, hubs)","linear, continuous T",linear (correct),23,peer,0.5,0.46298638271952314,0.08622060648237266,True,303
"BA (m=2, hubs)","paper eq. 38, binary T",oracle,23,direct,10.0,9.891378210095365,0.10857551429937164,True,303
"BA (m=2, hubs)","paper eq. 38, binary T",oracle,23,peer,5.0,4.977971640587937,0.0690120979973383,True,303
SBM (40 blocks),"linear, continuous T",oracle,23,direct,1.0,0.9386052071204014,0.06439815544410424,True,236
SBM (40 blocks),"linear, continuous T",oracle,23,peer,0.5,0.6914965055895301,0.10320679598374326,True,236
SBM (40 blocks),"linear, continuous T",linear (correct),23,direct,1.0,0.9573034445494013,0.06535244158911982,True,236
SBM (40 blocks),"linear, continuous T",linear (correct),23,peer,0.5,0.7261446795708176,0.11175888995379299,False,236
SBM (40 blocks),"paper eq. 38, binary T",oracle,23,direct,10.0,10.098748067845248,0.12940734665480197,True,236
SBM (40 blocks),"paper eq. 38, binary T",oracle,23,peer,5.0,4.960557193720201,0.11456466697951082,True,236
ER (avg deg 4),"linear, continuous T",oracle,24,direct,1.0,1.067144350371045,0.03885591087992869,True,463
ER (avg deg 4),"linear, continuous T",oracle,24,peer,0.5,0.5120686393455328,0.061941596920079195,True,463
ER (avg deg 4),"linear, continuous T",linear (correct),24,direct,1.0,1.0800851899718875,0.04075237414391511,False,463
ER (avg deg 4),"linear, continuous T",linear (correct),24,peer,0.5,0.5234976241116507,0.06448995189783424,True,463
ER (avg deg 4),"paper eq. 38, binary T",oracle,24,direct,10.0,9.853543482327469,0.09554589488922728,True,463
ER (avg deg 4),"paper eq. 38, binary T",oracle,24,peer,5.0,5.110805625095928,0.08152632813383011,True,463
"BA (m=2, hubs)","linear, continuous T",oracle,24,direct,1.0,0.9633099200809099,0.05292907877972375,True,303
"BA (m=2, hubs)","linear, continuous T",oracle,24,peer,0.5,0.5683983054054982,0.0895394712697128,True,303
"BA (m=2, hubs)","linear, continuous T",linear (correct),24,direct,1.0,0.9513164550671964,0.05529197906968576,True,303
"BA (m=2, hubs)","linear, continuous T",linear (correct),24,peer,0.5,0.5613811889581615,0.09174537008693594,True,303
"BA (m=2, hubs)","paper eq. 38, binary T",oracle,24,direct,10.0,9.986299333728745,0.10811851596542335,True,303
"BA (m=2, hubs)","paper eq. 38, binary T",oracle,24,peer,5.0,5.000155895008613,0.07630438873200145,True,303
SBM (40 blocks),"linear, continuous T",oracle,24,direct,1.0,0.9306629070376011,0.07262682350717481,True,239
SBM (40 blocks),"linear, continuous T",oracle,24,peer,0.5,0.47730559637098213,0.11113443359464541,True,239
SBM (40 blocks),"linear, continuous T",linear (correct),24,direct,1.0,0.9367887576672762,0.0738016961585718,True,239
SBM (40 blocks),"linear, continuous T",linear (correct),24,peer,0.5,0.5090064152028716,0.11196636927943097,True,239
SBM (40 blocks),"paper eq. 38, binary T",oracle,24,direct,10.0,10.190910228030177,0.13348268717786652,True,239
SBM (40 blocks),"paper eq. 38, binary T",oracle,24,peer,5.0,4.965751896841557,0.09960172346686197,True,239
ER (avg deg 4),"linear, continuous T",oracle,25,direct,1.0,1.022226371486536,0.04796451403725756,True,446
ER (avg deg 4),"linear, continuous T",oracle,25,peer,0.5,0.4526873755150156,0.06126767448074381,True,446
ER (avg deg 4),"linear, continuous T",linear (correct),25,direct,1.0,1.0238841760372992,0.04867812079244869,True,446
ER (avg deg 4),"linear, continuous T",linear (correct),25,peer,0.5,0.46749717939541224,0.06285604260057377,True,446
ER (avg deg 4),"paper eq. 38, binary T",oracle,25,direct,10.0,9.987668116541615,0.10546568215576556,True,446
ER (avg deg 4),"paper eq. 38, binary T",oracle,25,peer,5.0,5.00425024004052,0.0632654549272408,True,446
"BA (m=2, hubs)","linear, continuous T",oracle,25,direct,1.0,0.9579270916483879,0.05012551332258611,True,318
"BA (m=2, hubs)","linear, continuous T",oracle,25,peer,0.5,0.608534191940689,0.07236357774303018,True,318
"BA (m=2, hubs)","linear, continuous T",linear (correct),25,direct,1.0,0.9619460947676797,0.05217214312393966,True,318
"BA (m=2, hubs)","linear, continuous T",linear (correct),25,peer,0.5,0.6127772886386333,0.07494224648966458,True,318
"BA (m=2, hubs)","paper eq. 38, binary T",oracle,25,direct,10.0,10.02444182470915,0.11014418388293336,True,318
"BA (m=2, hubs)","paper eq. 38, binary T",oracle,25,peer,5.0,5.070845364754877,0.07904421572089003,True,318
SBM (40 blocks),"linear, continuous T",oracle,25,direct,1.0,0.953001761516722,0.06480358366057636,True,247
SBM (40 blocks),"linear, continuous T",oracle,25,peer,0.5,0.5255426951852846,0.12254178578331125,True,247
SBM (40 blocks),"linear, continuous T",linear (correct),25,direct,1.0,0.9383850618396735,0.0647960208432125,True,247
SBM (40 blocks),"linear, continuous T",linear (correct),25,peer,0.5,0.5304481234792635,0.12762542106210586,True,247
SBM (40 blocks),"paper eq. 38, binary T",oracle,25,direct,10.0,10.119620059609703,0.12749967104705318,True,247
SBM (40 blocks),"paper eq. 38, binary T",oracle,25,peer,5.0,5.091393252237933,0.06858500157729201,True,247
ER (avg deg 4),"linear, continuous T",oracle,26,direct,1.0,0.9897801484941772,0.04394376484648429,True,446
ER (avg deg 4),"linear, continuous T",oracle,26,peer,0.5,0.48099502841890995,0.06802629306673197,True,446
ER (avg deg 4),"linear, continuous T",linear (correct),26,direct,1.0,1.0035915137182583,0.04247507957099003,True,446
ER (avg deg 4),"linear, continuous T",linear (correct),26,peer,0.5,0.49878420377055693,0.06928870731375388,True,446
ER (avg deg 4),"paper eq. 38, binary T",oracle,26,direct,10.0,10.107083559780962,0.09137294514035275,True,446
ER (avg deg 4),"paper eq. 38, binary T",oracle,26,peer,5.0,4.95163833877566,0.06516022164757909,True,446
"BA (m=2, hubs)","linear, continuous T",oracle,26,direct,1.0,0.9667137095421615,0.04995400642630264,True,319
"BA (m=2, hubs)","linear, continuous T",oracle,26,peer,0.5,0.637792854103885,0.07721299045031095,True,319
"BA (m=2, hubs)","linear, continuous T",linear (correct),26,direct,1.0,0.9631090988315966,0.049050551232690476,True,319
"BA (m=2, hubs)","linear, continuous T",linear (correct),26,peer,0.5,0.6346526682948143,0.07660774679421652,True,319
"BA (m=2, hubs)","paper eq. 38, binary T",oracle,26,direct,10.0,10.120303930657586,0.10143676102372891,True,319
"BA (m=2, hubs)","paper eq. 38, binary T",oracle,26,peer,5.0,5.047325581362359,0.06490688922477705,True,319
SBM (40 blocks),"linear, continuous T",oracle,26,direct,1.0,1.0689620836319251,0.050203766391476126,True,226
SBM (40 blocks),"linear, continuous T",oracle,26,peer,0.5,0.42931888889712144,0.11225295314504866,True,226
SBM (40 blocks),"linear, continuous T",linear (correct),26,direct,1.0,1.0635841803585566,0.05108587665302651,True,226
SBM (40 blocks),"linear, continuous T",linear (correct),26,peer,0.5,0.417420453655279,0.11133591893871876,True,226
SBM (40 blocks),"paper eq. 38, binary T",oracle,26,direct,10.0,10.05865818720279,0.1335006881970843,True,226
SBM (40 blocks),"paper eq. 38, binary T",oracle,26,peer,5.0,5.013600045627503,0.04962608168629258,True,226
ER (avg deg 4),"linear, continuous T",oracle,27,direct,1.0,0.9806215954676514,0.04395702476319108,True,467
ER (avg deg 4),"linear, continuous T",oracle,27,peer,0.5,0.46597571425482776,0.05681715432974401,True,467
ER (avg deg 4),"linear, continuous T",linear (correct),27,direct,1.0,0.9739353185805001,0.04195004685209031,True,467
ER (avg deg 4),"linear, continuous T",linear (correct),27,peer,0.5,0.4793930895035627,0.054783175951395376,True,467
ER (avg deg 4),"paper eq. 38, binary T",oracle,27,direct,10.0,9.954428117405165,0.1076814763827831,True,467
ER (avg deg 4),"paper eq. 38, binary T",oracle,27,peer,5.0,5.007703055927952,0.0667582332795632,True,467
"BA (m=2, hubs)","linear, continuous T",oracle,27,direct,1.0,0.9910226789819125,0.06909380381758515,True,318
"BA (m=2, hubs)","linear, continuous T",oracle,27,peer,0.5,0.6214365018958959,0.08452369698031237,True,318
"BA (m=2, hubs)","linear, continuous T",linear (correct),27,direct,1.0,0.9903839961634952,0.06925362558857544,True,318
"BA (m=2, hubs)","linear, continuous T",linear (correct),27,peer,0.5,0.6256974709885282,0.08420057302531873,True,318
"BA (m=2, hubs)","paper eq. 38, binary T",oracle,27,direct,10.0,9.906783163139721,0.11139943447593349,True,318
"BA (m=2, hubs)","paper eq. 38, binary T",oracle,27,peer,5.0,5.042428122300314,0.09263750167810239,True,318
SBM (40 blocks),"linear, continuous T",oracle,27,direct,1.0,1.0819059560732982,0.08261330969815793,True,247
SBM (40 blocks),"linear, continuous T",oracle,27,peer,0.5,0.4808756802765111,0.09939830575002487,True,247
SBM (40 blocks),"linear, continuous T",linear (correct),27,direct,1.0,1.0747103887166107,0.08091317723123653,True,247
SBM (40 blocks),"linear, continuous T",linear (correct),27,peer,0.5,0.47964658261456194,0.09721153416472642,True,247
SBM (40 blocks),"paper eq. 38, binary T",oracle,27,direct,10.0,9.971595619429454,0.1285475600803216,True,247
SBM (40 blocks),"paper eq. 38, binary T",oracle,27,peer,5.0,4.986619357487174,0.08085198779528402,True,247
ER (avg deg 4),"linear, continuous T",oracle,28,direct,1.0,0.9877081568628923,0.05266193140579316,True,443
ER (avg deg 4),"linear, continuous T",oracle,28,peer,0.5,0.5377344643064822,0.06485766731603046,True,443
ER (avg deg 4),"linear, continuous T",linear (correct),28,direct,1.0,0.9876944851998501,0.0530420648940958,True,443
ER (avg deg 4),"linear, continuous T",linear (correct),28,peer,0.5,0.5402121858908286,0.06514457344920667,True,443
ER (avg deg 4),"paper eq. 38, binary T",oracle,28,direct,10.0,10.096400386552352,0.08460598408050046,True,443
ER (avg deg 4),"paper eq. 38, binary T",oracle,28,peer,5.0,5.0919546036947265,0.0659691231513826,True,443
"BA (m=2, hubs)","linear, continuous T",oracle,28,direct,1.0,0.9694755538358858,0.051937484111762224,True,305
"BA (m=2, hubs)","linear, continuous T",oracle,28,peer,0.5,0.41462848180945955,0.0913261241395343,True,305
"BA (m=2, hubs)","linear, continuous T",linear (correct),28,direct,1.0,0.9736209526294675,0.04918300278153275,True,305
"BA (m=2, hubs)","linear, continuous T",linear (correct),28,peer,0.5,0.4038229425901215,0.08842309386552606,True,305
"BA (m=2, hubs)","paper eq. 38, binary T",oracle,28,direct,10.0,10.049946688696883,0.11591377302214387,True,305
"BA (m=2, hubs)","paper eq. 38, binary T",oracle,28,peer,5.0,5.022885002620628,0.07727795542979411,True,305
SBM (40 blocks),"linear, continuous T",oracle,28,direct,1.0,0.9230016574291758,0.06746622627777973,True,231
SBM (40 blocks),"linear, continuous T",oracle,28,peer,0.5,0.3576611468000631,0.12831411694077852,True,231
SBM (40 blocks),"linear, continuous T",linear (correct),28,direct,1.0,0.9508517037391306,0.06969570325885745,True,231
SBM (40 blocks),"linear, continuous T",linear (correct),28,peer,0.5,0.3478444379050664,0.13481159590636,True,231
SBM (40 blocks),"paper eq. 38, binary T",oracle,28,direct,10.0,10.09905085565068,0.1347269654901845,True,231
SBM (40 blocks),"paper eq. 38, binary T",oracle,28,peer,5.0,5.127506604124273,0.07522643889521537,True,231
ER (avg deg 4),"linear, continuous T",oracle,29,direct,1.0,1.0250281033919142,0.04984586226986192,True,456
ER (avg deg 4),"linear, continuous T",oracle,29,peer,0.5,0.48360489828299263,0.06677464443275768,True,456
ER (avg deg 4),"linear, continuous T",linear (correct),29,direct,1.0,1.0110976644551548,0.04748473480473685,True,456
ER (avg deg 4),"linear, continuous T",linear (correct),29,peer,0.5,0.47380814022934203,0.06524145799893181,True,456
ER (avg deg 4),"paper eq. 38, binary T",oracle,29,direct,10.0,9.972687820884692,0.09966503976395548,True,456
ER (avg deg 4),"paper eq. 38, binary T",oracle,29,peer,5.0,5.03168184334792,0.07833139549906602,True,456
"BA (m=2, hubs)","linear, continuous T",oracle,29,direct,1.0,1.023444186261093,0.0588515403339627,True,317
"BA (m=2, hubs)","linear, continuous T",oracle,29,peer,0.5,0.5141537495673961,0.08600304214101387,True,317
"BA (m=2, hubs)","linear, continuous T",linear (correct),29,direct,1.0,1.0269494796797634,0.060519030022690726,True,317
"BA (m=2, hubs)","linear, continuous T",linear (correct),29,peer,0.5,0.5227775328453251,0.0882119137080101,True,317
"BA (m=2, hubs)","paper eq. 38, binary T",oracle,29,direct,10.0,10.083776310451455,0.12638794237063397,True,317
"BA (m=2, hubs)","paper eq. 38, binary T",oracle,29,peer,5.0,5.060638605335811,0.06731061284396636,True,317
SBM (40 blocks),"linear, continuous T",oracle,29,direct,1.0,0.8880533867606751,0.08178152812103429,True,238
SBM (40 blocks),"linear, continuous T",oracle,29,peer,0.5,0.6057451446536493,0.10240023666699245,True,238
SBM (40 blocks),"linear, continuous T",linear (correct),29,direct,1.0,0.8994085778858597,0.0824900565323932,True,238
SBM (40 blocks),"linear, continuous T",linear (correct),29,peer,0.5,0.5904395307440672,0.10135606774882058,True,238
SBM (40 blocks),"paper eq. 38, binary T",oracle,29,direct,10.0,9.91735357673452,0.13188815605072518,True,238
SBM (40 blocks),"paper eq. 38, binary T",oracle,29,peer,5.0,4.977118273892625,0.0748872494834868,True,238
ER (avg deg 4),"linear, continuous T",oracle,30,direct,1.0,1.030872865447619,0.043967777902889575,True,445
ER (avg deg 4),"linear, continuous T",oracle,30,peer,0.5,0.4662320676805855,0.06058138048982274,True,445
ER (avg deg 4),"linear, continuous T",linear (correct),30,direct,1.0,1.0372427710159153,0.04446652735758381,True,445
ER (avg deg 4),"linear, continuous T",linear (correct),30,peer,0.5,0.4677336225580919,0.0594971099349906,True,445
ER (avg deg 4),"paper eq. 38, binary T",oracle,30,direct,10.0,9.99277986743797,0.09544301738912345,True,445
ER (avg deg 4),"paper eq. 38, binary T",oracle,30,peer,5.0,5.0336180800321735,0.07039066646381062,True,445
"BA (m=2, hubs)","linear, continuous T",oracle,30,direct,1.0,1.058884232658789,0.0590891130519802,True,313
"BA (m=2, hubs)","linear, continuous T",oracle,30,peer,0.5,0.5641414150142845,0.08924617506687171,True,313
"BA (m=2, hubs)","linear, continuous T",linear (correct),30,direct,1.0,1.060690129301079,0.06201441601329218,True,313
"BA (m=2, hubs)","linear, continuous T",linear (correct),30,peer,0.5,0.5729446610611281,0.09232657733300723,True,313
"BA (m=2, hubs)","paper eq. 38, binary T",oracle,30,direct,10.0,9.913195988416897,0.11875459952802361,True,313
"BA (m=2, hubs)","paper eq. 38, binary T",oracle,30,peer,5.0,4.9915296824736455,0.07180123744405773,True,313
SBM (40 blocks),"linear, continuous T",oracle,30,direct,1.0,1.034740343294381,0.06517495367365296,True,236
SBM (40 blocks),"linear, continuous T",oracle,30,peer,0.5,0.572129658708763,0.09012183004198922,True,236
SBM (40 blocks),"linear, continuous T",linear (correct),30,direct,1.0,1.0278612733406118,0.06878335191774128,True,236
SBM (40 blocks),"linear, continuous T",linear (correct),30,peer,0.5,0.5756966606709655,0.09100217678550522,True,236
SBM (40 blocks),"paper eq. 38, binary T",oracle,30,direct,10.0,9.751015649795443,0.14615110156302744,True,236
SBM (40 blocks),"paper eq. 38, binary T",oracle,30,peer,5.0,5.010917327312022,0.07666085541672599,True,236
ER (avg deg 4),"linear, continuous T",oracle,31,direct,1.0,1.1245860113816302,0.050164620938007255,False,455
ER (avg deg 4),"linear, continuous T",oracle,31,peer,0.5,0.38941245552923837,0.054720770731324545,False,455
ER (avg deg 4),"linear, continuous T",linear (correct),31,direct,1.0,1.1311983427538286,0.04925642264326911,False,455
ER (avg deg 4),"linear, continuous T",linear (correct),31,peer,0.5,0.38723859408590094,0.0565428105671792,False,455
ER (avg deg 4),"paper eq. 38, binary T",oracle,31,direct,10.0,10.089141268247104,0.09741870564488056,True,455
ER (avg deg 4),"paper eq. 38, binary T",oracle,31,peer,5.0,4.9417669792804535,0.07478857537660119,True,455
"BA (m=2, hubs)","linear, continuous T",oracle,31,direct,1.0,0.967322420327723,0.050636651439719134,True,315
"BA (m=2, hubs)","linear, continuous T",oracle,31,peer,0.5,0.573643060884058,0.08598551947188274,True,315
"BA (m=2, hubs)","linear, continuous T",linear (correct),31,direct,1.0,0.9664948816463934,0.05049164451051692,True,315
"BA (m=2, hubs)","linear, continuous T",linear (correct),31,peer,0.5,0.5662462958660676,0.08544559499019296,True,315
"BA (m=2, hubs)","paper eq. 38, binary T",oracle,31,direct,10.0,10.264440745751918,0.11856487294326032,False,315
"BA (m=2, hubs)","paper eq. 38, binary T",oracle,31,peer,5.0,5.01901055915552,0.09027701535282748,True,315
SBM (40 blocks),"linear, continuous T",oracle,31,direct,1.0,1.0194481197103904,0.06977547765353086,True,237
SBM (40 blocks),"linear, continuous T",oracle,31,peer,0.5,0.5121836272214202,0.09937294882141658,True,237
SBM (40 blocks),"linear, continuous T",linear (correct),31,direct,1.0,1.0135215953109356,0.0706622242966557,True,237
SBM (40 blocks),"linear, continuous T",linear (correct),31,peer,0.5,0.5214133952959331,0.10158883907390712,True,237
SBM (40 blocks),"paper eq. 38, binary T",oracle,31,direct,10.0,10.167741731329459,0.14223589667194755,True,237
SBM (40 blocks),"paper eq. 38, binary T",oracle,31,peer,5.0,5.170099908729026,0.10184929133979664,True,237
ER (avg deg 4),"linear, continuous T",oracle,32,direct,1.0,0.9451309366084047,0.040336012291630065,True,455
ER (avg deg 4),"linear, continuous T",oracle,32,peer,0.5,0.4843800060668822,0.06244448941424453,True,455
ER (avg deg 4),"linear, continuous T",linear (correct),32,direct,1.0,0.934369551650659,0.04087586652514246,True,455
ER (avg deg 4),"linear, continuous T",linear (correct),32,peer,0.5,0.49521735167227243,0.062445085607183794,True,455
ER (avg deg 4),"paper eq. 38, binary T",oracle,32,direct,10.0,9.946130178505964,0.09861130006266515,True,455
ER (avg deg 4),"paper eq. 38, binary T",oracle,32,peer,5.0,4.927279585375013,0.06967886569170577,True,455
"BA (m=2, hubs)","linear, continuous T",oracle,32,direct,1.0,1.0091679011535635,0.07341494677352653,True,304
"BA (m=2, hubs)","linear, continuous T",oracle,32,peer,0.5,0.3599379952537142,0.0819217578132164,True,304
"BA (m=2, hubs)","linear, continuous T",linear (correct),32,direct,1.0,1.0033268288706256,0.07164939212275975,True,304
"BA (m=2, hubs)","linear, continuous T",linear (correct),32,peer,0.5,0.3503667877716386,0.07813921888423701,True,304
"BA (m=2, hubs)","paper eq. 38, binary T",oracle,32,direct,10.0,10.063185054970633,0.12826703199869402,True,304
"BA (m=2, hubs)","paper eq. 38, binary T",oracle,32,peer,5.0,4.964907231654913,0.07944693585690085,True,304
SBM (40 blocks),"linear, continuous T",oracle,32,direct,1.0,0.8497641531816479,0.06402023351529891,False,240
SBM (40 blocks),"linear, continuous T",oracle,32,peer,0.5,0.4080911927132758,0.11876215865337464,True,240
SBM (40 blocks),"linear, continuous T",linear (correct),32,direct,1.0,0.8677789173743652,0.06253214333633977,False,240
SBM (40 blocks),"linear, continuous T",linear (correct),32,peer,0.5,0.4228220818441489,0.1228180376352903,True,240
SBM (40 blocks),"paper eq. 38, binary T",oracle,32,direct,10.0,10.237861668585762,0.14501423865704793,True,240
SBM (40 blocks),"paper eq. 38, binary T",oracle,32,peer,5.0,5.1729126724981365,0.08662843332027725,False,240
ER (avg deg 4),"linear, continuous T",oracle,33,direct,1.0,0.9376909834429924,0.04574774233301638,True,446
ER (avg deg 4),"linear, continuous T",oracle,33,peer,0.5,0.5125610041098475,0.0781811797307925,True,446
ER (avg deg 4),"linear, continuous T",linear (correct),33,direct,1.0,0.9313926113908555,0.04646794262129152,True,446
ER (avg deg 4),"linear, continuous T",linear (correct),33,peer,0.5,0.5204243655184666,0.07751476594227377,True,446
ER (avg deg 4),"paper eq. 38, binary T",oracle,33,direct,10.0,9.891314608692772,0.0976861067363586,True,446
ER (avg deg 4),"paper eq. 38, binary T",oracle,33,peer,5.0,4.8354040661952,0.07876614733610383,False,446
"BA (m=2, hubs)","linear, continuous T",oracle,33,direct,1.0,0.9734219628738342,0.06198268427454778,True,305
"BA (m=2, hubs)","linear, continuous T",oracle,33,peer,0.5,0.5251239311371153,0.08975508537823063,True,305
"BA (m=2, hubs)","linear, continuous T",linear (correct),33,direct,1.0,0.9679902307416349,0.06142039312935724,True,305
"BA (m=2, hubs)","linear, continuous T",linear (correct),33,peer,0.5,0.5194512665500949,0.08926680570855083,True,305
"BA (m=2, hubs)","paper eq. 38, binary T",oracle,33,direct,10.0,9.807961211432325,0.10535278263471538,True,305
"BA (m=2, hubs)","paper eq. 38, binary T",oracle,33,peer,5.0,5.031662209009216,0.07763188331534572,True,305
SBM (40 blocks),"linear, continuous T",oracle,33,direct,1.0,1.0008859387167182,0.05867568452568701,True,244
SBM (40 blocks),"linear, continuous T",oracle,33,peer,0.5,0.5823082265158358,0.11968449588118954,True,244
SBM (40 blocks),"linear, continuous T",linear (correct),33,direct,1.0,1.012020386885096,0.05808984589929229,True,244
SBM (40 blocks),"linear, continuous T",linear (correct),33,peer,0.5,0.5411497147378032,0.11896522916873674,True,244
SBM (40 blocks),"paper eq. 38, binary T",oracle,33,direct,10.0,9.665515230885088,0.14632226580616373,False,244
SBM (40 blocks),"paper eq. 38, binary T",oracle,33,peer,5.0,4.956151543848379,0.07227744643831287,True,244
ER (avg deg 4),"linear, continuous T",oracle,34,direct,1.0,0.9622401201123956,0.04721850765911909,True,455
ER (avg deg 4),"linear, continuous T",oracle,34,peer,0.5,0.4513468673645694,0.0673703724476843,True,455
ER (avg deg 4),"linear, continuous T",linear (correct),34,direct,1.0,0.9623694919135253,0.045799073610129325,True,455
ER (avg deg 4),"linear, continuous T",linear (correct),34,peer,0.5,0.4572112120724996,0.06634486326744167,True,455
ER (avg deg 4),"paper eq. 38, binary T",oracle,34,direct,10.0,10.112568292389422,0.09063263698316301,True,455
ER (avg deg 4),"paper eq. 38, binary T",oracle,34,peer,5.0,5.053793674279541,0.07952582989066019,True,455
"BA (m=2, hubs)","linear, continuous T",oracle,34,direct,1.0,0.9975696965887243,0.06211061208954129,True,300
"BA (m=2, hubs)","linear, continuous T",oracle,34,peer,0.5,0.4959581538262277,0.09310429012402294,True,300
"BA (m=2, hubs)","linear, continuous T",linear (correct),34,direct,1.0,1.0056639954647197,0.055522862506323,True,300
"BA (m=2, hubs)","linear, continuous T",linear (correct),34,peer,0.5,0.503226952005807,0.08366259616614591,True,300
"BA (m=2, hubs)","paper eq. 38, binary T",oracle,34,direct,10.0,10.119737987576976,0.10824615037025274,True,300
"BA (m=2, hubs)","paper eq. 38, binary T",oracle,34,peer,5.0,4.931364807275331,0.07036283795366993,True,300
SBM (40 blocks),"linear, continuous T",oracle,34,direct,1.0,0.9809407147818076,0.06464096220729028,True,233
SBM (40 blocks),"linear, continuous T",oracle,34,peer,0.5,0.3138696015626617,0.12749128005383217,True,233
SBM (40 blocks),"linear, continuous T",linear (correct),34,direct,1.0,0.9737315684457989,0.05750299424305494,True,233
SBM (40 blocks),"linear, continuous T",linear (correct),34,peer,0.5,0.33885830259569044,0.11986960409297791,True,233
SBM (40 blocks),"paper eq. 38, binary T",oracle,34,direct,10.0,10.193303019294223,0.14310202694915017,True,233
SBM (40 blocks),"paper eq. 38, binary T",oracle,34,peer,5.0,5.0270446700870055,0.062874041494788,True,233
ER (avg deg 4),"linear, continuous T",oracle,35,direct,1.0,1.1461479825626442,0.04796541139824544,False,449
ER (avg deg 4),"linear, continuous T",oracle,35,peer,0.5,0.43483567397749207,0.059948712035269344,True,449
ER (avg deg 4),"linear, continuous T",linear (correct),35,direct,1.0,1.1393117449832852,0.04744981391244377,False,449
ER (avg deg 4),"linear, continuous T",linear (correct),35,peer,0.5,0.43123515367764953,0.0604264937526294,True,449
ER (avg deg 4),"paper eq. 38, binary T",oracle,35,direct,10.0,9.95366438686599,0.0854113465275924,True,449
ER (avg deg 4),"paper eq. 38, binary T",oracle,35,peer,5.0,4.933881848515293,0.05957309544106427,True,449
"BA (m=2, hubs)","linear, continuous T",oracle,35,direct,1.0,1.0617539108558631,0.054897627995890305,True,297
"BA (m=2, hubs)","linear, continuous T",oracle,35,peer,0.5,0.4710054826958168,0.08482618758804025,True,297
"BA (m=2, hubs)","linear, continuous T",linear (correct),35,direct,1.0,1.0522655988357728,0.05248874595175544,True,297
"BA (m=2, hubs)","linear, continuous T",linear (correct),35,peer,0.5,0.469923733415837,0.08090842290056202,True,297
"BA (m=2, hubs)","paper eq. 38, binary T",oracle,35,direct,10.0,10.209856288548231,0.13185274607762493,True,297
"BA (m=2, hubs)","paper eq. 38, binary T",oracle,35,peer,5.0,5.028950792242779,0.08966220502429327,True,297
SBM (40 blocks),"linear, continuous T",oracle,35,direct,1.0,0.9679719034298145,0.07485742276970332,True,227
SBM (40 blocks),"linear, continuous T",oracle,35,peer,0.5,0.5165445183984299,0.08977165875899339,True,227
SBM (40 blocks),"linear, continuous T",linear (correct),35,direct,1.0,0.9909906745994256,0.07642848664283834,True,227
SBM (40 blocks),"linear, continuous T",linear (correct),35,peer,0.5,0.5211322220974619,0.09082452336317351,True,227
SBM (40 blocks),"paper eq. 38, binary T",oracle,35,direct,10.0,9.78851692835158,0.14575892146825814,True,227
SBM (40 blocks),"paper eq. 38, binary T",oracle,35,peer,5.0,5.0124001312705255,0.09026691756614316,True,227
ER (avg deg 4),"linear, continuous T",oracle,36,direct,1.0,1.0464038413088463,0.04619509221878825,True,445
ER (avg deg 4),"linear, continuous T",oracle,36,peer,0.5,0.5263720245372827,0.06315913310143448,True,445
ER (avg deg 4),"linear, continuous T",linear (correct),36,direct,1.0,1.0422094425895947,0.04678503451646526,True,445
ER (avg deg 4),"linear, continuous T",linear (correct),36,peer,0.5,0.5353311905726144,0.062390392295060534,True,445
ER (avg deg 4),"paper eq. 38, binary T",oracle,36,direct,10.0,9.996243061094836,0.09374791061617352,True,445
ER (avg deg 4),"paper eq. 38, binary T",oracle,36,peer,5.0,4.906718752950537,0.0772646425652616,True,445
"BA (m=2, hubs)","linear, continuous T",oracle,36,direct,1.0,0.9195855666160158,0.050720833210493164,True,302
"BA (m=2, hubs)","linear, continuous T",oracle,36,peer,0.5,0.6130604743650119,0.07947436027512426,True,302
"BA (m=2, hubs)","linear, continuous T",linear (correct),36,direct,1.0,0.9273527090480114,0.054241833513730506,True,302
"BA (m=2, hubs)","linear, continuous T",linear (correct),36,peer,0.5,0.5890397025653646,0.07908823724887606,True,302
"BA (m=2, hubs)","paper eq. 38, binary T",oracle,36,direct,10.0,9.8970908471192,0.1336529310727744,True,302
"BA (m=2, hubs)","paper eq. 38, binary T",oracle,36,peer,5.0,4.917505698461031,0.08767619925794189,True,302
SBM (40 blocks),"linear, continuous T",oracle,36,direct,1.0,0.9881792006803302,0.06860962061506932,True,237
SBM (40 blocks),"linear, continuous T",oracle,36,peer,0.5,0.48891978191753954,0.08833462117041059,True,237
SBM (40 blocks),"linear, continuous T",linear (correct),36,direct,1.0,0.9870137250334426,0.0703099584406461,True,237
SBM (40 blocks),"linear, continuous T",linear (correct),36,peer,0.5,0.4737181487798514,0.08970940199206474,True,237
SBM (40 blocks),"paper eq. 38, binary T",oracle,36,direct,10.0,9.982560724420463,0.12307467402229821,True,237
SBM (40 blocks),"paper eq. 38, binary T",oracle,36,peer,5.0,5.106569512815931,0.06472385914035604,True,237
ER (avg deg 4),"linear, continuous T",oracle,37,direct,1.0,0.9142067573244957,0.04535774807793847,True,467
ER (avg deg 4),"linear, continuous T",oracle,37,peer,0.5,0.535526848488846,0.05427963914134117,True,467
ER (avg deg 4),"linear, continuous T",linear (correct),37,direct,1.0,0.920159907037548,0.04623967286508913,True,467
ER (avg deg 4),"linear, continuous T",linear (correct),37,peer,0.5,0.5450511687623106,0.055921399210655504,True,467
ER (avg deg 4),"paper eq. 38, binary T",oracle,37,direct,10.0,9.891731532191276,0.09091678207354652,True,467
ER (avg deg 4),"paper eq. 38, binary T",oracle,37,peer,5.0,5.06525259263007,0.06059279380111137,True,467
"BA (m=2, hubs)","linear, continuous T",oracle,37,direct,1.0,0.9983678147136864,0.05725932014056443,True,311
"BA (m=2, hubs)","linear, continuous T",oracle,37,peer,0.5,0.4243326007450074,0.07176593609744396,True,311
"BA (m=2, hubs)","linear, continuous T",linear (correct),37,direct,1.0,1.0013778315894577,0.056995083423195377,True,311
"BA (m=2, hubs)","linear, continuous T",linear (correct),37,peer,0.5,0.41993400073807957,0.07257923151746944,True,311
"BA (m=2, hubs)","paper eq. 38, binary T",oracle,37,direct,10.0,10.02276339876634,0.1107000008657486,True,311
"BA (m=2, hubs)","paper eq. 38, binary T",oracle,37,peer,5.0,4.956041266655186,0.0914701165686572,True,311
SBM (40 blocks),"linear, continuous T",oracle,37,direct,1.0,0.9782999414760915,0.05034192484560648,True,236
SBM (40 blocks),"linear, continuous T",oracle,37,peer,0.5,0.45282656548892747,0.12461139605269629,True,236
SBM (40 blocks),"linear, continuous T",linear (correct),37,direct,1.0,0.9681040789461437,0.051360809293869825,True,236
SBM (40 blocks),"linear, continuous T",linear (correct),37,peer,0.5,0.5221351547985487,0.12213469923400502,True,236
SBM (40 blocks),"paper eq. 38, binary T",oracle,37,direct,10.0,10.153822517708315,0.12512517750454102,True,236
SBM (40 blocks),"paper eq. 38, binary T",oracle,37,peer,5.0,4.965367200944216,0.07835865519458703,True,236
ER (avg deg 4),"linear, continuous T",oracle,38,direct,1.0,0.9501383831981053,0.04762870820064903,True,457
ER (avg deg 4),"linear, continuous T",oracle,38,peer,0.5,0.4956768624518406,0.06492305334301221,True,457
ER (avg deg 4),"linear, continuous T",linear (correct),38,direct,1.0,0.9619378097516209,0.050442383694394174,True,457
ER (avg deg 4),"linear, continuous T",linear (correct),38,peer,0.5,0.4890693755851491,0.066188412040651,True,457
ER (avg deg 4),"paper eq. 38, binary T",oracle,38,direct,10.0,9.930391505921339,0.09281118249716364,True,457
ER (avg deg 4),"paper eq. 38, binary T",oracle,38,peer,5.0,4.975472190722338,0.05731278028137258,True,457
"BA (m=2, hubs)","linear, continuous T",oracle,38,direct,1.0,1.0253489264065643,0.0572657571274236,True,307
"BA (m=2, hubs)","linear, continuous T",oracle,38,peer,0.5,0.43611416504511874,0.0797128609339808,True,307
"BA (m=2, hubs)","linear, continuous T",linear (correct),38,direct,1.0,1.049247748718297,0.060134796846668226,True,307
"BA (m=2, hubs)","linear, continuous T",linear (correct),38,peer,0.5,0.45921224283476275,0.08144367227564016,True,307
"BA (m=2, hubs)","paper eq. 38, binary T",oracle,38,direct,10.0,9.894466939041806,0.1080020216499535,True,307
"BA (m=2, hubs)","paper eq. 38, binary T",oracle,38,peer,5.0,5.044739809800194,0.06110993206403581,True,307
SBM (40 blocks),"linear, continuous T",oracle,38,direct,1.0,0.9827983878523131,0.06875835241564676,True,244
SBM (40 blocks),"linear, continuous T",oracle,38,peer,0.5,0.5238146608526714,0.11620807779680047,True,244
SBM (40 blocks),"linear, continuous T",linear (correct),38,direct,1.0,0.9811830557462248,0.06969346912768531,True,244
SBM (40 blocks),"linear, continuous T",linear (correct),38,peer,0.5,0.5278789065416183,0.1190644975235735,True,244
SBM (40 blocks),"paper eq. 38, binary T",oracle,38,direct,10.0,9.826376543936844,0.12118899590971868,True,244
SBM (40 blocks),"paper eq. 38, binary T",oracle,38,peer,5.0,5.07228520106101,0.05501670033421085,True,244
ER (avg deg 4),"linear, continuous T",oracle,39,direct,1.0,1.0140546263073997,0.05032786331324748,True,452
ER (avg deg 4),"linear, continuous T",oracle,39,peer,0.5,0.47982869343569434,0.05057610965363131,True,452
ER (avg deg 4),"linear, continuous T",linear (correct),39,direct,1.0,1.0158441685958979,0.04699635296574887,True,452
ER (avg deg 4),"linear, continuous T",linear (correct),39,peer,0.5,0.4857796513785263,0.05040293336092207,True,452
ER (avg deg 4),"paper eq. 38, binary T",oracle,39,direct,10.0,10.107880721564507,0.09879482521679016,True,452
ER (avg deg 4),"paper eq. 38, binary T",oracle,39,peer,5.0,4.916384751200778,0.07361635201743102,True,452
"BA (m=2, hubs)","linear, continuous T",oracle,39,direct,1.0,0.9816735227328552,0.051812633121798124,True,311
"BA (m=2, hubs)","linear, continuous T",oracle,39,peer,0.5,0.5266941146245371,0.0691414547320535,True,311
"BA (m=2, hubs)","linear, continuous T",linear (correct),39,direct,1.0,0.9811586725496941,0.05238440586899512,True,311
"BA (m=2, hubs)","linear, continuous T",linear (correct),39,peer,0.5,0.5270482390368145,0.07049309885783658,True,311
"BA (m=2, hubs)","paper eq. 38, binary T",oracle,39,direct,10.0,10.12532447786745,0.11737747261665554,True,311
"BA (m=2, hubs)","paper eq. 38, binary T",oracle,39,peer,5.0,4.977385752884914,0.08111098997090194,True,311
SBM (40 blocks),"linear, continuous T",oracle,39,direct,1.0,1.0101184930448754,0.06516163158134716,True,236
SBM (40 blocks),"linear, continuous T",oracle,39,peer,0.5,0.3227679768639913,0.0948271174991063,True,236
SBM (40 blocks),"linear, continuous T",linear (correct),39,direct,1.0,1.029671226751635,0.06317542302302372,True,236
SBM (40 blocks),"linear, continuous T",linear (correct),39,peer,0.5,0.3592046125978319,0.09790269598670351,True,236
SBM (40 blocks),"paper eq. 38, binary T",oracle,39,direct,10.0,9.926110788471373,0.12619507937300514,True,236
SBM (40 blocks),"paper eq. 38, binary T",oracle,39,peer,5.0,5.101446562106772,0.05601387600730805,True,236
ER (avg deg 4),"linear, continuous T",oracle,40,direct,1.0,1.0036678369196554,0.048354504603295136,True,439
ER (avg deg 4),"linear, continuous T",oracle,40,peer,0.5,0.46405358618792736,0.06111942312898592,True,439
ER (avg deg 4),"linear, continuous T",linear (correct),40,direct,1.0,1.0094977675217738,0.0477885580791461,True,439
ER (avg deg 4),"linear, continuous T",linear (correct),40,peer,0.5,0.4604019403824411,0.06126721395451989,True,439
ER (avg deg 4),"paper eq. 38, binary T",oracle,40,direct,10.0,9.958343355992561,0.0980564471733576,True,439
ER (avg deg 4),"paper eq. 38, binary T",oracle,40,peer,5.0,5.012187214497732,0.06754585332352225,True,439
"BA (m=2, hubs)","linear, continuous T",oracle,40,direct,1.0,0.9396885518026576,0.06192111145877676,True,315
"BA (m=2, hubs)","linear, continuous T",oracle,40,peer,0.5,0.4615485503318712,0.08164471180636909,True,315
"BA (m=2, hubs)","linear, continuous T",linear (correct),40,direct,1.0,0.9450805470380022,0.060152088511802385,True,315
"BA (m=2, hubs)","linear, continuous T",linear (correct),40,peer,0.5,0.44956574970121854,0.0796814635661075,True,315
"BA (m=2, hubs)","paper eq. 38, binary T",oracle,40,direct,10.0,10.107270479738776,0.11830143723167674,True,315
"BA (m=2, hubs)","paper eq. 38, binary T",oracle,40,peer,5.0,4.91829396509742,0.06736121612887329,True,315
SBM (40 blocks),"linear, continuous T",oracle,40,direct,1.0,0.9693979275483341,0.07389136166107614,True,237
SBM (40 blocks),"linear, continuous T",oracle,40,peer,0.5,0.4184159974423977,0.10171517962376185,True,237
SBM (40 blocks),"linear, continuous T",linear (correct),40,direct,1.0,0.9769481280898524,0.07322228860782098,True,237
SBM (40 blocks),"linear, continuous T",linear (correct),40,peer,0.5,0.4151001757971198,0.10521634146287491,True,237
SBM (40 blocks),"paper eq. 38, binary T",oracle,40,direct,10.0,9.859408078506446,0.13875939419475267,True,237
SBM (40 blocks),"paper eq. 38, binary T",oracle,40,peer,5.0,4.981699424033634,0.06904739227213322,True,237
ER (avg deg 4),"linear, continuous T",oracle,41,direct,1.0,0.9843091942499458,0.046624731255087114,True,454
ER (avg deg 4),"linear, continuous T",oracle,41,peer,0.5,0.49184547237938864,0.06595456955400301,True,454
ER (avg deg 4),"linear, continuous T",linear (correct),41,direct,1.0,0.9881461238754374,0.04621446524232501,True,454
ER (avg deg 4),"linear, continuous T",linear (correct),41,peer,0.5,0.4885555494969657,0.06581408876929937,True,454
ER (avg deg 4),"paper eq. 38, binary T",oracle,41,direct,10.0,9.936018958749278,0.09469838753078742,True,454
ER (avg deg 4),"paper eq. 38, binary T",oracle,41,peer,5.0,5.081362886954842,0.08752702357249598,True,454
"BA (m=2, hubs)","linear, continuous T",oracle,41,direct,1.0,1.0758427698789188,0.05315812358859721,True,306
"BA (m=2, hubs)","linear, continuous T",oracle,41,peer,0.5,0.5325200225984319,0.09300397543789647,True,306
"BA (m=2, hubs)","linear, continuous T",linear (correct),41,direct,1.0,1.068810452214278,0.053681437840223716,True,306
"BA (m=2, hubs)","linear, continuous T",linear (correct),41,peer,0.5,0.5362752631850645,0.09448734956424197,True,306
"BA (m=2, hubs)","paper eq. 38, binary T",oracle,41,direct,10.0,9.763397744932856,0.11471530016947305,False,306
"BA (m=2, hubs)","paper eq. 38, binary T",oracle,41,peer,5.0,4.984399733451084,0.07864440703796095,True,306
SBM (40 blocks),"linear, continuous T",oracle,41,direct,1.0,1.0035456670951268,0.05995381623891551,True,228
SBM (40 blocks),"linear, continuous T",oracle,41,peer,0.5,0.538480324363466,0.14402291644246965,True,228
SBM (40 blocks),"linear, continuous T",linear (correct),41,direct,1.0,1.0089142053020965,0.06083325463375691,True,228
SBM (40 blocks),"linear, continuous T",linear (correct),41,peer,0.5,0.5295414613896067,0.1483835549469793,True,228
SBM (40 blocks),"paper eq. 38, binary T",oracle,41,direct,10.0,9.862238888067058,0.14124556229271373,True,228
SBM (40 blocks),"paper eq. 38, binary T",oracle,41,peer,5.0,4.92636495743459,0.09787211439580884,True,228
ER (avg deg 4),"linear, continuous T",oracle,42,direct,1.0,0.9810668407870912,0.04861058874553321,True,469
ER (avg deg 4),"linear, continuous T",oracle,42,peer,0.5,0.4389730019133956,0.057451690804033714,True,469
ER (avg deg 4),"linear, continuous T",linear (correct),42,direct,1.0,0.9750953748935008,0.04656573823717128,True,469
ER (avg deg 4),"linear, continuous T",linear (correct),42,peer,0.5,0.4504515970788485,0.05890766449359665,True,469
ER (avg deg 4),"paper eq. 38, binary T",oracle,42,direct,10.0,10.084371026712256,0.08867228380663762,True,469
ER (avg deg 4),"paper eq. 38, binary T",oracle,42,peer,5.0,5.052258992463546,0.06845995601280394,True,469
"BA (m=2, hubs)","linear, continuous T",oracle,42,direct,1.0,0.9865889933881969,0.051911472741907334,True,312
"BA (m=2, hubs)","linear, continuous T",oracle,42,peer,0.5,0.5679404002556324,0.09038392029443895,True,312
"BA (m=2, hubs)","linear, continuous T",linear (correct),42,direct,1.0,0.968234555178135,0.052257979102980065,True,312
"BA (m=2, hubs)","linear, continuous T",linear (correct),42,peer,0.5,0.5992653051554947,0.08816666308589381,True,312
"BA (m=2, hubs)","paper eq. 38, binary T",oracle,42,direct,10.0,10.045450377653875,0.1229078491326258,True,312
"BA (m=2, hubs)","paper eq. 38, binary T",oracle,42,peer,5.0,5.151307354891166,0.08337169759799186,True,312
SBM (40 blocks),"linear, continuous T",oracle,42,direct,1.0,1.065306376089512,0.0618504456783131,True,234
SBM (40 blocks),"linear, continuous T",oracle,42,peer,0.5,0.4807800281700001,0.11881235820704181,True,234
SBM (40 blocks),"linear, continuous T",linear (correct),42,direct,1.0,1.077153735924235,0.06076041804711745,True,234
SBM (40 blocks),"linear, continuous T",linear (correct),42,peer,0.5,0.4958442370979722,0.11711988819343803,True,234
SBM (40 blocks),"paper eq. 38, binary T",oracle,42,direct,10.0,10.13581161768819,0.1347802801105909,True,234
SBM (40 blocks),"paper eq. 38, binary T",oracle,42,peer,5.0,5.0074195376654576,0.0827613251075996,True,234
ER (avg deg 4),"linear, continuous T",oracle,43,direct,1.0,0.9766322593542536,0.05121165647961013,True,468
ER (avg deg 4),"linear, continuous T",oracle,43,peer,0.5,0.47724035160538997,0.054278466351447154,True,468
ER (avg deg 4),"linear, continuous T",linear (correct),43,direct,1.0,0.9754701741572492,0.05099540702126257,True,468
ER (avg deg 4),"linear, continuous T",linear (correct),43,peer,0.5,0.46699285903028315,0.053958357940677895,True,468
ER (avg deg 4),"paper eq. 38, binary T",oracle,43,direct,10.0,9.979457278294998,0.08940668360799163,True,468
ER (avg deg 4),"paper eq. 38, binary T",oracle,43,peer,5.0,5.067941549830326,0.05916540891613925,True,468
"BA (m=2, hubs)","linear, continuous T",oracle,43,direct,1.0,1.0196196638814468,0.052274525935139905,True,329
"BA (m=2, hubs)","linear, continuous T",oracle,43,peer,0.5,0.523459942530475,0.07186400157582681,True,329
"BA (m=2, hubs)","linear, continuous T",linear (correct),43,direct,1.0,1.0234488303169573,0.0529194848220078,True,329
"BA (m=2, hubs)","linear, continuous T",linear (correct),43,peer,0.5,0.5344335732716418,0.07333076602671727,True,329
"BA (m=2, hubs)","paper eq. 38, binary T",oracle,43,direct,10.0,9.96905210049754,0.10535905318018696,True,329
"BA (m=2, hubs)","paper eq. 38, binary T",oracle,43,peer,5.0,5.009810790663191,0.07624049663157689,True,329
SBM (40 blocks),"linear, continuous T",oracle,43,direct,1.0,0.9502100243111504,0.06554727790232047,True,229
SBM (40 blocks),"linear, continuous T",oracle,43,peer,0.5,0.3374297361074586,0.08826824458744094,True,229
SBM (40 blocks),"linear, continuous T",linear (correct),43,direct,1.0,0.9603968486606991,0.06335069932215569,True,229
SBM (40 blocks),"linear, continuous T",linear (correct),43,peer,0.5,0.3543793401631595,0.09156797409133352,True,229
SBM (40 blocks),"paper eq. 38, binary T",oracle,43,direct,10.0,9.937272257039167,0.13986433527048509,True,229
SBM (40 blocks),"paper eq. 38, binary T",oracle,43,peer,5.0,5.031668810230094,0.04931186555493172,True,229
ER (avg deg 4),"linear, continuous T",oracle,44,direct,1.0,1.025990260803327,0.0438522554950195,True,453
ER (avg deg 4),"linear, continuous T",oracle,44,peer,0.5,0.4498320152964979,0.06007424913767162,True,453
ER (avg deg 4),"linear, continuous T",linear (correct),44,direct,1.0,1.0162683892975293,0.04540072924728059,True,453
ER (avg deg 4),"linear, continuous T",linear (correct),44,peer,0.5,0.45865366669927665,0.0594319225946715,True,453
ER (avg deg 4),"paper eq. 38, binary T",oracle,44,direct,10.0,10.034304854544786,0.0872669186789083,True,453
ER (avg deg 4),"paper eq. 38, binary T",oracle,44,peer,5.0,4.98804129073221,0.07314769046090806,True,453
"BA (m=2, hubs)","linear, continuous T",oracle,44,direct,1.0,1.0475473877666506,0.047260013740445646,True,313
"BA (m=2, hubs)","linear, continuous T",oracle,44,peer,0.5,0.3752081863402526,0.06954730876082321,True,313
"BA (m=2, hubs)","linear, continuous T",linear (correct),44,direct,1.0,1.0478122349718781,0.04761162146195101,True,313
"BA (m=2, hubs)","linear, continuous T",linear (correct),44,peer,0.5,0.37358131603555345,0.07059706372590745,True,313
"BA (m=2, hubs)","paper eq. 38, binary T",oracle,44,direct,10.0,9.892198501172393,0.10083751334118793,True,313
"BA (m=2, hubs)","paper eq. 38, binary T",oracle,44,peer,5.0,4.88450250342927,0.08193861346623411,True,313
SBM (40 blocks),"linear, continuous T",oracle,44,direct,1.0,0.9595178768374607,0.054916352286750986,True,234
SBM (40 blocks),"linear, continuous T",oracle,44,peer,0.5,0.3935193871013974,0.10136782972357294,True,234
SBM (40 blocks),"linear, continuous T",linear (correct),44,direct,1.0,0.9528700411644332,0.05485324311983649,True,234
SBM (40 blocks),"linear, continuous T",linear (correct),44,peer,0.5,0.4115499638635836,0.09677690291130331,True,234
SBM (40 blocks),"paper eq. 38, binary T",oracle,44,direct,10.0,9.891545268800302,0.12590339930661334,True,234
SBM (40 blocks),"paper eq. 38, binary T",oracle,44,peer,5.0,4.973272114005096,0.0688610174644622,True,234
ER (avg deg 4),"linear, continuous T",oracle,45,direct,1.0,1.0821042223413264,0.05133877786689574,True,423
ER (avg deg 4),"linear, continuous T",oracle,45,peer,0.5,0.5402796201575047,0.0607648179140466,True,423
ER (avg deg 4),"linear, continuous T",linear (correct),45,direct,1.0,1.0871245657700332,0.05011021933754881,True,423
ER (avg deg 4),"linear, continuous T",linear (correct),45,peer,0.5,0.5305695492715495,0.05929835220814994,True,423
ER (avg deg 4),"paper eq. 38, binary T",oracle,45,direct,10.0,9.831445327670698,0.1004402806650679,True,423
ER (avg deg 4),"paper eq. 38, binary T",oracle,45,peer,5.0,5.013367165920861,0.0713579741965511,True,423
"BA (m=2, hubs)","linear, continuous T",oracle,45,direct,1.0,0.8839041031316112,0.050505036369024245,False,312
"BA (m=2, hubs)","linear, continuous T",oracle,45,peer,0.5,0.39100345002399645,0.09492968891205289,True,312
"BA (m=2, hubs)","linear, continuous T",linear (correct),45,direct,1.0,0.8596563615487944,0.05249490740074476,False,312
"BA (m=2, hubs)","linear, continuous T",linear (correct),45,peer,0.5,0.39494399402554037,0.09219687588115458,True,312
"BA (m=2, hubs)","paper eq. 38, binary T",oracle,45,direct,10.0,9.93755177823715,0.0983772980793077,True,312
"BA (m=2, hubs)","paper eq. 38, binary T",oracle,45,peer,5.0,4.968100303573968,0.0794344458833183,True,312
SBM (40 blocks),"linear, continuous T",oracle,45,direct,1.0,0.9795795552154614,0.05231168598482082,True,229
SBM (40 blocks),"linear, continuous T",oracle,45,peer,0.5,0.4277370818108597,0.11529811908379527,True,229
SBM (40 blocks),"linear, continuous T",linear (correct),45,direct,1.0,0.9681174242632987,0.054435913599622084,True,229
SBM (40 blocks),"linear, continuous T",linear (correct),45,peer,0.5,0.40445178670203497,0.12654870778453706,True,229
SBM (40 blocks),"paper eq. 38, binary T",oracle,45,direct,10.0,10.050215042508379,0.12451775255363565,True,229
SBM (40 blocks),"paper eq. 38, binary T",oracle,45,peer,5.0,4.9389536270913865,0.075569833736726,True,229
ER (avg deg 4),"linear, continuous T",oracle,46,direct,1.0,1.0051390125100281,0.05420358699368337,True,456
ER (avg deg 4),"linear, continuous T",oracle,46,peer,0.5,0.5282218231060065,0.05784706466026992,True,456
ER (avg deg 4),"linear, continuous T",linear (correct),46,direct,1.0,1.000835956827326,0.052424604835326113,True,456
ER (avg deg 4),"linear, continuous T",linear (correct),46,peer,0.5,0.5253814484928607,0.05553849393903602,True,456
ER (avg deg 4),"paper eq. 38, binary T",oracle,46,direct,10.0,9.965514161789619,0.09604222543927773,True,456
ER (avg deg 4),"paper eq. 38, binary T",oracle,46,peer,5.0,4.993061207720194,0.07622694578443487,True,456
"BA (m=2, hubs)","linear, continuous T",oracle,46,direct,1.0,1.0378087190161855,0.06934960447764167,True,313
"BA (m=2, hubs)","linear, continuous T",oracle,46,peer,0.5,0.5625035333979093,0.07374146501226102,True,313
"BA (m=2, hubs)","linear, continuous T",linear (correct),46,direct,1.0,1.0246517669155677,0.0646738446828144,True,313
"BA (m=2, hubs)","linear, continuous T",linear (correct),46,peer,0.5,0.5451623842216788,0.07173675080607944,True,313
"BA (m=2, hubs)","paper eq. 38, binary T",oracle,46,direct,10.0,9.907828625359649,0.11615231718347904,True,313
"BA (m=2, hubs)","paper eq. 38, binary T",oracle,46,peer,5.0,4.909615428101,0.07784469788379383,True,313
SBM (40 blocks),"linear, continuous T",oracle,46,direct,1.0,1.0766884566247172,0.06796514501724513,True,235
SBM (40 blocks),"linear, continuous T",oracle,46,peer,0.5,0.8326891292999151,0.1339136729687831,False,235
SBM (40 blocks),"linear, continuous T",linear (correct),46,direct,1.0,1.0393722485457184,0.05857232150693925,True,235
SBM (40 blocks),"linear, continuous T",linear (correct),46,peer,0.5,0.8089763245937313,0.11415976771955581,False,235
SBM (40 blocks),"paper eq. 38, binary T",oracle,46,direct,10.0,9.97270712625953,0.1417943277715245,True,235
SBM (40 blocks),"paper eq. 38, binary T",oracle,46,peer,5.0,4.968488437253611,0.06280978509364814,True,235
ER (avg deg 4),"linear, continuous T",oracle,47,direct,1.0,0.9587371039399853,0.046506929994071695,True,491
ER (avg deg 4),"linear, continuous T",oracle,47,peer,0.5,0.4953708086145352,0.06277820558635454,True,491
ER (avg deg 4),"linear, continuous T",linear (correct),47,direct,1.0,0.954688130717521,0.047930898046483664,True,491
ER (avg deg 4),"linear, continuous T",linear (correct),47,peer,0.5,0.49419757361324645,0.06416800835643738,True,491
ER (avg deg 4),"paper eq. 38, binary T",oracle,47,direct,10.0,9.983390476550658,0.10470729448952568,True,491
ER (avg deg 4),"paper eq. 38, binary T",oracle,47,peer,5.0,4.98389188369114,0.07844221411321901,True,491
"BA (m=2, hubs)","linear, continuous T",oracle,47,direct,1.0,1.0567031992402893,0.057326696902977994,True,313
"BA (m=2, hubs)","linear, continuous T",oracle,47,peer,0.5,0.5734173834341545,0.1107485879608086,True,313
"BA (m=2, hubs)","linear, continuous T",linear (correct),47,direct,1.0,1.0682533303817303,0.0595507340052425,True,313
"BA (m=2, hubs)","linear, continuous T",linear (correct),47,peer,0.5,0.5798370104613344,0.10654576435367552,True,313
"BA (m=2, hubs)","paper eq. 38, binary T",oracle,47,direct,10.0,10.173174463721677,0.12141634020710354,True,313
"BA (m=2, hubs)","paper eq. 38, binary T",oracle,47,peer,5.0,5.058897060710571,0.08429198386417486,True,313
SBM (40 blocks),"linear, continuous T",oracle,47,direct,1.0,1.0093464109937431,0.05551893335408965,True,225
SBM (40 blocks),"linear, continuous T",oracle,47,peer,0.5,0.5411402918683789,0.13573286595645964,True,225
SBM (40 blocks),"linear, continuous T",linear (correct),47,direct,1.0,1.0172623445003348,0.0548986858060494,True,225
SBM (40 blocks),"linear, continuous T",linear (correct),47,peer,0.5,0.5369102268092738,0.13456137365145512,True,225
SBM (40 blocks),"paper eq. 38, binary T",oracle,47,direct,10.0,9.835001540304187,0.13547717603625695,True,225
SBM (40 blocks),"paper eq. 38, binary T",oracle,47,peer,5.0,4.936070013807763,0.07911091603926182,True,225
ER (avg deg 4),"linear, continuous T",oracle,48,direct,1.0,0.9709017454802125,0.043217469031582786,True,475
ER (avg deg 4),"linear, continuous T",oracle,48,peer,0.5,0.46521858380870645,0.062296610709496866,True,475
ER (avg deg 4),"linear, continuous T",linear (correct),48,direct,1.0,0.9680547174449333,0.04452525805601332,True,475
ER (avg deg 4),"linear, continuous T",linear (correct),48,peer,0.5,0.4700840184572314,0.06343218362285627,True,475
ER (avg deg 4),"paper eq. 38, binary T",oracle,48,direct,10.0,10.010647564992068,0.09881760492987074,True,475
ER (avg deg 4),"paper eq. 38, binary T",oracle,48,peer,5.0,5.032536994921946,0.0771717379938592,True,475
"BA (m=2, hubs)","linear, continuous T",oracle,48,direct,1.0,1.0063488855459803,0.06453244756176846,True,314
"BA (m=2, hubs)","linear, continuous T",oracle,48,peer,0.5,0.3177906307235592,0.08608785256730034,False,314
"BA (m=2, hubs)","linear, continuous T",linear (correct),48,direct,1.0,1.0075486658371786,0.0653458851313444,True,314
"BA (m=2, hubs)","linear, continuous T",linear (correct),48,peer,0.5,0.3197887846861154,0.08652578478630273,False,314
"BA (m=2, hubs)","paper eq. 38, binary T",oracle,48,direct,10.0,9.820817442775427,0.10501378531644341,True,314
"BA (m=2, hubs)","paper eq. 38, binary T",oracle,48,peer,5.0,5.016857214008009,0.07750125905322229,True,314
SBM (40 blocks),"linear, continuous T",oracle,48,direct,1.0,1.063824692678565,0.06370639589406497,True,235
SBM (40 blocks),"linear, continuous T",oracle,48,peer,0.5,0.4497211227561256,0.07486216254295748,True,235
SBM (40 blocks),"linear, continuous T",linear (correct),48,direct,1.0,1.0545799638878646,0.06257638106974384,True,235
SBM (40 blocks),"linear, continuous T",linear (correct),48,peer,0.5,0.4731496964945224,0.07846370877009858,True,235
SBM (40 blocks),"paper eq. 38, binary T",oracle,48,direct,10.0,9.926390166686708,0.13963851919621836,True,235
SBM (40 blocks),"paper eq. 38, binary T",oracle,48,peer,5.0,5.062500932394508,0.059198221364058286,True,235
ER (avg deg 4),"linear, continuous T",oracle,49,direct,1.0,0.9635632633247758,0.046101728403947245,True,439
ER (avg deg 4),"linear, continuous T",oracle,49,peer,0.5,0.4617283486539996,0.054044539468257255,True,439
ER (avg deg 4),"linear, continuous T",linear (correct),49,direct,1.0,0.9725319337970191,0.04863698411435163,True,439
ER (avg deg 4),"linear, continuous T",linear (correct),49,peer,0.5,0.46772691403092825,0.05500418761710655,True,439
ER (avg deg 4),"paper eq. 38, binary T",oracle,49,direct,10.0,9.984759021628113,0.09467913631539861,True,439
ER (avg deg 4),"paper eq. 38, binary T",oracle,49,peer,5.0,4.893798119985758,0.06783324314524403,True,439
"BA (m=2, hubs)","linear, continuous T",oracle,49,direct,1.0,1.036060884006108,0.05975506736700166,True,308
"BA (m=2, hubs)","linear, continuous T",oracle,49,peer,0.5,0.668141217064011,0.08379853012746723,False,308
"BA (m=2, hubs)","linear, continuous T",linear (correct),49,direct,1.0,1.0370871949143965,0.06267536455125054,True,308
"BA (m=2, hubs)","linear, continuous T",linear (correct),49,peer,0.5,0.6799898649985027,0.08504160820634783,False,308
"BA (m=2, hubs)","paper eq. 38, binary T",oracle,49,direct,10.0,10.170213988133451,0.12284358899749055,True,308
"BA (m=2, hubs)","paper eq. 38, binary T",oracle,49,peer,5.0,4.950054180879835,0.08251556992591244,True,308
SBM (40 blocks),"linear, continuous T",oracle,49,direct,1.0,0.9684743364604944,0.07363065156274523,True,221
SBM (40 blocks),"linear, continuous T",oracle,49,peer,0.5,0.46861699766774256,0.12406344837227033,True,221
SBM (40 blocks),"linear, continuous T",linear (correct),49,direct,1.0,0.9793336636849314,0.07758331683994839,True,221
SBM (40 blocks),"linear, continuous T",linear (correct),49,peer,0.5,0.46881771390238264,0.1260474019659948,True,221
SBM (40 blocks),"paper eq. 38, binary T",oracle,49,direct,10.0,9.854918232716038,0.12835989387813496,True,221
SBM (40 blocks),"paper eq. 38, binary T",oracle,49,peer,5.0,5.172573449209066,0.061534347103925156,False,221
ER (avg deg 4),"linear, continuous T",oracle,50,direct,1.0,0.8971958278439534,0.055489356580050164,True,449
ER (avg deg 4),"linear, continuous T",oracle,50,peer,0.5,0.5626532981292205,0.06641869397591159,True,449
ER (avg deg 4),"linear, continuous T",linear (correct),50,direct,1.0,0.9010799460484704,0.05855459480718481,True,449
ER (avg deg 4),"linear, continuous T",linear (correct),50,peer,0.5,0.5634904234643463,0.06766058212807222,True,449
ER (avg deg 4),"paper eq. 38, binary T",oracle,50,direct,10.0,10.033517461413796,0.09849670452213947,True,449
ER (avg deg 4),"paper eq. 38, binary T",oracle,50,peer,5.0,5.126834825561007,0.07518782063920473,True,449
"BA (m=2, hubs)","linear, continuous T",oracle,50,direct,1.0,0.9538008508446314,0.05377756537217561,True,308
"BA (m=2, hubs)","linear, continuous T",oracle,50,peer,0.5,0.48581060730857983,0.07286360644613989,True,308
"BA (m=2, hubs)","linear, continuous T",linear (correct),50,direct,1.0,0.9487704270387307,0.05606965814361466,True,308
"BA (m=2, hubs)","linear, continuous T",linear (correct),50,peer,0.5,0.4899325482338544,0.0751620001328365,True,308
"BA (m=2, hubs)","paper eq. 38, binary T",oracle,50,direct,10.0,9.991651893324612,0.10069886917337463,True,308
"BA (m=2, hubs)","paper eq. 38, binary T",oracle,50,peer,5.0,5.05121879391594,0.07182407866316319,True,308
SBM (40 blocks),"linear, continuous T",oracle,50,direct,1.0,1.0261126032221335,0.06147446174212852,True,222
SBM (40 blocks),"linear, continuous T",oracle,50,peer,0.5,0.6204331162186133,0.13876243631108837,True,222
SBM (40 blocks),"linear, continuous T",linear (correct),50,direct,1.0,1.036217298910444,0.06300895886711956,True,222
SBM (40 blocks),"linear, continuous T",linear (correct),50,peer,0.5,0.6230650670756938,0.13536935141742826,True,222
SBM (40 blocks),"paper eq. 38, binary T",oracle,50,direct,10.0,9.932274278878939,0.15225787420805995,True,222
SBM (40 blocks),"paper eq. 38, binary T",oracle,50,peer,5.0,5.063456148651033,0.07673102246544679,True,222
ER (avg deg 4),"linear, continuous T",oracle,51,direct,1.0,1.0246025947895303,0.04771827589810663,True,448
ER (avg deg 4),"linear, continuous T",oracle,51,peer,0.5,0.4763176467504705,0.04955923831584613,True,448
ER (avg deg 4),"linear, continuous T",linear (correct),51,direct,1.0,1.0283095078794564,0.050153313927786006,True,448
ER (avg deg 4),"linear, continuous T",linear (correct),51,peer,0.5,0.4744316062475426,0.05005961176453268,True,448
ER (avg deg 4),"paper eq. 38, binary T",oracle,51,direct,10.0,10.108395117263292,0.10316632593858703,True,448
ER (avg deg 4),"paper eq. 38, binary T",oracle,51,peer,5.0,5.082270930722914,0.0678441419884273,True,448
"BA (m=2, hubs)","linear, continuous T",oracle,51,direct,1.0,0.9618248879262532,0.056378416262060825,True,305
"BA (m=2, hubs)","linear, continuous T",oracle,51,peer,0.5,0.3928970368727465,0.08871148555622431,True,305
"BA (m=2, hubs)","linear, continuous T",linear (correct),51,direct,1.0,0.9736232432309552,0.05876590827919537,True,305
"BA (m=2, hubs)","linear, continuous T",linear (correct),51,peer,0.5,0.38604158318590215,0.09052258543583225,True,305
"BA (m=2, hubs)","paper eq. 38, binary T",oracle,51,direct,10.0,10.053070145026373,0.10896072649995361,True,305
"BA (m=2, hubs)","paper eq. 38, binary T",oracle,51,peer,5.0,5.047502516076731,0.07926457426043954,True,305
SBM (40 blocks),"linear, continuous T",oracle,51,direct,1.0,0.9574837597467118,0.0573475739723108,True,224
SBM (40 blocks),"linear, continuous T",oracle,51,peer,0.5,0.40883171875777924,0.09281707883842513,True,224
SBM (40 blocks),"linear, continuous T",linear (correct),51,direct,1.0,0.9640031715729932,0.06087782694499631,True,224
SBM (40 blocks),"linear, continuous T",linear (correct),51,peer,0.5,0.40073659161908565,0.10187291817685057,True,224
SBM (40 blocks),"paper eq. 38, binary T",oracle,51,direct,10.0,9.939916837753637,0.1463193092296922,True,224
SBM (40 blocks),"paper eq. 38, binary T",oracle,51,peer,5.0,4.97616322626737,0.07175820609929355,True,224
ER (avg deg 4),"linear, continuous T",oracle,52,direct,1.0,0.9820330391528524,0.05334794101170709,True,451
ER (avg deg 4),"linear, continuous T",oracle,52,peer,0.5,0.49187407360946933,0.06617059450009947,True,451
ER (avg deg 4),"linear, continuous T",linear (correct),52,direct,1.0,0.9823663525275833,0.05424012601516649,True,451
ER (avg deg 4),"linear, continuous T",linear (correct),52,peer,0.5,0.49434517776154574,0.06901083008377366,True,451
ER (avg deg 4),"paper eq. 38, binary T",oracle,52,direct,10.0,10.025940766877891,0.09311900964291626,True,451
ER (avg deg 4),"paper eq. 38, binary T",oracle,52,peer,5.0,4.927624775629105,0.05770953544702764,True,451
"BA (m=2, hubs)","linear, continuous T",oracle,52,direct,1.0,1.0213055214569122,0.04608954352766355,True,326
"BA (m=2, hubs)","linear, continuous T",oracle,52,peer,0.5,0.37356723535999636,0.07982184572715192,True,326
"BA (m=2, hubs)","linear, continuous T",linear (correct),52,direct,1.0,1.0118014365075998,0.04560261252197375,True,326
"BA (m=2, hubs)","linear, continuous T",linear (correct),52,peer,0.5,0.3845033731714199,0.079998284031982,True,326
"BA (m=2, hubs)","paper eq. 38, binary T",oracle,52,direct,10.0,10.074706170364637,0.10357414441127329,True,326
"BA (m=2, hubs)","paper eq. 38, binary T",oracle,52,peer,5.0,4.928905936613878,0.06722659378830774,True,326
SBM (40 blocks),"linear, continuous T",oracle,52,direct,1.0,0.9603385398774907,0.06784601690979437,True,229
SBM (40 blocks),"linear, continuous T",oracle,52,peer,0.5,0.4124476931585951,0.13137725739907868,True,229
SBM (40 blocks),"linear, continuous T",linear (correct),52,direct,1.0,0.9536222513821238,0.06610412263936008,True,229
SBM (40 blocks),"linear, continuous T",linear (correct),52,peer,0.5,0.41381683141791825,0.12824672114926114,True,229
SBM (40 blocks),"paper eq. 38, binary T",oracle,52,direct,10.0,10.098132700971433,0.13340477879775117,True,229
SBM (40 blocks),"paper eq. 38, binary T",oracle,52,peer,5.0,4.92565118733881,0.06135608338644069,True,229
ER (avg deg 4),"linear, continuous T",oracle,53,direct,1.0,0.9851206464402162,0.048203729857795634,True,452
ER (avg deg 4),"linear, continuous T",oracle,53,peer,0.5,0.5210542247006832,0.059698791132634085,True,452
ER (avg deg 4),"linear, continuous T",linear (correct),53,direct,1.0,0.9876652186609779,0.04554378945179864,True,452
ER (avg deg 4),"linear, continuous T",linear (correct),53,peer,0.5,0.5074072803462151,0.05946782617882909,True,452
ER (avg deg 4),"paper eq. 38, binary T",oracle,53,direct,10.0,10.171624184855924,0.09398542270603716,True,452
ER (avg deg 4),"paper eq. 38, binary T",oracle,53,peer,5.0,4.967583424488739,0.07777561905490649,True,452
"BA (m=2, hubs)","linear, continuous T",oracle,53,direct,1.0,1.0910673095715402,0.05847936656812373,True,305
"BA (m=2, hubs)","linear, continuous T",oracle,53,peer,0.5,0.4723334541256589,0.08295249541354316,True,305
"BA (m=2, hubs)","linear, continuous T",linear (correct),53,direct,1.0,1.101311158135907,0.060691838259798694,True,305
"BA (m=2, hubs)","linear, continuous T",linear (correct),53,peer,0.5,0.4797875762952153,0.08521424112918068,True,305
"BA (m=2, hubs)","paper eq. 38, binary T",oracle,53,direct,10.0,10.038792813542255,0.13016551153725545,True,305
"BA (m=2, hubs)","paper eq. 38, binary T",oracle,53,peer,5.0,5.1223101533554445,0.09285881309637299,True,305
SBM (40 blocks),"linear, continuous T",oracle,53,direct,1.0,0.9913798941042312,0.06130284030971725,True,229
SBM (40 blocks),"linear, continuous T",oracle,53,peer,0.5,0.4254510888116354,0.1150414738100842,True,229
SBM (40 blocks),"linear, continuous T",linear (correct),53,direct,1.0,0.985745135820061,0.06202758788883239,True,229
SBM (40 blocks),"linear, continuous T",linear (correct),53,peer,0.5,0.4132207589490983,0.11461102573604981,True,229
SBM (40 blocks),"paper eq. 38, binary T",oracle,53,direct,10.0,10.067662875341778,0.13820326501629374,True,229
SBM (40 blocks),"paper eq. 38, binary T",oracle,53,peer,5.0,5.065141515957948,0.11101654123790754,True,229
ER (avg deg 4),"linear, continuous T",oracle,54,direct,1.0,0.9242634374669955,0.04306360479980507,True,449
ER (avg deg 4),"linear, continuous T",oracle,54,peer,0.5,0.5877325075281898,0.06541309336329194,True,449
ER (avg deg 4),"linear, continuous T",linear (correct),54,direct,1.0,0.9206738723765419,0.04611630241973338,True,449
ER (avg deg 4),"linear, continuous T",linear (correct),54,peer,0.5,0.5855679583687632,0.06774140158362527,True,449
ER (avg deg 4),"paper eq. 38, binary T",oracle,54,direct,10.0,10.094063617536872,0.09750982383606252,True,449
ER (avg deg 4),"paper eq. 38, binary T",oracle,54,peer,5.0,4.952975835478457,0.07454583857815923,True,449
"BA (m=2, hubs)","linear, continuous T",oracle,54,direct,1.0,0.8773318481727465,0.06387777023039477,True,308
"BA (m=2, hubs)","linear, continuous T",oracle,54,peer,0.5,0.5342140534033676,0.07339169064849192,True,308
"BA (m=2, hubs)","linear, continuous T",linear (correct),54,direct,1.0,0.889302540674443,0.06474089317179196,True,308
"BA (m=2, hubs)","linear, continuous T",linear (correct),54,peer,0.5,0.5281807325465383,0.07371260748614453,True,308
"BA (m=2, hubs)","paper eq. 38, binary T",oracle,54,direct,10.0,9.914965038529324,0.09736727343801341,True,308
"BA (m=2, hubs)","paper eq. 38, binary T",oracle,54,peer,5.0,4.994657854938081,0.07562885289573597,True,308
SBM (40 blocks),"linear, continuous T",oracle,54,direct,1.0,0.920098346760272,0.06034048158774245,True,241
SBM (40 blocks),"linear, continuous T",oracle,54,peer,0.5,0.5216821257904767,0.11411623344124808,True,241
SBM (40 blocks),"linear, continuous T",linear (correct),54,direct,1.0,0.9148486462140153,0.06294551553152765,True,241
SBM (40 blocks),"linear, continuous T",linear (correct),54,peer,0.5,0.5311948380579149,0.11818511657882214,True,241
SBM (40 blocks),"paper eq. 38, binary T",oracle,54,direct,10.0,10.03081656384629,0.12340055231875324,True,241
SBM (40 blocks),"paper eq. 38, binary T",oracle,54,peer,5.0,5.000336190341438,0.07272901360995973,True,241
ER (avg deg 4),"linear, continuous T",oracle,55,direct,1.0,1.0300399029718734,0.04963358940076735,True,471
ER (avg deg 4),"linear, continuous T",oracle,55,peer,0.5,0.6281247497732196,0.07429543636522104,True,471
ER (avg deg 4),"linear, continuous T",linear (correct),55,direct,1.0,1.0308821914709432,0.047066280711706814,True,471
ER (avg deg 4),"linear, continuous T",linear (correct),55,peer,0.5,0.6044627511119939,0.07142366040398876,True,471
ER (avg deg 4),"paper eq. 38, binary T",oracle,55,direct,10.0,10.14410662429833,0.10100752830352423,True,471
ER (avg deg 4),"paper eq. 38, binary T",oracle,55,peer,5.0,5.0833227703266,0.08011044357551102,True,471
"BA (m=2, hubs)","linear, continuous T",oracle,55,direct,1.0,1.042313064370557,0.053357198374892126,True,317
"BA (m=2, hubs)","linear, continuous T",oracle,55,peer,0.5,0.46212107098785893,0.09050961732932973,True,317
"BA (m=2, hubs)","linear, continuous T",linear (correct),55,direct,1.0,1.0452734808225626,0.05352128849662051,True,317
"BA (m=2, hubs)","linear, continuous T",linear (correct),55,peer,0.5,0.45299912629937095,0.08751043984841882,True,317
"BA (m=2, hubs)","paper eq. 38, binary T",oracle,55,direct,10.0,10.063179187905574,0.12341639295728389,True,317
"BA (m=2, hubs)","paper eq. 38, binary T",oracle,55,peer,5.0,5.011490743647455,0.07762909274293119,True,317
SBM (40 blocks),"linear, continuous T",oracle,55,direct,1.0,1.087844881247832,0.0660548105318913,True,227
SBM (40 blocks),"linear, continuous T",oracle,55,peer,0.5,0.27995581465738995,0.126616180348412,True,227
SBM (40 blocks),"linear, continuous T",linear (correct),55,direct,1.0,1.0832189625846633,0.06121460538214132,True,227
SBM (40 blocks),"linear, continuous T",linear (correct),55,peer,0.5,0.2686981431433823,0.12020984183747892,True,227
SBM (40 blocks),"paper eq. 38, binary T",oracle,55,direct,10.0,9.89817791166877,0.11830419840518663,True,227
SBM (40 blocks),"paper eq. 38, binary T",oracle,55,peer,5.0,5.0579663966712705,0.06284258122048508,True,227
ER (avg deg 4),"linear, continuous T",oracle,56,direct,1.0,1.0095985331850486,0.04841486400384408,True,430
ER (avg deg 4),"linear, continuous T",oracle,56,peer,0.5,0.3783829786533188,0.06524609789762749,True,430
ER (avg deg 4),"linear, continuous T",linear (correct),56,direct,1.0,1.0204595301456503,0.045411764491452,True,430
ER (avg deg 4),"linear, continuous T",linear (correct),56,peer,0.5,0.37382106207465726,0.0633069517216313,False,430
ER (avg deg 4),"paper eq. 38, binary T",oracle,56,direct,10.0,10.104798725743272,0.09584774960852117,True,430
ER (avg deg 4),"paper eq. 38, binary T",oracle,56,peer,5.0,4.923022951962678,0.07228015515106374,True,430
"BA (m=2, hubs)","linear, continuous T",oracle,56,direct,1.0,1.0295921307710514,0.047277215108906014,True,316
"BA (m=2, hubs)","linear, continuous T",oracle,56,peer,0.5,0.39376021416779194,0.07302394510381444,True,316
"BA (m=2, hubs)","linear, continuous T",linear (correct),56,direct,1.0,1.0298080108450962,0.047326978599373626,True,316
"BA (m=2, hubs)","linear, continuous T",linear (correct),56,peer,0.5,0.37821822192597215,0.07300766890581684,True,316
"BA (m=2, hubs)","paper eq. 38, binary T",oracle,56,direct,10.0,10.033961487132057,0.11482085591793707,True,316
"BA (m=2, hubs)","paper eq. 38, binary T",oracle,56,peer,5.0,5.0189357938172146,0.0833556913888619,True,316
SBM (40 blocks),"linear, continuous T",oracle,56,direct,1.0,0.9910570511976227,0.059529782790666556,True,222
SBM (40 blocks),"linear, continuous T",oracle,56,peer,0.5,0.6904263909439368,0.07795487051177893,False,222
SBM (40 blocks),"linear, continuous T",linear (correct),56,direct,1.0,1.0011496709956176,0.06202818899312512,True,222
SBM (40 blocks),"linear, continuous T",linear (correct),56,peer,0.5,0.7242340006209596,0.07757682945465154,False,222
SBM (40 blocks),"paper eq. 38, binary T",oracle,56,direct,10.0,10.079687990231228,0.13264608951142204,True,222
SBM (40 blocks),"paper eq. 38, binary T",oracle,56,peer,5.0,5.037229685089271,0.07154391912188555,True,222
ER (avg deg 4),"linear, continuous T",oracle,57,direct,1.0,0.9626412215624317,0.04685641622955753,True,460
ER (avg deg 4),"linear, continuous T",oracle,57,peer,0.5,0.5363442625181561,0.05184035583600305,True,460
ER (avg deg 4),"linear, continuous T",linear (correct),57,direct,1.0,0.9619354275925411,0.04899443240512196,True,460
ER (avg deg 4),"linear, continuous T",linear (correct),57,peer,0.5,0.5339630445471769,0.052660430038414904,True,460
ER (avg deg 4),"paper eq. 38, binary T",oracle,57,direct,10.0,10.005404198573174,0.09857597678645989,True,460
ER (avg deg 4),"paper eq. 38, binary T",oracle,57,peer,5.0,5.093526845608497,0.08122531730926762,True,460
"BA (m=2, hubs)","linear, continuous T",oracle,57,direct,1.0,1.0823709171943432,0.07160712013169956,True,316
"BA (m=2, hubs)","linear, continuous T",oracle,57,peer,0.5,0.3597435666299154,0.10003243998764667,True,316
"BA (m=2, hubs)","linear, continuous T",linear (correct),57,direct,1.0,1.0955389305855534,0.07302413399444838,True,316
"BA (m=2, hubs)","linear, continuous T",linear (correct),57,peer,0.5,0.37342362407642465,0.10180904970397114,True,316
"BA (m=2, hubs)","paper eq. 38, binary T",oracle,57,direct,10.0,9.945458992168481,0.12880621508472762,True,316
"BA (m=2, hubs)","paper eq. 38, binary T",oracle,57,peer,5.0,4.977466042407207,0.07895822711464413,True,316
SBM (40 blocks),"linear, continuous T",oracle,57,direct,1.0,0.9346313488905581,0.06443557393384108,True,233
SBM (40 blocks),"linear, continuous T",oracle,57,peer,0.5,0.5613258497285134,0.10987548299042642,True,233
SBM (40 blocks),"linear, continuous T",linear (correct),57,direct,1.0,0.9207013220252147,0.06474179528552386,True,233
SBM (40 blocks),"linear, continuous T",linear (correct),57,peer,0.5,0.550255547725407,0.11253795978298507,True,233
SBM (40 blocks),"paper eq. 38, binary T",oracle,57,direct,10.0,9.834528664211279,0.2035688859041835,True,233
SBM (40 blocks),"paper eq. 38, binary T",oracle,57,peer,5.0,4.918050351611712,0.08400017719636542,True,233
ER (avg deg 4),"linear, continuous T",oracle,58,direct,1.0,0.9763034622046844,0.0434342643796591,True,440
ER (avg deg 4),"linear, continuous T",oracle,58,peer,0.5,0.5831340033742416,0.06861051148621726,True,440
ER (avg deg 4),"linear, continuous T",linear (correct),58,direct,1.0,0.9729800286151823,0.04508861800456297,True,440
ER (avg deg 4),"linear, continuous T",linear (correct),58,peer,0.5,0.5842932083487242,0.07072744160756456,True,440
ER (avg deg 4),"paper eq. 38, binary T",oracle,58,direct,10.0,9.925994069558577,0.09312647047745815,True,440
ER (avg deg 4),"paper eq. 38, binary T",oracle,58,peer,5.0,5.003844242364283,0.07801699168927256,True,440
"BA (m=2, hubs)","linear, continuous T",oracle,58,direct,1.0,0.9216877089451804,0.05442870649490973,True,303
"BA (m=2, hubs)","linear, continuous T",oracle,58,peer,0.5,0.603940749048028,0.07397703903661117,True,303
"BA (m=2, hubs)","linear, continuous T",linear (correct),58,direct,1.0,0.9178395983939673,0.05172560301899999,True,303
"BA (m=2, hubs)","linear, continuous T",linear (correct),58,peer,0.5,0.5816925328827005,0.07236277130029149,True,303
"BA (m=2, hubs)","paper eq. 38, binary T",oracle,58,direct,10.0,10.022177530437734,0.12258856557081542,True,303
"BA (m=2, hubs)","paper eq. 38, binary T",oracle,58,peer,5.0,4.995514432970003,0.09153075580614783,True,303
SBM (40 blocks),"linear, continuous T",oracle,58,direct,1.0,0.9878231262643137,0.0592911996197214,True,239
SBM (40 blocks),"linear, continuous T",oracle,58,peer,0.5,0.35200009631659224,0.11843773172799221,True,239
SBM (40 blocks),"linear, continuous T",linear (correct),58,direct,1.0,0.9812726321982737,0.05609777337954241,True,239
SBM (40 blocks),"linear, continuous T",linear (correct),58,peer,0.5,0.38020056539252656,0.10944182518387255,True,239
SBM (40 blocks),"paper eq. 38, binary T",oracle,58,direct,10.0,9.804070000109057,0.13144848159262792,True,239
SBM (40 blocks),"paper eq. 38, binary T",oracle,58,peer,5.0,5.058174093819591,0.07659636176074613,True,239
ER (avg deg 4),"linear, continuous T",oracle,59,direct,1.0,1.049659129554831,0.049296426892374914,True,449
ER (avg deg 4),"linear, continuous T",oracle,59,peer,0.5,0.49938526242668646,0.0655983033381528,True,449
ER (avg deg 4),"linear, continuous T",linear (correct),59,direct,1.0,1.052771671428824,0.04901555321284591,True,449
ER (avg deg 4),"linear, continuous T",linear (correct),59,peer,0.5,0.5027941516428395,0.06665984560662624,True,449
ER (avg deg 4),"paper eq. 38, binary T",oracle,59,direct,10.0,10.087271198770342,0.09418632896776889,True,449
ER (avg deg 4),"paper eq. 38, binary T",oracle,59,peer,5.0,5.183280183396785,0.08773321462348227,False,449
"BA (m=2, hubs)","linear, continuous T",oracle,59,direct,1.0,1.0407036418101423,0.07028777785645554,True,313
"BA (m=2, hubs)","linear, continuous T",oracle,59,peer,0.5,0.4375903011974031,0.09132228910271571,True,313
"BA (m=2, hubs)","linear, continuous T",linear (correct),59,direct,1.0,1.0371201132596906,0.07261377501540714,True,313
"BA (m=2, hubs)","linear, continuous T",linear (correct),59,peer,0.5,0.43362446200094373,0.09433245705222772,True,313
"BA (m=2, hubs)","paper eq. 38, binary T",oracle,59,direct,10.0,10.119752963279957,0.10984661439414203,True,313
"BA (m=2, hubs)","paper eq. 38, binary T",oracle,59,peer,5.0,4.879862531809051,0.08430258573248588,True,313
SBM (40 blocks),"linear, continuous T",oracle,59,direct,1.0,1.004547238957893,0.07889961910427488,True,222
SBM (40 blocks),"linear, continuous T",oracle,59,peer,0.5,0.43753891206738493,0.13133523345922715,True,222
SBM (40 blocks),"linear, continuous T",linear (correct),59,direct,1.0,0.9860456790850302,0.08208561844065701,True,222
SBM (40 blocks),"linear, continuous T",linear (correct),59,peer,0.5,0.4401350748976128,0.12759406554735594,True,222
SBM (40 blocks),"paper eq. 38, binary T",oracle,59,direct,10.0,10.041448926826305,0.1464527428049293,True,222
SBM (40 blocks),"paper eq. 38, binary T",oracle,59,peer,5.0,5.063479414480159,0.053838727904748765,True,222
ER (avg deg 4),"linear, continuous T",oracle,60,direct,1.0,0.8904558161083816,0.048702549306207675,False,447
ER (avg deg 4),"linear, continuous T",oracle,60,peer,0.5,0.5174069172618017,0.05163883028250919,True,447
ER (avg deg 4),"linear, continuous T",linear (correct),60,direct,1.0,0.8969786843021013,0.04852925186480211,False,447
ER (avg deg 4),"linear, continuous T",linear (correct),60,peer,0.5,0.49950983964939283,0.0540396179458827,True,447
ER (avg deg 4),"paper eq. 38, binary T",oracle,60,direct,10.0,9.951144045973823,0.10270467117706528,True,447
ER (avg deg 4),"paper eq. 38, binary T",oracle,60,peer,5.0,5.032182750787425,0.06687573624368397,True,447
"BA (m=2, hubs)","linear, continuous T",oracle,60,direct,1.0,0.9303838659077529,0.05160410873460217,True,308
"BA (m=2, hubs)","linear, continuous T",oracle,60,peer,0.5,0.6222220661792122,0.08796221128643973,True,308
"BA (m=2, hubs)","linear, continuous T",linear (correct),60,direct,1.0,0.9356441070725865,0.053321042212308045,True,308
"BA (m=2, hubs)","linear, continuous T",linear (correct),60,peer,0.5,0.6148200363413837,0.0938885606845193,True,308
"BA (m=2, hubs)","paper eq. 38, binary T",oracle,60,direct,10.0,10.095715007593533,0.1180532084816557,True,308
"BA (m=2, hubs)","paper eq. 38, binary T",oracle,60,peer,5.0,5.123822217772427,0.08440844032284023,True,308
SBM (40 blocks),"linear, continuous T",oracle,60,direct,1.0,0.977921298182828,0.05597539712305278,True,219
SBM (40 blocks),"linear, continuous T",oracle,60,peer,0.5,0.5455631665186522,0.10245871127185184,True,219
SBM (40 blocks),"linear, continuous T",linear (correct),60,direct,1.0,0.9909632161359553,0.05532444020739639,True,219
SBM (40 blocks),"linear, continuous T",linear (correct),60,peer,0.5,0.5826989902874729,0.10808540487373484,True,219
SBM (40 blocks),"paper eq. 38, binary T",oracle,60,direct,10.0,9.662998109516042,0.15977570938469943,False,219
SBM (40 blocks),"paper eq. 38, binary T",oracle,60,peer,5.0,4.883706110520568,0.08524489418373193,True,219
ER (avg deg 4),"linear, continuous T",oracle,61,direct,1.0,1.0412083023147822,0.04550175488963329,True,471
ER (avg deg 4),"linear, continuous T",oracle,61,peer,0.5,0.45188378311562244,0.0604913126680489,True,471
ER (avg deg 4),"linear, continuous T",linear (correct),61,direct,1.0,1.0350872517357936,0.04464873291272691,True,471
ER (avg deg 4),"linear, continuous T",linear (correct),61,peer,0.5,0.4581757552901887,0.058892382506221884,True,471
ER (avg deg 4),"paper eq. 38, binary T",oracle,61,direct,10.0,9.94490196952517,0.09618810981739837,True,471
ER (avg deg 4),"paper eq. 38, binary T",oracle,61,peer,5.0,4.983892034293823,0.059541056025101055,True,471
"BA (m=2, hubs)","linear, continuous T",oracle,61,direct,1.0,1.0917603916341185,0.06518493930812398,True,313
"BA (m=2, hubs)","linear, continuous T",oracle,61,peer,0.5,0.6651391813771459,0.08593599207640532,True,313
"BA (m=2, hubs)","linear, continuous T",linear (correct),61,direct,1.0,1.0995503263376103,0.060817464372749444,True,313
"BA (m=2, hubs)","linear, continuous T",linear (correct),61,peer,0.5,0.6843341412764578,0.08292150048539298,False,313
"BA (m=2, hubs)","paper eq. 38, binary T",oracle,61,direct,10.0,9.917789594006985,0.12074539896216091,True,313
"BA (m=2, hubs)","paper eq. 38, binary T",oracle,61,peer,5.0,5.092291377459117,0.08441610682627695,True,313
SBM (40 blocks),"linear, continuous T",oracle,61,direct,1.0,0.929296918450928,0.07224705240174219,True,230
SBM (40 blocks),"linear, continuous T",oracle,61,peer,0.5,0.5993648929997638,0.10793562865504665,True,230
SBM (40 blocks),"linear, continuous T",linear (correct),61,direct,1.0,0.9352940649911642,0.07130835961393028,True,230
SBM (40 blocks),"linear, continuous T",linear (correct),61,peer,0.5,0.5739104813229358,0.11109074890808857,True,230
SBM (40 blocks),"paper eq. 38, binary T",oracle,61,direct,10.0,9.854784032517918,0.1399443288273265,True,230
SBM (40 blocks),"paper eq. 38, binary T",oracle,61,peer,5.0,4.9494970769257005,0.0733840873168336,True,230
ER (avg deg 4),"linear, continuous T",oracle,62,direct,1.0,1.0428816048460527,0.051575599124838334,True,459
ER (avg deg 4),"linear, continuous T",oracle,62,peer,0.5,0.4044956861762006,0.06047607062167156,True,459
ER (avg deg 4),"linear, continuous T",linear (correct),62,direct,1.0,1.0466069314247048,0.052419988487504524,True,459
ER (avg deg 4),"linear, continuous T",linear (correct),62,peer,0.5,0.39928550339503904,0.061633632731074625,True,459
ER (avg deg 4),"paper eq. 38, binary T",oracle,62,direct,10.0,9.958636089200485,0.08980262958789569,True,459
ER (avg deg 4),"paper eq. 38, binary T",oracle,62,peer,5.0,4.934044872721148,0.06366017692101024,True,459
"BA (m=2, hubs)","linear, continuous T",oracle,62,direct,1.0,1.1043368011643608,0.06260932237056795,True,296
"BA (m=2, hubs)","linear, continuous T",oracle,62,peer,0.5,0.640788077049972,0.08027193668103721,True,296
"BA (m=2, hubs)","linear, continuous T",linear (correct),62,direct,1.0,1.0952709167841823,0.06143202707726297,True,296
"BA (m=2, hubs)","linear, continuous T",linear (correct),62,peer,0.5,0.6425930261349785,0.07824920534674724,True,296
"BA (m=2, hubs)","paper eq. 38, binary T",oracle,62,direct,10.0,9.844027425852735,0.1280731103517052,True,296
"BA (m=2, hubs)","paper eq. 38, binary T",oracle,62,peer,5.0,5.098308533943005,0.07563627392787178,True,296
SBM (40 blocks),"linear, continuous T",oracle,62,direct,1.0,0.9590562651627774,0.08575800960810487,True,239
SBM (40 blocks),"linear, continuous T",oracle,62,peer,0.5,0.5296287189096345,0.0961468166689996,True,239
SBM (40 blocks),"linear, continuous T",linear (correct),62,direct,1.0,0.9528072261218851,0.09048366426703609,True,239
SBM (40 blocks),"linear, continuous T",linear (correct),62,peer,0.5,0.5303707138109791,0.0986838271417837,True,239
SBM (40 blocks),"paper eq. 38, binary T",oracle,62,direct,10.0,9.865990902540993,0.12500108853465938,True,239
SBM (40 blocks),"paper eq. 38, binary T",oracle,62,peer,5.0,5.037624315586085,0.08411360138221577,True,239
ER (avg deg 4),"linear, continuous T",oracle,63,direct,1.0,0.9951813526338581,0.05148470394102748,True,447
ER (avg deg 4),"linear, continuous T",oracle,63,peer,0.5,0.5322132358646701,0.059182835992476666,True,447
ER (avg deg 4),"linear, continuous T",linear (correct),63,direct,1.0,0.992727073021966,0.049815301471909865,True,447
ER (avg deg 4),"linear, continuous T",linear (correct),63,peer,0.5,0.5382801133413473,0.057642264629977055,True,447
ER (avg deg 4),"paper eq. 38, binary T",oracle,63,direct,10.0,9.840121355158479,0.10218655509242262,True,447
ER (avg deg 4),"paper eq. 38, binary T",oracle,63,peer,5.0,5.068273666233189,0.06696286838369911,True,447
"BA (m=2, hubs)","linear, continuous T",oracle,63,direct,1.0,0.9474579297142133,0.07162871728624522,True,299
"BA (m=2, hubs)","linear, continuous T",oracle,63,peer,0.5,0.49121374433222725,0.07675263621360212,True,299
"BA (m=2, hubs)","linear, continuous T",linear (correct),63,direct,1.0,0.964257601060066,0.06984032038498202,True,299
"BA (m=2, hubs)","linear, continuous T",linear (correct),63,peer,0.5,0.5112155944878277,0.07315949888883763,True,299
"BA (m=2, hubs)","paper eq. 38, binary T",oracle,63,direct,10.0,10.002694887901468,0.12951899594212946,True,299
"BA (m=2, hubs)","paper eq. 38, binary T",oracle,63,peer,5.0,5.044838045916148,0.08845259218996655,True,299
SBM (40 blocks),"linear, continuous T",oracle,63,direct,1.0,0.996793225689657,0.061140790906771006,True,230
SBM (40 blocks),"linear, continuous T",oracle,63,peer,0.5,0.4643751019981069,0.12905752022043074,True,230
SBM (40 blocks),"linear, continuous T",linear (correct),63,direct,1.0,1.007367749148968,0.06112062236877856,True,230
SBM (40 blocks),"linear, continuous T",linear (correct),63,peer,0.5,0.45017041692498166,0.12312669919278912,True,230
SBM (40 blocks),"paper eq. 38, binary T",oracle,63,direct,10.0,10.156855132750941,0.12279925128811942,True,230
SBM (40 blocks),"paper eq. 38, binary T",oracle,63,peer,5.0,4.919273358121124,0.05990991344234092,True,230
ER (avg deg 4),"linear, continuous T",oracle,64,direct,1.0,0.96550651842904,0.046640185800989324,True,451
ER (avg deg 4),"linear, continuous T",oracle,64,peer,0.5,0.5117462328466088,0.05712323733028426,True,451
ER (avg deg 4),"linear, continuous T",linear (correct),64,direct,1.0,0.9581665660594636,0.047604830518883104,True,451
ER (avg deg 4),"linear, continuous T",linear (correct),64,peer,0.5,0.5037331080726554,0.059507473119285954,True,451
ER (avg deg 4),"paper eq. 38, binary T",oracle,64,direct,10.0,10.01194127477592,0.10484193201115148,True,451
ER (avg deg 4),"paper eq. 38, binary T",oracle,64,peer,5.0,4.919680609646464,0.0791479998425914,True,451
"BA (m=2, hubs)","linear, continuous T",oracle,64,direct,1.0,1.0411684604517029,0.05391048175436919,True,311
"BA (m=2, hubs)","linear, continuous T",oracle,64,peer,0.5,0.347249393666015,0.07976934923203975,True,311
"BA (m=2, hubs)","linear, continuous T",linear (correct),64,direct,1.0,1.039656988947114,0.05613323952676576,True,311
"BA (m=2, hubs)","linear, continuous T",linear (correct),64,peer,0.5,0.36216428688164054,0.08232981634015696,True,311
"BA (m=2, hubs)","paper eq. 38, binary T",oracle,64,direct,10.0,9.967640293308081,0.11568664753657776,True,311
"BA (m=2, hubs)","paper eq. 38, binary T",oracle,64,peer,5.0,4.931028232249118,0.09561717187837862,True,311
SBM (40 blocks),"linear, continuous T",oracle,64,direct,1.0,0.9282836111923494,0.0654720693835031,True,236
SBM (40 blocks),"linear, continuous T",oracle,64,peer,0.5,0.5719143780571193,0.12213224004599459,True,236
SBM (40 blocks),"linear, continuous T",linear (correct),64,direct,1.0,0.9194499103926616,0.07155157726597793,True,236
SBM (40 blocks),"linear, continuous T",linear (correct),64,peer,0.5,0.5768481880701951,0.14468708322161536,True,236
SBM (40 blocks),"paper eq. 38, binary T",oracle,64,direct,10.0,9.987679948909566,0.12346981003182797,True,236
SBM (40 blocks),"paper eq. 38, binary T",oracle,64,peer,5.0,5.064388733203404,0.06446195277908039,True,236
ER (avg deg 4),"linear, continuous T",oracle,65,direct,1.0,0.9947024466806289,0.04073528661017809,True,433
ER (avg deg 4),"linear, continuous T",oracle,65,peer,0.5,0.46325521802656705,0.05835056879765663,True,433
ER (avg deg 4),"linear, continuous T",linear (correct),65,direct,1.0,0.9938900512784955,0.0406235281271267,True,433
ER (avg deg 4),"linear, continuous T",linear (correct),65,peer,0.5,0.4636480872994297,0.057189694476886106,True,433
ER (avg deg 4),"paper eq. 38, binary T",oracle,65,direct,10.0,9.9859387410461,0.09406671314968096,True,433
ER (avg deg 4),"paper eq. 38, binary T",oracle,65,peer,5.0,4.994122491432618,0.07674589757314888,True,433
"BA (m=2, hubs)","linear, continuous T",oracle,65,direct,1.0,0.9892218645740064,0.05024797179338446,True,315
"BA (m=2, hubs)","linear, continuous T",oracle,65,peer,0.5,0.5335032682859053,0.08298458913569735,True,315
"BA (m=2, hubs)","linear, continuous T",linear (correct),65,direct,1.0,0.9935571281119836,0.05095128116957449,True,315
"BA (m=2, hubs)","linear, continuous T",linear (correct),65,peer,0.5,0.5295850433690086,0.08396076956720817,True,315
"BA (m=2, hubs)","paper eq. 38, binary T",oracle,65,direct,10.0,9.959130086800473,0.1121443700032568,True,315
"BA (m=2, hubs)","paper eq. 38, binary T",oracle,65,peer,5.0,5.007473763950936,0.07613488595549531,True,315
SBM (40 blocks),"linear, continuous T",oracle,65,direct,1.0,0.9699052282740885,0.06471895747340764,True,240
SBM (40 blocks),"linear, continuous T",oracle,65,peer,0.5,0.43396705780192213,0.11355325348030566,True,240
SBM (40 blocks),"linear, continuous T",linear (correct),65,direct,1.0,0.9508486945670662,0.06482205202534604,True,240
SBM (40 blocks),"linear, continuous T",linear (correct),65,peer,0.5,0.4509964195730113,0.11709484054885556,True,240
SBM (40 blocks),"paper eq. 38, binary T",oracle,65,direct,10.0,10.056570662103388,0.14333918338859233,True,240
SBM (40 blocks),"paper eq. 38, binary T",oracle,65,peer,5.0,5.00974799325476,0.08348745293435282,True,240
ER (avg deg 4),"linear, continuous T",oracle,66,direct,1.0,0.934079667994892,0.04273638485896002,True,459
ER (avg deg 4),"linear, continuous T",oracle,66,peer,0.5,0.4844878321919691,0.06038746733713029,True,459
ER (avg deg 4),"linear, continuous T",linear (correct),66,direct,1.0,0.9215925821425347,0.04333376018102288,True,459
ER (avg deg 4),"linear, continuous T",linear (correct),66,peer,0.5,0.4810557751812648,0.06158199416762242,True,459
ER (avg deg 4),"paper eq. 38, binary T",oracle,66,direct,10.0,10.034640814741536,0.08566493553624595,True,459
ER (avg deg 4),"paper eq. 38, binary T",oracle,66,peer,5.0,5.0295098903991455,0.06000886753080296,True,459
"BA (m=2, hubs)","linear, continuous T",oracle,66,direct,1.0,1.0309462651418406,0.04686081111978046,True,314
"BA (m=2, hubs)","linear, continuous T",oracle,66,peer,0.5,0.3357705505534817,0.07639296668155057,False,314
"BA (m=2, hubs)","linear, continuous T",linear (correct),66,direct,1.0,1.0332870538590502,0.045819398214803214,True,314
"BA (m=2, hubs)","linear, continuous T",linear (correct),66,peer,0.5,0.34464220871499607,0.07515100768085581,False,314
"BA (m=2, hubs)","paper eq. 38, binary T",oracle,66,direct,10.0,10.240877376684685,0.0998618571025777,False,314
"BA (m=2, hubs)","paper eq. 38, binary T",oracle,66,peer,5.0,5.028341888863396,0.08053380238743219,True,314
SBM (40 blocks),"linear, continuous T",oracle,66,direct,1.0,0.873417013521296,0.09065271343660623,True,223
SBM (40 blocks),"linear, continuous T",oracle,66,peer,0.5,0.5935362213888498,0.1339942456520964,True,223
SBM (40 blocks),"linear, continuous T",linear (correct),66,direct,1.0,0.863834298422443,0.08594511758594309,True,223
SBM (40 blocks),"linear, continuous T",linear (correct),66,peer,0.5,0.5981154355372872,0.12774673791499322,True,223
SBM (40 blocks),"paper eq. 38, binary T",oracle,66,direct,10.0,10.242664094799805,0.1137316906460933,False,223
SBM (40 blocks),"paper eq. 38, binary T",oracle,66,peer,5.0,5.028329929740102,0.053820078136886274,True,223
ER (avg deg 4),"linear, continuous T",oracle,67,direct,1.0,1.0362728874214704,0.052224552070338076,True,458
ER (avg deg 4),"linear, continuous T",oracle,67,peer,0.5,0.35799376279014594,0.050729397699838044,False,458
ER (avg deg 4),"linear, continuous T",linear (correct),67,direct,1.0,1.0475143016772683,0.05071009911413867,True,458
ER (avg deg 4),"linear, continuous T",linear (correct),67,peer,0.5,0.3465968795881276,0.049268060687037575,False,458
ER (avg deg 4),"paper eq. 38, binary T",oracle,67,direct,10.0,10.023531360227748,0.09591206277529449,True,458
ER (avg deg 4),"paper eq. 38, binary T",oracle,67,peer,5.0,4.927034330636703,0.08074415341368889,True,458
"BA (m=2, hubs)","linear, continuous T",oracle,67,direct,1.0,1.0142177118463982,0.05617644919140208,True,307
"BA (m=2, hubs)","linear, continuous T",oracle,67,peer,0.5,0.5074783588970673,0.09026504510715179,True,307
"BA (m=2, hubs)","linear, continuous T",linear (correct),67,direct,1.0,1.00901093070303,0.05738153553962767,True,307
"BA (m=2, hubs)","linear, continuous T",linear (correct),67,peer,0.5,0.5165656191734401,0.08846868393744033,True,307
"BA (m=2, hubs)","paper eq. 38, binary T",oracle,67,direct,10.0,10.124627078128444,0.13219281904956656,True,307
"BA (m=2, hubs)","paper eq. 38, binary T",oracle,67,peer,5.0,4.896086244963339,0.08665301112204737,True,307
SBM (40 blocks),"linear, continuous T",oracle,67,direct,1.0,0.9910458132399242,0.06606771551257928,True,236
SBM (40 blocks),"linear, continuous T",oracle,67,peer,0.5,0.4650653290951267,0.11087856735836328,True,236
SBM (40 blocks),"linear, continuous T",linear (correct),67,direct,1.0,0.9963150514048759,0.06271077333142308,True,236
SBM (40 blocks),"linear, continuous T",linear (correct),67,peer,0.5,0.4958319795722374,0.10976068262686808,True,236
SBM (40 blocks),"paper eq. 38, binary T",oracle,67,direct,10.0,9.661492630323266,0.12882776516154068,False,236
SBM (40 blocks),"paper eq. 38, binary T",oracle,67,peer,5.0,4.929669291674435,0.10869026764293438,True,236
ER (avg deg 4),"linear, continuous T",oracle,68,direct,1.0,0.929971412765694,0.042878423021113436,True,434
ER (avg deg 4),"linear, continuous T",oracle,68,peer,0.5,0.4929806892927557,0.06493208204502396,True,434
ER (avg deg 4),"linear, continuous T",linear (correct),68,direct,1.0,0.9233702498933947,0.04296540813479525,True,434
ER (avg deg 4),"linear, continuous T",linear (correct),68,peer,0.5,0.5035615843101573,0.06641681917401338,True,434
ER (avg deg 4),"paper eq. 38, binary T",oracle,68,direct,10.0,10.05042734315092,0.08882071113368974,True,434
ER (avg deg 4),"paper eq. 38, binary T",oracle,68,peer,5.0,4.93408431520465,0.0704285904409845,True,434
"BA (m=2, hubs)","linear, continuous T",oracle,68,direct,1.0,1.031058853600801,0.06204532385741487,True,306
"BA (m=2, hubs)","linear, continuous T",oracle,68,peer,0.5,0.5590111610664994,0.08785589019210543,True,306
"BA (m=2, hubs)","linear, continuous T",linear (correct),68,direct,1.0,1.025131565065431,0.06167729736400248,True,306
"BA (m=2, hubs)","linear, continuous T",linear (correct),68,peer,0.5,0.5680305036100171,0.08829012678593492,True,306
"BA (m=2, hubs)","paper eq. 38, binary T",oracle,68,direct,10.0,10.16193914341213,0.10681208221773805,True,306
"BA (m=2, hubs)","paper eq. 38, binary T",oracle,68,peer,5.0,5.164990234239195,0.08242158637014556,False,306
SBM (40 blocks),"linear, continuous T",oracle,68,direct,1.0,1.0394951551763383,0.059077497655161855,True,215
SBM (40 blocks),"linear, continuous T",oracle,68,peer,0.5,0.5647676659863171,0.13171954532066366,True,215
SBM (40 blocks),"linear, continuous T",linear (correct),68,direct,1.0,1.0627423592201009,0.05668143284020621,True,215
SBM (40 blocks),"linear, continuous T",linear (correct),68,peer,0.5,0.5610345524485063,0.12708941465671014,True,215
SBM (40 blocks),"paper eq. 38, binary T",oracle,68,direct,10.0,9.797316607889561,0.1263046171557144,True,215
SBM (40 blocks),"paper eq. 38, binary T",oracle,68,peer,5.0,5.069373689615014,0.0715017987834177,True,215
ER (avg deg 4),"linear, continuous T",oracle,69,direct,1.0,0.9893135461625643,0.04593804803756008,True,474
ER (avg deg 4),"linear, continuous T",oracle,69,peer,0.5,0.4953139454704906,0.0526833071552428,True,474
ER (avg deg 4),"linear, continuous T",linear (correct),69,direct,1.0,0.9814319173245823,0.04659128217105382,True,474
ER (avg deg 4),"linear, continuous T",linear (correct),69,peer,0.5,0.4864316586852012,0.053650888128987474,True,474
ER (avg deg 4),"paper eq. 38, binary T",oracle,69,direct,10.0,10.128227238408542,0.08839875974429504,True,474
ER (avg deg 4),"paper eq. 38, binary T",oracle,69,peer,5.0,5.0361349910380815,0.06878515354746971,True,474
"BA (m=2, hubs)","linear, continuous T",oracle,69,direct,1.0,0.9970534441505062,0.06311161251217773,True,304
"BA (m=2, hubs)","linear, continuous T",oracle,69,peer,0.5,0.5531008128869541,0.0811412451917859,True,304
"BA (m=2, hubs)","linear, continuous T",linear (correct),69,direct,1.0,1.0028112200930528,0.06319539206322748,True,304
"BA (m=2, hubs)","linear, continuous T",linear (correct),69,peer,0.5,0.5465387630945021,0.0811615282830992,True,304
"BA (m=2, hubs)","paper eq. 38, binary T",oracle,69,direct,10.0,10.178482970108021,0.10651866488263749,True,304
"BA (m=2, hubs)","paper eq. 38, binary T",oracle,69,peer,5.0,5.070830574188138,0.07831479439057883,True,304
SBM (40 blocks),"linear, continuous T",oracle,69,direct,1.0,1.1137388917917797,0.06033150277655283,True,223
SBM (40 blocks),"linear, continuous T",oracle,69,peer,0.5,0.42725320721125437,0.10684996149743758,True,223
SBM (40 blocks),"linear, continuous T",linear (correct),69,direct,1.0,1.1231238765108618,0.06370009065366944,True,223
SBM (40 blocks),"linear, continuous T",linear (correct),69,peer,0.5,0.43496311563531126,0.11022998598762115,True,223
SBM (40 blocks),"paper eq. 38, binary T",oracle,69,direct,10.0,9.977614617798881,0.13567910300736688,True,223
SBM (40 blocks),"paper eq. 38, binary T",oracle,69,peer,5.0,4.94123503009264,0.08215450097367351,True,223
ER (avg deg 4),"linear, continuous T",oracle,70,direct,1.0,1.0568089290725522,0.04349203283277216,True,464
ER (avg deg 4),"linear, continuous T",oracle,70,peer,0.5,0.46638491509240065,0.0687055647948667,True,464
ER (avg deg 4),"linear, continuous T",linear (correct),70,direct,1.0,1.0678722838071333,0.04515317622095268,True,464
ER (avg deg 4),"linear, continuous T",linear (correct),70,peer,0.5,0.4485363016930306,0.07110497778364042,True,464
ER (avg deg 4),"paper eq. 38, binary T",oracle,70,direct,10.0,9.916337292974617,0.0927837222389635,True,464
ER (avg deg 4),"paper eq. 38, binary T",oracle,70,peer,5.0,4.98096667209016,0.062245824252665914,True,464
"BA (m=2, hubs)","linear, continuous T",oracle,70,direct,1.0,0.9747171571772756,0.06144323603518437,True,304
"BA (m=2, hubs)","linear, continuous T",oracle,70,peer,0.5,0.2501253851960176,0.0949832810195398,False,304
"BA (m=2, hubs)","linear, continuous T",linear (correct),70,direct,1.0,0.9713492275565428,0.06185573805596145,True,304
"BA (m=2, hubs)","linear, continuous T",linear (correct),70,peer,0.5,0.2559500536080161,0.09502603969510236,False,304
"BA (m=2, hubs)","paper eq. 38, binary T",oracle,70,direct,10.0,10.100869458473705,0.12305514787990868,True,304
"BA (m=2, hubs)","paper eq. 38, binary T",oracle,70,peer,5.0,5.051873769726203,0.08660649518871723,True,304
SBM (40 blocks),"linear, continuous T",oracle,70,direct,1.0,1.0353249507497786,0.07540390117792285,True,238
SBM (40 blocks),"linear, continuous T",oracle,70,peer,0.5,0.47415486982083543,0.13833500894786308,True,238
SBM (40 blocks),"linear, continuous T",linear (correct),70,direct,1.0,1.0483631115595073,0.07775489401508465,True,238
SBM (40 blocks),"linear, continuous T",linear (correct),70,peer,0.5,0.46869578158623604,0.14409986736268768,True,238
SBM (40 blocks),"paper eq. 38, binary T",oracle,70,direct,10.0,10.11699139378229,0.12735541364165845,True,238
SBM (40 blocks),"paper eq. 38, binary T",oracle,70,peer,5.0,4.965001455644654,0.060596016001196344,True,238
ER (avg deg 4),"linear, continuous T",oracle,71,direct,1.0,1.0264562645076927,0.04700852795267656,True,451
ER (avg deg 4),"linear, continuous T",oracle,71,peer,0.5,0.5165937679274362,0.05666606869188041,True,451
ER (avg deg 4),"linear, continuous T",linear (correct),71,direct,1.0,1.0314266113425061,0.04778056172705688,True,451
ER (avg deg 4),"linear, continuous T",linear (correct),71,peer,0.5,0.5042574476076567,0.05824153447502001,True,451
ER (avg deg 4),"paper eq. 38, binary T",oracle,71,direct,10.0,9.882314503122187,0.09333259780548622,True,451
ER (avg deg 4),"paper eq. 38, binary T",oracle,71,peer,5.0,5.002733227194893,0.060676581175080645,True,451
"BA (m=2, hubs)","linear, continuous T",oracle,71,direct,1.0,0.9764447766987628,0.05721507290401728,True,317
"BA (m=2, hubs)","linear, continuous T",oracle,71,peer,0.5,0.5036581540784002,0.07293618143067175,True,317
"BA (m=2, hubs)","linear, continuous T",linear (correct),71,direct,1.0,0.9767370377508545,0.06006419172910603,True,317
"BA (m=2, hubs)","linear, continuous T",linear (correct),71,peer,0.5,0.4963394060927899,0.07322663745763497,True,317
"BA (m=2, hubs)","paper eq. 38, binary T",oracle,71,direct,10.0,9.968482265395162,0.1265908979589521,True,317
"BA (m=2, hubs)","paper eq. 38, binary T",oracle,71,peer,5.0,4.874228168660426,0.07658206801116842,True,317
SBM (40 blocks),"linear, continuous T",oracle,71,direct,1.0,0.9697699034699386,0.05530321818993572,True,221
SBM (40 blocks),"linear, continuous T",oracle,71,peer,0.5,0.44580408931664045,0.10438139525461623,True,221
SBM (40 blocks),"linear, continuous T",linear (correct),71,direct,1.0,0.9685163915142065,0.05584350198217946,True,221
SBM (40 blocks),"linear, continuous T",linear (correct),71,peer,0.5,0.4087020310874569,0.10343905835258238,True,221
SBM (40 blocks),"paper eq. 38, binary T",oracle,71,direct,10.0,10.129750495888327,0.13476710969807743,True,221
SBM (40 blocks),"paper eq. 38, binary T",oracle,71,peer,5.0,5.234948559870681,0.10329886367218653,False,221
ER (avg deg 4),"linear, continuous T",oracle,72,direct,1.0,1.055035708872735,0.040951906940275166,True,464
ER (avg deg 4),"linear, continuous T",oracle,72,peer,0.5,0.4540111635711977,0.06517823973281223,True,464
ER (avg deg 4),"linear, continuous T",linear (correct),72,direct,1.0,1.0511509057999808,0.04181802405373604,True,464
ER (avg deg 4),"linear, continuous T",linear (correct),72,peer,0.5,0.43895535636341454,0.06677842469991963,True,464
ER (avg deg 4),"paper eq. 38, binary T",oracle,72,direct,10.0,9.973368725439746,0.08955684664650031,True,464
ER (avg deg 4),"paper eq. 38, binary T",oracle,72,peer,5.0,4.868326302325781,0.07837134795348465,True,464
"BA (m=2, hubs)","linear, continuous T",oracle,72,direct,1.0,1.0449957881073408,0.049775543333547584,True,320
"BA (m=2, hubs)","linear, continuous T",oracle,72,peer,0.5,0.41571180703738436,0.0774207486841613,True,320
"BA (m=2, hubs)","linear, continuous T",linear (correct),72,direct,1.0,1.0375015833724126,0.050864951979447307,True,320
"BA (m=2, hubs)","linear, continuous T",linear (correct),72,peer,0.5,0.4083702388112084,0.07892657986243735,True,320
"BA (m=2, hubs)","paper eq. 38, binary T",oracle,72,direct,10.0,9.864207145838472,0.11987944658707111,True,320
"BA (m=2, hubs)","paper eq. 38, binary T",oracle,72,peer,5.0,5.02486928210037,0.07747752771764121,True,320
SBM (40 blocks),"linear, continuous T",oracle,72,direct,1.0,0.9621766022545859,0.06719626274005318,True,232
SBM (40 blocks),"linear, continuous T",oracle,72,peer,0.5,0.7061134663430066,0.11816814885482124,True,232
SBM (40 blocks),"linear, continuous T",linear (correct),72,direct,1.0,0.9706795589650349,0.06766312607326715,True,232
SBM (40 blocks),"linear, continuous T",linear (correct),72,peer,0.5,0.6954376241879151,0.11632733049834576,True,232
SBM (40 blocks),"paper eq. 38, binary T",oracle,72,direct,10.0,9.918914122309825,0.12428659304766364,True,232
SBM (40 blocks),"paper eq. 38, binary T",oracle,72,peer,5.0,5.045599258673594,0.07011080814482443,True,232
ER (avg deg 4),"linear, continuous T",oracle,73,direct,1.0,1.0668803241419675,0.047642933467652825,True,458
ER (avg deg 4),"linear, continuous T",oracle,73,peer,0.5,0.45620737884500007,0.06009087485962603,True,458
ER (avg deg 4),"linear, continuous T",linear (correct),73,direct,1.0,1.0507711432445979,0.051211894610055625,True,458
ER (avg deg 4),"linear, continuous T",linear (correct),73,peer,0.5,0.45184535131176395,0.06444624956408453,True,458
ER (avg deg 4),"paper eq. 38, binary T",oracle,73,direct,10.0,9.993720420715329,0.09243039399092014,True,458
ER (avg deg 4),"paper eq. 38, binary T",oracle,73,peer,5.0,5.028078205418234,0.058905829036485974,True,458
"BA (m=2, hubs)","linear, continuous T",oracle,73,direct,1.0,1.0610665480571675,0.05550665017623541,True,312
"BA (m=2, hubs)","linear, continuous T",oracle,73,peer,0.5,0.5327048738073694,0.09024476208271906,True,312
"BA (m=2, hubs)","linear, continuous T",linear (correct),73,direct,1.0,1.0502577186242648,0.0576822932164858,True,312
"BA (m=2, hubs)","linear, continuous T",linear (correct),73,peer,0.5,0.5367490604384314,0.09629690518292468,True,312
"BA (m=2, hubs)","paper eq. 38, binary T",oracle,73,direct,10.0,9.943300256456245,0.10307252413418272,True,312
"BA (m=2, hubs)","paper eq. 38, binary T",oracle,73,peer,5.0,4.989403210034041,0.0865581298821088,True,312
SBM (40 blocks),"linear, continuous T",oracle,73,direct,1.0,1.0114151036718675,0.0573003984623015,True,236
SBM (40 blocks),"linear, continuous T",oracle,73,peer,0.5,0.2989298032408749,0.10274487875586556,True,236
SBM (40 blocks),"linear, continuous T",linear (correct),73,direct,1.0,1.0040658963058662,0.05670461543649301,True,236
SBM (40 blocks),"linear, continuous T",linear (correct),73,peer,0.5,0.2993672947744091,0.10229855690566206,False,236
SBM (40 blocks),"paper eq. 38, binary T",oracle,73,direct,10.0,10.018120866634378,0.13547460483058077,True,236
SBM (40 blocks),"paper eq. 38, binary T",oracle,73,peer,5.0,5.01047096925676,0.06213732549838486,True,236
ER (avg deg 4),"linear, continuous T",oracle,74,direct,1.0,0.9728453271192394,0.04315120774378477,True,467
ER (avg deg 4),"linear, continuous T",oracle,74,peer,0.5,0.5356271006564354,0.05896134639635721,True,467
ER (avg deg 4),"linear, continuous T",linear (correct),74,direct,1.0,0.9664678142602969,0.04251944420932531,True,467
ER (avg deg 4),"linear, continuous T",linear (correct),74,peer,0.5,0.5401066384512632,0.0569865542680048,True,467
ER (avg deg 4),"paper eq. 38, binary T",oracle,74,direct,10.0,10.091921673263306,0.09593238273912778,True,467
ER (avg deg 4),"paper eq. 38, binary T",oracle,74,peer,5.0,5.050477669266891,0.07858477677199763,True,467
"BA (m=2, hubs)","linear, continuous T",oracle,74,direct,1.0,0.935445555141272,0.05334966117038402,True,315
"BA (m=2, hubs)","linear, continuous T",oracle,74,peer,0.5,0.2655973897188468,0.07772896422655819,False,315
"BA (m=2, hubs)","linear, continuous T",linear (correct),74,direct,1.0,0.9102786017554474,0.05517963145795425,True,315
"BA (m=2, hubs)","linear, continuous T",linear (correct),74,peer,0.5,0.28205961014560704,0.07566218073720575,False,315
"BA (m=2, hubs)","paper eq. 38, binary T",oracle,74,direct,10.0,10.08347029082218,0.11682551346354178,True,315
"BA (m=2, hubs)","paper eq. 38, binary T",oracle,74,peer,5.0,4.888920820492687,0.07394676275455829,True,315
SBM (40 blocks),"linear, continuous T",oracle,74,direct,1.0,0.9239545242636509,0.06867038913055568,True,231
SBM (40 blocks),"linear, continuous T",oracle,74,peer,0.5,0.4381747755426988,0.12725968507690189,True,231
SBM (40 blocks),"linear, continuous T",linear (correct),74,direct,1.0,0.9213216891411657,0.06572746111845085,True,231
SBM (40 blocks),"linear, continuous T",linear (correct),74,peer,0.5,0.45089900729827503,0.12248808415120367,True,231
SBM (40 blocks),"paper eq. 38, binary T",oracle,74,direct,10.0,10.232318751242481,0.12733002094229448,True,231
SBM (40 blocks),"paper eq. 38, binary T",oracle,74,peer,5.0,5.079700816434524,0.05324849510952897,True,231
ER (avg deg 4),"linear, continuous T",oracle,75,direct,1.0,1.0509323948917109,0.04715808746469511,True,428
ER (avg deg 4),"linear, continuous T",oracle,75,peer,0.5,0.5807701715413496,0.06879324843246733,True,428
ER (avg deg 4),"linear, continuous T",linear (correct),75,direct,1.0,1.0461744323943958,0.049161085800964274,True,428
ER (avg deg 4),"linear, continuous T",linear (correct),75,peer,0.5,0.5814734804456035,0.06792537638731255,True,428
ER (avg deg 4),"paper eq. 38, binary T",oracle,75,direct,10.0,10.111521748351956,0.10370416679598161,True,428
ER (avg deg 4),"paper eq. 38, binary T",oracle,75,peer,5.0,5.083956977086415,0.06653308524431897,True,428
"BA (m=2, hubs)","linear, continuous T",oracle,75,direct,1.0,0.9409941628003915,0.054551998083847586,True,311
"BA (m=2, hubs)","linear, continuous T",oracle,75,peer,0.5,0.5250095582346312,0.08023602480883,True,311
"BA (m=2, hubs)","linear, continuous T",linear (correct),75,direct,1.0,0.9410100190381775,0.0574376508442142,True,311
"BA (m=2, hubs)","linear, continuous T",linear (correct),75,peer,0.5,0.5428546601483959,0.08547683615338596,True,311
"BA (m=2, hubs)","paper eq. 38, binary T",oracle,75,direct,10.0,10.095389136380932,0.11049768514674801,True,311
"BA (m=2, hubs)","paper eq. 38, binary T",oracle,75,peer,5.0,4.927654372646712,0.07695460330863849,True,311
SBM (40 blocks),"linear, continuous T",oracle,75,direct,1.0,0.932803565010076,0.07469823063876416,True,231
SBM (40 blocks),"linear, continuous T",oracle,75,peer,0.5,0.5257661821317671,0.1179593655878624,True,231
SBM (40 blocks),"linear, continuous T",linear (correct),75,direct,1.0,0.9189683657933144,0.0777603668041661,True,231
SBM (40 blocks),"linear, continuous T",linear (correct),75,peer,0.5,0.4999967618469222,0.12583835739768984,True,231
SBM (40 blocks),"paper eq. 38, binary T",oracle,75,direct,10.0,9.785121354967542,0.1405769150321255,True,231
SBM (40 blocks),"paper eq. 38, binary T",oracle,75,peer,5.0,5.005395962684388,0.05829362960479729,True,231
ER (avg deg 4),"linear, continuous T",oracle,76,direct,1.0,0.9582674314446833,0.050169416342112964,True,456
ER (avg deg 4),"linear, continuous T",oracle,76,peer,0.5,0.5543076998267636,0.06689380620409999,True,456
ER (avg deg 4),"linear, continuous T",linear (correct),76,direct,1.0,0.9556499846634213,0.05152931195615233,True,456
ER (avg deg 4),"linear, continuous T",linear (correct),76,peer,0.5,0.5550464146664551,0.06763219914898752,True,456
ER (avg deg 4),"paper eq. 38, binary T",oracle,76,direct,10.0,10.020771946280743,0.08958499609354281,True,456
ER (avg deg 4),"paper eq. 38, binary T",oracle,76,peer,5.0,5.02959703856505,0.06906638993605009,True,456
"BA (m=2, hubs)","linear, continuous T",oracle,76,direct,1.0,0.9124786215229206,0.06901390718909683,True,299
"BA (m=2, hubs)","linear, continuous T",oracle,76,peer,0.5,0.44928054729890476,0.07921915916954123,True,299
"BA (m=2, hubs)","linear, continuous T",linear (correct),76,direct,1.0,0.9174473333897313,0.06649268858808696,True,299
"BA (m=2, hubs)","linear, continuous T",linear (correct),76,peer,0.5,0.47211311442485815,0.07858414942180564,True,299
"BA (m=2, hubs)","paper eq. 38, binary T",oracle,76,direct,10.0,10.014018280066653,0.10826695561599381,True,299
"BA (m=2, hubs)","paper eq. 38, binary T",oracle,76,peer,5.0,5.036400086481511,0.06329733033443861,True,299
SBM (40 blocks),"linear, continuous T",oracle,76,direct,1.0,0.9411567961364,0.058761409775239096,True,230
SBM (40 blocks),"linear, continuous T",oracle,76,peer,0.5,0.3828034148225864,0.12683320260780456,True,230
SBM (40 blocks),"linear, continuous T",linear (correct),76,direct,1.0,0.923901481465265,0.059847866723501654,True,230
SBM (40 blocks),"linear, continuous T",linear (correct),76,peer,0.5,0.41860576357639734,0.12294121426339472,True,230
SBM (40 blocks),"paper eq. 38, binary T",oracle,76,direct,10.0,9.989105252572811,0.13810205254650193,True,230
SBM (40 blocks),"paper eq. 38, binary T",oracle,76,peer,5.0,5.093931169464205,0.07239531075492922,True,230
ER (avg deg 4),"linear, continuous T",oracle,77,direct,1.0,1.0347417304759732,0.044224296944029184,True,481
ER (avg deg 4),"linear, continuous T",oracle,77,peer,0.5,0.5899971951680568,0.06163657231878887,True,481
ER (avg deg 4),"linear, continuous T",linear (correct),77,direct,1.0,1.0434971468574412,0.044383180115737726,True,481
ER (avg deg 4),"linear, continuous T",linear (correct),77,peer,0.5,0.5752376146853518,0.06478255407016127,True,481
ER (avg deg 4),"paper eq. 38, binary T",oracle,77,direct,10.0,10.04783266148984,0.1013427291285063,True,481
ER (avg deg 4),"paper eq. 38, binary T",oracle,77,peer,5.0,5.031137689434862,0.06782341403742186,True,481
"BA (m=2, hubs)","linear, continuous T",oracle,77,direct,1.0,1.0446035604201898,0.05487966653823544,True,302
"BA (m=2, hubs)","linear, continuous T",oracle,77,peer,0.5,0.5109790070344874,0.07420092564111537,True,302
"BA (m=2, hubs)","linear, continuous T",linear (correct),77,direct,1.0,1.046415350689632,0.05498969823567958,True,302
"BA (m=2, hubs)","linear, continuous T",linear (correct),77,peer,0.5,0.5197133677559479,0.07347557920108913,True,302
"BA (m=2, hubs)","paper eq. 38, binary T",oracle,77,direct,10.0,10.058978427395553,0.11561841060898466,True,302
"BA (m=2, hubs)","paper eq. 38, binary T",oracle,77,peer,5.0,4.904960466630218,0.07787441857329495,True,302
SBM (40 blocks),"linear, continuous T",oracle,77,direct,1.0,0.9281989043317258,0.06644334509001033,True,237
SBM (40 blocks),"linear, continuous T",oracle,77,peer,0.5,0.4412908723683037,0.10130345999179938,True,237
SBM (40 blocks),"linear, continuous T",linear (correct),77,direct,1.0,0.9450015890287246,0.06530079966367096,True,237
SBM (40 blocks),"linear, continuous T",linear (correct),77,peer,0.5,0.4436085793602926,0.09654260691545256,True,237
SBM (40 blocks),"paper eq. 38, binary T",oracle,77,direct,10.0,10.011847246194446,0.13738027298837566,True,237
SBM (40 blocks),"paper eq. 38, binary T",oracle,77,peer,5.0,4.957731005753687,0.07539276518236515,True,237
ER (avg deg 4),"linear, continuous T",oracle,78,direct,1.0,1.1001577248933192,0.052106603526934345,True,471
ER (avg deg 4),"linear, continuous T",oracle,78,peer,0.5,0.512751317469641,0.05837420335391904,True,471
ER (avg deg 4),"linear, continuous T",linear (correct),78,direct,1.0,1.0850847162370194,0.05231924815459691,True,471
ER (avg deg 4),"linear, continuous T",linear (correct),78,peer,0.5,0.5068556292594427,0.056162728514492374,True,471
ER (avg deg 4),"paper eq. 38, binary T",oracle,78,direct,10.0,9.862556835889103,0.0909103181387904,True,471
ER (avg deg 4),"paper eq. 38, binary T",oracle,78,peer,5.0,4.970619843867849,0.08275960404939108,True,471
"BA (m=2, hubs)","linear, continuous T",oracle,78,direct,1.0,1.0150464706831115,0.05574952624785206,True,317
"BA (m=2, hubs)","linear, continuous T",oracle,78,peer,0.5,0.5187552893304083,0.08451834848325747,True,317
"BA (m=2, hubs)","linear, continuous T",linear (correct),78,direct,1.0,1.0106007430246795,0.05641866773707728,True,317
"BA (m=2, hubs)","linear, continuous T",linear (correct),78,peer,0.5,0.5145227746420274,0.08334337503963674,True,317
"BA (m=2, hubs)","paper eq. 38, binary T",oracle,78,direct,10.0,9.951376774455772,0.12090499480924563,True,317
"BA (m=2, hubs)","paper eq. 38, binary T",oracle,78,peer,5.0,4.859118591743808,0.08075160027404461,True,317
SBM (40 blocks),"linear, continuous T",oracle,78,direct,1.0,1.03582245094565,0.06624889138881722,True,229
SBM (40 blocks),"linear, continuous T",oracle,78,peer,0.5,0.6588921163234859,0.09317021463545964,True,229
SBM (40 blocks),"linear, continuous T",linear (correct),78,direct,1.0,1.0476063644210396,0.0645688023706312,True,229
SBM (40 blocks),"linear, continuous T",linear (correct),78,peer,0.5,0.6972654077168812,0.09151311463233336,False,229
SBM (40 blocks),"paper eq. 38, binary T",oracle,78,direct,10.0,10.111055213504313,0.13221406577284323,True,229
SBM (40 blocks),"paper eq. 38, binary T",oracle,78,peer,5.0,5.04838062909287,0.06326991201242589,True,229
ER (avg deg 4),"linear, continuous T",oracle,79,direct,1.0,1.0367056808821595,0.04518537861453484,True,446
ER (avg deg 4),"linear, continuous T",oracle,79,peer,0.5,0.4975490066193649,0.06016015841643815,True,446
ER (avg deg 4),"linear, continuous T",linear (correct),79,direct,1.0,1.0387657689556775,0.045173510270603956,True,446
ER (avg deg 4),"linear, continuous T",linear (correct),79,peer,0.5,0.49909494740622035,0.06099475913215741,True,446
ER (avg deg 4),"paper eq. 38, binary T",oracle,79,direct,10.0,9.927336590994218,0.09690306395593645,True,446
ER (avg deg 4),"paper eq. 38, binary T",oracle,79,peer,5.0,5.102771550187015,0.07408186796642711,True,446
"BA (m=2, hubs)","linear, continuous T",oracle,79,direct,1.0,1.0531782816697326,0.057380515113966704,True,318
"BA (m=2, hubs)","linear, continuous T",oracle,79,peer,0.5,0.5658192206617886,0.07630374921064477,True,318
"BA (m=2, hubs)","linear, continuous T",linear (correct),79,direct,1.0,1.0514863190810673,0.060980656495886035,True,318
"BA (m=2, hubs)","linear, continuous T",linear (correct),79,peer,0.5,0.571447672499933,0.07960599907055087,True,318
"BA (m=2, hubs)","paper eq. 38, binary T",oracle,79,direct,10.0,9.95749447498553,0.09969883188929579,True,318
"BA (m=2, hubs)","paper eq. 38, binary T",oracle,79,peer,5.0,4.992506909695041,0.06967417133568704,True,318
SBM (40 blocks),"linear, continuous T",oracle,79,direct,1.0,0.9275541113143256,0.06104272022665099,True,231
SBM (40 blocks),"linear, continuous T",oracle,79,peer,0.5,0.5088203420371342,0.09915387230204013,True,231
SBM (40 blocks),"linear, continuous T",linear (correct),79,direct,1.0,0.9372686804285433,0.06325095019847675,True,231
SBM (40 blocks),"linear, continuous T",linear (correct),79,peer,0.5,0.471361153638873,0.09965875637976096,True,231
SBM (40 blocks),"paper eq. 38, binary T",oracle,79,direct,10.0,10.002807737138815,0.14277898842081554,True,231
SBM (40 blocks),"paper eq. 38, binary T",oracle,79,peer,5.0,5.0618207664537955,0.06749852998468818,True,231
ER (avg deg 4),"linear, continuous T",oracle,80,direct,1.0,1.0097774175658376,0.04757464122632794,True,465
ER (avg deg 4),"linear, continuous T",oracle,80,peer,0.5,0.5844040055822067,0.06563641922737332,True,465
ER (avg deg 4),"linear, continuous T",linear (correct),80,direct,1.0,1.0012984054505707,0.04690160559004196,True,465
ER (avg deg 4),"linear, continuous T",linear (correct),80,peer,0.5,0.5790605997539389,0.06528442588082634,True,465
ER (avg deg 4),"paper eq. 38, binary T",oracle,80,direct,10.0,9.967785601580653,0.1037341644777723,True,465
ER (avg deg 4),"paper eq. 38, binary T",oracle,80,peer,5.0,5.003012002089304,0.06490452870473638,True,465
"BA (m=2, hubs)","linear, continuous T",oracle,80,direct,1.0,1.0485553183897391,0.05685627440142579,True,315
"BA (m=2, hubs)","linear, continuous T",oracle,80,peer,0.5,0.6312420204401579,0.07819365376726703,True,315
"BA (m=2, hubs)","linear, continuous T",linear (correct),80,direct,1.0,1.0415534632008598,0.05752047024899978,True,315
"BA (m=2, hubs)","linear, continuous T",linear (correct),80,peer,0.5,0.6526417684722523,0.07764280554718395,False,315
"BA (m=2, hubs)","paper eq. 38, binary T",oracle,80,direct,10.0,10.05839855979502,0.11938047693245392,True,315
"BA (m=2, hubs)","paper eq. 38, binary T",oracle,80,peer,5.0,4.967564803974212,0.06986195570014479,True,315
SBM (40 blocks),"linear, continuous T",oracle,80,direct,1.0,0.8822300390397518,0.076164864786014,True,234
SBM (40 blocks),"linear, continuous T",oracle,80,peer,0.5,0.4134141258415725,0.12884356075152678,True,234
SBM (40 blocks),"linear, continuous T",linear (correct),80,direct,1.0,0.8886510292831271,0.07731314209223861,True,234
SBM (40 blocks),"linear, continuous T",linear (correct),80,peer,0.5,0.40905553359633195,0.12918464742592087,True,234
SBM (40 blocks),"paper eq. 38, binary T",oracle,80,direct,10.0,9.93143992955993,0.1514074152739596,True,234
SBM (40 blocks),"paper eq. 38, binary T",oracle,80,peer,5.0,5.032926748427643,0.07870069289504447,True,234
ER (avg deg 4),"linear, continuous T",oracle,81,direct,1.0,1.0032009684622756,0.05237762054415404,True,446
ER (avg deg 4),"linear, continuous T",oracle,81,peer,0.5,0.4153908824552877,0.07818415439851786,True,446
ER (avg deg 4),"linear, continuous T",linear (correct),81,direct,1.0,1.0191140434143788,0.05263009243657624,True,446
ER (avg deg 4),"linear, continuous T",linear (correct),81,peer,0.5,0.4147229255060232,0.07525324436615494,True,446
ER (avg deg 4),"paper eq. 38, binary T",oracle,81,direct,10.0,10.015564869483876,0.08694573219917077,True,446
ER (avg deg 4),"paper eq. 38, binary T",oracle,81,peer,5.0,5.059985701851068,0.07126724558933441,True,446
"BA (m=2, hubs)","linear, continuous T",oracle,81,direct,1.0,1.0297572837737727,0.06038217120154087,True,308
"BA (m=2, hubs)","linear, continuous T",oracle,81,peer,0.5,0.5840124116603536,0.0990274797903357,True,308
"BA (m=2, hubs)","linear, continuous T",linear (correct),81,direct,1.0,1.0308434717601571,0.06142594565704074,True,308
"BA (m=2, hubs)","linear, continuous T",linear (correct),81,peer,0.5,0.587104262699969,0.09933295468002659,True,308
"BA (m=2, hubs)","paper eq. 38, binary T",oracle,81,direct,10.0,9.82251208591205,0.10889514139979317,True,308
"BA (m=2, hubs)","paper eq. 38, binary T",oracle,81,peer,5.0,5.000958652283358,0.0808459420427992,True,308
SBM (40 blocks),"linear, continuous T",oracle,81,direct,1.0,1.003217079828389,0.07058995448723848,True,219
SBM (40 blocks),"linear, continuous T",oracle,81,peer,0.5,0.5049159577324104,0.13745727548053197,True,219
SBM (40 blocks),"linear, continuous T",linear (correct),81,direct,1.0,0.9886638662910733,0.0711227303167779,True,219
SBM (40 blocks),"linear, continuous T",linear (correct),81,peer,0.5,0.48935485775103765,0.14330433062990325,True,219
SBM (40 blocks),"paper eq. 38, binary T",oracle,81,direct,10.0,9.938052856606712,0.1433578564627491,True,219
SBM (40 blocks),"paper eq. 38, binary T",oracle,81,peer,5.0,4.937159795791983,0.07771731860732498,True,219
ER (avg deg 4),"linear, continuous T",oracle,82,direct,1.0,0.8813947659686908,0.05282838621534786,False,471
ER (avg deg 4),"linear, continuous T",oracle,82,peer,0.5,0.5802751299096335,0.06232360090555784,True,471
ER (avg deg 4),"linear, continuous T",linear (correct),82,direct,1.0,0.8892258172436548,0.05117284626163189,False,471
ER (avg deg 4),"linear, continuous T",linear (correct),82,peer,0.5,0.5867167996836249,0.06076166215707833,True,471
ER (avg deg 4),"paper eq. 38, binary T",oracle,82,direct,10.0,9.97158388519937,0.0862166422483269,True,471
ER (avg deg 4),"paper eq. 38, binary T",oracle,82,peer,5.0,4.970642706197789,0.057395074195431425,True,471
"BA (m=2, hubs)","linear, continuous T",oracle,82,direct,1.0,0.9303833443853785,0.054196888498565736,True,310
"BA (m=2, hubs)","linear, continuous T",oracle,82,peer,0.5,0.42217369499790464,0.08081218208503892,True,310
"BA (m=2, hubs)","linear, continuous T",linear (correct),82,direct,1.0,0.925228516758133,0.05320611990343212,True,310
"BA (m=2, hubs)","linear, continuous T",linear (correct),82,peer,0.5,0.4081070335645189,0.078877511654499,True,310
"BA (m=2, hubs)","paper eq. 38, binary T",oracle,82,direct,10.0,9.922262856927656,0.10338911880177132,True,310
"BA (m=2, hubs)","paper eq. 38, binary T",oracle,82,peer,5.0,5.022442681614793,0.0715665073602384,True,310
SBM (40 blocks),"linear, continuous T",oracle,82,direct,1.0,1.045939460756805,0.06281154862057774,True,236
SBM (40 blocks),"linear, continuous T",oracle,82,peer,0.5,0.28657471762447173,0.09630504450685043,False,236
SBM (40 blocks),"linear, continuous T",linear (correct),82,direct,1.0,1.0444360570752855,0.0635042678133354,True,236
SBM (40 blocks),"linear, continuous T",linear (correct),82,peer,0.5,0.29529572025771644,0.09358046860483399,False,236
SBM (40 blocks),"paper eq. 38, binary T",oracle,82,direct,10.0,9.973125655424433,0.134281031252202,True,236
SBM (40 blocks),"paper eq. 38, binary T",oracle,82,peer,5.0,5.06202972541391,0.06833741842358311,True,236
ER (avg deg 4),"linear, continuous T",oracle,83,direct,1.0,0.9754902340173027,0.04975739162934632,True,454
ER (avg deg 4),"linear, continuous T",oracle,83,peer,0.5,0.5964105560508616,0.06259304112978838,True,454
ER (avg deg 4),"linear, continuous T",linear (correct),83,direct,1.0,0.9674091837772385,0.04789347419174942,True,454
ER (avg deg 4),"linear, continuous T",linear (correct),83,peer,0.5,0.5919222099421472,0.06254160267715879,True,454
ER (avg deg 4),"paper eq. 38, binary T",oracle,83,direct,10.0,9.990210449710995,0.08892724434192717,True,454
ER (avg deg 4),"paper eq. 38, binary T",oracle,83,peer,5.0,4.957735004965111,0.07159344264980015,True,454
"BA (m=2, hubs)","linear, continuous T",oracle,83,direct,1.0,0.9047667919828828,0.06634589515546653,True,311
"BA (m=2, hubs)","linear, continuous T",oracle,83,peer,0.5,0.47246268940811187,0.0826932345532092,True,311
"BA (m=2, hubs)","linear, continuous T",linear (correct),83,direct,1.0,0.9128707349658995,0.06262768115775813,True,311
"BA (m=2, hubs)","linear, continuous T",linear (correct),83,peer,0.5,0.47064300356293026,0.07976428866747616,True,311
"BA (m=2, hubs)","paper eq. 38, binary T",oracle,83,direct,10.0,9.94564336945779,0.1022395158770869,True,311
"BA (m=2, hubs)","paper eq. 38, binary T",oracle,83,peer,5.0,5.1651815356364725,0.06851706651082966,False,311
SBM (40 blocks),"linear, continuous T",oracle,83,direct,1.0,1.0050428628791712,0.0613995468254844,True,242
SBM (40 blocks),"linear, continuous T",oracle,83,peer,0.5,0.44808810500890883,0.09062879784556142,True,242
SBM (40 blocks),"linear, continuous T",linear (correct),83,direct,1.0,0.9930198789180217,0.0617934785393053,True,242
SBM (40 blocks),"linear, continuous T",linear (correct),83,peer,0.5,0.45154243057306626,0.0912252160351176,True,242
SBM (40 blocks),"paper eq. 38, binary T",oracle,83,direct,10.0,9.987766822962236,0.11783791049292225,True,242
SBM (40 blocks),"paper eq. 38, binary T",oracle,83,peer,5.0,4.975737423645557,0.0785765497539681,True,242
ER (avg deg 4),"linear, continuous T",oracle,84,direct,1.0,0.9302758306534075,0.05581231712728019,True,460
ER (avg deg 4),"linear, continuous T",oracle,84,peer,0.5,0.5593942191952878,0.05985650377557372,True,460
ER (avg deg 4),"linear, continuous T",linear (correct),84,direct,1.0,0.9303019195799906,0.053704181349144446,True,460
ER (avg deg 4),"linear, continuous T",linear (correct),84,peer,0.5,0.5673341960616124,0.05898446603832721,True,460
ER (avg deg 4),"paper eq. 38, binary T",oracle,84,direct,10.0,9.96439914199218,0.10448725088474695,True,460
ER (avg deg 4),"paper eq. 38, binary T",oracle,84,peer,5.0,4.932244947921241,0.07555334580551284,True,460
"BA (m=2, hubs)","linear, continuous T",oracle,84,direct,1.0,1.0465031813658512,0.06470015586774724,True,314
"BA (m=2, hubs)","linear, continuous T",oracle,84,peer,0.5,0.4443355615811215,0.09116579240536753,True,314
"BA (m=2, hubs)","linear, continuous T",linear (correct),84,direct,1.0,1.0449713960778415,0.0625697684808646,True,314
"BA (m=2, hubs)","linear, continuous T",linear (correct),84,peer,0.5,0.42821912917424815,0.08778778941644214,True,314
"BA (m=2, hubs)","paper eq. 38, binary T",oracle,84,direct,10.0,10.042468397091568,0.10108620715235592,True,314
"BA (m=2, hubs)","paper eq. 38, binary T",oracle,84,peer,5.0,5.00590919847711,0.07258252571328333,True,314
SBM (40 blocks),"linear, continuous T",oracle,84,direct,1.0,0.939277340838973,0.0681469570988645,True,238
SBM (40 blocks),"linear, continuous T",oracle,84,peer,0.5,0.5575841418771078,0.12181888911372456,True,238
SBM (40 blocks),"linear, continuous T",linear (correct),84,direct,1.0,0.9258257640050934,0.06709252982024067,True,238
SBM (40 blocks),"linear, continuous T",linear (correct),84,peer,0.5,0.5775602711447004,0.12469542499141481,True,238
SBM (40 blocks),"paper eq. 38, binary T",oracle,84,direct,10.0,9.714313814687472,0.156665814563666,True,238
SBM (40 blocks),"paper eq. 38, binary T",oracle,84,peer,5.0,4.818269123423501,0.08655336443321329,False,238
ER (avg deg 4),"linear, continuous T",oracle,85,direct,1.0,1.0238359476242767,0.0455340080144683,True,450
ER (avg deg 4),"linear, continuous T",oracle,85,peer,0.5,0.5725710269677385,0.06848602013943214,True,450
ER (avg deg 4),"linear, continuous T",linear (correct),85,direct,1.0,1.00210335006353,0.04684714687372339,True,450
ER (avg deg 4),"linear, continuous T",linear (correct),85,peer,0.5,0.5960204825592986,0.07108849530685046,True,450
ER (avg deg 4),"paper eq. 38, binary T",oracle,85,direct,10.0,10.243079060003804,0.09488677749716877,False,450
ER (avg deg 4),"paper eq. 38, binary T",oracle,85,peer,5.0,4.872410895835923,0.0842316600060468,True,450
"BA (m=2, hubs)","linear, continuous T",oracle,85,direct,1.0,0.99856502751015,0.052187425542195694,True,301
"BA (m=2, hubs)","linear, continuous T",oracle,85,peer,0.5,0.4372193102465326,0.07854899883371398,True,301
"BA (m=2, hubs)","linear, continuous T",linear (correct),85,direct,1.0,1.0074361410496224,0.054489592271744866,True,301
"BA (m=2, hubs)","linear, continuous T",linear (correct),85,peer,0.5,0.4260467889204737,0.08055015673311053,True,301
"BA (m=2, hubs)","paper eq. 38, binary T",oracle,85,direct,10.0,10.10267770447303,0.13335944242709843,True,301
"BA (m=2, hubs)","paper eq. 38, binary T",oracle,85,peer,5.0,4.941786974111777,0.08114329318348482,True,301
SBM (40 blocks),"linear, continuous T",oracle,85,direct,1.0,1.0370414705827096,0.07222527380210692,True,234
SBM (40 blocks),"linear, continuous T",oracle,85,peer,0.5,0.5955908318183265,0.13862578290560754,True,234
SBM (40 blocks),"linear, continuous T",linear (correct),85,direct,1.0,1.0292752782503785,0.0718836175385339,True,234
SBM (40 blocks),"linear, continuous T",linear (correct),85,peer,0.5,0.6175917464074692,0.1445351669787048,True,234
SBM (40 blocks),"paper eq. 38, binary T",oracle,85,direct,10.0,10.027503594194592,0.1339788110506353,True,234
SBM (40 blocks),"paper eq. 38, binary T",oracle,85,peer,5.0,4.945793044752779,0.07451754410829074,True,234
ER (avg deg 4),"linear, continuous T",oracle,86,direct,1.0,0.943772369736178,0.045679412158012064,True,454
ER (avg deg 4),"linear, continuous T",oracle,86,peer,0.5,0.5606413964626319,0.07416434871108374,True,454
ER (avg deg 4),"linear, continuous T",linear (correct),86,direct,1.0,0.9397960976140084,0.045877151331480966,True,454
ER (avg deg 4),"linear, continuous T",linear (correct),86,peer,0.5,0.5678400954471973,0.07393973882985176,True,454
ER (avg deg 4),"paper eq. 38, binary T",oracle,86,direct,10.0,9.98375455478869,0.09779767023354338,True,454
ER (avg deg 4),"paper eq. 38, binary T",oracle,86,peer,5.0,5.021338748398222,0.06056125908746341,True,454
"BA (m=2, hubs)","linear, continuous T",oracle,86,direct,1.0,0.945711501130493,0.06208504379494681,True,322
"BA (m=2, hubs)","linear, continuous T",oracle,86,peer,0.5,0.4023761531410445,0.08591453804598642,True,322
"BA (m=2, hubs)","linear, continuous T",linear (correct),86,direct,1.0,0.9539779869068968,0.06304802883727079,True,322
"BA (m=2, hubs)","linear, continuous T",linear (correct),86,peer,0.5,0.4108482308124759,0.08873962878628894,True,322
"BA (m=2, hubs)","paper eq. 38, binary T",oracle,86,direct,10.0,9.916820582386062,0.1148590516329594,True,322
"BA (m=2, hubs)","paper eq. 38, binary T",oracle,86,peer,5.0,5.186583168798237,0.08092416829669365,False,322
SBM (40 blocks),"linear, continuous T",oracle,86,direct,1.0,0.9803377954520287,0.0597050199944218,True,223
SBM (40 blocks),"linear, continuous T",oracle,86,peer,0.5,0.298381200426437,0.12772825933207105,True,223
SBM (40 blocks),"linear, continuous T",linear (correct),86,direct,1.0,0.9715301753412272,0.058368641578390515,True,223
SBM (40 blocks),"linear, continuous T",linear (correct),86,peer,0.5,0.310948934033186,0.12774650748424982,True,223
SBM (40 blocks),"paper eq. 38, binary T",oracle,86,direct,10.0,10.061239262483667,0.13397130839298743,True,223
SBM (40 blocks),"paper eq. 38, binary T",oracle,86,peer,5.0,5.009274489647061,0.057760657974936375,True,223
ER (avg deg 4),"linear, continuous T",oracle,87,direct,1.0,0.9351079714317766,0.04187116599718667,True,461
ER (avg deg 4),"linear, continuous T",oracle,87,peer,0.5,0.49992984962340964,0.06247791238904136,True,461
ER (avg deg 4),"linear, continuous T",linear (correct),87,direct,1.0,0.9266258680773097,0.042100088993332486,True,461
ER (avg deg 4),"linear, continuous T",linear (correct),87,peer,0.5,0.4795141193977629,0.06135663112261954,True,461
ER (avg deg 4),"paper eq. 38, binary T",oracle,87,direct,10.0,10.04062619904314,0.09114617974764934,True,461
ER (avg deg 4),"paper eq. 38, binary T",oracle,87,peer,5.0,4.981368117822468,0.06810996563420792,True,461
"BA (m=2, hubs)","linear, continuous T",oracle,87,direct,1.0,1.1323678191033104,0.05985803035789983,False,294
"BA (m=2, hubs)","linear, continuous T",oracle,87,peer,0.5,0.6956351544792414,0.07422302405642907,False,294
"BA (m=2, hubs)","linear, continuous T",linear (correct),87,direct,1.0,1.1213595488337484,0.05910382239144119,False,294
"BA (m=2, hubs)","linear, continuous T",linear (correct),87,peer,0.5,0.7005761845268259,0.07621196135721886,False,294
"BA (m=2, hubs)","paper eq. 38, binary T",oracle,87,direct,10.0,9.92441662301838,0.10822876689534053,True,294
"BA (m=2, hubs)","paper eq. 38, binary T",oracle,87,peer,5.0,5.130472582177564,0.09277393813958489,True,294
SBM (40 blocks),"linear, continuous T",oracle,87,direct,1.0,0.9560832845810722,0.06901009287692943,True,223
SBM (40 blocks),"linear, continuous T",oracle,87,peer,0.5,0.3864341338226238,0.10921568336194318,True,223
SBM (40 blocks),"linear, continuous T",linear (correct),87,direct,1.0,0.955065621982694,0.07016273198746086,True,223
SBM (40 blocks),"linear, continuous T",linear (correct),87,peer,0.5,0.40166228940952237,0.10226807598743129,True,223
SBM (40 blocks),"paper eq. 38, binary T",oracle,87,direct,10.0,10.1387346628667,0.14914520395529782,True,223
SBM (40 blocks),"paper eq. 38, binary T",oracle,87,peer,5.0,4.943934267964302,0.06971094090161645,True,223
ER (avg deg 4),"linear, continuous T",oracle,88,direct,1.0,1.008350657962863,0.051508093644516806,True,446
ER (avg deg 4),"linear, continuous T",oracle,88,peer,0.5,0.40324196234035753,0.05429640607079688,True,446
ER (avg deg 4),"linear, continuous T",linear (correct),88,direct,1.0,1.0135486711350343,0.05175936125271043,True,446
ER (avg deg 4),"linear, continuous T",linear (correct),88,peer,0.5,0.3994794032755226,0.05517800463807234,True,446
ER (avg deg 4),"paper eq. 38, binary T",oracle,88,direct,10.0,9.995485323835206,0.09613921680969294,True,446
ER (avg deg 4),"paper eq. 38, binary T",oracle,88,peer,5.0,5.091248144630437,0.06294280591890071,True,446
"BA (m=2, hubs)","linear, continuous T",oracle,88,direct,1.0,1.0849002922041313,0.04917735448889403,True,308
"BA (m=2, hubs)","linear, continuous T",oracle,88,peer,0.5,0.5388991620340328,0.08073153609021644,True,308
"BA (m=2, hubs)","linear, continuous T",linear (correct),88,direct,1.0,1.0917829062118445,0.05136589487988248,True,308
"BA (m=2, hubs)","linear, continuous T",linear (correct),88,peer,0.5,0.5276343019747353,0.08104313525058685,True,308
"BA (m=2, hubs)","paper eq. 38, binary T",oracle,88,direct,10.0,9.991389470934282,0.11478991372553077,True,308
"BA (m=2, hubs)","paper eq. 38, binary T",oracle,88,peer,5.0,5.038060709635532,0.0768595941184191,True,308
SBM (40 blocks),"linear, continuous T",oracle,88,direct,1.0,1.0846655556626648,0.0612722252465992,True,234
SBM (40 blocks),"linear, continuous T",oracle,88,peer,0.5,0.5672968880106494,0.1064029287035494,True,234
SBM (40 blocks),"linear, continuous T",linear (correct),88,direct,1.0,1.0981421472503403,0.06334634959544795,True,234
SBM (40 blocks),"linear, continuous T",linear (correct),88,peer,0.5,0.5687941560379285,0.10109935087110095,True,234
SBM (40 blocks),"paper eq. 38, binary T",oracle,88,direct,10.0,9.935282140843103,0.12647741178021701,True,234
SBM (40 blocks),"paper eq. 38, binary T",oracle,88,peer,5.0,4.91144710319034,0.0635625281579335,True,234
ER (avg deg 4),"linear, continuous T",oracle,89,direct,1.0,0.9849631443196679,0.04697651828100478,True,455
ER (avg deg 4),"linear, continuous T",oracle,89,peer,0.5,0.5110663967197399,0.0682165841350032,True,455
ER (avg deg 4),"linear, continuous T",linear (correct),89,direct,1.0,0.9805769147098996,0.04745253889453597,True,455
ER (avg deg 4),"linear, continuous T",linear (correct),89,peer,0.5,0.5019891039798817,0.06972706519850867,True,455
ER (avg deg 4),"paper eq. 38, binary T",oracle,89,direct,10.0,9.894747516973053,0.10683550995043427,True,455
ER (avg deg 4),"paper eq. 38, binary T",oracle,89,peer,5.0,4.990952785486992,0.07936813282827651,True,455
"BA (m=2, hubs)","linear, continuous T",oracle,89,direct,1.0,0.9742316883947666,0.0532971605597966,True,297
"BA (m=2, hubs)","linear, continuous T",oracle,89,peer,0.5,0.6035128240075529,0.08824349678658032,True,297
"BA (m=2, hubs)","linear, continuous T",linear (correct),89,direct,1.0,0.9759768054352552,0.053561862551249076,True,297
"BA (m=2, hubs)","linear, continuous T",linear (correct),89,peer,0.5,0.6275129905724947,0.09202473347790063,True,297
"BA (m=2, hubs)","paper eq. 38, binary T",oracle,89,direct,10.0,10.167370953933233,0.12963433675499436,True,297
"BA (m=2, hubs)","paper eq. 38, binary T",oracle,89,peer,5.0,4.883346376462688,0.0768252944864697,True,297
SBM (40 blocks),"linear, continuous T",oracle,89,direct,1.0,1.0140555351917742,0.07392664378973994,True,245
SBM (40 blocks),"linear, continuous T",oracle,89,peer,0.5,0.40561644164899296,0.0995990318077824,True,245
SBM (40 blocks),"linear, continuous T",linear (correct),89,direct,1.0,1.0031602842115064,0.07331343156393862,True,245
SBM (40 blocks),"linear, continuous T",linear (correct),89,peer,0.5,0.4243614260688591,0.09668533293940743,True,245
SBM (40 blocks),"paper eq. 38, binary T",oracle,89,direct,10.0,10.042828303141398,0.1514946441024179,True,245
SBM (40 blocks),"paper eq. 38, binary T",oracle,89,peer,5.0,5.025583707441921,0.056543739515899756,True,245
ER (avg deg 4),"linear, continuous T",oracle,90,direct,1.0,0.9598366775054014,0.048619629977978654,True,452
ER (avg deg 4),"linear, continuous T",oracle,90,peer,0.5,0.5214940454758108,0.06708191453655567,True,452
ER (avg deg 4),"linear, continuous T",linear (correct),90,direct,1.0,0.9564009396411335,0.05059363305193534,True,452
ER (avg deg 4),"linear, continuous T",linear (correct),90,peer,0.5,0.5228000667420198,0.06832832178962393,True,452
ER (avg deg 4),"paper eq. 38, binary T",oracle,90,direct,10.0,10.021434515478035,0.10021657016561553,True,452
ER (avg deg 4),"paper eq. 38, binary T",oracle,90,peer,5.0,5.078259007025353,0.06507917292826336,True,452
"BA (m=2, hubs)","linear, continuous T",oracle,90,direct,1.0,0.9520332989751469,0.0501899824403913,True,311
"BA (m=2, hubs)","linear, continuous T",oracle,90,peer,0.5,0.47136615034574614,0.08546025816633916,True,311
"BA (m=2, hubs)","linear, continuous T",linear (correct),90,direct,1.0,0.9411853511428149,0.05128559365351571,True,311
"BA (m=2, hubs)","linear, continuous T",linear (correct),90,peer,0.5,0.47137874159318494,0.08388170756251445,True,311
"BA (m=2, hubs)","paper eq. 38, binary T",oracle,90,direct,10.0,10.019457298731353,0.12190377099869949,True,311
"BA (m=2, hubs)","paper eq. 38, binary T",oracle,90,peer,5.0,5.166613233672885,0.08743245474990015,True,311
SBM (40 blocks),"linear, continuous T",oracle,90,direct,1.0,0.9280129764865296,0.053372389359727455,True,232
SBM (40 blocks),"linear, continuous T",oracle,90,peer,0.5,0.4761187096489582,0.10727609565980832,True,232
SBM (40 blocks),"linear, continuous T",linear (correct),90,direct,1.0,0.9060509681760642,0.054717764648231235,True,232
SBM (40 blocks),"linear, continuous T",linear (correct),90,peer,0.5,0.5019867125199728,0.11553059628278754,True,232
SBM (40 blocks),"paper eq. 38, binary T",oracle,90,direct,10.0,10.111304228112246,0.11401306462527835,True,232
SBM (40 blocks),"paper eq. 38, binary T",oracle,90,peer,5.0,4.886013856871127,0.07784655376890869,True,232
ER (avg deg 4),"linear, continuous T",oracle,91,direct,1.0,0.9115940691566924,0.04967153856320045,True,461
ER (avg deg 4),"linear, continuous T",oracle,91,peer,0.5,0.4746501536999534,0.05930256746306296,True,461
ER (avg deg 4),"linear, continuous T",linear (correct),91,direct,1.0,0.9053751621562283,0.04802698160700428,False,461
ER (avg deg 4),"linear, continuous T",linear (correct),91,peer,0.5,0.4850703620025068,0.05839524716157206,True,461
ER (avg deg 4),"paper eq. 38, binary T",oracle,91,direct,10.0,9.986233657736323,0.09668983405035281,True,461
ER (avg deg 4),"paper eq. 38, binary T",oracle,91,peer,5.0,4.922702411391916,0.064576686538215,True,461
"BA (m=2, hubs)","linear, continuous T",oracle,91,direct,1.0,0.8907023888081351,0.06479780133526165,True,313
"BA (m=2, hubs)","linear, continuous T",oracle,91,peer,0.5,0.5020535629755899,0.07611599732217719,True,313
"BA (m=2, hubs)","linear, continuous T",linear (correct),91,direct,1.0,0.8968240744799969,0.06175976903921151,True,313
"BA (m=2, hubs)","linear, continuous T",linear (correct),91,peer,0.5,0.5224489575086074,0.07298873013182437,True,313
"BA (m=2, hubs)","paper eq. 38, binary T",oracle,91,direct,10.0,9.91940917912523,0.10891046224264511,True,313
"BA (m=2, hubs)","paper eq. 38, binary T",oracle,91,peer,5.0,5.050072044181454,0.0809037857583074,True,313
SBM (40 blocks),"linear, continuous T",oracle,91,direct,1.0,0.8574570945770982,0.062197200937115824,False,242
SBM (40 blocks),"linear, continuous T",oracle,91,peer,0.5,0.6400430575821479,0.12092182138287973,True,242
SBM (40 blocks),"linear, continuous T",linear (correct),91,direct,1.0,0.8584613796524545,0.06034314296625366,False,242
SBM (40 blocks),"linear, continuous T",linear (correct),91,peer,0.5,0.6140332324099121,0.11963394811872344,True,242
SBM (40 blocks),"paper eq. 38, binary T",oracle,91,direct,10.0,9.95312050881562,0.14817117058502832,True,242
SBM (40 blocks),"paper eq. 38, binary T",oracle,91,peer,5.0,5.025356992000307,0.051139547357216396,True,242
ER (avg deg 4),"linear, continuous T",oracle,92,direct,1.0,1.00419922315865,0.0448558277603,True,448
ER (avg deg 4),"linear, continuous T",oracle,92,peer,0.5,0.4949427510731261,0.06218121141776358,True,448
ER (avg deg 4),"linear, continuous T",linear (correct),92,direct,1.0,1.007740194462668,0.045930399884601215,True,448
ER (avg deg 4),"linear, continuous T",linear (correct),92,peer,0.5,0.501788845943565,0.06487263927622293,True,448
ER (avg deg 4),"paper eq. 38, binary T",oracle,92,direct,10.0,10.195740236181644,0.10223815549492717,True,448
ER (avg deg 4),"paper eq. 38, binary T",oracle,92,peer,5.0,5.009293917840709,0.06720813253978226,True,448
"BA (m=2, hubs)","linear, continuous T",oracle,92,direct,1.0,0.967032808954174,0.0571344300007638,True,325
"BA (m=2, hubs)","linear, continuous T",oracle,92,peer,0.5,0.591160477818886,0.08434230965242842,True,325
"BA (m=2, hubs)","linear, continuous T",linear (correct),92,direct,1.0,0.9681133405170793,0.05866898887505724,True,325
"BA (m=2, hubs)","linear, continuous T",linear (correct),92,peer,0.5,0.5920968241635375,0.08841416397316725,True,325
"BA (m=2, hubs)","paper eq. 38, binary T",oracle,92,direct,10.0,10.23439045948936,0.12320901676320288,True,325
"BA (m=2, hubs)","paper eq. 38, binary T",oracle,92,peer,5.0,5.0739409166357685,0.07203117632425114,True,325
SBM (40 blocks),"linear, continuous T",oracle,92,direct,1.0,1.085686619990676,0.0526203024235488,True,233
SBM (40 blocks),"linear, continuous T",oracle,92,peer,0.5,0.48045303882549956,0.08939405436166495,True,233
SBM (40 blocks),"linear, continuous T",linear (correct),92,direct,1.0,1.0850507900206345,0.052077120282096816,True,233
SBM (40 blocks),"linear, continuous T",linear (correct),92,peer,0.5,0.48022200728334397,0.09057691085202992,True,233
SBM (40 blocks),"paper eq. 38, binary T",oracle,92,direct,10.0,9.878839882845318,0.12877290595000465,True,233
SBM (40 blocks),"paper eq. 38, binary T",oracle,92,peer,5.0,4.9755703009411505,0.06515419353136272,True,233
ER (avg deg 4),"linear, continuous T",oracle,93,direct,1.0,0.966413324017234,0.04882972614704039,True,451
ER (avg deg 4),"linear, continuous T",oracle,93,peer,0.5,0.49333507285194717,0.05926182670544348,True,451
ER (avg deg 4),"linear, continuous T",linear (correct),93,direct,1.0,0.9676878963733739,0.05119182516537676,True,451
ER (avg deg 4),"linear, continuous T",linear (correct),93,peer,0.5,0.49129814226181445,0.06105974598892894,True,451
ER (avg deg 4),"paper eq. 38, binary T",oracle,93,direct,10.0,10.023448626599626,0.08701488408771559,True,451
ER (avg deg 4),"paper eq. 38, binary T",oracle,93,peer,5.0,5.0045254820617355,0.06084537003465605,True,451
"BA (m=2, hubs)","linear, continuous T",oracle,93,direct,1.0,0.9925009662470674,0.05451987418150227,True,318
"BA (m=2, hubs)","linear, continuous T",oracle,93,peer,0.5,0.4746060145574862,0.08945046654006311,True,318
"BA (m=2, hubs)","linear, continuous T",linear (correct),93,direct,1.0,0.9986250047149756,0.053023341389673795,True,318
"BA (m=2, hubs)","linear, continuous T",linear (correct),93,peer,0.5,0.49047262544461373,0.08804105088314071,True,318
"BA (m=2, hubs)","paper eq. 38, binary T",oracle,93,direct,10.0,9.982753042363374,0.1175681039370291,True,318
"BA (m=2, hubs)","paper eq. 38, binary T",oracle,93,peer,5.0,4.905781985535077,0.07681344218526774,True,318
SBM (40 blocks),"linear, continuous T",oracle,93,direct,1.0,0.9248012007957028,0.06571136230038752,True,224
SBM (40 blocks),"linear, continuous T",oracle,93,peer,0.5,0.3426428605308195,0.1114942991166217,True,224
SBM (40 blocks),"linear, continuous T",linear (correct),93,direct,1.0,0.9172224053703397,0.06441564975827739,True,224
SBM (40 blocks),"linear, continuous T",linear (correct),93,peer,0.5,0.3565663053286749,0.10406333535851278,True,224
SBM (40 blocks),"paper eq. 38, binary T",oracle,93,direct,10.0,10.140573939691825,0.12460632246034355,True,224
SBM (40 blocks),"paper eq. 38, binary T",oracle,93,peer,5.0,4.944372259077795,0.05921272604449667,True,224
ER (avg deg 4),"linear, continuous T",oracle,94,direct,1.0,1.0595236735710136,0.042751885735420304,True,448
ER (avg deg 4),"linear, continuous T",oracle,94,peer,0.5,0.5015666817428305,0.061995496291502646,True,448
ER (avg deg 4),"linear, continuous T",linear (correct),94,direct,1.0,1.067464253640426,0.04295484141914572,True,448
ER (avg deg 4),"linear, continuous T",linear (correct),94,peer,0.5,0.5053332859416069,0.06130986143747089,True,448
ER (avg deg 4),"paper eq. 38, binary T",oracle,94,direct,10.0,9.971103378055949,0.08769564384110679,True,448
ER (avg deg 4),"paper eq. 38, binary T",oracle,94,peer,5.0,4.989558963879063,0.07296455722425212,True,448
"BA (m=2, hubs)","linear, continuous T",oracle,94,direct,1.0,0.8820704311467547,0.055507740482586804,False,316
"BA (m=2, hubs)","linear, continuous T",oracle,94,peer,0.5,0.6028936344117056,0.08935039351784327,True,316
"BA (m=2, hubs)","linear, continuous T",linear (correct),94,direct,1.0,0.8784652869839998,0.0557907567600776,False,316
"BA (m=2, hubs)","linear, continuous T",linear (correct),94,peer,0.5,0.5796818761069501,0.08965125036757503,True,316
"BA (m=2, hubs)","paper eq. 38, binary T",oracle,94,direct,10.0,10.249723714463249,0.11696838365198249,False,316
"BA (m=2, hubs)","paper eq. 38, binary T",oracle,94,peer,5.0,5.141225021267565,0.09453361261257623,True,316
SBM (40 blocks),"linear, continuous T",oracle,94,direct,1.0,0.9531033197414626,0.06129945300478534,True,222
SBM (40 blocks),"linear, continuous T",oracle,94,peer,0.5,0.3938103286372323,0.13261446448664505,True,222
SBM (40 blocks),"linear, continuous T",linear (correct),94,direct,1.0,0.9398825847764434,0.060192193617573116,True,222
SBM (40 blocks),"linear, continuous T",linear (correct),94,peer,0.5,0.383711226306102,0.1288726597390842,True,222
SBM (40 blocks),"paper eq. 38, binary T",oracle,94,direct,10.0,10.158740113804656,0.12763931383969138,True,222
SBM (40 blocks),"paper eq. 38, binary T",oracle,94,peer,5.0,5.002260496550776,0.06708613112209609,True,222
ER (avg deg 4),"linear, continuous T",oracle,95,direct,1.0,1.0274860446677654,0.04485263356771984,True,456
ER (avg deg 4),"linear, continuous T",oracle,95,peer,0.5,0.5132644994330665,0.05923797088309905,True,456
ER (avg deg 4),"linear, continuous T",linear (correct),95,direct,1.0,1.022136937372553,0.04449937616080412,True,456
ER (avg deg 4),"linear, continuous T",linear (correct),95,peer,0.5,0.5019670638782827,0.06015855299712388,True,456
ER (avg deg 4),"paper eq. 38, binary T",oracle,95,direct,10.0,9.940376553286486,0.09082353735736926,True,456
ER (avg deg 4),"paper eq. 38, binary T",oracle,95,peer,5.0,4.874459118570368,0.07330132434729354,True,456
"BA (m=2, hubs)","linear, continuous T",oracle,95,direct,1.0,1.064181006117491,0.055569659268902366,True,314
"BA (m=2, hubs)","linear, continuous T",oracle,95,peer,0.5,0.4236907343618076,0.06712592001976836,True,314
"BA (m=2, hubs)","linear, continuous T",linear (correct),95,direct,1.0,1.0698035905144891,0.054559770164107596,True,314
"BA (m=2, hubs)","linear, continuous T",linear (correct),95,peer,0.5,0.4401632157216146,0.06790040409899172,True,314
"BA (m=2, hubs)","paper eq. 38, binary T",oracle,95,direct,10.0,10.10374304665248,0.11014311909628936,True,314
"BA (m=2, hubs)","paper eq. 38, binary T",oracle,95,peer,5.0,5.082326790872025,0.08297197334244291,True,314
SBM (40 blocks),"linear, continuous T",oracle,95,direct,1.0,1.000822843545411,0.05584740062919187,True,218
SBM (40 blocks),"linear, continuous T",oracle,95,peer,0.5,0.4150143906682465,0.10796915017656523,True,218
SBM (40 blocks),"linear, continuous T",linear (correct),95,direct,1.0,1.0002245670048306,0.05739919341105216,True,218
SBM (40 blocks),"linear, continuous T",linear (correct),95,peer,0.5,0.4220733008587419,0.1060972669221715,True,218
SBM (40 blocks),"paper eq. 38, binary T",oracle,95,direct,10.0,10.245681627829985,0.16055042192996435,True,218
SBM (40 blocks),"paper eq. 38, binary T",oracle,95,peer,5.0,4.989653982563934,0.07063687139541024,True,218
ER (avg deg 4),"linear, continuous T",oracle,96,direct,1.0,1.0226172095587631,0.04415324407137854,True,464
ER (avg deg 4),"linear, continuous T",oracle,96,peer,0.5,0.47197642231790277,0.05587719691680723,True,464
ER (avg deg 4),"linear, continuous T",linear (correct),96,direct,1.0,1.0206114746084762,0.04529655753177322,True,464
ER (avg deg 4),"linear, continuous T",linear (correct),96,peer,0.5,0.46952239575721694,0.05692212904245992,True,464
ER (avg deg 4),"paper eq. 38, binary T",oracle,96,direct,10.0,10.008317691466914,0.08743274851115715,True,464
ER (avg deg 4),"paper eq. 38, binary T",oracle,96,peer,5.0,4.865468274249699,0.0712268259821915,True,464
"BA (m=2, hubs)","linear, continuous T",oracle,96,direct,1.0,1.1023071204237593,0.05684668155375277,True,313
"BA (m=2, hubs)","linear, continuous T",oracle,96,peer,0.5,0.6542751754336462,0.07218395511399438,False,313
"BA (m=2, hubs)","linear, continuous T",linear (correct),96,direct,1.0,1.1143296623504024,0.05796975825538141,False,313
"BA (m=2, hubs)","linear, continuous T",linear (correct),96,peer,0.5,0.6678530991110746,0.07544344413951554,False,313
"BA (m=2, hubs)","paper eq. 38, binary T",oracle,96,direct,10.0,9.784546518859393,0.1324240479621185,True,313
"BA (m=2, hubs)","paper eq. 38, binary T",oracle,96,peer,5.0,4.897413714958418,0.07075345433202272,True,313
SBM (40 blocks),"linear, continuous T",oracle,96,direct,1.0,1.0146672950390472,0.04710499227805656,True,238
SBM (40 blocks),"linear, continuous T",oracle,96,peer,0.5,0.5328301056071162,0.09167401136657283,True,238
SBM (40 blocks),"linear, continuous T",linear (correct),96,direct,1.0,1.0295478393003337,0.05204673908222846,True,238
SBM (40 blocks),"linear, continuous T",linear (correct),96,peer,0.5,0.5489793677700079,0.1000442732132633,True,238
SBM (40 blocks),"paper eq. 38, binary T",oracle,96,direct,10.0,9.884942661473316,0.16007177339942508,True,238
SBM (40 blocks),"paper eq. 38, binary T",oracle,96,peer,5.0,5.119128516377734,0.04620004890142576,False,238
ER (avg deg 4),"linear, continuous T",oracle,97,direct,1.0,1.0294744449298863,0.048971076236458654,True,446
ER (avg deg 4),"linear, continuous T",oracle,97,peer,0.5,0.5623671477337537,0.06585465645152073,True,446
ER (avg deg 4),"linear, continuous T",linear (correct),97,direct,1.0,1.0317987200558953,0.04876113069128537,True,446
ER (avg deg 4),"linear, continuous T",linear (correct),97,peer,0.5,0.5631857977647005,0.06150638041624066,True,446
ER (avg deg 4),"paper eq. 38, binary T",oracle,97,direct,10.0,9.81993868773415,0.09837505905163724,True,446
ER (avg deg 4),"paper eq. 38, binary T",oracle,97,peer,5.0,5.074313855176705,0.06869322575049924,True,446
"BA (m=2, hubs)","linear, continuous T",oracle,97,direct,1.0,0.9768819551231083,0.048268277678157466,True,321
"BA (m=2, hubs)","linear, continuous T",oracle,97,peer,0.5,0.685516414606215,0.07863355655983759,False,321
"BA (m=2, hubs)","linear, continuous T",linear (correct),97,direct,1.0,0.9833075540197749,0.04828017464935288,True,321
"BA (m=2, hubs)","linear, continuous T",linear (correct),97,peer,0.5,0.6740305648671184,0.07538510737366974,False,321
"BA (m=2, hubs)","paper eq. 38, binary T",oracle,97,direct,10.0,9.985306503429221,0.11541382359624802,True,321
"BA (m=2, hubs)","paper eq. 38, binary T",oracle,97,peer,5.0,5.050699823976707,0.08609964993447262,True,321
SBM (40 blocks),"linear, continuous T",oracle,97,direct,1.0,1.0544147373205044,0.0679906458262487,True,231
SBM (40 blocks),"linear, continuous T",oracle,97,peer,0.5,0.5879467827186176,0.11990536242334064,True,231
SBM (40 blocks),"linear, continuous T",linear (correct),97,direct,1.0,1.0431314648660854,0.07079355197225472,True,231
SBM (40 blocks),"linear, continuous T",linear (correct),97,peer,0.5,0.5883678632779923,0.11538591723288023,True,231
SBM (40 blocks),"paper eq. 38, binary T",oracle,97,direct,10.0,9.968882235232428,0.13019222301842032,True,231
SBM (40 blocks),"paper eq. 38, binary T",oracle,97,peer,5.0,5.027666219775131,0.07092921311511916,True,231
ER (avg deg 4),"linear, continuous T",oracle,98,direct,1.0,0.9158156111065617,0.0466751448295638,True,448
ER (avg deg 4),"linear, continuous T",oracle,98,peer,0.5,0.580510870944067,0.07199092571841785,True,448
ER (avg deg 4),"linear, continuous T",linear (correct),98,direct,1.0,0.9153860387489449,0.04645013697985935,True,448
ER (avg deg 4),"linear, continuous T",linear (correct),98,peer,0.5,0.5901148332388422,0.07133882844069707,True,448
ER (avg deg 4),"paper eq. 38, binary T",oracle,98,direct,10.0,10.062245845569885,0.09407237513195851,True,448
ER (avg deg 4),"paper eq. 38, binary T",oracle,98,peer,5.0,4.936360635495435,0.07209194234153447,True,448
"BA (m=2, hubs)","linear, continuous T",oracle,98,direct,1.0,1.0268599847987256,0.06913071933706928,True,320
"BA (m=2, hubs)","linear, continuous T",oracle,98,peer,0.5,0.6909295835729329,0.10183700696394747,True,320
"BA (m=2, hubs)","linear, continuous T",linear (correct),98,direct,1.0,1.022775712034738,0.062938391577015,True,320
"BA (m=2, hubs)","linear, continuous T",linear (correct),98,peer,0.5,0.7040907101706433,0.0941078440786066,False,320
"BA (m=2, hubs)","paper eq. 38, binary T",oracle,98,direct,10.0,9.94264945869372,0.11629547446507438,True,320
"BA (m=2, hubs)","paper eq. 38, binary T",oracle,98,peer,5.0,4.980140804568284,0.07811434470707083,True,320
SBM (40 blocks),"linear, continuous T",oracle,98,direct,1.0,0.8901801094115221,0.06446872680507228,True,238
SBM (40 blocks),"linear, continuous T",oracle,98,peer,0.5,0.406154046291704,0.12917840101863315,True,238
SBM (40 blocks),"linear, continuous T",linear (correct),98,direct,1.0,0.8782944861071578,0.0648939186888827,True,238
SBM (40 blocks),"linear, continuous T",linear (correct),98,peer,0.5,0.4584301470569276,0.1264959772430907,True,238
SBM (40 blocks),"paper eq. 38, binary T",oracle,98,direct,10.0,9.825837205542113,0.14505125126155594,True,238
SBM (40 blocks),"paper eq. 38, binary T",oracle,98,peer,5.0,5.000623535365117,0.06267461755822623,True,238
ER (avg deg 4),"linear, continuous T",oracle,99,direct,1.0,1.0313172206586045,0.05398558967703888,True,445
ER (avg deg 4),"linear, continuous T",oracle,99,peer,0.5,0.5028186332112172,0.06567344087239015,True,445
ER (avg deg 4),"linear, continuous T",linear (correct),99,direct,1.0,1.0348068368643188,0.05133291180712624,True,445
ER (avg deg 4),"linear, continuous T",linear (correct),99,peer,0.5,0.4978108122322616,0.0640568429466394,True,445
ER (avg deg 4),"paper eq. 38, binary T",oracle,99,direct,10.0,9.969136635360682,0.10353858462938852,True,445
ER (avg deg 4),"paper eq. 38, binary T",oracle,99,peer,5.0,5.0505437231018435,0.06540085553648162,True,445
"BA (m=2, hubs)","linear, continuous T",oracle,99,direct,1.0,1.007460891358368,0.05054673403810375,True,322
"BA (m=2, hubs)","linear, continuous T",oracle,99,peer,0.5,0.6042725739966096,0.0781546775570141,True,322
"BA (m=2, hubs)","linear, continuous T",linear (correct),99,direct,1.0,1.0106939135734636,0.05100206417539061,True,322
"BA (m=2, hubs)","linear, continuous T",linear (correct),99,peer,0.5,0.5972294105199127,0.0783353643222804,True,322
"BA (m=2, hubs)","paper eq. 38, binary T",oracle,99,direct,10.0,9.900859933471946,0.12217666331198757,True,322
"BA (m=2, hubs)","paper eq. 38, binary T",oracle,99,peer,5.0,5.004876312507966,0.08228396908376341,True,322
SBM (40 blocks),"linear, continuous T",oracle,99,direct,1.0,0.9795758035390769,0.0717155489086239,True,240
SBM (40 blocks),"linear, continuous T",oracle,99,peer,0.5,0.5020672525523099,0.12044544294826229,True,240
SBM (40 blocks),"linear, continuous T",linear (correct),99,direct,1.0,0.9596769669633538,0.07432037596282681,True,240
SBM (40 blocks),"linear, continuous T",linear (correct),99,peer,0.5,0.4717881461320616,0.12503758165217793,True,240
SBM (40 blocks),"paper eq. 38, binary T",oracle,99,direct,10.0,10.139434713852161,0.13330211282041085,True,240
SBM (40 blocks),"paper eq. 38, binary T",oracle,99,peer,5.0,4.89122045679007,0.0720802240598061,True,240
ER (avg deg 4),"linear, continuous T",oracle,100,direct,1.0,0.989637207785972,0.04877566521086049,True,452
ER (avg deg 4),"linear, continuous T",oracle,100,peer,0.5,0.5038953281204217,0.08280749694582597,True,452
ER (avg deg 4),"linear, continuous T",linear (correct),100,direct,1.0,1.0065827182953127,0.04443105418081282,True,452
ER (avg deg 4),"linear, continuous T",linear (correct),100,peer,0.5,0.5170370761082445,0.07252015303001488,True,452
ER (avg deg 4),"paper eq. 38, binary T",oracle,100,direct,10.0,10.002902900598299,0.08908629446634574,True,452
ER (avg deg 4),"paper eq. 38, binary T",oracle,100,peer,5.0,5.0025539614776395,0.06720360509591251,True,452
"BA (m=2, hubs)","linear, continuous T",oracle,100,direct,1.0,1.080444307708721,0.06652742241780392,True,306
"BA (m=2, hubs)","linear, continuous T",oracle,100,peer,0.5,0.6043702389984091,0.09088534097528217,True,306
"BA (m=2, hubs)","linear, continuous T",linear (correct),100,direct,1.0,1.0807673962456092,0.06445967432941976,True,306
"BA (m=2, hubs)","linear, continuous T",linear (correct),100,peer,0.5,0.600729288389202,0.08939645230132308,True,306
"BA (m=2, hubs)","paper eq. 38, binary T",oracle,100,direct,10.0,9.91392748361157,0.10660365872649395,True,306
"BA (m=2, hubs)","paper eq. 38, binary T",oracle,100,peer,5.0,5.051408486014337,0.08514275370504838,True,306
SBM (40 blocks),"linear, continuous T",oracle,100,direct,1.0,1.0335870977586985,0.07512884999963365,True,234
SBM (40 blocks),"linear, continuous T",oracle,100,peer,0.5,0.5575985938297175,0.13244386535764224,True,234
SBM (40 blocks),"linear, continuous T",linear (correct),100,direct,1.0,1.039111876096857,0.07140832384787059,True,234
SBM (40 blocks),"linear, continuous T",linear (correct),100,peer,0.5,0.5284104242581287,0.12897990466119177,True,234
SBM (40 blocks),"paper eq. 38, binary T",oracle,100,direct,10.0,10.198732240689056,0.13109188060401591,True,234
SBM (40 blocks),"paper eq. 38, binary T",oracle,100,peer,5.0,5.01284567946541,0.05124510487990997,True,234
ER (avg deg 4),"linear, continuous T",oracle,101,direct,1.0,0.9116751294048687,0.04673079570477859,True,449
ER (avg deg 4),"linear, continuous T",oracle,101,peer,0.5,0.32234351595430705,0.06042995736169672,False,449
ER (avg deg 4),"linear, continuous T",linear (correct),101,direct,1.0,0.9305762269464914,0.04662735945328398,True,449
ER (avg deg 4),"linear, continuous T",linear (correct),101,peer,0.5,0.34285402159826617,0.05876463850126476,False,449
ER (avg deg 4),"paper eq. 38, binary T",oracle,101,direct,10.0,9.70296573038025,0.08943754868155392,False,449
ER (avg deg 4),"paper eq. 38, binary T",oracle,101,peer,5.0,4.94332737735558,0.06902937051933417,True,449
"BA (m=2, hubs)","linear, continuous T",oracle,101,direct,1.0,0.9787494213722698,0.049302466232951925,True,319
"BA (m=2, hubs)","linear, continuous T",oracle,101,peer,0.5,0.5841922504861659,0.08233153643372253,True,319
"BA (m=2, hubs)","linear, continuous T",linear (correct),101,direct,1.0,0.9769846212460762,0.05128729288447129,True,319
"BA (m=2, hubs)","linear, continuous T",linear (correct),101,peer,0.5,0.5993687021836619,0.08441439639648228,True,319
"BA (m=2, hubs)","paper eq. 38, binary T",oracle,101,direct,10.0,9.982294722922521,0.12187170147223735,True,319
"BA (m=2, hubs)","paper eq. 38, binary T",oracle,101,peer,5.0,5.1275155040536164,0.08570154200599997,True,319
SBM (40 blocks),"linear, continuous T",oracle,101,direct,1.0,1.0338820645685127,0.05392624107806041,True,245
SBM (40 blocks),"linear, continuous T",oracle,101,peer,0.5,0.34316198995264985,0.10565624642039002,True,245
SBM (40 blocks),"linear, continuous T",linear (correct),101,direct,1.0,1.0240501468886407,0.05522546652358959,True,245
SBM (40 blocks),"linear, continuous T",linear (correct),101,peer,0.5,0.36618422552369484,0.10936588566662468,True,245
SBM (40 blocks),"paper eq. 38, binary T",oracle,101,direct,10.0,10.017566829579712,0.119609620501313,True,245
SBM (40 blocks),"paper eq. 38, binary T",oracle,101,peer,5.0,4.9385436626111865,0.08134795946050422,True,245
ER (avg deg 4),"linear, continuous T",oracle,102,direct,1.0,0.989171157564581,0.037997298461028485,True,444
ER (avg deg 4),"linear, continuous T",oracle,102,peer,0.5,0.44985738519708834,0.0599465315600422,True,444
ER (avg deg 4),"linear, continuous T",linear (correct),102,direct,1.0,0.994591110636972,0.040425060776903894,True,444
ER (avg deg 4),"linear, continuous T",linear (correct),102,peer,0.5,0.4466893930865971,0.06288155883931316,True,444
ER (avg deg 4),"paper eq. 38, binary T",oracle,102,direct,10.0,9.910928015063496,0.08816727492697284,True,444
ER (avg deg 4),"paper eq. 38, binary T",oracle,102,peer,5.0,4.88746581221826,0.07271128428949257,True,444
"BA (m=2, hubs)","linear, continuous T",oracle,102,direct,1.0,1.0158111988065377,0.06372533989659991,True,304
"BA (m=2, hubs)","linear, continuous T",oracle,102,peer,0.5,0.566732728405781,0.07932472002052489,True,304
"BA (m=2, hubs)","linear, continuous T",linear (correct),102,direct,1.0,1.0145101949854571,0.0633655662912873,True,304
"BA (m=2, hubs)","linear, continuous T",linear (correct),102,peer,0.5,0.5719241668515671,0.08005731028975972,True,304
"BA (m=2, hubs)","paper eq. 38, binary T",oracle,102,direct,10.0,10.140396707303644,0.11455897552604744,True,304
"BA (m=2, hubs)","paper eq. 38, binary T",oracle,102,peer,5.0,5.132032545730153,0.08161811729473087,True,304
SBM (40 blocks),"linear, continuous T",oracle,102,direct,1.0,0.945067248674341,0.0736265945672251,True,230
SBM (40 blocks),"linear, continuous T",oracle,102,peer,0.5,0.4835399426250031,0.11475382163905185,True,230
SBM (40 blocks),"linear, continuous T",linear (correct),102,direct,1.0,0.9476742996568944,0.07478812426645154,True,230
SBM (40 blocks),"linear, continuous T",linear (correct),102,peer,0.5,0.5111284548057882,0.1158298638126688,True,230
SBM (40 blocks),"paper eq. 38, binary T",oracle,102,direct,10.0,9.912716293280122,0.13655660441704492,True,230
SBM (40 blocks),"paper eq. 38, binary T",oracle,102,peer,5.0,4.968137915233241,0.07945031713332903,True,230
ER (avg deg 4),"linear, continuous T",oracle,103,direct,1.0,0.9675957060535968,0.04552825122979155,True,442
ER (avg deg 4),"linear, continuous T",oracle,103,peer,0.5,0.5177190703167759,0.07608095447606963,True,442
ER (avg deg 4),"linear, continuous T",linear (correct),103,direct,1.0,0.9774722934758028,0.048214244302803896,True,442
ER (avg deg 4),"linear, continuous T",linear (correct),103,peer,0.5,0.5181506081116584,0.07439865835490936,True,442
ER (avg deg 4),"paper eq. 38, binary T",oracle,103,direct,10.0,10.132558041898038,0.09654981280017723,True,442
ER (avg deg 4),"paper eq. 38, binary T",oracle,103,peer,5.0,5.049337627801695,0.07597502849701476,True,442
"BA (m=2, hubs)","linear, continuous T",oracle,103,direct,1.0,0.9709662077434525,0.05899147126636703,True,300
"BA (m=2, hubs)","linear, continuous T",oracle,103,peer,0.5,0.42301109692333844,0.08636980303343203,True,300
"BA (m=2, hubs)","linear, continuous T",linear (correct),103,direct,1.0,0.9821783757537325,0.055261946964040465,True,300
"BA (m=2, hubs)","linear, continuous T",linear (correct),103,peer,0.5,0.44203098634103977,0.08120689399587402,True,300
"BA (m=2, hubs)","paper eq. 38, binary T",oracle,103,direct,10.0,10.035859538892021,0.1313600001757091,True,300
"BA (m=2, hubs)","paper eq. 38, binary T",oracle,103,peer,5.0,5.091292740031657,0.09869826431677996,True,300
SBM (40 blocks),"linear, continuous T",oracle,103,direct,1.0,0.9161145707855124,0.05303381824564922,True,243
SBM (40 blocks),"linear, continuous T",oracle,103,peer,0.5,0.6038211456516278,0.110358208407256,True,243
SBM (40 blocks),"linear, continuous T",linear (correct),103,direct,1.0,0.915303493491989,0.0504355920641023,True,243
SBM (40 blocks),"linear, continuous T",linear (correct),103,peer,0.5,0.6028794673953712,0.10595623575538135,True,243
SBM (40 blocks),"paper eq. 38, binary T",oracle,103,direct,10.0,10.035297051625836,0.14862587454866547,True,243
SBM (40 blocks),"paper eq. 38, binary T",oracle,103,peer,5.0,5.11091160302716,0.08854677312122489,True,243
ER (avg deg 4),"linear, continuous T",oracle,104,direct,1.0,1.063928558797764,0.04597575825925827,True,456
ER (avg deg 4),"linear, continuous T",oracle,104,peer,0.5,0.5474324904855247,0.06188779325459152,True,456
ER (avg deg 4),"linear, continuous T",linear (correct),104,direct,1.0,1.0668014937368508,0.044162725417301124,True,456
ER (avg deg 4),"linear, continuous T",linear (correct),104,peer,0.5,0.5471671793155415,0.06014401741055838,True,456
ER (avg deg 4),"paper eq. 38, binary T",oracle,104,direct,10.0,9.966363935119361,0.10690574417300304,True,456
ER (avg deg 4),"paper eq. 38, binary T",oracle,104,peer,5.0,5.113786311209183,0.08494839507442664,True,456
"BA (m=2, hubs)","linear, continuous T",oracle,104,direct,1.0,1.0888031084931264,0.055297900547798824,True,301
"BA (m=2, hubs)","linear, continuous T",oracle,104,peer,0.5,0.5810130342317698,0.08374028828988402,True,301
"BA (m=2, hubs)","linear, continuous T",linear (correct),104,direct,1.0,1.1033527091236555,0.053783637926147695,True,301
"BA (m=2, hubs)","linear, continuous T",linear (correct),104,peer,0.5,0.5775206333606456,0.0830683253948333,True,301
"BA (m=2, hubs)","paper eq. 38, binary T",oracle,104,direct,10.0,9.959488855032612,0.1194474280860583,True,301
"BA (m=2, hubs)","paper eq. 38, binary T",oracle,104,peer,5.0,4.946758287405151,0.07336611655005125,True,301
SBM (40 blocks),"linear, continuous T",oracle,104,direct,1.0,1.2310888983436676,0.08234469688958891,False,242
SBM (40 blocks),"linear, continuous T",oracle,104,peer,0.5,0.6141071808861567,0.10993126408127213,True,242
SBM (40 blocks),"linear, continuous T",linear (correct),104,direct,1.0,1.2037405301443937,0.07142722684698423,False,242
SBM (40 blocks),"linear, continuous T",linear (correct),104,peer,0.5,0.5565052508938831,0.0946156198597026,True,242
SBM (40 blocks),"paper eq. 38, binary T",oracle,104,direct,10.0,9.76187649980875,0.15353525834652243,True,242
SBM (40 blocks),"paper eq. 38, binary T",oracle,104,peer,5.0,5.090784972412052,0.08245948215313359,True,242
ER (avg deg 4),"linear, continuous T",oracle,105,direct,1.0,0.9112256522371873,0.04445571888721509,False,463
ER (avg deg 4),"linear, continuous T",oracle,105,peer,0.5,0.4651459515065743,0.058751577439074276,True,463
ER (avg deg 4),"linear, continuous T",linear (correct),105,direct,1.0,0.8980390538237174,0.045110661271808655,False,463
ER (avg deg 4),"linear, continuous T",linear (correct),105,peer,0.5,0.4744622898835915,0.058708077612261,True,463
ER (avg deg 4),"paper eq. 38, binary T",oracle,105,direct,10.0,10.068674702150982,0.09593168308436238,True,463
ER (avg deg 4),"paper eq. 38, binary T",oracle,105,peer,5.0,5.068640819766773,0.0551623801492446,True,463
"BA (m=2, hubs)","linear, continuous T",oracle,105,direct,1.0,0.9350969960618883,0.054496033702135745,True,315
"BA (m=2, hubs)","linear, continuous T",oracle,105,peer,0.5,0.5148089891710542,0.08246177222526133,True,315
"BA (m=2, hubs)","linear, continuous T",linear (correct),105,direct,1.0,0.9334938850463542,0.05684685091438825,True,315
"BA (m=2, hubs)","linear, continuous T",linear (correct),105,peer,0.5,0.5335324732987444,0.08608045972382462,True,315
"BA (m=2, hubs)","paper eq. 38, binary T",oracle,105,direct,10.0,9.788379339451787,0.11670913129777719,True,315
"BA (m=2, hubs)","paper eq. 38, binary T",oracle,105,peer,5.0,4.995837844628925,0.07148799173834472,True,315
SBM (40 blocks),"linear, continuous T",oracle,105,direct,1.0,0.9312391414917569,0.07757835726065633,True,237
SBM (40 blocks),"linear, continuous T",oracle,105,peer,0.5,0.4710279059528993,0.1006319646118116,True,237
SBM (40 blocks),"linear, continuous T",linear (correct),105,direct,1.0,0.9515443642167821,0.07360519643327224,True,237
SBM (40 blocks),"linear, continuous T",linear (correct),105,peer,0.5,0.4639738016082968,0.10343916883795386,True,237
SBM (40 blocks),"paper eq. 38, binary T",oracle,105,direct,10.0,9.973230147833794,0.114164009647048,True,237
SBM (40 blocks),"paper eq. 38, binary T",oracle,105,peer,5.0,5.032181701758188,0.05440928975234437,True,237
ER (avg deg 4),"linear, continuous T",oracle,106,direct,1.0,1.0330313077591102,0.052759549559269134,True,475
ER (avg deg 4),"linear, continuous T",oracle,106,peer,0.5,0.45188823823175844,0.07336007659389454,True,475
ER (avg deg 4),"linear, continuous T",linear (correct),106,direct,1.0,1.0369044311106743,0.051660357991417515,True,475
ER (avg deg 4),"linear, continuous T",linear (correct),106,peer,0.5,0.448317406401767,0.07212352812037885,True,475
ER (avg deg 4),"paper eq. 38, binary T",oracle,106,direct,10.0,9.983800580513417,0.08929656440391512,True,475
ER (avg deg 4),"paper eq. 38, binary T",oracle,106,peer,5.0,4.969282537990991,0.07375725449322652,True,475
"BA (m=2, hubs)","linear, continuous T",oracle,106,direct,1.0,1.014020411885938,0.060463504606115534,True,309
"BA (m=2, hubs)","linear, continuous T",oracle,106,peer,0.5,0.42747834324276474,0.07283996743772772,True,309
"BA (m=2, hubs)","linear, continuous T",linear (correct),106,direct,1.0,1.0159760087352394,0.057908272220444444,True,309
"BA (m=2, hubs)","linear, continuous T",linear (correct),106,peer,0.5,0.4151114705269341,0.07078109655629404,True,309
"BA (m=2, hubs)","paper eq. 38, binary T",oracle,106,direct,10.0,10.138930071674153,0.12001244103785964,True,309
"BA (m=2, hubs)","paper eq. 38, binary T",oracle,106,peer,5.0,4.961238754634001,0.08875622088079566,True,309
SBM (40 blocks),"linear, continuous T",oracle,106,direct,1.0,0.9162703900121274,0.06952460085522912,True,232
SBM (40 blocks),"linear, continuous T",oracle,106,peer,0.5,0.35843239235112717,0.12792469915525057,True,232
SBM (40 blocks),"linear, continuous T",linear (correct),106,direct,1.0,0.8771994398811769,0.06833910538707025,True,232
SBM (40 blocks),"linear, continuous T",linear (correct),106,peer,0.5,0.35420488006428275,0.12667425209540392,True,232
SBM (40 blocks),"paper eq. 38, binary T",oracle,106,direct,10.0,10.084258454434812,0.14038229241170638,True,232
SBM (40 blocks),"paper eq. 38, binary T",oracle,106,peer,5.0,5.114520919827831,0.07528751858886559,True,232
ER (avg deg 4),"linear, continuous T",oracle,107,direct,1.0,1.0341497825578143,0.04942694366246136,True,453
ER (avg deg 4),"linear, continuous T",oracle,107,peer,0.5,0.531415386798541,0.06447086119881487,True,453
ER (avg deg 4),"linear, continuous T",linear (correct),107,direct,1.0,1.040002522259985,0.047966320160319716,True,453
ER (avg deg 4),"linear, continuous T",linear (correct),107,peer,0.5,0.53750365078764,0.06406142142724593,True,453
ER (avg deg 4),"paper eq. 38, binary T",oracle,107,direct,10.0,9.956396464570085,0.09617168346591609,True,453
ER (avg deg 4),"paper eq. 38, binary T",oracle,107,peer,5.0,4.999830316278742,0.07900683831769274,True,453
"BA (m=2, hubs)","linear, continuous T",oracle,107,direct,1.0,1.0186777442703043,0.05000627283474469,True,310
"BA (m=2, hubs)","linear, continuous T",oracle,107,peer,0.5,0.4643797919290282,0.07240383928979585,True,310
"BA (m=2, hubs)","linear, continuous T",linear (correct),107,direct,1.0,1.0163706493894908,0.05021354141188725,True,310
"BA (m=2, hubs)","linear, continuous T",linear (correct),107,peer,0.5,0.4596762406323979,0.07259666625119673,True,310
"BA (m=2, hubs)","paper eq. 38, binary T",oracle,107,direct,10.0,10.02887213605165,0.11398105915575656,True,310
"BA (m=2, hubs)","paper eq. 38, binary T",oracle,107,peer,5.0,4.9965907054636265,0.0831157763813618,True,310
SBM (40 blocks),"linear, continuous T",oracle,107,direct,1.0,0.9721825585295203,0.06031686371193365,True,236
SBM (40 blocks),"linear, continuous T",oracle,107,peer,0.5,0.6090050703685778,0.12034237984425462,True,236
SBM (40 blocks),"linear, continuous T",linear (correct),107,direct,1.0,0.9621689459644431,0.05942020648327959,True,236
SBM (40 blocks),"linear, continuous T",linear (correct),107,peer,0.5,0.6399319724651937,0.12055861014242955,True,236
SBM (40 blocks),"paper eq. 38, binary T",oracle,107,direct,10.0,9.853223803856698,0.13205958543904947,True,236
SBM (40 blocks),"paper eq. 38, binary T",oracle,107,peer,5.0,5.034558213396314,0.06462436321469309,True,236
ER (avg deg 4),"linear, continuous T",oracle,108,direct,1.0,0.9688737717820737,0.04811031008250211,True,457
ER (avg deg 4),"linear, continuous T",oracle,108,peer,0.5,0.4496047635129599,0.055317693797192376,True,457
ER (avg deg 4),"linear, continuous T",linear (correct),108,direct,1.0,0.9685603315479229,0.046509339652863205,True,457
ER (avg deg 4),"linear, continuous T",linear (correct),108,peer,0.5,0.4544396252775287,0.05640492215071106,True,457
ER (avg deg 4),"paper eq. 38, binary T",oracle,108,direct,10.0,9.991402171837942,0.0869144822328225,True,457
ER (avg deg 4),"paper eq. 38, binary T",oracle,108,peer,5.0,5.060628098139432,0.0714698964044699,True,457
"BA (m=2, hubs)","linear, continuous T",oracle,108,direct,1.0,1.0050958194290354,0.05676407428259214,True,308
"BA (m=2, hubs)","linear, continuous T",oracle,108,peer,0.5,0.5528762286082833,0.09691964721269329,True,308
"BA (m=2, hubs)","linear, continuous T",linear (correct),108,direct,1.0,0.9992905846145482,0.05785212006560422,True,308
"BA (m=2, hubs)","linear, continuous T",linear (correct),108,peer,0.5,0.5483238244412661,0.09954504798842209,True,308
"BA (m=2, hubs)","paper eq. 38, binary T",oracle,108,direct,10.0,10.163925735478289,0.11336364155352856,True,308
"BA (m=2, hubs)","paper eq. 38, binary T",oracle,108,peer,5.0,4.857736432375129,0.07855723862629051,True,308
SBM (40 blocks),"linear, continuous T",oracle,108,direct,1.0,1.045480012552113,0.06278989746523816,True,231
SBM (40 blocks),"linear, continuous T",oracle,108,peer,0.5,0.46483639855636094,0.08783455045581892,True,231
SBM (40 blocks),"linear, continuous T",linear (correct),108,direct,1.0,1.057035520390489,0.06354531487566482,True,231
SBM (40 blocks),"linear, continuous T",linear (correct),108,peer,0.5,0.4403089060394416,0.09193256188157242,True,231
SBM (40 blocks),"paper eq. 38, binary T",oracle,108,direct,10.0,9.867170389402846,0.1314856995252193,True,231
SBM (40 blocks),"paper eq. 38, binary T",oracle,108,peer,5.0,4.978289101907622,0.051261045615046685,True,231
ER (avg deg 4),"linear, continuous T",oracle,109,direct,1.0,0.9140316051401971,0.05250863487735891,True,459
ER (avg deg 4),"linear, continuous T",oracle,109,peer,0.5,0.4909393337473642,0.06375190665816115,True,459
ER (avg deg 4),"linear, continuous T",linear (correct),109,direct,1.0,0.9318497052989964,0.05215475113983754,True,459
ER (avg deg 4),"linear, continuous T",linear (correct),109,peer,0.5,0.5084043971690629,0.06276031515262254,True,459
ER (avg deg 4),"paper eq. 38, binary T",oracle,109,direct,10.0,10.166050680561167,0.09300014860989483,True,459
ER (avg deg 4),"paper eq. 38, binary T",oracle,109,peer,5.0,5.052484138493891,0.08669790436229895,True,459
"BA (m=2, hubs)","linear, continuous T",oracle,109,direct,1.0,0.8842737624232488,0.04684458386054842,False,309
"BA (m=2, hubs)","linear, continuous T",oracle,109,peer,0.5,0.5324983070556596,0.09520703752980647,True,309
"BA (m=2, hubs)","linear, continuous T",linear (correct),109,direct,1.0,0.8736238848357636,0.047322555967994666,False,309
"BA (m=2, hubs)","linear, continuous T",linear (correct),109,peer,0.5,0.5458519259536457,0.09582323393755465,True,309
"BA (m=2, hubs)","paper eq. 38, binary T",oracle,109,direct,10.0,10.043785900642959,0.12580213721352287,True,309
"BA (m=2, hubs)","paper eq. 38, binary T",oracle,109,peer,5.0,4.991866652359579,0.0850520384429939,True,309
SBM (40 blocks),"linear, continuous T",oracle,109,direct,1.0,1.0540595757163866,0.06784777158810691,True,237
SBM (40 blocks),"linear, continuous T",oracle,109,peer,0.5,0.3786838242741739,0.11574591246822764,True,237
SBM (40 blocks),"linear, continuous T",linear (correct),109,direct,1.0,1.0574518440775107,0.06611642902334085,True,237
SBM (40 blocks),"linear, continuous T",linear (correct),109,peer,0.5,0.3570713519189264,0.11424521745864849,True,237
SBM (40 blocks),"paper eq. 38, binary T",oracle,109,direct,10.0,10.007381055339359,0.1506712199276133,True,237
SBM (40 blocks),"paper eq. 38, binary T",oracle,109,peer,5.0,5.094607431347984,0.09024848864445406,True,237
ER (avg deg 4),"linear, continuous T",oracle,110,direct,1.0,0.9311641763489614,0.04499391322977483,True,472
ER (avg deg 4),"linear, continuous T",oracle,110,peer,0.5,0.6175074711527099,0.05072208384302563,False,472
ER (avg deg 4),"linear, continuous T",linear (correct),110,direct,1.0,0.9243118654281611,0.04482298080237311,True,472
ER (avg deg 4),"linear, continuous T",linear (correct),110,peer,0.5,0.6232858552823481,0.05130596176994505,False,472
ER (avg deg 4),"paper eq. 38, binary T",oracle,110,direct,10.0,9.966097584275111,0.09075999895946037,True,472
ER (avg deg 4),"paper eq. 38, binary T",oracle,110,peer,5.0,4.985512370777292,0.07524484458520347,True,472
"BA (m=2, hubs)","linear, continuous T",oracle,110,direct,1.0,1.0189571671162834,0.050782191914755706,True,312
"BA (m=2, hubs)","linear, continuous T",oracle,110,peer,0.5,0.5393558003439941,0.07685758397686211,True,312
"BA (m=2, hubs)","linear, continuous T",linear (correct),110,direct,1.0,1.0236476749617336,0.05040908559891804,True,312
"BA (m=2, hubs)","linear, continuous T",linear (correct),110,peer,0.5,0.5235230083585871,0.07622234438380668,True,312
"BA (m=2, hubs)","paper eq. 38, binary T",oracle,110,direct,10.0,9.885217870548468,0.11507347112906637,True,312
"BA (m=2, hubs)","paper eq. 38, binary T",oracle,110,peer,5.0,4.966243997334497,0.08005866292761388,True,312
SBM (40 blocks),"linear, continuous T",oracle,110,direct,1.0,1.0764914067506341,0.062462891498399516,True,234
SBM (40 blocks),"linear, continuous T",oracle,110,peer,0.5,0.6243758923161378,0.11801428395135662,True,234
SBM (40 blocks),"linear, continuous T",linear (correct),110,direct,1.0,1.0691387913455699,0.06374426286720211,True,234
SBM (40 blocks),"linear, continuous T",linear (correct),110,peer,0.5,0.6315794850720039,0.11755388194920921,True,234
SBM (40 blocks),"paper eq. 38, binary T",oracle,110,direct,10.0,10.062573802061703,0.13323722987979975,True,234
SBM (40 blocks),"paper eq. 38, binary T",oracle,110,peer,5.0,4.9216051740972775,0.06658051150284033,True,234
ER (avg deg 4),"linear, continuous T",oracle,111,direct,1.0,1.003316311585405,0.04368232532945298,True,435
ER (avg deg 4),"linear, continuous T",oracle,111,peer,0.5,0.5640463441052228,0.0571373700174049,True,435
ER (avg deg 4),"linear, continuous T",linear (correct),111,direct,1.0,1.0009847269121122,0.0437966153509551,True,435
ER (avg deg 4),"linear, continuous T",linear (correct),111,peer,0.5,0.5693703316836756,0.059055932098855964,True,435
ER (avg deg 4),"paper eq. 38, binary T",oracle,111,direct,10.0,10.07372078580843,0.08325459162502291,True,435
ER (avg deg 4),"paper eq. 38, binary T",oracle,111,peer,5.0,4.987662766518444,0.05290211283621188,True,435
"BA (m=2, hubs)","linear, continuous T",oracle,111,direct,1.0,1.1437854169679662,0.06323292222200225,False,318
"BA (m=2, hubs)","linear, continuous T",oracle,111,peer,0.5,0.5546939775356442,0.07271217125188385,True,318
"BA (m=2, hubs)","linear, continuous T",linear (correct),111,direct,1.0,1.1354908481554205,0.058832256686241285,False,318
"BA (m=2, hubs)","linear, continuous T",linear (correct),111,peer,0.5,0.5818580223615827,0.07076141751208104,True,318
"BA (m=2, hubs)","paper eq. 38, binary T",oracle,111,direct,10.0,9.996901197360554,0.11352007762401978,True,318
"BA (m=2, hubs)","paper eq. 38, binary T",oracle,111,peer,5.0,4.98796923295785,0.08119557740997334,True,318
SBM (40 blocks),"linear, continuous T",oracle,111,direct,1.0,1.0706675679728224,0.07168430670370031,True,236
SBM (40 blocks),"linear, continuous T",oracle,111,peer,0.5,0.47004000270159224,0.10351551831024258,True,236
SBM (40 blocks),"linear, continuous T",linear (correct),111,direct,1.0,1.0698741104337521,0.0710695444353517,True,236
SBM (40 blocks),"linear, continuous T",linear (correct),111,peer,0.5,0.4617292828482062,0.10845744066802154,True,236
SBM (40 blocks),"paper eq. 38, binary T",oracle,111,direct,10.0,10.321641974674613,0.1224170101828088,False,236
SBM (40 blocks),"paper eq. 38, binary T",oracle,111,peer,5.0,4.968238961454446,0.061298722099639144,True,236
ER (avg deg 4),"linear, continuous T",oracle,112,direct,1.0,1.020109704774337,0.05052532755720809,True,451
ER (avg deg 4),"linear, continuous T",oracle,112,peer,0.5,0.5314610846762653,0.059923538065632435,True,451
ER (avg deg 4),"linear, continuous T",linear (correct),112,direct,1.0,1.02688039492859,0.050022874474996176,True,451
ER (avg deg 4),"linear, continuous T",linear (correct),112,peer,0.5,0.5280202631602423,0.06037332802511263,True,451
ER (avg deg 4),"paper eq. 38, binary T",oracle,112,direct,10.0,9.947128407220237,0.1022023574724926,True,451
ER (avg deg 4),"paper eq. 38, binary T",oracle,112,peer,5.0,4.9878249754531865,0.07454333905340851,True,451
"BA (m=2, hubs)","linear, continuous T",oracle,112,direct,1.0,0.9730287955067607,0.05822780649018593,True,323
"BA (m=2, hubs)","linear, continuous T",oracle,112,peer,0.5,0.428432201363294,0.08098244054667893,True,323
"BA (m=2, hubs)","linear, continuous T",linear (correct),112,direct,1.0,0.9718946361455472,0.058275046942390364,True,323
"BA (m=2, hubs)","linear, continuous T",linear (correct),112,peer,0.5,0.42515229472026367,0.07881738888685792,True,323
"BA (m=2, hubs)","paper eq. 38, binary T",oracle,112,direct,10.0,9.980638295106234,0.11996173866671671,True,323
"BA (m=2, hubs)","paper eq. 38, binary T",oracle,112,peer,5.0,5.019343995166745,0.0768423225332547,True,323
SBM (40 blocks),"linear, continuous T",oracle,112,direct,1.0,1.0184956636163822,0.056483714484859095,True,246
SBM (40 blocks),"linear, continuous T",oracle,112,peer,0.5,0.3906289465134021,0.11088844893923647,True,246
SBM (40 blocks),"linear, continuous T",linear (correct),112,direct,1.0,1.0061388948393508,0.05775997071017208,True,246
SBM (40 blocks),"linear, continuous T",linear (correct),112,peer,0.5,0.41232189448204387,0.10609394391923252,True,246
SBM (40 blocks),"paper eq. 38, binary T",oracle,112,direct,10.0,10.071137983479554,0.13489391850929378,True,246
SBM (40 blocks),"paper eq. 38, binary T",oracle,112,peer,5.0,4.963328770840584,0.0469807907267989,True,246
ER (avg deg 4),"linear, continuous T",oracle,113,direct,1.0,0.9112624149857408,0.04922739988386398,True,459
ER (avg deg 4),"linear, continuous T",oracle,113,peer,0.5,0.6182126677309553,0.06027684536132999,False,459
ER (avg deg 4),"linear, continuous T",linear (correct),113,direct,1.0,0.9128744252173575,0.047164105155984966,True,459
ER (avg deg 4),"linear, continuous T",linear (correct),113,peer,0.5,0.6297653458198197,0.059673858019337056,False,459
ER (avg deg 4),"paper eq. 38, binary T",oracle,113,direct,10.0,10.032884314362999,0.0872989345832051,True,459
ER (avg deg 4),"paper eq. 38, binary T",oracle,113,peer,5.0,5.080906466868415,0.06746449368981693,True,459
"BA (m=2, hubs)","linear, continuous T",oracle,113,direct,1.0,0.9471615536793405,0.0538378515408993,True,329
"BA (m=2, hubs)","linear, continuous T",oracle,113,peer,0.5,0.5270695756178612,0.07102554047519798,True,329
"BA (m=2, hubs)","linear, continuous T",linear (correct),113,direct,1.0,0.9535493708625558,0.054866005735276745,True,329
"BA (m=2, hubs)","linear, continuous T",linear (correct),113,peer,0.5,0.5132125243275429,0.07324021918985787,True,329
"BA (m=2, hubs)","paper eq. 38, binary T",oracle,113,direct,10.0,9.926220183079499,0.09940502365972664,True,329
"BA (m=2, hubs)","paper eq. 38, binary T",oracle,113,peer,5.0,4.972776488680776,0.07077129627581201,True,329
SBM (40 blocks),"linear, continuous T",oracle,113,direct,1.0,0.9516815666854311,0.057911302297068534,True,235
SBM (40 blocks),"linear, continuous T",oracle,113,peer,0.5,0.4473135624380357,0.10329777845729225,True,235
SBM (40 blocks),"linear, continuous T",linear (correct),113,direct,1.0,0.9523230390073332,0.06045942421989092,True,235
SBM (40 blocks),"linear, continuous T",linear (correct),113,peer,0.5,0.41322701805457124,0.10736596192044234,True,235
SBM (40 blocks),"paper eq. 38, binary T",oracle,113,direct,10.0,9.947437594066228,0.12413154585155796,True,235
SBM (40 blocks),"paper eq. 38, binary T",oracle,113,peer,5.0,5.01839665862131,0.0652857030395022,True,235
ER (avg deg 4),"linear, continuous T",oracle,114,direct,1.0,0.8929761772661916,0.04282851852528229,False,470
ER (avg deg 4),"linear, continuous T",oracle,114,peer,0.5,0.45728098014439983,0.06274517162966599,True,470
ER (avg deg 4),"linear, continuous T",linear (correct),114,direct,1.0,0.9000088042621285,0.04359693557284158,False,470
ER (avg deg 4),"linear, continuous T",linear (correct),114,peer,0.5,0.4710952368252989,0.0610794123319756,True,470
ER (avg deg 4),"paper eq. 38, binary T",oracle,114,direct,10.0,9.93722807126164,0.09053879536293483,True,470
ER (avg deg 4),"paper eq. 38, binary T",oracle,114,peer,5.0,5.079276576461993,0.05980326003844011,True,470
"BA (m=2, hubs)","linear, continuous T",oracle,114,direct,1.0,0.8926471853080113,0.056765882828662795,True,306
"BA (m=2, hubs)","linear, continuous T",oracle,114,peer,0.5,0.47646275225650325,0.08984719716593066,True,306
"BA (m=2, hubs)","linear, continuous T",linear (correct),114,direct,1.0,0.8991291396466465,0.05834413426473,True,306
"BA (m=2, hubs)","linear, continuous T",linear (correct),114,peer,0.5,0.48154177448908486,0.08907983919534097,True,306
"BA (m=2, hubs)","paper eq. 38, binary T",oracle,114,direct,10.0,9.988173596422746,0.1093738091146236,True,306
"BA (m=2, hubs)","paper eq. 38, binary T",oracle,114,peer,5.0,5.069795342525755,0.06771751305155825,True,306
SBM (40 blocks),"linear, continuous T",oracle,114,direct,1.0,0.9676999292351472,0.07663834692078764,True,235
SBM (40 blocks),"linear, continuous T",oracle,114,peer,0.5,0.6973181127778911,0.12088342734238817,True,235
SBM (40 blocks),"linear, continuous T",linear (correct),114,direct,1.0,0.9574781633414586,0.08063523034501405,True,235
SBM (40 blocks),"linear, continuous T",linear (correct),114,peer,0.5,0.6812600394456251,0.12117946614757587,True,235
SBM (40 blocks),"paper eq. 38, binary T",oracle,114,direct,10.0,9.95850494363438,0.11738248561583528,True,235
SBM (40 blocks),"paper eq. 38, binary T",oracle,114,peer,5.0,5.109002821854666,0.07554153988170656,True,235
ER (avg deg 4),"linear, continuous T",oracle,115,direct,1.0,0.915034463882409,0.05126494938107396,True,463
ER (avg deg 4),"linear, continuous T",oracle,115,peer,0.5,0.5314701128299997,0.053206943035035856,True,463
ER (avg deg 4),"linear, continuous T",linear (correct),115,direct,1.0,0.9168862063936974,0.05233124232607019,True,463
ER (avg deg 4),"linear, continuous T",linear (correct),115,peer,0.5,0.5391733868486546,0.05545487346554708,True,463
ER (avg deg 4),"paper eq. 38, binary T",oracle,115,direct,10.0,9.977156819327762,0.09422323184390932,True,463
ER (avg deg 4),"paper eq. 38, binary T",oracle,115,peer,5.0,4.889965470789356,0.07802548295297156,True,463
"BA (m=2, hubs)","linear, continuous T",oracle,115,direct,1.0,1.0274925816528868,0.05283275963322176,True,308
"BA (m=2, hubs)","linear, continuous T",oracle,115,peer,0.5,0.5581105553675845,0.07428140864189836,True,308
"BA (m=2, hubs)","linear, continuous T",linear (correct),115,direct,1.0,1.026663039288541,0.05478267368305818,True,308
"BA (m=2, hubs)","linear, continuous T",linear (correct),115,peer,0.5,0.557925838807905,0.07730955832000146,True,308
"BA (m=2, hubs)","paper eq. 38, binary T",oracle,115,direct,10.0,9.902345182403002,0.12379887205627106,True,308
"BA (m=2, hubs)","paper eq. 38, binary T",oracle,115,peer,5.0,4.98473869068196,0.08948545760718257,True,308
SBM (40 blocks),"linear, continuous T",oracle,115,direct,1.0,0.9638543646064703,0.05929407453412455,True,226
SBM (40 blocks),"linear, continuous T",oracle,115,peer,0.5,0.5946535441057452,0.11084420051495318,True,226
SBM (40 blocks),"linear, continuous T",linear (correct),115,direct,1.0,0.9633223174171546,0.062147162140049325,True,226
SBM (40 blocks),"linear, continuous T",linear (correct),115,peer,0.5,0.5913791585166411,0.11382548810315737,True,226
SBM (40 blocks),"paper eq. 38, binary T",oracle,115,direct,10.0,10.07925346818826,0.12636270751941778,True,226
SBM (40 blocks),"paper eq. 38, binary T",oracle,115,peer,5.0,4.929484601992768,0.06055816579584394,True,226
ER (avg deg 4),"linear, continuous T",oracle,116,direct,1.0,0.9634118305021687,0.04652757861250622,True,453
ER (avg deg 4),"linear, continuous T",oracle,116,peer,0.5,0.4510520289241921,0.06173604878028608,True,453
ER (avg deg 4),"linear, continuous T",linear (correct),116,direct,1.0,0.9628787798011263,0.047648745123527354,True,453
ER (avg deg 4),"linear, continuous T",linear (correct),116,peer,0.5,0.4371792190499319,0.06337574569706299,True,453
ER (avg deg 4),"paper eq. 38, binary T",oracle,116,direct,10.0,10.025276443897539,0.09371260266444519,True,453
ER (avg deg 4),"paper eq. 38, binary T",oracle,116,peer,5.0,5.063078109202915,0.0630225062111512,True,453
"BA (m=2, hubs)","linear, continuous T",oracle,116,direct,1.0,0.9996930184965832,0.047177494651452066,True,314
"BA (m=2, hubs)","linear, continuous T",oracle,116,peer,0.5,0.4605033092757715,0.08280046875063497,True,314
"BA (m=2, hubs)","linear, continuous T",linear (correct),116,direct,1.0,0.9993121259428226,0.04843575858076135,True,314
"BA (m=2, hubs)","linear, continuous T",linear (correct),116,peer,0.5,0.4703593256505133,0.0899153985418706,True,314
"BA (m=2, hubs)","paper eq. 38, binary T",oracle,116,direct,10.0,10.188171869491311,0.12633789681347402,True,314
"BA (m=2, hubs)","paper eq. 38, binary T",oracle,116,peer,5.0,4.976714023229978,0.07695095566147186,True,314
SBM (40 blocks),"linear, continuous T",oracle,116,direct,1.0,1.0634610806640854,0.0717244664838562,True,236
SBM (40 blocks),"linear, continuous T",oracle,116,peer,0.5,0.6061883291397085,0.12859695713245536,True,236
SBM (40 blocks),"linear, continuous T",linear (correct),116,direct,1.0,1.0707387921588076,0.07658339243806252,True,236
SBM (40 blocks),"linear, continuous T",linear (correct),116,peer,0.5,0.5963609146726775,0.13720445696695366,True,236
SBM (40 blocks),"paper eq. 38, binary T",oracle,116,direct,10.0,9.98782804355423,0.1430509089485018,True,236
SBM (40 blocks),"paper eq. 38, binary T",oracle,116,peer,5.0,4.932759269271139,0.08289226815629527,True,236
ER (avg deg 4),"linear, continuous T",oracle,117,direct,1.0,1.0715241497480286,0.05072911930345513,True,441
ER (avg deg 4),"linear, continuous T",oracle,117,peer,0.5,0.5570556442849208,0.06455111217691992,True,441
ER (avg deg 4),"linear, continuous T",linear (correct),117,direct,1.0,1.0699809332417545,0.04910761356149059,True,441
ER (avg deg 4),"linear, continuous T",linear (correct),117,peer,0.5,0.5548068795884881,0.06489647230969081,True,441
ER (avg deg 4),"paper eq. 38, binary T",oracle,117,direct,10.0,10.08142886611637,0.09411354453096168,True,441
ER (avg deg 4),"paper eq. 38, binary T",oracle,117,peer,5.0,4.9001586144845,0.057535649188981665,True,441
"BA (m=2, hubs)","linear, continuous T",oracle,117,direct,1.0,1.077086306236707,0.055833256214142826,True,302
"BA (m=2, hubs)","linear, continuous T",oracle,117,peer,0.5,0.42164592199792417,0.07880695975427016,True,302
"BA (m=2, hubs)","linear, continuous T",linear (correct),117,direct,1.0,1.0760485060250398,0.05485513589657902,True,302
"BA (m=2, hubs)","linear, continuous T",linear (correct),117,peer,0.5,0.41770040833206934,0.07822393368906067,True,302
"BA (m=2, hubs)","paper eq. 38, binary T",oracle,117,direct,10.0,10.18192543495193,0.10797056811885779,True,302
"BA (m=2, hubs)","paper eq. 38, binary T",oracle,117,peer,5.0,4.7859247984387325,0.08980471943529335,False,302
SBM (40 blocks),"linear, continuous T",oracle,117,direct,1.0,0.9654057700359794,0.06283806837212241,True,234
SBM (40 blocks),"linear, continuous T",oracle,117,peer,0.5,0.41213766044732697,0.10601353034279111,True,234
SBM (40 blocks),"linear, continuous T",linear (correct),117,direct,1.0,0.9449098405016851,0.06030339667441298,True,234
SBM (40 blocks),"linear, continuous T",linear (correct),117,peer,0.5,0.40780154551779063,0.10322932711288917,True,234
SBM (40 blocks),"paper eq. 38, binary T",oracle,117,direct,10.0,9.948197215822997,0.1390946899442082,True,234
SBM (40 blocks),"paper eq. 38, binary T",oracle,117,peer,5.0,5.072592922691611,0.07971515844919547,True,234
ER (avg deg 4),"linear, continuous T",oracle,118,direct,1.0,1.004578450248856,0.042268075541502526,True,472
ER (avg deg 4),"linear, continuous T",oracle,118,peer,0.5,0.48008521997817527,0.06224903822560182,True,472
ER (avg deg 4),"linear, continuous T",linear (correct),118,direct,1.0,1.000778660205672,0.04594501014308219,True,472
ER (avg deg 4),"linear, continuous T",linear (correct),118,peer,0.5,0.47247191884250106,0.06375294115961265,True,472
ER (avg deg 4),"paper eq. 38, binary T",oracle,118,direct,10.0,10.061758767121578,0.09500599590503464,True,472
ER (avg deg 4),"paper eq. 38, binary T",oracle,118,peer,5.0,4.934305929003579,0.06480937195220714,True,472
"BA (m=2, hubs)","linear, continuous T",oracle,118,direct,1.0,1.0424636119037096,0.06061334275283316,True,312
"BA (m=2, hubs)","linear, continuous T",oracle,118,peer,0.5,0.5123041164016302,0.08639433818999266,True,312
"BA (m=2, hubs)","linear, continuous T",linear (correct),118,direct,1.0,1.0368116129140885,0.06230295186891614,True,312
"BA (m=2, hubs)","linear, continuous T",linear (correct),118,peer,0.5,0.5210193993434491,0.08877786386231061,True,312
"BA (m=2, hubs)","paper eq. 38, binary T",oracle,118,direct,10.0,9.986988161656761,0.1143065927114929,True,312
"BA (m=2, hubs)","paper eq. 38, binary T",oracle,118,peer,5.0,5.065995266939644,0.0838970850535539,True,312
SBM (40 blocks),"linear, continuous T",oracle,118,direct,1.0,1.0824374085432775,0.06820881517510428,True,229
SBM (40 blocks),"linear, continuous T",oracle,118,peer,0.5,0.4542644726527221,0.11949049643485658,True,229
SBM (40 blocks),"linear, continuous T",linear (correct),118,direct,1.0,1.083823972663985,0.06778062621219587,True,229
SBM (40 blocks),"linear, continuous T",linear (correct),118,peer,0.5,0.4122014036345073,0.11520639292014889,True,229
SBM (40 blocks),"paper eq. 38, binary T",oracle,118,direct,10.0,10.237929354428601,0.13943524017642722,True,229
SBM (40 blocks),"paper eq. 38, binary T",oracle,118,peer,5.0,5.077445110632449,0.049427158519739035,True,229
ER (avg deg 4),"linear, continuous T",oracle,119,direct,1.0,0.9986067669438593,0.04759554843955855,True,462
ER (avg deg 4),"linear, continuous T",oracle,119,peer,0.5,0.42225552811102246,0.06750445676636213,True,462
ER (avg deg 4),"linear, continuous T",linear (correct),119,direct,1.0,1.0077331118788901,0.04521612631581875,True,462
ER (avg deg 4),"linear, continuous T",linear (correct),119,peer,0.5,0.42669012637228276,0.06508479915719219,True,462
ER (avg deg 4),"paper eq. 38, binary T",oracle,119,direct,10.0,10.08861146381431,0.10590599278146634,True,462
ER (avg deg 4),"paper eq. 38, binary T",oracle,119,peer,5.0,5.075390722612378,0.06932840077165539,True,462
"BA (m=2, hubs)","linear, continuous T",oracle,119,direct,1.0,0.9510587486655288,0.05960269841500434,True,323
"BA (m=2, hubs)","linear, continuous T",oracle,119,peer,0.5,0.35874161061173193,0.08245938778122197,True,323
"BA (m=2, hubs)","linear, continuous T",linear (correct),119,direct,1.0,0.9643115976067519,0.05783530451879077,True,323
"BA (m=2, hubs)","linear, continuous T",linear (correct),119,peer,0.5,0.38408616125970874,0.07790876066564494,True,323
"BA (m=2, hubs)","paper eq. 38, binary T",oracle,119,direct,10.0,10.044505760402043,0.11193820866614329,True,323
"BA (m=2, hubs)","paper eq. 38, binary T",oracle,119,peer,5.0,4.968791942924056,0.08146263602648741,True,323
SBM (40 blocks),"linear, continuous T",oracle,119,direct,1.0,1.00092423190039,0.06420564080372634,True,223
SBM (40 blocks),"linear, continuous T",oracle,119,peer,0.5,0.4900836448491301,0.11397976704365109,True,223
SBM (40 blocks),"linear, continuous T",linear (correct),119,direct,1.0,1.0006057286548937,0.0629309950220031,True,223
SBM (40 blocks),"linear, continuous T",linear (correct),119,peer,0.5,0.48350517917081903,0.10968562492175232,True,223
SBM (40 blocks),"paper eq. 38, binary T",oracle,119,direct,10.0,10.136156187610961,0.14268426013020044,True,223
SBM (40 blocks),"paper eq. 38, binary T",oracle,119,peer,5.0,4.990416120217884,0.07566647444151091,True,223
ER (avg deg 4),"linear, continuous T",oracle,120,direct,1.0,1.0633518749266337,0.045031562729603986,True,445
ER (avg deg 4),"linear, continuous T",oracle,120,peer,0.5,0.5446883558039071,0.05671382863931283,True,445
ER (avg deg 4),"linear, continuous T",linear (correct),120,direct,1.0,1.0789311880694348,0.04602378065731141,True,445
ER (avg deg 4),"linear, continuous T",linear (correct),120,peer,0.5,0.5448700792702476,0.05787851486789541,True,445
ER (avg deg 4),"paper eq. 38, binary T",oracle,120,direct,10.0,10.01660641537477,0.09113476523558817,True,445
ER (avg deg 4),"paper eq. 38, binary T",oracle,120,peer,5.0,5.020389177451593,0.07300789766744964,True,445
"BA (m=2, hubs)","linear, continuous T",oracle,120,direct,1.0,0.9105367949610765,0.05691228959429779,True,312
"BA (m=2, hubs)","linear, continuous T",oracle,120,peer,0.5,0.5350680745437207,0.07734515344001452,True,312
"BA (m=2, hubs)","linear, continuous T",linear (correct),120,direct,1.0,0.8994245116249202,0.05788350570178113,True,312
"BA (m=2, hubs)","linear, continuous T",linear (correct),120,peer,0.5,0.53942800476363,0.07926006988916236,True,312
"BA (m=2, hubs)","paper eq. 38, binary T",oracle,120,direct,10.0,9.880928929924501,0.10988536789548463,True,312
"BA (m=2, hubs)","paper eq. 38, binary T",oracle,120,peer,5.0,5.003641664494095,0.07910023270379347,True,312
SBM (40 blocks),"linear, continuous T",oracle,120,direct,1.0,0.8497999992366823,0.08141574624895175,True,228
SBM (40 blocks),"linear, continuous T",oracle,120,peer,0.5,0.28803196061783015,0.1336359404288674,True,228
SBM (40 blocks),"linear, continuous T",linear (correct),120,direct,1.0,0.8603650924052089,0.07402840454836151,True,228
SBM (40 blocks),"linear, continuous T",linear (correct),120,peer,0.5,0.2839462251697305,0.11474223851976796,True,228
SBM (40 blocks),"paper eq. 38, binary T",oracle,120,direct,10.0,10.066317385462265,0.13589737029476173,True,228
SBM (40 blocks),"paper eq. 38, binary T",oracle,120,peer,5.0,4.964055511208156,0.08080045286347164,True,228
ER (avg deg 4),"linear, continuous T",oracle,121,direct,1.0,0.9784632381127234,0.05442541426046131,True,471
ER (avg deg 4),"linear, continuous T",oracle,121,peer,0.5,0.5511656547883725,0.06064953486212991,True,471
ER (avg deg 4),"linear, continuous T",linear (correct),121,direct,1.0,0.9741556421825843,0.051951440106293635,True,471
ER (avg deg 4),"linear, continuous T",linear (correct),121,peer,0.5,0.5447264869579671,0.0612752139835007,True,471
ER (avg deg 4),"paper eq. 38, binary T",oracle,121,direct,10.0,10.047671558000829,0.08847817936751301,True,471
ER (avg deg 4),"paper eq. 38, binary T",oracle,121,peer,5.0,5.133808533549105,0.05660288430401843,False,471
"BA (m=2, hubs)","linear, continuous T",oracle,121,direct,1.0,0.9954987426077369,0.053871990357609534,True,304
"BA (m=2, hubs)","linear, continuous T",oracle,121,peer,0.5,0.4079607430635856,0.07149225683747754,True,304
"BA (m=2, hubs)","linear, continuous T",linear (correct),121,direct,1.0,0.9888203953528979,0.05241203225029763,True,304
"BA (m=2, hubs)","linear, continuous T",linear (correct),121,peer,0.5,0.3944034973718654,0.07181509380057914,True,304
"BA (m=2, hubs)","paper eq. 38, binary T",oracle,121,direct,10.0,9.982969571319908,0.10976201835337845,True,304
"BA (m=2, hubs)","paper eq. 38, binary T",oracle,121,peer,5.0,5.123579187729565,0.07675173838153422,True,304
SBM (40 blocks),"linear, continuous T",oracle,121,direct,1.0,0.998425907228343,0.06540859197182552,True,227
SBM (40 blocks),"linear, continuous T",oracle,121,peer,0.5,0.5691136812223466,0.11877938591215868,True,227
SBM (40 blocks),"linear, continuous T",linear (correct),121,direct,1.0,0.9936551721767108,0.06682266377411812,True,227
SBM (40 blocks),"linear, continuous T",linear (correct),121,peer,0.5,0.5673376370927007,0.12405600613961104,True,227
SBM (40 blocks),"paper eq. 38, binary T",oracle,121,direct,10.0,9.904373595198688,0.12941210617824256,True,227
SBM (40 blocks),"paper eq. 38, binary T",oracle,121,peer,5.0,5.053157353536616,0.07111775230318343,True,227
ER (avg deg 4),"linear, continuous T",oracle,122,direct,1.0,1.081264328183761,0.05417509606784193,True,458
ER (avg deg 4),"linear, continuous T",oracle,122,peer,0.5,0.44648793594943725,0.0613739868884237,True,458
ER (avg deg 4),"linear, continuous T",linear (correct),122,direct,1.0,1.0723247817534391,0.05557235727488038,True,458
ER (avg deg 4),"linear, continuous T",linear (correct),122,peer,0.5,0.4446967222867881,0.0639849695919356,True,458
ER (avg deg 4),"paper eq. 38, binary T",oracle,122,direct,10.0,9.972600314981474,0.09544338718942727,True,458
ER (avg deg 4),"paper eq. 38, binary T",oracle,122,peer,5.0,4.9954733451464275,0.06541508584387289,True,458
"BA (m=2, hubs)","linear, continuous T",oracle,122,direct,1.0,0.9778458194004461,0.04861568155700233,True,330
"BA (m=2, hubs)","linear, continuous T",oracle,122,peer,0.5,0.5122609672126324,0.07228490646816332,True,330
"BA (m=2, hubs)","linear, continuous T",linear (correct),122,direct,1.0,0.9703192590112448,0.04975065625929223,True,330
"BA (m=2, hubs)","linear, continuous T",linear (correct),122,peer,0.5,0.5041211484319711,0.07189540107542518,True,330
"BA (m=2, hubs)","paper eq. 38, binary T",oracle,122,direct,10.0,9.801656044098774,0.11069670301105679,True,330
"BA (m=2, hubs)","paper eq. 38, binary T",oracle,122,peer,5.0,5.108275500245459,0.07005149308826861,True,330
SBM (40 blocks),"linear, continuous T",oracle,122,direct,1.0,1.008153190947067,0.06298460379900989,True,226
SBM (40 blocks),"linear, continuous T",oracle,122,peer,0.5,0.5322784715359824,0.13643304025807318,True,226
SBM (40 blocks),"linear, continuous T",linear (correct),122,direct,1.0,1.0023896657284495,0.06339197414827834,True,226
SBM (40 blocks),"linear, continuous T",linear (correct),122,peer,0.5,0.5042425119004984,0.1296255290998157,True,226
SBM (40 blocks),"paper eq. 38, binary T",oracle,122,direct,10.0,10.014390218273764,0.13075045804961744,True,226
SBM (40 blocks),"paper eq. 38, binary T",oracle,122,peer,5.0,4.979284100221849,0.06819016243246696,True,226
ER (avg deg 4),"linear, continuous T",oracle,123,direct,1.0,1.006173691296374,0.046648662275802166,True,441
ER (avg deg 4),"linear, continuous T",oracle,123,peer,0.5,0.5114756318034234,0.05626403900965596,True,441
ER (avg deg 4),"linear, continuous T",linear (correct),123,direct,1.0,1.0181622441703178,0.04938119995783889,True,441
ER (avg deg 4),"linear, continuous T",linear (correct),123,peer,0.5,0.5140476471803138,0.05896038149763389,True,441
ER (avg deg 4),"paper eq. 38, binary T",oracle,123,direct,10.0,10.105688582215196,0.08532324879342462,True,441
ER (avg deg 4),"paper eq. 38, binary T",oracle,123,peer,5.0,5.043799897669168,0.06476523409860582,True,441
"BA (m=2, hubs)","linear, continuous T",oracle,123,direct,1.0,1.0139186299526992,0.05635295749594094,True,317
"BA (m=2, hubs)","linear, continuous T",oracle,123,peer,0.5,0.6677880395844714,0.09613000662214419,True,317
"BA (m=2, hubs)","linear, continuous T",linear (correct),123,direct,1.0,1.009627222538808,0.05804326577242962,True,317
"BA (m=2, hubs)","linear, continuous T",linear (correct),123,peer,0.5,0.6605223433269769,0.09893852779932187,True,317
"BA (m=2, hubs)","paper eq. 38, binary T",oracle,123,direct,10.0,9.894845933279836,0.11483366138897018,True,317
"BA (m=2, hubs)","paper eq. 38, binary T",oracle,123,peer,5.0,5.017641029584789,0.06951769169873434,True,317
SBM (40 blocks),"linear, continuous T",oracle,123,direct,1.0,0.9978103325006593,0.07897396210493855,True,228
SBM (40 blocks),"linear, continuous T",oracle,123,peer,0.5,0.4398401936142353,0.08716485908436421,True,228
SBM (40 blocks),"linear, continuous T",linear (correct),123,direct,1.0,0.990221605776146,0.08143100217980223,True,228
SBM (40 blocks),"linear, continuous T",linear (correct),123,peer,0.5,0.4130565534967846,0.09005333180705352,True,228
SBM (40 blocks),"paper eq. 38, binary T",oracle,123,direct,10.0,10.068299699239063,0.1290631588634413,True,228
SBM (40 blocks),"paper eq. 38, binary T",oracle,123,peer,5.0,4.999477332782233,0.06447273026890293,True,228
ER (avg deg 4),"linear, continuous T",oracle,124,direct,1.0,1.0735682331620824,0.051158669714860376,True,468
ER (avg deg 4),"linear, continuous T",oracle,124,peer,0.5,0.4988546597858355,0.0605329680248262,True,468
ER (avg deg 4),"linear, continuous T",linear (correct),124,direct,1.0,1.0819179595704878,0.050910727805297505,True,468
ER (avg deg 4),"linear, continuous T",linear (correct),124,peer,0.5,0.5064844345591472,0.06063460919426467,True,468
ER (avg deg 4),"paper eq. 38, binary T",oracle,124,direct,10.0,10.05681831523819,0.09217837140742449,True,468
ER (avg deg 4),"paper eq. 38, binary T",oracle,124,peer,5.0,4.867232185217454,0.0733729763488468,True,468
"BA (m=2, hubs)","linear, continuous T",oracle,124,direct,1.0,0.9602678506051474,0.049910904518506466,True,296
"BA (m=2, hubs)","linear, continuous T",oracle,124,peer,0.5,0.47506521521609474,0.07080226259684759,True,296
"BA (m=2, hubs)","linear, continuous T",linear (correct),124,direct,1.0,0.974018624727869,0.05172326218443511,True,296
"BA (m=2, hubs)","linear, continuous T",linear (correct),124,peer,0.5,0.47067448842084575,0.07431086043562571,True,296
"BA (m=2, hubs)","paper eq. 38, binary T",oracle,124,direct,10.0,10.005279495880213,0.12543134727985827,True,296
"BA (m=2, hubs)","paper eq. 38, binary T",oracle,124,peer,5.0,5.096815581562921,0.07423272120603347,True,296
SBM (40 blocks),"linear, continuous T",oracle,124,direct,1.0,1.0853564534078868,0.06272650446281179,True,221
SBM (40 blocks),"linear, continuous T",oracle,124,peer,0.5,0.49772737872005907,0.10798243113391633,True,221
SBM (40 blocks),"linear, continuous T",linear (correct),124,direct,1.0,1.0877435986421005,0.06319955021363591,True,221
SBM (40 blocks),"linear, continuous T",linear (correct),124,peer,0.5,0.5278226821940625,0.11324655129768385,True,221
SBM (40 blocks),"paper eq. 38, binary T",oracle,124,direct,10.0,10.350857865834543,0.15949509233818493,False,221
SBM (40 blocks),"paper eq. 38, binary T",oracle,124,peer,5.0,5.113548560982972,0.089226330839462,True,221
ER (avg deg 4),"linear, continuous T",oracle,125,direct,1.0,1.0145990324445757,0.042751908227338986,True,464
ER (avg deg 4),"linear, continuous T",oracle,125,peer,0.5,0.5243055626349787,0.06639034790752611,True,464
ER (avg deg 4),"linear, continuous T",linear (correct),125,direct,1.0,1.0274073019227652,0.04278122189757255,True,464
ER (avg deg 4),"linear, continuous T",linear (correct),125,peer,0.5,0.5272666655862634,0.06469721742234323,True,464
ER (avg deg 4),"paper eq. 38, binary T",oracle,125,direct,10.0,9.965564065232686,0.08843714165379227,True,464
ER (avg deg 4),"paper eq. 38, binary T",oracle,125,peer,5.0,5.053340981284478,0.05556890369251254,True,464
"BA (m=2, hubs)","linear, continuous T",oracle,125,direct,1.0,1.122069653689033,0.05926109976102751,False,293
"BA (m=2, hubs)","linear, continuous T",oracle,125,peer,0.5,0.4812825818194269,0.10625459836826577,True,293
"BA (m=2, hubs)","linear, continuous T",linear (correct),125,direct,1.0,1.104962744598081,0.05582522347638647,True,293
"BA (m=2, hubs)","linear, continuous T",linear (correct),125,peer,0.5,0.4582314610262049,0.09503022258456774,True,293
"BA (m=2, hubs)","paper eq. 38, binary T",oracle,125,direct,10.0,10.046785918794605,0.13042750370532485,True,293
"BA (m=2, hubs)","paper eq. 38, binary T",oracle,125,peer,5.0,5.098031150624352,0.07846062540131321,True,293
SBM (40 blocks),"linear, continuous T",oracle,125,direct,1.0,0.9699616176879253,0.05749935729204998,True,222
SBM (40 blocks),"linear, continuous T",oracle,125,peer,0.5,0.5367398063427715,0.10385518570432983,True,222
SBM (40 blocks),"linear, continuous T",linear (correct),125,direct,1.0,0.959023089815687,0.05841489805462008,True,222
SBM (40 blocks),"linear, continuous T",linear (correct),125,peer,0.5,0.5350985540471889,0.10448945221728302,True,222
SBM (40 blocks),"paper eq. 38, binary T",oracle,125,direct,10.0,9.974837133664796,0.1298234588746113,True,222
SBM (40 blocks),"paper eq. 38, binary T",oracle,125,peer,5.0,5.092587844216945,0.072137047533688,True,222
ER (avg deg 4),"linear, continuous T",oracle,126,direct,1.0,0.9169238218390803,0.041035284416675956,False,458
ER (avg deg 4),"linear, continuous T",oracle,126,peer,0.5,0.5175976731476839,0.05683399804406635,True,458
ER (avg deg 4),"linear, continuous T",linear (correct),126,direct,1.0,0.9105784563981373,0.04139109151510317,False,458
ER (avg deg 4),"linear, continuous T",linear (correct),126,peer,0.5,0.5025299689490563,0.05930798300571438,True,458
ER (avg deg 4),"paper eq. 38, binary T",oracle,126,direct,10.0,9.862185492596561,0.1013723797039819,True,458
ER (avg deg 4),"paper eq. 38, binary T",oracle,126,peer,5.0,5.007286268758399,0.0702297625067155,True,458
"BA (m=2, hubs)","linear, continuous T",oracle,126,direct,1.0,1.1315959548812242,0.05498841045867774,False,310
"BA (m=2, hubs)","linear, continuous T",oracle,126,peer,0.5,0.5422838815237266,0.09886051520345017,True,310
"BA (m=2, hubs)","linear, continuous T",linear (correct),126,direct,1.0,1.1238653438835122,0.05380484949260478,False,310
"BA (m=2, hubs)","linear, continuous T",linear (correct),126,peer,0.5,0.5188328961595088,0.09957181064917527,True,310
"BA (m=2, hubs)","paper eq. 38, binary T",oracle,126,direct,10.0,9.935711964085856,0.12380882354904373,True,310
"BA (m=2, hubs)","paper eq. 38, binary T",oracle,126,peer,5.0,4.98467066868566,0.0854595354956301,True,310
SBM (40 blocks),"linear, continuous T",oracle,126,direct,1.0,1.0078125782179028,0.059791505019914794,True,242
SBM (40 blocks),"linear, continuous T",oracle,126,peer,0.5,0.4293445346756032,0.08453839955255997,True,242
SBM (40 blocks),"linear, continuous T",linear (correct),126,direct,1.0,1.0032629786752534,0.06352027330956996,True,242
SBM (40 blocks),"linear, continuous T",linear (correct),126,peer,0.5,0.3750724704626554,0.08649451830516323,True,242
SBM (40 blocks),"paper eq. 38, binary T",oracle,126,direct,10.0,10.314112080168057,0.13963799758710596,False,242
SBM (40 blocks),"paper eq. 38, binary T",oracle,126,peer,5.0,4.8692567958477815,0.08914314246241825,True,242
ER (avg deg 4),"linear, continuous T",oracle,127,direct,1.0,0.9412175202041265,0.05062663629987218,True,442
ER (avg deg 4),"linear, continuous T",oracle,127,peer,0.5,0.4818873454395644,0.07017164047307502,True,442
ER (avg deg 4),"linear, continuous T",linear (correct),127,direct,1.0,0.9492811818050996,0.052640995071299504,True,442
ER (avg deg 4),"linear, continuous T",linear (correct),127,peer,0.5,0.4780952855217129,0.0704142337569915,True,442
ER (avg deg 4),"paper eq. 38, binary T",oracle,127,direct,10.0,9.869127104329712,0.10183430048184061,True,442
ER (avg deg 4),"paper eq. 38, binary T",oracle,127,peer,5.0,5.091822826745977,0.07823628117452605,True,442
"BA (m=2, hubs)","linear, continuous T",oracle,127,direct,1.0,0.974252985196461,0.07770176961255824,True,313
"BA (m=2, hubs)","linear, continuous T",oracle,127,peer,0.5,0.4986758538773603,0.07934499299488507,True,313
"BA (m=2, hubs)","linear, continuous T",linear (correct),127,direct,1.0,0.9808313687920674,0.07766413271301424,True,313
"BA (m=2, hubs)","linear, continuous T",linear (correct),127,peer,0.5,0.5002252769033693,0.08110793342191291,True,313
"BA (m=2, hubs)","paper eq. 38, binary T",oracle,127,direct,10.0,10.005428421064458,0.12112855287801395,True,313
"BA (m=2, hubs)","paper eq. 38, binary T",oracle,127,peer,5.0,4.944088167754863,0.09011867616677965,True,313
SBM (40 blocks),"linear, continuous T",oracle,127,direct,1.0,0.9734368222038816,0.07455498806108388,True,233
SBM (40 blocks),"linear, continuous T",oracle,127,peer,0.5,0.40523806687495995,0.09148320785991579,True,233
SBM (40 blocks),"linear, continuous T",linear (correct),127,direct,1.0,0.9932170278448835,0.07056716678130892,True,233
SBM (40 blocks),"linear, continuous T",linear (correct),127,peer,0.5,0.349731281260854,0.08526701552136592,True,233
SBM (40 blocks),"paper eq. 38, binary T",oracle,127,direct,10.0,9.99943812370572,0.14952931091163577,True,233
SBM (40 blocks),"paper eq. 38, binary T",oracle,127,peer,5.0,5.007421092324324,0.06710844707363765,True,233
ER (avg deg 4),"linear, continuous T",oracle,128,direct,1.0,1.0116423841827447,0.03789149196597768,True,447
ER (avg deg 4),"linear, continuous T",oracle,128,peer,0.5,0.49865448483009966,0.0579055004568939,True,447
ER (avg deg 4),"linear, continuous T",linear (correct),128,direct,1.0,1.0280636522875737,0.039608306544764264,True,447
ER (avg deg 4),"linear, continuous T",linear (correct),128,peer,0.5,0.49815852341921707,0.058840786831036,True,447
ER (avg deg 4),"paper eq. 38, binary T",oracle,128,direct,10.0,10.071014165443312,0.08889595384429602,True,447
ER (avg deg 4),"paper eq. 38, binary T",oracle,128,peer,5.0,4.959781040992699,0.06504393595223265,True,447
"BA (m=2, hubs)","linear, continuous T",oracle,128,direct,1.0,0.9630239422005512,0.05551204271451229,True,307
"BA (m=2, hubs)","linear, continuous T",oracle,128,peer,0.5,0.41595109498751726,0.09177804720243853,True,307
"BA (m=2, hubs)","linear, continuous T",linear (correct),128,direct,1.0,0.982531490138334,0.05894639861920215,True,307
"BA (m=2, hubs)","linear, continuous T",linear (correct),128,peer,0.5,0.42319454462798467,0.09459667547315133,True,307
"BA (m=2, hubs)","paper eq. 38, binary T",oracle,128,direct,10.0,9.991012979934501,0.11530804278880313,True,307
"BA (m=2, hubs)","paper eq. 38, binary T",oracle,128,peer,5.0,4.8915514610443145,0.07658806248912785,True,307
SBM (40 blocks),"linear, continuous T",oracle,128,direct,1.0,0.9207610964200489,0.0670846850553697,True,222
SBM (40 blocks),"linear, continuous T",oracle,128,peer,0.5,0.4181515819769768,0.10237853878904331,True,222
SBM (40 blocks),"linear, continuous T",linear (correct),128,direct,1.0,0.9081997043622427,0.06433891509903293,True,222
SBM (40 blocks),"linear, continuous T",linear (correct),128,peer,0.5,0.40592340310518465,0.1025739610576408,True,222
SBM (40 blocks),"paper eq. 38, binary T",oracle,128,direct,10.0,9.969109182586267,0.1258183737098809,True,222
SBM (40 blocks),"paper eq. 38, binary T",oracle,128,peer,5.0,4.955403277469348,0.07850295112239264,True,222
ER (avg deg 4),"linear, continuous T",oracle,129,direct,1.0,1.006604436223857,0.05246595891021722,True,437
ER (avg deg 4),"linear, continuous T",oracle,129,peer,0.5,0.47461338502406225,0.05478715646379543,True,437
ER (avg deg 4),"linear, continuous T",linear (correct),129,direct,1.0,1.010289003994373,0.04942459016800534,True,437
ER (avg deg 4),"linear, continuous T",linear (correct),129,peer,0.5,0.47687348290108056,0.05185298802152778,True,437
ER (avg deg 4),"paper eq. 38, binary T",oracle,129,direct,10.0,10.016436638336263,0.09323520732303239,True,437
ER (avg deg 4),"paper eq. 38, binary T",oracle,129,peer,5.0,5.061224568731466,0.060167525318065414,True,437
"BA (m=2, hubs)","linear, continuous T",oracle,129,direct,1.0,0.967980134883581,0.06135916961994589,True,313
"BA (m=2, hubs)","linear, continuous T",oracle,129,peer,0.5,0.6274017473379354,0.08788066102787856,True,313
"BA (m=2, hubs)","linear, continuous T",linear (correct),129,direct,1.0,0.9507920151527808,0.06051560905209067,True,313
"BA (m=2, hubs)","linear, continuous T",linear (correct),129,peer,0.5,0.6307196553951844,0.08447801001960852,True,313
"BA (m=2, hubs)","paper eq. 38, binary T",oracle,129,direct,10.0,10.054875235556967,0.11320603907546443,True,313
"BA (m=2, hubs)","paper eq. 38, binary T",oracle,129,peer,5.0,5.0852393487587335,0.08429595865957983,True,313
SBM (40 blocks),"linear, continuous T",oracle,129,direct,1.0,0.9306063323407359,0.0560743198325425,True,232
SBM (40 blocks),"linear, continuous T",oracle,129,peer,0.5,0.5370372253227544,0.10707151524388435,True,232
SBM (40 blocks),"linear, continuous T",linear (correct),129,direct,1.0,0.9264642551798984,0.05580267836092511,True,232
SBM (40 blocks),"linear, continuous T",linear (correct),129,peer,0.5,0.5595698775962976,0.10811199795825772,True,232
SBM (40 blocks),"paper eq. 38, binary T",oracle,129,direct,10.0,10.074801952122701,0.12918314753191623,True,232
SBM (40 blocks),"paper eq. 38, binary T",oracle,129,peer,5.0,4.910399984579165,0.06705957349595489,True,232
ER (avg deg 4),"linear, continuous T",oracle,130,direct,1.0,0.9568755308335343,0.054708589111557904,True,456
ER (avg deg 4),"linear, continuous T",oracle,130,peer,0.5,0.5860382914186594,0.05341061877500546,True,456
ER (avg deg 4),"linear, continuous T",linear (correct),130,direct,1.0,0.9454948303378042,0.052975987285156144,True,456
ER (avg deg 4),"linear, continuous T",linear (correct),130,peer,0.5,0.5892475244997822,0.05255519555167299,True,456
ER (avg deg 4),"paper eq. 38, binary T",oracle,130,direct,10.0,9.929157578053259,0.10064854290066616,True,456
ER (avg deg 4),"paper eq. 38, binary T",oracle,130,peer,5.0,5.037959536194826,0.06729165981165602,True,456
"BA (m=2, hubs)","linear, continuous T",oracle,130,direct,1.0,0.8771137001353561,0.05715705059107082,False,307
"BA (m=2, hubs)","linear, continuous T",oracle,130,peer,0.5,0.5346838094513788,0.08729901413789443,True,307
"BA (m=2, hubs)","linear, continuous T",linear (correct),130,direct,1.0,0.8692592943544988,0.059177742847338705,False,307
"BA (m=2, hubs)","linear, continuous T",linear (correct),130,peer,0.5,0.5258933072932493,0.0881372339764166,True,307
"BA (m=2, hubs)","paper eq. 38, binary T",oracle,130,direct,10.0,9.765414643353097,0.11168141371761907,False,307
"BA (m=2, hubs)","paper eq. 38, binary T",oracle,130,peer,5.0,5.044779074814829,0.07298659886251312,True,307
SBM (40 blocks),"linear, continuous T",oracle,130,direct,1.0,0.9695786432450509,0.07921952433772494,True,230
SBM (40 blocks),"linear, continuous T",oracle,130,peer,0.5,0.3817334402825575,0.10711847706918307,True,230
SBM (40 blocks),"linear, continuous T",linear (correct),130,direct,1.0,0.9717128122359046,0.07614253506301075,True,230
SBM (40 blocks),"linear, continuous T",linear (correct),130,peer,0.5,0.3956563453121135,0.10332585356193777,True,230
SBM (40 blocks),"paper eq. 38, binary T",oracle,130,direct,10.0,10.034475333189041,0.1463484659774039,True,230
SBM (40 blocks),"paper eq. 38, binary T",oracle,130,peer,5.0,5.038127125132179,0.06096173334090702,True,230
ER (avg deg 4),"linear, continuous T",oracle,131,direct,1.0,1.0487510129634419,0.04382476110733466,True,458
ER (avg deg 4),"linear, continuous T",oracle,131,peer,0.5,0.3420944296228811,0.06637588770285133,False,458
ER (avg deg 4),"linear, continuous T",linear (correct),131,direct,1.0,1.05524816423021,0.04471060646394559,True,458
ER (avg deg 4),"linear, continuous T",linear (correct),131,peer,0.5,0.34262691016409136,0.0643451243038759,False,458
ER (avg deg 4),"paper eq. 38, binary T",oracle,131,direct,10.0,9.884306282295897,0.09058383796953316,True,458
ER (avg deg 4),"paper eq. 38, binary T",oracle,131,peer,5.0,4.994600626632151,0.09371523651689277,True,458
"BA (m=2, hubs)","linear, continuous T",oracle,131,direct,1.0,1.033151735303564,0.07001684160495446,True,325
"BA (m=2, hubs)","linear, continuous T",oracle,131,peer,0.5,0.5136044015124194,0.09107204870701768,True,325
"BA (m=2, hubs)","linear, continuous T",linear (correct),131,direct,1.0,1.0387696213068864,0.06691554075040707,True,325
"BA (m=2, hubs)","linear, continuous T",linear (correct),131,peer,0.5,0.5227023247778693,0.0884833867686899,True,325
"BA (m=2, hubs)","paper eq. 38, binary T",oracle,131,direct,10.0,9.710012367547929,0.1397478444785317,False,325
"BA (m=2, hubs)","paper eq. 38, binary T",oracle,131,peer,5.0,4.9686295834862015,0.0995147583405196,True,325
SBM (40 blocks),"linear, continuous T",oracle,131,direct,1.0,1.0289461956218295,0.06417840077715888,True,228
SBM (40 blocks),"linear, continuous T",oracle,131,peer,0.5,0.6552702705122566,0.10916621906214863,True,228
SBM (40 blocks),"linear, continuous T",linear (correct),131,direct,1.0,1.038404491289189,0.06468014052596793,True,228
SBM (40 blocks),"linear, continuous T",linear (correct),131,peer,0.5,0.6207130793906327,0.10798130767408841,True,228
SBM (40 blocks),"paper eq. 38, binary T",oracle,131,direct,10.0,9.876853864216198,0.13531474736162918,True,228
SBM (40 blocks),"paper eq. 38, binary T",oracle,131,peer,5.0,5.00721106416194,0.07724714302669697,True,228
ER (avg deg 4),"linear, continuous T",oracle,132,direct,1.0,0.974722955239467,0.04617596887000293,True,450
ER (avg deg 4),"linear, continuous T",oracle,132,peer,0.5,0.5376416843144026,0.05625247127525792,True,450
ER (avg deg 4),"linear, continuous T",linear (correct),132,direct,1.0,0.9596886961902726,0.04672638384610479,True,450
ER (avg deg 4),"linear, continuous T",linear (correct),132,peer,0.5,0.5341858687291029,0.05719063102548934,True,450
ER (avg deg 4),"paper eq. 38, binary T",oracle,132,direct,10.0,9.928227334457569,0.10269016919421299,True,450
ER (avg deg 4),"paper eq. 38, binary T",oracle,132,peer,5.0,5.0519750952958935,0.05793611593911013,True,450
"BA (m=2, hubs)","linear, continuous T",oracle,132,direct,1.0,1.0437051947168845,0.06254346887688418,True,315
"BA (m=2, hubs)","linear, continuous T",oracle,132,peer,0.5,0.44724597898987256,0.08353171346849024,True,315
"BA (m=2, hubs)","linear, continuous T",linear (correct),132,direct,1.0,1.0563991633248577,0.06150388641333792,True,315
"BA (m=2, hubs)","linear, continuous T",linear (correct),132,peer,0.5,0.44801097080845903,0.08182597655186262,True,315
"BA (m=2, hubs)","paper eq. 38, binary T",oracle,132,direct,10.0,9.936362097460455,0.11032120335769284,True,315
"BA (m=2, hubs)","paper eq. 38, binary T",oracle,132,peer,5.0,4.933289255204076,0.08620916551533954,True,315
SBM (40 blocks),"linear, continuous T",oracle,132,direct,1.0,0.8644094184052985,0.05658992485633637,False,235
SBM (40 blocks),"linear, continuous T",oracle,132,peer,0.5,0.7441408509845303,0.13094965150691057,True,235
SBM (40 blocks),"linear, continuous T",linear (correct),132,direct,1.0,0.8248599533813369,0.0564437921312244,False,235
SBM (40 blocks),"linear, continuous T",linear (correct),132,peer,0.5,0.7308738411805945,0.1341007999019959,True,235
SBM (40 blocks),"paper eq. 38, binary T",oracle,132,direct,10.0,10.1829835548812,0.15506603685437542,True,235
SBM (40 blocks),"paper eq. 38, binary T",oracle,132,peer,5.0,5.034331794531602,0.09938824745132478,True,235
ER (avg deg 4),"linear, continuous T",oracle,133,direct,1.0,1.098918686705058,0.04440765111727771,False,445
ER (avg deg 4),"linear, continuous T",oracle,133,peer,0.5,0.5493678596284995,0.05883099506404855,True,445
ER (avg deg 4),"linear, continuous T",linear (correct),133,direct,1.0,1.1134081968178033,0.04643111023044232,False,445
ER (avg deg 4),"linear, continuous T",linear (correct),133,peer,0.5,0.5576705322741147,0.061583750914233154,True,445
ER (avg deg 4),"paper eq. 38, binary T",oracle,133,direct,10.0,9.968421649075186,0.09582881132910986,True,445
ER (avg deg 4),"paper eq. 38, binary T",oracle,133,peer,5.0,5.079073790894605,0.0647346018305199,True,445
"BA (m=2, hubs)","linear, continuous T",oracle,133,direct,1.0,1.0696060911987406,0.050802601976104936,True,313
"BA (m=2, hubs)","linear, continuous T",oracle,133,peer,0.5,0.4693164099268909,0.060819444153982195,True,313
"BA (m=2, hubs)","linear, continuous T",linear (correct),133,direct,1.0,1.0767758406887085,0.05254622403029165,True,313
"BA (m=2, hubs)","linear, continuous T",linear (correct),133,peer,0.5,0.4676397586357057,0.06395768810159977,True,313
"BA (m=2, hubs)","paper eq. 38, binary T",oracle,133,direct,10.0,9.995539409504502,0.11411054714221056,True,313
"BA (m=2, hubs)","paper eq. 38, binary T",oracle,133,peer,5.0,4.953645150757393,0.06927800004563099,True,313
SBM (40 blocks),"linear, continuous T",oracle,133,direct,1.0,0.949445739272119,0.07776431346800002,True,215
SBM (40 blocks),"linear, continuous T",oracle,133,peer,0.5,0.33485655262633757,0.11800957416148895,True,215
SBM (40 blocks),"linear, continuous T",linear (correct),133,direct,1.0,0.9268338667457231,0.08684087523082226,True,215
SBM (40 blocks),"linear, continuous T",linear (correct),133,peer,0.5,0.3288345861906694,0.12941679097910028,True,215
SBM (40 blocks),"paper eq. 38, binary T",oracle,133,direct,10.0,10.003749952836545,0.13467876372018178,True,215
SBM (40 blocks),"paper eq. 38, binary T",oracle,133,peer,5.0,4.959895013518177,0.07711363718109285,True,215
ER (avg deg 4),"linear, continuous T",oracle,134,direct,1.0,1.0241307247360756,0.04876995730590772,True,456
ER (avg deg 4),"linear, continuous T",oracle,134,peer,0.5,0.40033103716622614,0.059072381801625745,True,456
ER (avg deg 4),"linear, continuous T",linear (correct),134,direct,1.0,1.0244547504151116,0.05030890634990201,True,456
ER (avg deg 4),"linear, continuous T",linear (correct),134,peer,0.5,0.40074781426148826,0.06029785298003367,True,456
ER (avg deg 4),"paper eq. 38, binary T",oracle,134,direct,10.0,9.89869718628118,0.10036650666156063,True,456
ER (avg deg 4),"paper eq. 38, binary T",oracle,134,peer,5.0,5.060089854764675,0.07019939738698018,True,456
"BA (m=2, hubs)","linear, continuous T",oracle,134,direct,1.0,1.0564654352190868,0.05333948219649878,True,306
"BA (m=2, hubs)","linear, continuous T",oracle,134,peer,0.5,0.4383082251112783,0.07208051841764404,True,306
"BA (m=2, hubs)","linear, continuous T",linear (correct),134,direct,1.0,1.0599805459662077,0.054629618718062545,True,306
"BA (m=2, hubs)","linear, continuous T",linear (correct),134,peer,0.5,0.4210826988682321,0.07207837745355444,True,306
"BA (m=2, hubs)","paper eq. 38, binary T",oracle,134,direct,10.0,10.004725166466734,0.11869669455206451,True,306
"BA (m=2, hubs)","paper eq. 38, binary T",oracle,134,peer,5.0,4.948460381155675,0.0825853526996151,True,306
SBM (40 blocks),"linear, continuous T",oracle,134,direct,1.0,0.8978526328022858,0.05116826874122531,False,225
SBM (40 blocks),"linear, continuous T",oracle,134,peer,0.5,0.4697610791048336,0.0824794764185546,True,225
SBM (40 blocks),"linear, continuous T",linear (correct),134,direct,1.0,0.8939208535275394,0.05236877578750581,False,225
SBM (40 blocks),"linear, continuous T",linear (correct),134,peer,0.5,0.47392911654159303,0.07737754575127903,True,225
SBM (40 blocks),"paper eq. 38, binary T",oracle,134,direct,10.0,10.191379258425306,0.12365316504213099,True,225
SBM (40 blocks),"paper eq. 38, binary T",oracle,134,peer,5.0,4.841416159285166,0.08515509519228227,True,225
ER (avg deg 4),"linear, continuous T",oracle,135,direct,1.0,0.9843776194375229,0.048549035517882755,True,436
ER (avg deg 4),"linear, continuous T",oracle,135,peer,0.5,0.533060326643125,0.06517574102559122,True,436
ER (avg deg 4),"linear, continuous T",linear (correct),135,direct,1.0,0.9731328053289581,0.04475294730103503,True,436
ER (avg deg 4),"linear, continuous T",linear (correct),135,peer,0.5,0.5347992580146727,0.06457756548023376,True,436
ER (avg deg 4),"paper eq. 38, binary T",oracle,135,direct,10.0,9.960479407892251,0.09357076686747288,True,436
ER (avg deg 4),"paper eq. 38, binary T",oracle,135,peer,5.0,4.857170341459983,0.055516740052637036,False,436
"BA (m=2, hubs)","linear, continuous T",oracle,135,direct,1.0,1.03309095021499,0.05086160745114213,True,321
"BA (m=2, hubs)","linear, continuous T",oracle,135,peer,0.5,0.45698383850828733,0.08640591734774383,True,321
"BA (m=2, hubs)","linear, continuous T",linear (correct),135,direct,1.0,1.0399369175953785,0.05237126217417183,True,321
"BA (m=2, hubs)","linear, continuous T",linear (correct),135,peer,0.5,0.45726220282962765,0.08678569326451684,True,321
"BA (m=2, hubs)","paper eq. 38, binary T",oracle,135,direct,10.0,9.873627830588402,0.11265397715985137,True,321
"BA (m=2, hubs)","paper eq. 38, binary T",oracle,135,peer,5.0,4.99336425567024,0.07207238943483499,True,321
SBM (40 blocks),"linear, continuous T",oracle,135,direct,1.0,1.0373475708373472,0.06193297600779858,True,229
SBM (40 blocks),"linear, continuous T",oracle,135,peer,0.5,0.6005678200108765,0.12267871240263804,True,229
SBM (40 blocks),"linear, continuous T",linear (correct),135,direct,1.0,1.0319490593436895,0.060477477091267724,True,229
SBM (40 blocks),"linear, continuous T",linear (correct),135,peer,0.5,0.5666941612465205,0.12095779919692957,True,229
SBM (40 blocks),"paper eq. 38, binary T",oracle,135,direct,10.0,9.978008990094327,0.131461568800571,True,229
SBM (40 blocks),"paper eq. 38, binary T",oracle,135,peer,5.0,4.964526002988415,0.061847389719151644,True,229
ER (avg deg 4),"linear, continuous T",oracle,136,direct,1.0,0.9988465659625204,0.0493085110751234,True,452
ER (avg deg 4),"linear, continuous T",oracle,136,peer,0.5,0.5840745769313662,0.06521543919090149,True,452
ER (avg deg 4),"linear, continuous T",linear (correct),136,direct,1.0,0.9943374138336436,0.050582474789236685,True,452
ER (avg deg 4),"linear, continuous T",linear (correct),136,peer,0.5,0.5760603595872585,0.06582310528619821,True,452
ER (avg deg 4),"paper eq. 38, binary T",oracle,136,direct,10.0,9.959415543724333,0.09901184683852661,True,452
ER (avg deg 4),"paper eq. 38, binary T",oracle,136,peer,5.0,5.066727742627155,0.07006799441310255,True,452
"BA (m=2, hubs)","linear, continuous T",oracle,136,direct,1.0,1.0091674291430144,0.06463462629429774,True,309
"BA (m=2, hubs)","linear, continuous T",oracle,136,peer,0.5,0.616486050768719,0.10065959996144412,True,309
"BA (m=2, hubs)","linear, continuous T",linear (correct),136,direct,1.0,1.0152582026063406,0.0635533392670124,True,309
"BA (m=2, hubs)","linear, continuous T",linear (correct),136,peer,0.5,0.6029725191758791,0.09823972975726405,True,309
"BA (m=2, hubs)","paper eq. 38, binary T",oracle,136,direct,10.0,9.915684615400414,0.11326749789349505,True,309
"BA (m=2, hubs)","paper eq. 38, binary T",oracle,136,peer,5.0,5.00803216815951,0.07491561698108092,True,309
SBM (40 blocks),"linear, continuous T",oracle,136,direct,1.0,1.0864998324728672,0.07024066329604278,True,231
SBM (40 blocks),"linear, continuous T",oracle,136,peer,0.5,0.4809194807110713,0.10207033619633629,True,231
SBM (40 blocks),"linear, continuous T",linear (correct),136,direct,1.0,1.0920928488532582,0.07173654990174372,True,231
SBM (40 blocks),"linear, continuous T",linear (correct),136,peer,0.5,0.4857239591150368,0.10365720389109241,True,231
SBM (40 blocks),"paper eq. 38, binary T",oracle,136,direct,10.0,10.092296957855165,0.13259250324772898,True,231
SBM (40 blocks),"paper eq. 38, binary T",oracle,136,peer,5.0,5.087873649059598,0.06778234480356028,True,231
ER (avg deg 4),"linear, continuous T",oracle,137,direct,1.0,1.0304114746804864,0.05298646656803679,True,442
ER (avg deg 4),"linear, continuous T",oracle,137,peer,0.5,0.4802004839656659,0.059508583105243595,True,442
ER (avg deg 4),"linear, continuous T",linear (correct),137,direct,1.0,1.0210134079952515,0.05407456221090478,True,442
ER (avg deg 4),"linear, continuous T",linear (correct),137,peer,0.5,0.4797432059966733,0.058847112185436146,True,442
ER (avg deg 4),"paper eq. 38, binary T",oracle,137,direct,10.0,10.078819639680693,0.09707922696844233,True,442
ER (avg deg 4),"paper eq. 38, binary T",oracle,137,peer,5.0,5.14743464745139,0.08534185494031966,True,442
"BA (m=2, hubs)","linear, continuous T",oracle,137,direct,1.0,1.0745954605682524,0.05153549502569967,True,305
"BA (m=2, hubs)","linear, continuous T",oracle,137,peer,0.5,0.5072479790203578,0.0702321242672551,True,305
"BA (m=2, hubs)","linear, continuous T",linear (correct),137,direct,1.0,1.070718706306604,0.0520780496072701,True,305
"BA (m=2, hubs)","linear, continuous T",linear (correct),137,peer,0.5,0.5175135312253457,0.07215012897202908,True,305
"BA (m=2, hubs)","paper eq. 38, binary T",oracle,137,direct,10.0,9.949770400090847,0.10266874842713525,True,305
"BA (m=2, hubs)","paper eq. 38, binary T",oracle,137,peer,5.0,4.975506037866211,0.09129799404964725,True,305
SBM (40 blocks),"linear, continuous T",oracle,137,direct,1.0,0.9553608831603586,0.05908226605546672,True,231
SBM (40 blocks),"linear, continuous T",oracle,137,peer,0.5,0.6171541390490359,0.09564483823356462,True,231
SBM (40 blocks),"linear, continuous T",linear (correct),137,direct,1.0,0.9368128500708107,0.05810595012238014,True,231
SBM (40 blocks),"linear, continuous T",linear (correct),137,peer,0.5,0.616503927074592,0.09797219149964911,True,231
SBM (40 blocks),"paper eq. 38, binary T",oracle,137,direct,10.0,9.95638426011149,0.1357075801742345,True,231
SBM (40 blocks),"paper eq. 38, binary T",oracle,137,peer,5.0,5.052856434483959,0.07760488519956811,True,231
ER (avg deg 4),"linear, continuous T",oracle,138,direct,1.0,0.9897170427945441,0.041771775017599294,True,466
ER (avg deg 4),"linear, continuous T",oracle,138,peer,0.5,0.4761490746034452,0.05845634405299831,True,466
ER (avg deg 4),"linear, continuous T",linear (correct),138,direct,1.0,0.9910083843889179,0.0426201941779841,True,466
ER (avg deg 4),"linear, continuous T",linear (correct),138,peer,0.5,0.4709796828574387,0.05898101967913895,True,466
ER (avg deg 4),"paper eq. 38, binary T",oracle,138,direct,10.0,10.031443268599695,0.09512739683672386,True,466
ER (avg deg 4),"paper eq. 38, binary T",oracle,138,peer,5.0,4.978083573441229,0.057920236373323594,True,466
"BA (m=2, hubs)","linear, continuous T",oracle,138,direct,1.0,0.8657504636051374,0.0574136550550753,False,311
"BA (m=2, hubs)","linear, continuous T",oracle,138,peer,0.5,0.5654716611031771,0.06663721355388455,True,311
"BA (m=2, hubs)","linear, continuous T",linear (correct),138,direct,1.0,0.8721958203640674,0.05663002737334621,False,311
"BA (m=2, hubs)","linear, continuous T",linear (correct),138,peer,0.5,0.574961741496561,0.06698924092505035,True,311
"BA (m=2, hubs)","paper eq. 38, binary T",oracle,138,direct,10.0,10.005365176227816,0.10305436914376746,True,311
"BA (m=2, hubs)","paper eq. 38, binary T",oracle,138,peer,5.0,5.017190930431183,0.06781351913257945,True,311
SBM (40 blocks),"linear, continuous T",oracle,138,direct,1.0,0.9575919133092698,0.06129894724537194,True,236
SBM (40 blocks),"linear, continuous T",oracle,138,peer,0.5,0.4456032616291491,0.10446683893285262,True,236
SBM (40 blocks),"linear, continuous T",linear (correct),138,direct,1.0,0.9433563783691198,0.06215311198664295,True,236
SBM (40 blocks),"linear, continuous T",linear (correct),138,peer,0.5,0.45645823183067447,0.10424959329486878,True,236
SBM (40 blocks),"paper eq. 38, binary T",oracle,138,direct,10.0,9.938688075254467,0.13184666645995802,True,236
SBM (40 blocks),"paper eq. 38, binary T",oracle,138,peer,5.0,4.979298445497955,0.05642994785150393,True,236
ER (avg deg 4),"linear, continuous T",oracle,139,direct,1.0,0.9290318949579349,0.04102076119921571,True,440
ER (avg deg 4),"linear, continuous T",oracle,139,peer,0.5,0.6571991956967402,0.06301384590572438,False,440
ER (avg deg 4),"linear, continuous T",linear (correct),139,direct,1.0,0.9336778621417802,0.04183172904161034,True,440
ER (avg deg 4),"linear, continuous T",linear (correct),139,peer,0.5,0.6575510647207764,0.06151153076460345,False,440
ER (avg deg 4),"paper eq. 38, binary T",oracle,139,direct,10.0,9.921305499800598,0.09468491652394809,True,440
ER (avg deg 4),"paper eq. 38, binary T",oracle,139,peer,5.0,4.97584296714315,0.06700564711286751,True,440
"BA (m=2, hubs)","linear, continuous T",oracle,139,direct,1.0,1.0395817715710303,0.04887184715443781,True,301
"BA (m=2, hubs)","linear, continuous T",oracle,139,peer,0.5,0.44437239010747115,0.0735458031625655,True,301
"BA (m=2, hubs)","linear, continuous T",linear (correct),139,direct,1.0,1.0347736287779379,0.04896178289200207,True,301
"BA (m=2, hubs)","linear, continuous T",linear (correct),139,peer,0.5,0.4638067766236768,0.07426646053004084,True,301
"BA (m=2, hubs)","paper eq. 38, binary T",oracle,139,direct,10.0,9.886554433994858,0.10963440661300713,True,301
"BA (m=2, hubs)","paper eq. 38, binary T",oracle,139,peer,5.0,5.09309573331281,0.07370497642395518,True,301
SBM (40 blocks),"linear, continuous T",oracle,139,direct,1.0,0.9651871277094258,0.05630434201661439,True,228
SBM (40 blocks),"linear, continuous T",oracle,139,peer,0.5,0.2779483993178771,0.12319502459238636,True,228
SBM (40 blocks),"linear, continuous T",linear (correct),139,direct,1.0,0.951306727384651,0.056715327609372077,True,228
SBM (40 blocks),"linear, continuous T",linear (correct),139,peer,0.5,0.2617655570635519,0.12901131130940963,True,228
SBM (40 blocks),"paper eq. 38, binary T",oracle,139,direct,10.0,9.932590025956772,0.14746209959156564,True,228
SBM (40 blocks),"paper eq. 38, binary T",oracle,139,peer,5.0,5.041858880506045,0.05328582666276298,True,228
ER (avg deg 4),"linear, continuous T",oracle,140,direct,1.0,0.9889811755124299,0.04632997535209187,True,462
ER (avg deg 4),"linear, continuous T",oracle,140,peer,0.5,0.4393658287971295,0.06245866618107521,True,462
ER (avg deg 4),"linear, continuous T",linear (correct),140,direct,1.0,0.9834159855088502,0.04845959654296303,True,462
ER (avg deg 4),"linear, continuous T",linear (correct),140,peer,0.5,0.4389246917814615,0.062472647164996106,True,462
ER (avg deg 4),"paper eq. 38, binary T",oracle,140,direct,10.0,10.01685040588514,0.09440175850202448,True,462
ER (avg deg 4),"paper eq. 38, binary T",oracle,140,peer,5.0,4.99093375604239,0.06275091356014044,True,462
"BA (m=2, hubs)","linear, continuous T",oracle,140,direct,1.0,0.9661954144246109,0.048531887402551516,True,307
"BA (m=2, hubs)","linear, continuous T",oracle,140,peer,0.5,0.5158562371873723,0.07723380734119563,True,307
"BA (m=2, hubs)","linear, continuous T",linear (correct),140,direct,1.0,0.956184647500785,0.048388128328933126,True,307
"BA (m=2, hubs)","linear, continuous T",linear (correct),140,peer,0.5,0.5085218702818761,0.07698008602299417,True,307
"BA (m=2, hubs)","paper eq. 38, binary T",oracle,140,direct,10.0,10.06048460395626,0.11529114464575677,True,307
"BA (m=2, hubs)","paper eq. 38, binary T",oracle,140,peer,5.0,5.11712433749971,0.07621998736769621,True,307
SBM (40 blocks),"linear, continuous T",oracle,140,direct,1.0,0.910180646639968,0.059064723194733784,True,227
SBM (40 blocks),"linear, continuous T",oracle,140,peer,0.5,0.3618290091933254,0.13591025925160316,True,227
SBM (40 blocks),"linear, continuous T",linear (correct),140,direct,1.0,0.8826981395539336,0.06098917825183215,True,227
SBM (40 blocks),"linear, continuous T",linear (correct),140,peer,0.5,0.3285598382579125,0.141398436599537,True,227
SBM (40 blocks),"paper eq. 38, binary T",oracle,140,direct,10.0,10.077986185908635,0.1377221476979424,True,227
SBM (40 blocks),"paper eq. 38, binary T",oracle,140,peer,5.0,5.1379762660145225,0.08057715520591544,True,227
ER (avg deg 4),"linear, continuous T",oracle,141,direct,1.0,1.0322147836625577,0.04650166280467546,True,466
ER (avg deg 4),"linear, continuous T",oracle,141,peer,0.5,0.46640224033751204,0.057384446598406295,True,466
ER (avg deg 4),"linear, continuous T",linear (correct),141,direct,1.0,1.0342146298278996,0.048300003739005025,True,466
ER (avg deg 4),"linear, continuous T",linear (correct),141,peer,0.5,0.4687142940922586,0.057906793722255115,True,466
ER (avg deg 4),"paper eq. 38, binary T",oracle,141,direct,10.0,10.047094889521606,0.09697562141454749,True,466
ER (avg deg 4),"paper eq. 38, binary T",oracle,141,peer,5.0,4.984418915455764,0.05910727980363699,True,466
"BA (m=2, hubs)","linear, continuous T",oracle,141,direct,1.0,1.0388660149891116,0.05549945418708081,True,304
"BA (m=2, hubs)","linear, continuous T",oracle,141,peer,0.5,0.45290350848936467,0.07332923634033005,True,304
"BA (m=2, hubs)","linear, continuous T",linear (correct),141,direct,1.0,1.0440710753813784,0.05688090312097153,True,304
"BA (m=2, hubs)","linear, continuous T",linear (correct),141,peer,0.5,0.45279946576854097,0.07550618666170399,True,304
"BA (m=2, hubs)","paper eq. 38, binary T",oracle,141,direct,10.0,9.8606776557847,0.12338734755290866,True,304
"BA (m=2, hubs)","paper eq. 38, binary T",oracle,141,peer,5.0,5.0195610634315555,0.08261341940899798,True,304
SBM (40 blocks),"linear, continuous T",oracle,141,direct,1.0,1.0840774372729278,0.06700227980358338,True,233
SBM (40 blocks),"linear, continuous T",oracle,141,peer,0.5,0.42824042482265035,0.10246445548975977,True,233
SBM (40 blocks),"linear, continuous T",linear (correct),141,direct,1.0,1.0941060820215796,0.067242485661285,True,233
SBM (40 blocks),"linear, continuous T",linear (correct),141,peer,0.5,0.4678817646930611,0.1081956140679502,True,233
SBM (40 blocks),"paper eq. 38, binary T",oracle,141,direct,10.0,10.097834301342166,0.11532952262928788,True,233
SBM (40 blocks),"paper eq. 38, binary T",oracle,141,peer,5.0,4.947809887742643,0.07899537890564517,True,233
ER (avg deg 4),"linear, continuous T",oracle,142,direct,1.0,0.9343156837971842,0.0504019671475752,True,463
ER (avg deg 4),"linear, continuous T",oracle,142,peer,0.5,0.44230959416285903,0.06703459513646648,True,463
ER (avg deg 4),"linear, continuous T",linear (correct),142,direct,1.0,0.9399018176167725,0.047947159820241,True,463
ER (avg deg 4),"linear, continuous T",linear (correct),142,peer,0.5,0.44617515231034105,0.06449886347004824,True,463
ER (avg deg 4),"paper eq. 38, binary T",oracle,142,direct,10.0,9.936027745960585,0.0905555452788968,True,463
ER (avg deg 4),"paper eq. 38, binary T",oracle,142,peer,5.0,4.943769945133768,0.06169413151692187,True,463
"BA (m=2, hubs)","linear, continuous T",oracle,142,direct,1.0,0.9887814210224297,0.06453866602990083,True,307
"BA (m=2, hubs)","linear, continuous T",oracle,142,peer,0.5,0.45029684868894115,0.07676217548790278,True,307
"BA (m=2, hubs)","linear, continuous T",linear (correct),142,direct,1.0,0.9834814976164263,0.0629085807428116,True,307
"BA (m=2, hubs)","linear, continuous T",linear (correct),142,peer,0.5,0.4581787074810434,0.07732988009758486,True,307
"BA (m=2, hubs)","paper eq. 38, binary T",oracle,142,direct,10.0,10.042909002907694,0.1004004839143913,True,307
"BA (m=2, hubs)","paper eq. 38, binary T",oracle,142,peer,5.0,5.013053444195586,0.07110775927081411,True,307
SBM (40 blocks),"linear, continuous T",oracle,142,direct,1.0,1.0219106660825132,0.09017164909683235,True,218
SBM (40 blocks),"linear, continuous T",oracle,142,peer,0.5,0.4617541831531108,0.12212697165645299,True,218
SBM (40 blocks),"linear, continuous T",linear (correct),142,direct,1.0,1.0041678384280346,0.08673542889096081,True,218
SBM (40 blocks),"linear, continuous T",linear (correct),142,peer,0.5,0.43880219001207343,0.11730538756248052,True,218
SBM (40 blocks),"paper eq. 38, binary T",oracle,142,direct,10.0,10.166238502937585,0.13051312026271192,True,218
SBM (40 blocks),"paper eq. 38, binary T",oracle,142,peer,5.0,4.973813729764404,0.09029409946699794,True,218
ER (avg deg 4),"linear, continuous T",oracle,143,direct,1.0,0.9916204128596708,0.047496026035175457,True,442
ER (avg deg 4),"linear, continuous T",oracle,143,peer,0.5,0.5461824069528012,0.06685641140429704,True,442
ER (avg deg 4),"linear, continuous T",linear (correct),143,direct,1.0,0.9875338732470045,0.04681111060237952,True,442
ER (avg deg 4),"linear, continuous T",linear (correct),143,peer,0.5,0.5436936921243752,0.06600718398869587,True,442
ER (avg deg 4),"paper eq. 38, binary T",oracle,143,direct,10.0,9.910928987021869,0.0985521446689746,True,442
ER (avg deg 4),"paper eq. 38, binary T",oracle,143,peer,5.0,5.198539232138737,0.07950961051470486,False,442
"BA (m=2, hubs)","linear, continuous T",oracle,143,direct,1.0,1.0511078520308665,0.06287226942059886,True,317
"BA (m=2, hubs)","linear, continuous T",oracle,143,peer,0.5,0.33322416977308117,0.0866123758529001,True,317
"BA (m=2, hubs)","linear, continuous T",linear (correct),143,direct,1.0,1.0463867401778413,0.06611030975922023,True,317
"BA (m=2, hubs)","linear, continuous T",linear (correct),143,peer,0.5,0.3471518537910375,0.09021314635829093,True,317
"BA (m=2, hubs)","paper eq. 38, binary T",oracle,143,direct,10.0,10.170397905137316,0.11690675788504756,True,317
"BA (m=2, hubs)","paper eq. 38, binary T",oracle,143,peer,5.0,4.995951763152889,0.07267241831571433,True,317
SBM (40 blocks),"linear, continuous T",oracle,143,direct,1.0,1.0737750097007128,0.06334787588633431,True,228
SBM (40 blocks),"linear, continuous T",oracle,143,peer,0.5,0.6046118096651814,0.11687215695806982,True,228
SBM (40 blocks),"linear, continuous T",linear (correct),143,direct,1.0,1.070075409517744,0.0672477002795709,True,228
SBM (40 blocks),"linear, continuous T",linear (correct),143,peer,0.5,0.5848112159482018,0.11814060757634533,True,228
SBM (40 blocks),"paper eq. 38, binary T",oracle,143,direct,10.0,9.92722597623859,0.13913104009721186,True,228
SBM (40 blocks),"paper eq. 38, binary T",oracle,143,peer,5.0,5.0425225131036315,0.06364631084703624,True,228
ER (avg deg 4),"linear, continuous T",oracle,144,direct,1.0,1.1280489510423983,0.04039831004907644,False,462
ER (avg deg 4),"linear, continuous T",oracle,144,peer,0.5,0.4673850383239351,0.07213147070678277,True,462
ER (avg deg 4),"linear, continuous T",linear (correct),144,direct,1.0,1.131731778422111,0.03898754430640791,False,462
ER (avg deg 4),"linear, continuous T",linear (correct),144,peer,0.5,0.45061981890214886,0.07056249147658546,True,462
ER (avg deg 4),"paper eq. 38, binary T",oracle,144,direct,10.0,9.813559741068559,0.09354140739580197,False,462
ER (avg deg 4),"paper eq. 38, binary T",oracle,144,peer,5.0,4.969061406263408,0.07442559656356176,True,462
"BA (m=2, hubs)","linear, continuous T",oracle,144,direct,1.0,1.0281238815929086,0.058539027302254396,True,308
"BA (m=2, hubs)","linear, continuous T",oracle,144,peer,0.5,0.575973205504462,0.08234802505724097,True,308
"BA (m=2, hubs)","linear, continuous T",linear (correct),144,direct,1.0,1.0321481568569688,0.05621096757180618,True,308
"BA (m=2, hubs)","linear, continuous T",linear (correct),144,peer,0.5,0.5907971265382939,0.07998857976968131,True,308
"BA (m=2, hubs)","paper eq. 38, binary T",oracle,144,direct,10.0,9.802874180738412,0.11708339615528497,True,308
"BA (m=2, hubs)","paper eq. 38, binary T",oracle,144,peer,5.0,5.023415169425751,0.07503866756346411,True,308
SBM (40 blocks),"linear, continuous T",oracle,144,direct,1.0,1.0639502168200516,0.05674747494469591,True,233
SBM (40 blocks),"linear, continuous T",oracle,144,peer,0.5,0.5531482129152413,0.09216756795509143,True,233
SBM (40 blocks),"linear, continuous T",linear (correct),144,direct,1.0,1.054707867994188,0.055034687737289874,True,233
SBM (40 blocks),"linear, continuous T",linear (correct),144,peer,0.5,0.5432744597493746,0.08966218418089755,True,233
SBM (40 blocks),"paper eq. 38, binary T",oracle,144,direct,10.0,9.89854087054285,0.12753355601080127,True,233
SBM (40 blocks),"paper eq. 38, binary T",oracle,144,peer,5.0,4.8766053949234305,0.08701402404766813,True,233
ER (avg deg 4),"linear, continuous T",oracle,145,direct,1.0,1.0193210569118423,0.04735783016022729,True,448
ER (avg deg 4),"linear, continuous T",oracle,145,peer,0.5,0.5459423555506683,0.06267493829439207,True,448
ER (avg deg 4),"linear, continuous T",linear (correct),145,direct,1.0,1.0240912448695494,0.04807036328332111,True,448
ER (avg deg 4),"linear, continuous T",linear (correct),145,peer,0.5,0.5324613956613525,0.06645706584002074,True,448
ER (avg deg 4),"paper eq. 38, binary T",oracle,145,direct,10.0,9.997308225527476,0.09633014773149447,True,448
ER (avg deg 4),"paper eq. 38, binary T",oracle,145,peer,5.0,4.908832609015054,0.06774199608859753,True,448
"BA (m=2, hubs)","linear, continuous T",oracle,145,direct,1.0,1.0270629242207965,0.051642315389799166,True,311
"BA (m=2, hubs)","linear, continuous T",oracle,145,peer,0.5,0.5184244442973589,0.07476503102689748,True,311
"BA (m=2, hubs)","linear, continuous T",linear (correct),145,direct,1.0,1.027654704115714,0.05302290713946801,True,311
"BA (m=2, hubs)","linear, continuous T",linear (correct),145,peer,0.5,0.5239272980858127,0.07456664111891377,True,311
"BA (m=2, hubs)","paper eq. 38, binary T",oracle,145,direct,10.0,9.78621050648892,0.11343922642065958,True,311
"BA (m=2, hubs)","paper eq. 38, binary T",oracle,145,peer,5.0,5.0788611999428985,0.07104563095793472,True,311
SBM (40 blocks),"linear, continuous T",oracle,145,direct,1.0,1.0744610192224433,0.07238506745144825,True,244
SBM (40 blocks),"linear, continuous T",oracle,145,peer,0.5,0.5599412801095293,0.10479400882575583,True,244
SBM (40 blocks),"linear, continuous T",linear (correct),145,direct,1.0,1.0479983689869297,0.07446851450413294,True,244
SBM (40 blocks),"linear, continuous T",linear (correct),145,peer,0.5,0.5402379251890831,0.10496321765329959,True,244
SBM (40 blocks),"paper eq. 38, binary T",oracle,145,direct,10.0,10.108953633342711,0.12469647877801102,True,244
SBM (40 blocks),"paper eq. 38, binary T",oracle,145,peer,5.0,5.034627796820487,0.06722094374442157,True,244
ER (avg deg 4),"linear, continuous T",oracle,146,direct,1.0,1.0055469029400133,0.045677996419999055,True,455
ER (avg deg 4),"linear, continuous T",oracle,146,peer,0.5,0.508403596956551,0.07095534311581969,True,455
ER (avg deg 4),"linear, continuous T",linear (correct),146,direct,1.0,1.0099055052744195,0.04532997316863994,True,455
ER (avg deg 4),"linear, continuous T",linear (correct),146,peer,0.5,0.5175629392188236,0.06954249847533502,True,455
ER (avg deg 4),"paper eq. 38, binary T",oracle,146,direct,10.0,10.192750135003983,0.09587704240818366,False,455
ER (avg deg 4),"paper eq. 38, binary T",oracle,146,peer,5.0,4.926365242117342,0.0534733736195923,True,455
"BA (m=2, hubs)","linear, continuous T",oracle,146,direct,1.0,1.0010750740510976,0.05339755030674961,True,304
"BA (m=2, hubs)","linear, continuous T",oracle,146,peer,0.5,0.4171137154504063,0.07702746676612325,True,304
"BA (m=2, hubs)","linear, continuous T",linear (correct),146,direct,1.0,1.0030013267507087,0.05429870179368565,True,304
"BA (m=2, hubs)","linear, continuous T",linear (correct),146,peer,0.5,0.4190139284148962,0.07753745108518491,True,304
"BA (m=2, hubs)","paper eq. 38, binary T",oracle,146,direct,10.0,10.114957274070745,0.1130757838449081,True,304
"BA (m=2, hubs)","paper eq. 38, binary T",oracle,146,peer,5.0,4.945369632825908,0.07101106327978315,True,304
SBM (40 blocks),"linear, continuous T",oracle,146,direct,1.0,1.003180731267092,0.058278814753049434,True,233
SBM (40 blocks),"linear, continuous T",oracle,146,peer,0.5,0.5918992274358397,0.10352363817196686,True,233
SBM (40 blocks),"linear, continuous T",linear (correct),146,direct,1.0,0.9997409433203792,0.05796082227942371,True,233
SBM (40 blocks),"linear, continuous T",linear (correct),146,peer,0.5,0.6000431495859343,0.1026509556041769,True,233
SBM (40 blocks),"paper eq. 38, binary T",oracle,146,direct,10.0,10.10000734596042,0.12311283719527312,True,233
SBM (40 blocks),"paper eq. 38, binary T",oracle,146,peer,5.0,4.926539859089179,0.06923125531938078,True,233
ER (avg deg 4),"linear, continuous T",oracle,147,direct,1.0,0.9662213748096677,0.051071316204851766,True,441
ER (avg deg 4),"linear, continuous T",oracle,147,peer,0.5,0.43184281370160255,0.0719519451470742,True,441
ER (avg deg 4),"linear, continuous T",linear (correct),147,direct,1.0,0.9720196195857818,0.04980449159875031,True,441
ER (avg deg 4),"linear, continuous T",linear (correct),147,peer,0.5,0.4269164592058646,0.07345320387231544,True,441
ER (avg deg 4),"paper eq. 38, binary T",oracle,147,direct,10.0,10.121363133952478,0.09491272384808606,True,441
ER (avg deg 4),"paper eq. 38, binary T",oracle,147,peer,5.0,5.064970279874308,0.08007440414412892,True,441
"BA (m=2, hubs)","linear, continuous T",oracle,147,direct,1.0,0.941290060617913,0.06793073065192579,True,320
"BA (m=2, hubs)","linear, continuous T",oracle,147,peer,0.5,0.49145888195869664,0.07980345230709883,True,320
"BA (m=2, hubs)","linear, continuous T",linear (correct),147,direct,1.0,0.9449525076681256,0.06634066830045969,True,320
"BA (m=2, hubs)","linear, continuous T",linear (correct),147,peer,0.5,0.4951388772192368,0.08022736288946343,True,320
"BA (m=2, hubs)","paper eq. 38, binary T",oracle,147,direct,10.0,10.109907980114931,0.11579960681161172,True,320
"BA (m=2, hubs)","paper eq. 38, binary T",oracle,147,peer,5.0,4.939351117198191,0.08417215054639256,True,320
SBM (40 blocks),"linear, continuous T",oracle,147,direct,1.0,1.0121550947577558,0.059311603681611515,True,239
SBM (40 blocks),"linear, continuous T",oracle,147,peer,0.5,0.4749960858061758,0.12409595071867176,True,239
SBM (40 blocks),"linear, continuous T",linear (correct),147,direct,1.0,1.0062770452455887,0.059878613159167315,True,239
SBM (40 blocks),"linear, continuous T",linear (correct),147,peer,0.5,0.4601400944081626,0.12777249668967,True,239
SBM (40 blocks),"paper eq. 38, binary T",oracle,147,direct,10.0,10.246469980525013,0.14153252282509698,True,239
SBM (40 blocks),"paper eq. 38, binary T",oracle,147,peer,5.0,5.084522011621467,0.07203442991396321,True,239
ER (avg deg 4),"linear, continuous T",oracle,148,direct,1.0,0.9152916482376888,0.040698568053750474,False,432
ER (avg deg 4),"linear, continuous T",oracle,148,peer,0.5,0.624402579999093,0.0578541042125421,False,432
ER (avg deg 4),"linear, continuous T",linear (correct),148,direct,1.0,0.9106279804895684,0.04211670664693321,False,432
ER (avg deg 4),"linear, continuous T",linear (correct),148,peer,0.5,0.6268841634067359,0.05915408618434062,False,432
ER (avg deg 4),"paper eq. 38, binary T",oracle,148,direct,10.0,9.974959219791165,0.0926226774210844,True,432
ER (avg deg 4),"paper eq. 38, binary T",oracle,148,peer,5.0,4.8951858706839415,0.0605563577029367,True,432
"BA (m=2, hubs)","linear, continuous T",oracle,148,direct,1.0,0.9911714386634308,0.051547778880257474,True,323
"BA (m=2, hubs)","linear, continuous T",oracle,148,peer,0.5,0.5718935039534233,0.08777959956486041,True,323
"BA (m=2, hubs)","linear, continuous T",linear (correct),148,direct,1.0,1.0072660086373129,0.05388977460511357,True,323
"BA (m=2, hubs)","linear, continuous T",linear (correct),148,peer,0.5,0.5546930736006279,0.09005541484594932,True,323
"BA (m=2, hubs)","paper eq. 38, binary T",oracle,148,direct,10.0,9.850231262319053,0.11636193762218479,True,323
"BA (m=2, hubs)","paper eq. 38, binary T",oracle,148,peer,5.0,5.07709943836391,0.07533575782211042,True,323
SBM (40 blocks),"linear, continuous T",oracle,148,direct,1.0,0.9089595961113129,0.06381039708821044,True,227
SBM (40 blocks),"linear, continuous T",oracle,148,peer,0.5,0.5092570595850111,0.1237215363332114,True,227
SBM (40 blocks),"linear, continuous T",linear (correct),148,direct,1.0,0.9158766490561913,0.06400295970381116,True,227
SBM (40 blocks),"linear, continuous T",linear (correct),148,peer,0.5,0.5216599579959091,0.12973944752909242,True,227
SBM (40 blocks),"paper eq. 38, binary T",oracle,148,direct,10.0,9.95690794626716,0.1288975336285289,True,227
SBM (40 blocks),"paper eq. 38, binary T",oracle,148,peer,5.0,4.907740473901493,0.06333113910206703,True,227
ER (avg deg 4),"linear, continuous T",oracle,149,direct,1.0,1.0538312904518026,0.052720386885402114,True,448
ER (avg deg 4),"linear, continuous T",oracle,149,peer,0.5,0.4718444599671628,0.06097083997495939,True,448
ER (avg deg 4),"linear, continuous T",linear (correct),149,direct,1.0,1.0517827229514598,0.05365217804180469,True,448
ER (avg deg 4),"linear, continuous T",linear (correct),149,peer,0.5,0.47205425038189325,0.06115504417400926,True,448
ER (avg deg 4),"paper eq. 38, binary T",oracle,149,direct,10.0,10.042030755117372,0.0907907144794602,True,448
ER (avg deg 4),"paper eq. 38, binary T",oracle,149,peer,5.0,5.027061665160594,0.06510841669697387,True,448
"BA (m=2, hubs)","linear, continuous T",oracle,149,direct,1.0,1.1247831607677454,0.062437327498629666,False,293
"BA (m=2, hubs)","linear, continuous T",oracle,149,peer,0.5,0.4124648672691624,0.09487232477824996,True,293
"BA (m=2, hubs)","linear, continuous T",linear (correct),149,direct,1.0,1.1277887100621329,0.0628152219658492,False,293
"BA (m=2, hubs)","linear, continuous T",linear (correct),149,peer,0.5,0.41920519848752397,0.0925234880656106,True,293
"BA (m=2, hubs)","paper eq. 38, binary T",oracle,149,direct,10.0,9.913764227331901,0.1104393890096145,True,293
"BA (m=2, hubs)","paper eq. 38, binary T",oracle,149,peer,5.0,5.010430922268906,0.07001494472764282,True,293
SBM (40 blocks),"linear, continuous T",oracle,149,direct,1.0,1.1158377770401688,0.06711993364101895,True,231
SBM (40 blocks),"linear, continuous T",oracle,149,peer,0.5,0.47593068188407334,0.12041969273844605,True,231
SBM (40 blocks),"linear, continuous T",linear (correct),149,direct,1.0,1.118935173863602,0.07028561247421519,True,231
SBM (40 blocks),"linear, continuous T",linear (correct),149,peer,0.5,0.4721550717168321,0.1206767467217733,True,231
SBM (40 blocks),"paper eq. 38, binary T",oracle,149,direct,10.0,10.022515396822637,0.1232623730511121,True,231
SBM (40 blocks),"paper eq. 38, binary T",oracle,149,peer,5.0,5.003728058536074,0.0637947635798732,True,231
ER (avg deg 4),"linear, continuous T",oracle,150,direct,1.0,0.8940210159250956,0.04511587817540147,False,447
ER (avg deg 4),"linear, continuous T",oracle,150,peer,0.5,0.3667469990907238,0.06434055423969902,False,447
ER (avg deg 4),"linear, continuous T",linear (correct),150,direct,1.0,0.8969961470216238,0.042589201171342246,False,447
ER (avg deg 4),"linear, continuous T",linear (correct),150,peer,0.5,0.354693949269532,0.0618693698258955,False,447
ER (avg deg 4),"paper eq. 38, binary T",oracle,150,direct,10.0,9.97590389095731,0.1046083512151576,True,447
ER (avg deg 4),"paper eq. 38, binary T",oracle,150,peer,5.0,4.959446974594122,0.07386574022831909,True,447
"BA (m=2, hubs)","linear, continuous T",oracle,150,direct,1.0,0.9444484417053324,0.053483165790061286,True,311
"BA (m=2, hubs)","linear, continuous T",oracle,150,peer,0.5,0.5075927411193091,0.07319050631871873,True,311
"BA (m=2, hubs)","linear, continuous T",linear (correct),150,direct,1.0,0.9471731797883516,0.05435060188004769,True,311
"BA (m=2, hubs)","linear, continuous T",linear (correct),150,peer,0.5,0.5096608839484772,0.07554241783122016,True,311
"BA (m=2, hubs)","paper eq. 38, binary T",oracle,150,direct,10.0,9.973420271966269,0.11923314824077964,True,311
"BA (m=2, hubs)","paper eq. 38, binary T",oracle,150,peer,5.0,4.85234910661422,0.0743158832965627,False,311
SBM (40 blocks),"linear, continuous T",oracle,150,direct,1.0,1.0150526755412095,0.058091215278153474,True,234
SBM (40 blocks),"linear, continuous T",oracle,150,peer,0.5,0.40027991932793416,0.10291208783851065,True,234
SBM (40 blocks),"linear, continuous T",linear (correct),150,direct,1.0,1.0219386433269881,0.05786133351347327,True,234
SBM (40 blocks),"linear, continuous T",linear (correct),150,peer,0.5,0.3960834392250054,0.10627422533208128,True,234
SBM (40 blocks),"paper eq. 38, binary T",oracle,150,direct,10.0,9.994884097933413,0.1266891853340414,True,234
SBM (40 blocks),"paper eq. 38, binary T",oracle,150,peer,5.0,5.017458397470943,0.05727256905244308,True,234
ER (avg deg 4),"linear, continuous T",oracle,151,direct,1.0,0.9314371936024696,0.04200428975930591,True,462
ER (avg deg 4),"linear, continuous T",oracle,151,peer,0.5,0.5367949255705656,0.057269675907869334,True,462
ER (avg deg 4),"linear, continuous T",linear (correct),151,direct,1.0,0.9296578056598347,0.04145672063099578,True,462
ER (avg deg 4),"linear, continuous T",linear (correct),151,peer,0.5,0.5357226584984363,0.05628976730143188,True,462
ER (avg deg 4),"paper eq. 38, binary T",oracle,151,direct,10.0,9.936714043345862,0.08991358971656754,True,462
ER (avg deg 4),"paper eq. 38, binary T",oracle,151,peer,5.0,4.96310498778149,0.07772956822080347,True,462
"BA (m=2, hubs)","linear, continuous T",oracle,151,direct,1.0,0.9634253627663982,0.058292447751014526,True,297
"BA (m=2, hubs)","linear, continuous T",oracle,151,peer,0.5,0.4538922558269703,0.08168878693405203,True,297
"BA (m=2, hubs)","linear, continuous T",linear (correct),151,direct,1.0,0.962281556788982,0.058077521029902046,True,297
"BA (m=2, hubs)","linear, continuous T",linear (correct),151,peer,0.5,0.4345161632181005,0.0799916488165388,True,297
"BA (m=2, hubs)","paper eq. 38, binary T",oracle,151,direct,10.0,9.885950317348124,0.12042132769418562,True,297
"BA (m=2, hubs)","paper eq. 38, binary T",oracle,151,peer,5.0,4.915921620712722,0.0810381404735982,True,297
SBM (40 blocks),"linear, continuous T",oracle,151,direct,1.0,0.9623694676785178,0.0675621404228864,True,242
SBM (40 blocks),"linear, continuous T",oracle,151,peer,0.5,0.6280896318541577,0.10839649834949766,True,242
SBM (40 blocks),"linear, continuous T",linear (correct),151,direct,1.0,0.9496324308043105,0.06913583143812985,True,242
SBM (40 blocks),"linear, continuous T",linear (correct),151,peer,0.5,0.5743986227521786,0.1080659938340278,True,242
SBM (40 blocks),"paper eq. 38, binary T",oracle,151,direct,10.0,10.18866265446662,0.12411628349895792,True,242
SBM (40 blocks),"paper eq. 38, binary T",oracle,151,peer,5.0,5.013380872617568,0.06385531761145861,True,242
ER (avg deg 4),"linear, continuous T",oracle,152,direct,1.0,1.0412103146665872,0.03864120294931377,True,460
ER (avg deg 4),"linear, continuous T",oracle,152,peer,0.5,0.5466353106079773,0.060304368311607064,True,460
ER (avg deg 4),"linear, continuous T",linear (correct),152,direct,1.0,1.042879141660866,0.03832006487043066,True,460
ER (avg deg 4),"linear, continuous T",linear (correct),152,peer,0.5,0.5474287815383165,0.060087720136209166,True,460
ER (avg deg 4),"paper eq. 38, binary T",oracle,152,direct,10.0,9.948657577318759,0.09754305357574658,True,460
ER (avg deg 4),"paper eq. 38, binary T",oracle,152,peer,5.0,4.923435451022981,0.06666368728441073,True,460
"BA (m=2, hubs)","linear, continuous T",oracle,152,direct,1.0,0.9543904132144155,0.04428463668034008,True,302
"BA (m=2, hubs)","linear, continuous T",oracle,152,peer,0.5,0.4034881198374539,0.06992251440790202,True,302
"BA (m=2, hubs)","linear, continuous T",linear (correct),152,direct,1.0,0.9609015903619162,0.04528449356950946,True,302
"BA (m=2, hubs)","linear, continuous T",linear (correct),152,peer,0.5,0.39644463927109674,0.07201401320286463,True,302
"BA (m=2, hubs)","paper eq. 38, binary T",oracle,152,direct,10.0,9.964034533109627,0.12987637003344443,True,302
"BA (m=2, hubs)","paper eq. 38, binary T",oracle,152,peer,5.0,5.024585596573058,0.08587769077606452,True,302
SBM (40 blocks),"linear, continuous T",oracle,152,direct,1.0,1.0601684564759002,0.06803972306230001,True,223
SBM (40 blocks),"linear, continuous T",oracle,152,peer,0.5,0.6603353101167948,0.11479554875662594,True,223
SBM (40 blocks),"linear, continuous T",linear (correct),152,direct,1.0,1.0709438147536037,0.07044570321056524,True,223
SBM (40 blocks),"linear, continuous T",linear (correct),152,peer,0.5,0.6538597726210044,0.1166203136808567,True,223
SBM (40 blocks),"paper eq. 38, binary T",oracle,152,direct,10.0,9.962264608598474,0.15540395016274608,True,223
SBM (40 blocks),"paper eq. 38, binary T",oracle,152,peer,5.0,4.9386304030276,0.06945447314013131,True,223
ER (avg deg 4),"linear, continuous T",oracle,153,direct,1.0,0.8626176375244584,0.05327359437589852,False,450
ER (avg deg 4),"linear, continuous T",oracle,153,peer,0.5,0.5466509151108958,0.05995274647704788,True,450
ER (avg deg 4),"linear, continuous T",linear (correct),153,direct,1.0,0.8736987878086294,0.05039629030953583,False,450
ER (avg deg 4),"linear, continuous T",linear (correct),153,peer,0.5,0.5603137596253982,0.05831049621788027,True,450
ER (avg deg 4),"paper eq. 38, binary T",oracle,153,direct,10.0,10.0512103535379,0.08875364702726923,True,450
ER (avg deg 4),"paper eq. 38, binary T",oracle,153,peer,5.0,5.00638262670704,0.06459109733235784,True,450
"BA (m=2, hubs)","linear, continuous T",oracle,153,direct,1.0,0.9679004577929532,0.05788017753171671,True,305
"BA (m=2, hubs)","linear, continuous T",oracle,153,peer,0.5,0.43096922406672594,0.07378937047351886,True,305
"BA (m=2, hubs)","linear, continuous T",linear (correct),153,direct,1.0,0.9597930692642018,0.056927955888678924,True,305
"BA (m=2, hubs)","linear, continuous T",linear (correct),153,peer,0.5,0.4495426943729309,0.07530343638657708,True,305
"BA (m=2, hubs)","paper eq. 38, binary T",oracle,153,direct,10.0,9.940722616866855,0.10971886313548017,True,305
"BA (m=2, hubs)","paper eq. 38, binary T",oracle,153,peer,5.0,5.0650780971886835,0.08411504281171446,True,305
SBM (40 blocks),"linear, continuous T",oracle,153,direct,1.0,1.0126161809276095,0.06890591086899586,True,230
SBM (40 blocks),"linear, continuous T",oracle,153,peer,0.5,0.47547409215795444,0.12182288879170582,True,230
SBM (40 blocks),"linear, continuous T",linear (correct),153,direct,1.0,1.0247090957108327,0.06890366884106526,True,230
SBM (40 blocks),"linear, continuous T",linear (correct),153,peer,0.5,0.48933600064441246,0.12379831451059947,True,230
SBM (40 blocks),"paper eq. 38, binary T",oracle,153,direct,10.0,9.899763987028832,0.1120500395621005,True,230
SBM (40 blocks),"paper eq. 38, binary T",oracle,153,peer,5.0,5.150490225244319,0.060057878722000003,False,230
ER (avg deg 4),"linear, continuous T",oracle,154,direct,1.0,0.9971419517939921,0.046631685815152556,True,465
ER (avg deg 4),"linear, continuous T",oracle,154,peer,0.5,0.4680429591601288,0.06221694969103887,True,465
ER (avg deg 4),"linear, continuous T",linear (correct),154,direct,1.0,0.9939791406544308,0.044415509438697126,True,465
ER (avg deg 4),"linear, continuous T",linear (correct),154,peer,0.5,0.4713137228814767,0.059451998982803206,True,465
ER (avg deg 4),"paper eq. 38, binary T",oracle,154,direct,10.0,9.893126420598401,0.08768054019449611,True,465
ER (avg deg 4),"paper eq. 38, binary T",oracle,154,peer,5.0,4.961892659180961,0.059444146762954966,True,465
"BA (m=2, hubs)","linear, continuous T",oracle,154,direct,1.0,0.9451779709919578,0.05787320126566407,True,309
"BA (m=2, hubs)","linear, continuous T",oracle,154,peer,0.5,0.5364008904688179,0.09450105351623178,True,309
"BA (m=2, hubs)","linear, continuous T",linear (correct),154,direct,1.0,0.9542311920566469,0.0551749974335006,True,309
"BA (m=2, hubs)","linear, continuous T",linear (correct),154,peer,0.5,0.5269275362647865,0.09247800154337833,True,309
"BA (m=2, hubs)","paper eq. 38, binary T",oracle,154,direct,10.0,10.01846000968636,0.10389153928968106,True,309
"BA (m=2, hubs)","paper eq. 38, binary T",oracle,154,peer,5.0,4.952292524365604,0.06637314921143148,True,309
SBM (40 blocks),"linear, continuous T",oracle,154,direct,1.0,0.9514720629275731,0.0759668924800007,True,226
SBM (40 blocks),"linear, continuous T",oracle,154,peer,0.5,0.41401848807165226,0.11117565828051176,True,226
SBM (40 blocks),"linear, continuous T",linear (correct),154,direct,1.0,0.9602381714304838,0.07917958750349341,True,226
SBM (40 blocks),"linear, continuous T",linear (correct),154,peer,0.5,0.4131854350110459,0.10671950552689362,True,226
SBM (40 blocks),"paper eq. 38, binary T",oracle,154,direct,10.0,10.052349623646823,0.11677130755893028,True,226
SBM (40 blocks),"paper eq. 38, binary T",oracle,154,peer,5.0,4.973175432563196,0.10055966687256836,True,226
ER (avg deg 4),"linear, continuous T",oracle,155,direct,1.0,0.9878270443403531,0.04621251322995249,True,458
ER (avg deg 4),"linear, continuous T",oracle,155,peer,0.5,0.4317077383002384,0.062368456744066346,True,458
ER (avg deg 4),"linear, continuous T",linear (correct),155,direct,1.0,0.9829913923081195,0.050970397685280576,True,458
ER (avg deg 4),"linear, continuous T",linear (correct),155,peer,0.5,0.4337684635936108,0.065465298647164,True,458
ER (avg deg 4),"paper eq. 38, binary T",oracle,155,direct,10.0,9.922735415259547,0.09914633768503482,True,458
ER (avg deg 4),"paper eq. 38, binary T",oracle,155,peer,5.0,4.88930298136428,0.07289602311171757,True,458
"BA (m=2, hubs)","linear, continuous T",oracle,155,direct,1.0,1.038869489281238,0.0541571973678933,True,309
"BA (m=2, hubs)","linear, continuous T",oracle,155,peer,0.5,0.47006198556289613,0.0818992051488053,True,309
"BA (m=2, hubs)","linear, continuous T",linear (correct),155,direct,1.0,1.0568198623452778,0.052865352535795156,True,309
"BA (m=2, hubs)","linear, continuous T",linear (correct),155,peer,0.5,0.47502380704621194,0.08295486085806905,True,309
"BA (m=2, hubs)","paper eq. 38, binary T",oracle,155,direct,10.0,10.058660123009922,0.11953120766092128,True,309
"BA (m=2, hubs)","paper eq. 38, binary T",oracle,155,peer,5.0,4.817082501549427,0.09072186119457021,False,309
SBM (40 blocks),"linear, continuous T",oracle,155,direct,1.0,0.9488185752529197,0.07162232971303395,True,222
SBM (40 blocks),"linear, continuous T",oracle,155,peer,0.5,0.4795263950611801,0.12986291598511093,True,222
SBM (40 blocks),"linear, continuous T",linear (correct),155,direct,1.0,0.9663679428948017,0.0681768882202028,True,222
SBM (40 blocks),"linear, continuous T",linear (correct),155,peer,0.5,0.4950133857807798,0.12857201097966314,True,222
SBM (40 blocks),"paper eq. 38, binary T",oracle,155,direct,10.0,10.329855109428602,0.10614967063917763,False,222
SBM (40 blocks),"paper eq. 38, binary T",oracle,155,peer,5.0,4.873654429418765,0.07688145399990333,True,222
ER (avg deg 4),"linear, continuous T",oracle,156,direct,1.0,0.9519744511438084,0.04983793201508542,True,459
ER (avg deg 4),"linear, continuous T",oracle,156,peer,0.5,0.47599009708065554,0.06059670185864272,True,459
ER (avg deg 4),"linear, continuous T",linear (correct),156,direct,1.0,0.9499729741358548,0.049811773771428286,True,459
ER (avg deg 4),"linear, continuous T",linear (correct),156,peer,0.5,0.46993758899049254,0.06087013649303689,True,459
ER (avg deg 4),"paper eq. 38, binary T",oracle,156,direct,10.0,9.95111633894292,0.09718278583391546,True,459
ER (avg deg 4),"paper eq. 38, binary T",oracle,156,peer,5.0,4.883306399296703,0.057628034508926076,False,459
"BA (m=2, hubs)","linear, continuous T",oracle,156,direct,1.0,1.0898185781021745,0.0575830270741406,True,314
"BA (m=2, hubs)","linear, continuous T",oracle,156,peer,0.5,0.48450180829439154,0.09175792046029764,True,314
"BA (m=2, hubs)","linear, continuous T",linear (correct),156,direct,1.0,1.0888155314750285,0.05579992317808401,True,314
"BA (m=2, hubs)","linear, continuous T",linear (correct),156,peer,0.5,0.4670394307920176,0.08733854720071768,True,314
"BA (m=2, hubs)","paper eq. 38, binary T",oracle,156,direct,10.0,10.006416415096044,0.11486479901203088,True,314
"BA (m=2, hubs)","paper eq. 38, binary T",oracle,156,peer,5.0,4.914997718050646,0.08752271799614371,True,314
SBM (40 blocks),"linear, continuous T",oracle,156,direct,1.0,1.0546518685996433,0.06748226162197855,True,227
SBM (40 blocks),"linear, continuous T",oracle,156,peer,0.5,0.7263880691314952,0.13643616504160266,True,227
SBM (40 blocks),"linear, continuous T",linear (correct),156,direct,1.0,1.026700246011217,0.06118078668396962,True,227
SBM (40 blocks),"linear, continuous T",linear (correct),156,peer,0.5,0.6584902101034792,0.12364189050987512,True,227
SBM (40 blocks),"paper eq. 38, binary T",oracle,156,direct,10.0,10.155148109619372,0.126005710648711,True,227
SBM (40 blocks),"paper eq. 38, binary T",oracle,156,peer,5.0,4.919678720802187,0.0807478991479505,True,227
ER (avg deg 4),"linear, continuous T",oracle,157,direct,1.0,1.063165370017937,0.05156996596986455,True,453
ER (avg deg 4),"linear, continuous T",oracle,157,peer,0.5,0.5778959041168235,0.0627797454071895,True,453
ER (avg deg 4),"linear, continuous T",linear (correct),157,direct,1.0,1.0480848117533135,0.05006797221127199,True,453
ER (avg deg 4),"linear, continuous T",linear (correct),157,peer,0.5,0.5578281890310071,0.06326154171849747,True,453
ER (avg deg 4),"paper eq. 38, binary T",oracle,157,direct,10.0,9.893493394989,0.09213465883021259,True,453
ER (avg deg 4),"paper eq. 38, binary T",oracle,157,peer,5.0,4.934707709665727,0.06481179240150119,True,453
"BA (m=2, hubs)","linear, continuous T",oracle,157,direct,1.0,1.04500961445869,0.056116999737112795,True,307
"BA (m=2, hubs)","linear, continuous T",oracle,157,peer,0.5,0.4762941469075981,0.08115322409782368,True,307
"BA (m=2, hubs)","linear, continuous T",linear (correct),157,direct,1.0,1.0479243634332074,0.055340051122954224,True,307
"BA (m=2, hubs)","linear, continuous T",linear (correct),157,peer,0.5,0.47947389044062977,0.07999978947252344,True,307
"BA (m=2, hubs)","paper eq. 38, binary T",oracle,157,direct,10.0,9.988899438026596,0.11979452683876218,True,307
"BA (m=2, hubs)","paper eq. 38, binary T",oracle,157,peer,5.0,4.940988406791074,0.07648944018818779,True,307
SBM (40 blocks),"linear, continuous T",oracle,157,direct,1.0,1.0181716416381636,0.06942289435408389,True,228
SBM (40 blocks),"linear, continuous T",oracle,157,peer,0.5,0.45821950955645546,0.1326128710129752,True,228
SBM (40 blocks),"linear, continuous T",linear (correct),157,direct,1.0,1.0222047292818017,0.07036194096868902,True,228
SBM (40 blocks),"linear, continuous T",linear (correct),157,peer,0.5,0.48139608162165576,0.13370536446093553,True,228
SBM (40 blocks),"paper eq. 38, binary T",oracle,157,direct,10.0,9.972021343990468,0.13442408824175653,True,228
SBM (40 blocks),"paper eq. 38, binary T",oracle,157,peer,5.0,5.002634244708382,0.06130902043494628,True,228
ER (avg deg 4),"linear, continuous T",oracle,158,direct,1.0,0.8884912096106865,0.05656488498691426,False,452
ER (avg deg 4),"linear, continuous T",oracle,158,peer,0.5,0.38229727883319387,0.06506740980167837,True,452
ER (avg deg 4),"linear, continuous T",linear (correct),158,direct,1.0,0.9085924100669306,0.05396008040862742,True,452
ER (avg deg 4),"linear, continuous T",linear (correct),158,peer,0.5,0.37565270799645356,0.06290520498668915,False,452
ER (avg deg 4),"paper eq. 38, binary T",oracle,158,direct,10.0,10.029123215065914,0.10164008552677638,True,452
ER (avg deg 4),"paper eq. 38, binary T",oracle,158,peer,5.0,4.9965404921354555,0.062363137898701036,True,452
"BA (m=2, hubs)","linear, continuous T",oracle,158,direct,1.0,0.938536901745578,0.057632270622110564,True,302
"BA (m=2, hubs)","linear, continuous T",oracle,158,peer,0.5,0.4861842095903218,0.09413871191403203,True,302
"BA (m=2, hubs)","linear, continuous T",linear (correct),158,direct,1.0,0.9335010179176252,0.055005869950639705,True,302
"BA (m=2, hubs)","linear, continuous T",linear (correct),158,peer,0.5,0.47757336698476105,0.09235384594057952,True,302
"BA (m=2, hubs)","paper eq. 38, binary T",oracle,158,direct,10.0,10.183351907431094,0.11006467209605365,True,302
"BA (m=2, hubs)","paper eq. 38, binary T",oracle,158,peer,5.0,5.099256772045841,0.10105498384026966,True,302
SBM (40 blocks),"linear, continuous T",oracle,158,direct,1.0,0.8764372665206879,0.05921717708863038,False,236
SBM (40 blocks),"linear, continuous T",oracle,158,peer,0.5,0.7491249286884369,0.1062449467178427,False,236
SBM (40 blocks),"linear, continuous T",linear (correct),158,direct,1.0,0.8840051732488368,0.06026354786570907,True,236
SBM (40 blocks),"linear, continuous T",linear (correct),158,peer,0.5,0.7566744553069833,0.10670358093953516,False,236
SBM (40 blocks),"paper eq. 38, binary T",oracle,158,direct,10.0,10.284100692464007,0.15972088415494196,True,236
SBM (40 blocks),"paper eq. 38, binary T",oracle,158,peer,5.0,5.105079662478392,0.07380856302523123,True,236
ER (avg deg 4),"linear, continuous T",oracle,159,direct,1.0,1.0557004355241784,0.05098425562714312,True,468
ER (avg deg 4),"linear, continuous T",oracle,159,peer,0.5,0.408326458459174,0.07187127663370754,True,468
ER (avg deg 4),"linear, continuous T",linear (correct),159,direct,1.0,1.0464544710057881,0.04927610496369395,True,468
ER (avg deg 4),"linear, continuous T",linear (correct),159,peer,0.5,0.4087876357250427,0.07279271858499771,True,468
ER (avg deg 4),"paper eq. 38, binary T",oracle,159,direct,10.0,10.054225186549589,0.0945397416235491,True,468
ER (avg deg 4),"paper eq. 38, binary T",oracle,159,peer,5.0,5.039926167487802,0.08198386492446448,True,468
"BA (m=2, hubs)","linear, continuous T",oracle,159,direct,1.0,0.9248997176651016,0.059362251066608855,True,292
"BA (m=2, hubs)","linear, continuous T",oracle,159,peer,0.5,0.6430844804465251,0.08206152263439793,True,292
"BA (m=2, hubs)","linear, continuous T",linear (correct),159,direct,1.0,0.9120887955995632,0.05774943347472348,True,292
"BA (m=2, hubs)","linear, continuous T",linear (correct),159,peer,0.5,0.6405101454907194,0.08037861087973032,True,292
"BA (m=2, hubs)","paper eq. 38, binary T",oracle,159,direct,10.0,10.070176037194187,0.10451980183361236,True,292
"BA (m=2, hubs)","paper eq. 38, binary T",oracle,159,peer,5.0,5.1622423356990454,0.07949019771755723,False,292
SBM (40 blocks),"linear, continuous T",oracle,159,direct,1.0,1.1226366232018257,0.06545063994073204,True,227
SBM (40 blocks),"linear, continuous T",oracle,159,peer,0.5,0.42774289212180927,0.11397013807839186,True,227
SBM (40 blocks),"linear, continuous T",linear (correct),159,direct,1.0,1.1446708521910012,0.0664867174314092,False,227
SBM (40 blocks),"linear, continuous T",linear (correct),159,peer,0.5,0.4234692229918215,0.11234207316184688,True,227
SBM (40 blocks),"paper eq. 38, binary T",oracle,159,direct,10.0,10.138959886385562,0.14982996617242017,True,227
SBM (40 blocks),"paper eq. 38, binary T",oracle,159,peer,5.0,4.951842260783233,0.08153808871774211,True,227
ER (avg deg 4),"linear, continuous T",oracle,160,direct,1.0,1.0270502083738198,0.05395505040961899,True,471
ER (avg deg 4),"linear, continuous T",oracle,160,peer,0.5,0.44083546677535324,0.05646954814015782,True,471
ER (avg deg 4),"linear, continuous T",linear (correct),160,direct,1.0,1.0310425661202278,0.0531864444907905,True,471
ER (avg deg 4),"linear, continuous T",linear (correct),160,peer,0.5,0.4378291025433352,0.05793290434770947,True,471
ER (avg deg 4),"paper eq. 38, binary T",oracle,160,direct,10.0,10.026177053554674,0.09124410345804654,True,471
ER (avg deg 4),"paper eq. 38, binary T",oracle,160,peer,5.0,4.912505600419113,0.05761894232816198,True,471
"BA (m=2, hubs)","linear, continuous T",oracle,160,direct,1.0,1.0298273589630054,0.05572587456230246,True,315
"BA (m=2, hubs)","linear, continuous T",oracle,160,peer,0.5,0.5052682300453099,0.08257350450627722,True,315
"BA (m=2, hubs)","linear, continuous T",linear (correct),160,direct,1.0,1.0180346138429643,0.054746502867215496,True,315
"BA (m=2, hubs)","linear, continuous T",linear (correct),160,peer,0.5,0.48503871267165105,0.08130543786448348,True,315
"BA (m=2, hubs)","paper eq. 38, binary T",oracle,160,direct,10.0,10.364598775872752,0.12089950612750928,False,315
"BA (m=2, hubs)","paper eq. 38, binary T",oracle,160,peer,5.0,5.142014594964946,0.0832193241822028,True,315
SBM (40 blocks),"linear, continuous T",oracle,160,direct,1.0,1.024491256303097,0.07700750589366667,True,242
SBM (40 blocks),"linear, continuous T",oracle,160,peer,0.5,0.32309510636394917,0.11353409501216993,True,242
SBM (40 blocks),"linear, continuous T",linear (correct),160,direct,1.0,1.021428789186528,0.07538379070214005,True,242
SBM (40 blocks),"linear, continuous T",linear (correct),160,peer,0.5,0.31458554565806773,0.11636455458682927,True,242
SBM (40 blocks),"paper eq. 38, binary T",oracle,160,direct,10.0,9.7790431799692,0.12889358545795856,True,242
SBM (40 blocks),"paper eq. 38, binary T",oracle,160,peer,5.0,5.031205422807773,0.06761352546335828,True,242
ER (avg deg 4),"linear, continuous T",oracle,161,direct,1.0,1.060306582516403,0.03897032367721023,True,442
ER (avg deg 4),"linear, continuous T",oracle,161,peer,0.5,0.45613352748360075,0.06409124765859918,True,442
ER (avg deg 4),"linear, continuous T",linear (correct),161,direct,1.0,1.0519546326751767,0.04020890644835323,True,442
ER (avg deg 4),"linear, continuous T",linear (correct),161,peer,0.5,0.46616707346957015,0.0652225522628874,True,442
ER (avg deg 4),"paper eq. 38, binary T",oracle,161,direct,10.0,9.976980388393134,0.09046947870797993,True,442
ER (avg deg 4),"paper eq. 38, binary T",oracle,161,peer,5.0,5.014870295605006,0.06475275067577668,True,442
"BA (m=2, hubs)","linear, continuous T",oracle,161,direct,1.0,1.0822335485792354,0.04863831014859783,True,323
"BA (m=2, hubs)","linear, continuous T",oracle,161,peer,0.5,0.4945720128769141,0.07186159354604628,True,323
"BA (m=2, hubs)","linear, continuous T",linear (correct),161,direct,1.0,1.0827028472852294,0.04778514251407153,True,323
"BA (m=2, hubs)","linear, continuous T",linear (correct),161,peer,0.5,0.4964668448230447,0.07160175822332197,True,323
"BA (m=2, hubs)","paper eq. 38, binary T",oracle,161,direct,10.0,10.17249731366866,0.1051221980866673,True,323
"BA (m=2, hubs)","paper eq. 38, binary T",oracle,161,peer,5.0,4.930850151593089,0.07520071570832974,True,323
SBM (40 blocks),"linear, continuous T",oracle,161,direct,1.0,0.9889914296772604,0.07183689362066467,True,229
SBM (40 blocks),"linear, continuous T",oracle,161,peer,0.5,0.505715987692035,0.11480204105128193,True,229
SBM (40 blocks),"linear, continuous T",linear (correct),161,direct,1.0,0.9787448857654162,0.07244048320729789,True,229
SBM (40 blocks),"linear, continuous T",linear (correct),161,peer,0.5,0.51346559078804,0.11803422387952257,True,229
SBM (40 blocks),"paper eq. 38, binary T",oracle,161,direct,10.0,10.30270171639774,0.13260219610190727,False,229
SBM (40 blocks),"paper eq. 38, binary T",oracle,161,peer,5.0,4.8799773379224956,0.05989215545900705,False,229
ER (avg deg 4),"linear, continuous T",oracle,162,direct,1.0,1.0113180217539408,0.044780151940463385,True,456
ER (avg deg 4),"linear, continuous T",oracle,162,peer,0.5,0.5384947636946817,0.0631168990148991,True,456
ER (avg deg 4),"linear, continuous T",linear (correct),162,direct,1.0,1.0172095693526877,0.045506021344771316,True,456
ER (avg deg 4),"linear, continuous T",linear (correct),162,peer,0.5,0.5442288387577531,0.06292548220749507,True,456
ER (avg deg 4),"paper eq. 38, binary T",oracle,162,direct,10.0,10.06132792675733,0.09288598496278302,True,456
ER (avg deg 4),"paper eq. 38, binary T",oracle,162,peer,5.0,4.934150261220441,0.07710153551392669,True,456
"BA (m=2, hubs)","linear, continuous T",oracle,162,direct,1.0,1.0474950101577383,0.05304377753465534,True,319
"BA (m=2, hubs)","linear, continuous T",oracle,162,peer,0.5,0.492516186226965,0.08260310896520195,True,319
"BA (m=2, hubs)","linear, continuous T",linear (correct),162,direct,1.0,1.0500159642582492,0.0554208895653528,True,319
"BA (m=2, hubs)","linear, continuous T",linear (correct),162,peer,0.5,0.49068977144417747,0.08393192116612552,True,319
"BA (m=2, hubs)","paper eq. 38, binary T",oracle,162,direct,10.0,9.802486891062873,0.11021418012087561,True,319
"BA (m=2, hubs)","paper eq. 38, binary T",oracle,162,peer,5.0,4.942528539462346,0.07423639813312803,True,319
SBM (40 blocks),"linear, continuous T",oracle,162,direct,1.0,1.011451129729117,0.06813236171667826,True,240
SBM (40 blocks),"linear, continuous T",oracle,162,peer,0.5,0.5997261972781116,0.10178026204357055,True,240
SBM (40 blocks),"linear, continuous T",linear (correct),162,direct,1.0,1.007654967297573,0.06622143252161905,True,240
SBM (40 blocks),"linear, continuous T",linear (correct),162,peer,0.5,0.5965670045339782,0.09833243845359113,True,240
SBM (40 blocks),"paper eq. 38, binary T",oracle,162,direct,10.0,10.071010570988223,0.12011331432665744,True,240
SBM (40 blocks),"paper eq. 38, binary T",oracle,162,peer,5.0,4.913962676138147,0.06686922244090211,True,240
ER (avg deg 4),"linear, continuous T",oracle,163,direct,1.0,1.0210800809209502,0.04593763548545915,True,458
ER (avg deg 4),"linear, continuous T",oracle,163,peer,0.5,0.48685820327578755,0.05670621285396522,True,458
ER (avg deg 4),"linear, continuous T",linear (correct),163,direct,1.0,1.0280502653138395,0.048140012796737616,True,458
ER (avg deg 4),"linear, continuous T",linear (correct),163,peer,0.5,0.509756071043283,0.058774963585991005,True,458
ER (avg deg 4),"paper eq. 38, binary T",oracle,163,direct,10.0,10.129271963029602,0.0909029553675081,True,458
ER (avg deg 4),"paper eq. 38, binary T",oracle,163,peer,5.0,4.93096779525847,0.07865547663742704,True,458
"BA (m=2, hubs)","linear, continuous T",oracle,163,direct,1.0,1.0160665722898194,0.05096139243162698,True,321
"BA (m=2, hubs)","linear, continuous T",oracle,163,peer,0.5,0.37171356858370935,0.08525683495800333,True,321
"BA (m=2, hubs)","linear, continuous T",linear (correct),163,direct,1.0,1.0177250746027358,0.05171094402378641,True,321
"BA (m=2, hubs)","linear, continuous T",linear (correct),163,peer,0.5,0.37583711790393615,0.08444530621916649,True,321
"BA (m=2, hubs)","paper eq. 38, binary T",oracle,163,direct,10.0,9.965795075660894,0.11307385122599196,True,321
"BA (m=2, hubs)","paper eq. 38, binary T",oracle,163,peer,5.0,5.071536594522182,0.09195037171285989,True,321
SBM (40 blocks),"linear, continuous T",oracle,163,direct,1.0,1.0022775924663627,0.06344421219086165,True,235
SBM (40 blocks),"linear, continuous T",oracle,163,peer,0.5,0.5517507654607998,0.13612903728059828,True,235
SBM (40 blocks),"linear, continuous T",linear (correct),163,direct,1.0,0.9925745811832138,0.06413797521690767,True,235
SBM (40 blocks),"linear, continuous T",linear (correct),163,peer,0.5,0.5163069771525403,0.1341424202906396,True,235
SBM (40 blocks),"paper eq. 38, binary T",oracle,163,direct,10.0,10.04248418124551,0.12703596526817465,True,235
SBM (40 blocks),"paper eq. 38, binary T",oracle,163,peer,5.0,4.919769082108841,0.0907593893883258,True,235
ER (avg deg 4),"linear, continuous T",oracle,164,direct,1.0,1.0382768640543392,0.049780791040164765,True,456
ER (avg deg 4),"linear, continuous T",oracle,164,peer,0.5,0.5768558698399379,0.06465178824330947,True,456
ER (avg deg 4),"linear, continuous T",linear (correct),164,direct,1.0,1.037537684249451,0.05312267356529228,True,456
ER (avg deg 4),"linear, continuous T",linear (correct),164,peer,0.5,0.5645897403104115,0.07113094376103703,True,456
ER (avg deg 4),"paper eq. 38, binary T",oracle,164,direct,10.0,10.120385008670706,0.10432693216550792,True,456
ER (avg deg 4),"paper eq. 38, binary T",oracle,164,peer,5.0,4.9636466622182365,0.05979506854225627,True,456
"BA (m=2, hubs)","linear, continuous T",oracle,164,direct,1.0,1.0702536134486886,0.055117040508882255,True,306
"BA (m=2, hubs)","linear, continuous T",oracle,164,peer,0.5,0.416153427920406,0.09179145035309513,True,306
"BA (m=2, hubs)","linear, continuous T",linear (correct),164,direct,1.0,1.0743670150111022,0.05752062558044107,True,306
"BA (m=2, hubs)","linear, continuous T",linear (correct),164,peer,0.5,0.4310855624856195,0.09651171684283055,True,306
"BA (m=2, hubs)","paper eq. 38, binary T",oracle,164,direct,10.0,9.845853908074357,0.1283219887505428,True,306
"BA (m=2, hubs)","paper eq. 38, binary T",oracle,164,peer,5.0,5.0737286903867895,0.099645693266913,True,306
SBM (40 blocks),"linear, continuous T",oracle,164,direct,1.0,1.0497855884521896,0.06700305913497732,True,235
SBM (40 blocks),"linear, continuous T",oracle,164,peer,0.5,0.7485016023664831,0.10964945500945503,False,235
SBM (40 blocks),"linear, continuous T",linear (correct),164,direct,1.0,1.0311374632185026,0.06520944610256858,True,235
SBM (40 blocks),"linear, continuous T",linear (correct),164,peer,0.5,0.7577498761671511,0.10710370064976288,False,235
SBM (40 blocks),"paper eq. 38, binary T",oracle,164,direct,10.0,9.766506150718428,0.14928632884504983,True,235
SBM (40 blocks),"paper eq. 38, binary T",oracle,164,peer,5.0,4.916782506507232,0.08218455684466947,True,235
ER (avg deg 4),"linear, continuous T",oracle,165,direct,1.0,0.9886762050416712,0.048469964339500904,True,456
ER (avg deg 4),"linear, continuous T",oracle,165,peer,0.5,0.4796096091441521,0.05342403798696626,True,456
ER (avg deg 4),"linear, continuous T",linear (correct),165,direct,1.0,0.9961941996577424,0.04958787227986829,True,456
ER (avg deg 4),"linear, continuous T",linear (correct),165,peer,0.5,0.4572014807085533,0.05397095231484435,True,456
ER (avg deg 4),"paper eq. 38, binary T",oracle,165,direct,10.0,10.096621006731413,0.08528994670321356,True,456
ER (avg deg 4),"paper eq. 38, binary T",oracle,165,peer,5.0,5.006157913131491,0.06602392273398167,True,456
"BA (m=2, hubs)","linear, continuous T",oracle,165,direct,1.0,1.0532248259202386,0.049207288294125705,True,313
"BA (m=2, hubs)","linear, continuous T",oracle,165,peer,0.5,0.5345886567948841,0.08123442371471462,True,313
"BA (m=2, hubs)","linear, continuous T",linear (correct),165,direct,1.0,1.0666542177898362,0.0501776969981904,True,313
"BA (m=2, hubs)","linear, continuous T",linear (correct),165,peer,0.5,0.5373129151782466,0.08283402748413594,True,313
"BA (m=2, hubs)","paper eq. 38, binary T",oracle,165,direct,10.0,10.065296259385635,0.10562009700654991,True,313
"BA (m=2, hubs)","paper eq. 38, binary T",oracle,165,peer,5.0,5.008476263455651,0.07223540450207598,True,313
SBM (40 blocks),"linear, continuous T",oracle,165,direct,1.0,1.0110415666731163,0.05261929516845338,True,236
SBM (40 blocks),"linear, continuous T",oracle,165,peer,0.5,0.5040672505238122,0.11781291233049272,True,236
SBM (40 blocks),"linear, continuous T",linear (correct),165,direct,1.0,1.0161323811669607,0.055385921662225314,True,236
SBM (40 blocks),"linear, continuous T",linear (correct),165,peer,0.5,0.5051080666438151,0.12311169501053025,True,236
SBM (40 blocks),"paper eq. 38, binary T",oracle,165,direct,10.0,10.222720026388439,0.127760962953464,True,236
SBM (40 blocks),"paper eq. 38, binary T",oracle,165,peer,5.0,4.923812579072346,0.06372947849142445,True,236
ER (avg deg 4),"linear, continuous T",oracle,166,direct,1.0,1.002445901856128,0.059068546981171775,True,470
ER (avg deg 4),"linear, continuous T",oracle,166,peer,0.5,0.5162655214953114,0.06436993892731924,True,470
ER (avg deg 4),"linear, continuous T",linear (correct),166,direct,1.0,1.0030886330152367,0.05633270717132893,True,470
ER (avg deg 4),"linear, continuous T",linear (correct),166,peer,0.5,0.5102018867501131,0.0624553858309068,True,470
ER (avg deg 4),"paper eq. 38, binary T",oracle,166,direct,10.0,9.964821863474336,0.0975385242755285,True,470
ER (avg deg 4),"paper eq. 38, binary T",oracle,166,peer,5.0,4.9822121556319,0.07306027417022161,True,470
"BA (m=2, hubs)","linear, continuous T",oracle,166,direct,1.0,1.0431002292373448,0.0577696917123117,True,301
"BA (m=2, hubs)","linear, continuous T",oracle,166,peer,0.5,0.4233436181472252,0.07920329432909291,True,301
"BA (m=2, hubs)","linear, continuous T",linear (correct),166,direct,1.0,1.0526041724844122,0.05809979392876223,True,301
"BA (m=2, hubs)","linear, continuous T",linear (correct),166,peer,0.5,0.44951961317341643,0.08083583235517486,True,301
"BA (m=2, hubs)","paper eq. 38, binary T",oracle,166,direct,10.0,9.975601134124853,0.12366412872510446,True,301
"BA (m=2, hubs)","paper eq. 38, binary T",oracle,166,peer,5.0,4.938736160563237,0.08341468639388006,True,301
SBM (40 blocks),"linear, continuous T",oracle,166,direct,1.0,1.056931583332713,0.05823363366751273,True,224
SBM (40 blocks),"linear, continuous T",oracle,166,peer,0.5,0.5191572827008354,0.14301569885445053,True,224
SBM (40 blocks),"linear, continuous T",linear (correct),166,direct,1.0,1.0570263671940066,0.057075685973909746,True,224
SBM (40 blocks),"linear, continuous T",linear (correct),166,peer,0.5,0.5309560139568816,0.1324434129014258,True,224
SBM (40 blocks),"paper eq. 38, binary T",oracle,166,direct,10.0,10.03898031801807,0.13601495216353449,True,224
SBM (40 blocks),"paper eq. 38, binary T",oracle,166,peer,5.0,4.97795547078662,0.061156745746255445,True,224
ER (avg deg 4),"linear, continuous T",oracle,167,direct,1.0,0.991423080451598,0.04919088620663037,True,439
ER (avg deg 4),"linear, continuous T",oracle,167,peer,0.5,0.5818758686470211,0.06463477319119192,True,439
ER (avg deg 4),"linear, continuous T",linear (correct),167,direct,1.0,0.9930340131878052,0.052086952501855875,True,439
ER (avg deg 4),"linear, continuous T",linear (correct),167,peer,0.5,0.5888455470907298,0.06686083157077181,True,439
ER (avg deg 4),"paper eq. 38, binary T",oracle,167,direct,10.0,10.07590656560661,0.09680484445852673,True,439
ER (avg deg 4),"paper eq. 38, binary T",oracle,167,peer,5.0,5.076247339400608,0.07082760578276243,True,439
"BA (m=2, hubs)","linear, continuous T",oracle,167,direct,1.0,1.0319656940505886,0.04777195585194259,True,295
"BA (m=2, hubs)","linear, continuous T",oracle,167,peer,0.5,0.5286692841679972,0.0938477794113555,True,295
"BA (m=2, hubs)","linear, continuous T",linear (correct),167,direct,1.0,1.025351234943618,0.0508433319946108,True,295
"BA (m=2, hubs)","linear, continuous T",linear (correct),167,peer,0.5,0.5227585470092039,0.10074498222325727,True,295
"BA (m=2, hubs)","paper eq. 38, binary T",oracle,167,direct,10.0,10.057936876734837,0.12262479916030031,True,295
"BA (m=2, hubs)","paper eq. 38, binary T",oracle,167,peer,5.0,5.0846504813035205,0.07654898507761468,True,295
SBM (40 blocks),"linear, continuous T",oracle,167,direct,1.0,0.9715635100757514,0.051498787562378315,True,240
SBM (40 blocks),"linear, continuous T",oracle,167,peer,0.5,0.5045829471040897,0.10456742767038006,True,240
SBM (40 blocks),"linear, continuous T",linear (correct),167,direct,1.0,0.9593306781169044,0.054185661324276366,True,240
SBM (40 blocks),"linear, continuous T",linear (correct),167,peer,0.5,0.4825269915036076,0.11328856690244575,True,240
SBM (40 blocks),"paper eq. 38, binary T",oracle,167,direct,10.0,10.045777661228314,0.1306014173479987,True,240
SBM (40 blocks),"paper eq. 38, binary T",oracle,167,peer,5.0,4.941657346245967,0.07481408295826834,True,240
ER (avg deg 4),"linear, continuous T",oracle,168,direct,1.0,0.9284184398415063,0.04301796338598519,True,448
ER (avg deg 4),"linear, continuous T",oracle,168,peer,0.5,0.4421109162014325,0.06526754713785425,True,448
ER (avg deg 4),"linear, continuous T",linear (correct),168,direct,1.0,0.9301725435518777,0.04352944564723181,True,448
ER (avg deg 4),"linear, continuous T",linear (correct),168,peer,0.5,0.44176840681879925,0.06678224604724478,True,448
ER (avg deg 4),"paper eq. 38, binary T",oracle,168,direct,10.0,9.94743411248698,0.09298711274532614,True,448
ER (avg deg 4),"paper eq. 38, binary T",oracle,168,peer,5.0,5.087658331865824,0.0622763679692732,True,448
"BA (m=2, hubs)","linear, continuous T",oracle,168,direct,1.0,1.023541919910649,0.057989453934044685,True,304
"BA (m=2, hubs)","linear, continuous T",oracle,168,peer,0.5,0.6080702175102716,0.07449701321626341,True,304
"BA (m=2, hubs)","linear, continuous T",linear (correct),168,direct,1.0,1.0150130284524697,0.054782464989802035,True,304
"BA (m=2, hubs)","linear, continuous T",linear (correct),168,peer,0.5,0.6076708174849393,0.0734769108388402,True,304
"BA (m=2, hubs)","paper eq. 38, binary T",oracle,168,direct,10.0,9.882704852940867,0.12309930887830213,True,304
"BA (m=2, hubs)","paper eq. 38, binary T",oracle,168,peer,5.0,4.938561633173991,0.07698306615749084,True,304
SBM (40 blocks),"linear, continuous T",oracle,168,direct,1.0,0.9952916702454012,0.05573447305754293,True,226
SBM (40 blocks),"linear, continuous T",oracle,168,peer,0.5,0.6258522849179574,0.10321264933591769,True,226
SBM (40 blocks),"linear, continuous T",linear (correct),168,direct,1.0,0.9855454406566663,0.05787827308849688,True,226
SBM (40 blocks),"linear, continuous T",linear (correct),168,peer,0.5,0.6370654372236748,0.10419359758089286,True,226
SBM (40 blocks),"paper eq. 38, binary T",oracle,168,direct,10.0,10.112943642051857,0.138039878524501,True,226
SBM (40 blocks),"paper eq. 38, binary T",oracle,168,peer,5.0,4.853288900293788,0.08129825329181303,True,226
ER (avg deg 4),"linear, continuous T",oracle,169,direct,1.0,0.9651329091385105,0.05585713091975575,True,459
ER (avg deg 4),"linear, continuous T",oracle,169,peer,0.5,0.5646423797875161,0.05451679770242439,True,459
ER (avg deg 4),"linear, continuous T",linear (correct),169,direct,1.0,0.9681107125658045,0.05765766899964456,True,459
ER (avg deg 4),"linear, continuous T",linear (correct),169,peer,0.5,0.5676581687676385,0.05656926376132102,True,459
ER (avg deg 4),"paper eq. 38, binary T",oracle,169,direct,10.0,10.113387711466507,0.09197077316600238,True,459
ER (avg deg 4),"paper eq. 38, binary T",oracle,169,peer,5.0,4.9306426714675355,0.06303228972180024,True,459
"BA (m=2, hubs)","linear, continuous T",oracle,169,direct,1.0,1.066072815905291,0.0515864767454684,True,312
"BA (m=2, hubs)","linear, continuous T",oracle,169,peer,0.5,0.39847509343345905,0.08546816885592379,True,312
"BA (m=2, hubs)","linear, continuous T",linear (correct),169,direct,1.0,1.0704788850748648,0.05177277279062671,True,312
"BA (m=2, hubs)","linear, continuous T",linear (correct),169,peer,0.5,0.39080849809383866,0.08883489138560412,True,312
"BA (m=2, hubs)","paper eq. 38, binary T",oracle,169,direct,10.0,9.961705363672614,0.10761885913771732,True,312
"BA (m=2, hubs)","paper eq. 38, binary T",oracle,169,peer,5.0,5.057425859911871,0.06902051404077145,True,312
SBM (40 blocks),"linear, continuous T",oracle,169,direct,1.0,0.9496355523785673,0.06331919407457538,True,222
SBM (40 blocks),"linear, continuous T",oracle,169,peer,0.5,0.3132251506625874,0.10302657663444494,True,222
SBM (40 blocks),"linear, continuous T",linear (correct),169,direct,1.0,0.9633710484329369,0.07018402114389559,True,222
SBM (40 blocks),"linear, continuous T",linear (correct),169,peer,0.5,0.33561768806528197,0.11708644352941416,True,222
SBM (40 blocks),"paper eq. 38, binary T",oracle,169,direct,10.0,10.154091135589226,0.16079990738673045,True,222
SBM (40 blocks),"paper eq. 38, binary T",oracle,169,peer,5.0,4.892694191271961,0.07357512260447926,True,222
ER (avg deg 4),"linear, continuous T",oracle,170,direct,1.0,1.0387216728451638,0.04992366758678029,True,443
ER (avg deg 4),"linear, continuous T",oracle,170,peer,0.5,0.5781345609309775,0.0554450789642342,True,443
ER (avg deg 4),"linear, continuous T",linear (correct),170,direct,1.0,1.04209514987336,0.051127793399452795,True,443
ER (avg deg 4),"linear, continuous T",linear (correct),170,peer,0.5,0.5748016460030732,0.0565301042110428,True,443
ER (avg deg 4),"paper eq. 38, binary T",oracle,170,direct,10.0,10.021455695406171,0.0923158430841986,True,443
ER (avg deg 4),"paper eq. 38, binary T",oracle,170,peer,5.0,5.019677522281212,0.06701063875039114,True,443
"BA (m=2, hubs)","linear, continuous T",oracle,170,direct,1.0,0.979517976782958,0.056826868737310195,True,306
"BA (m=2, hubs)","linear, continuous T",oracle,170,peer,0.5,0.6434803268596127,0.1046892575289183,True,306
"BA (m=2, hubs)","linear, continuous T",linear (correct),170,direct,1.0,0.9718451638902726,0.05635475222048441,True,306
"BA (m=2, hubs)","linear, continuous T",linear (correct),170,peer,0.5,0.6158564828400506,0.10280635243118534,True,306
"BA (m=2, hubs)","paper eq. 38, binary T",oracle,170,direct,10.0,9.789150046072283,0.1043684853281588,False,306
"BA (m=2, hubs)","paper eq. 38, binary T",oracle,170,peer,5.0,5.120694348352148,0.07147944811521194,True,306
SBM (40 blocks),"linear, continuous T",oracle,170,direct,1.0,0.95058522758103,0.07125436363767446,True,227
SBM (40 blocks),"linear, continuous T",oracle,170,peer,0.5,0.29555616818738256,0.12875948776806723,True,227
SBM (40 blocks),"linear, continuous T",linear (correct),170,direct,1.0,0.9495102956230768,0.07733009733457953,True,227
SBM (40 blocks),"linear, continuous T",linear (correct),170,peer,0.5,0.300513537650916,0.13662087522634775,True,227
SBM (40 blocks),"paper eq. 38, binary T",oracle,170,direct,10.0,10.099904229984265,0.14696709170875547,True,227
SBM (40 blocks),"paper eq. 38, binary T",oracle,170,peer,5.0,5.037461153601928,0.08999956207697961,True,227
ER (avg deg 4),"linear, continuous T",oracle,171,direct,1.0,1.0472685885182107,0.04564839138156154,True,449
ER (avg deg 4),"linear, continuous T",oracle,171,peer,0.5,0.47181542902690504,0.056915047312776766,True,449
ER (avg deg 4),"linear, continuous T",linear (correct),171,direct,1.0,1.0452467282265208,0.0483787975078637,True,449
ER (avg deg 4),"linear, continuous T",linear (correct),171,peer,0.5,0.471077982891975,0.05871172847981799,True,449
ER (avg deg 4),"paper eq. 38, binary T",oracle,171,direct,10.0,9.899335172501772,0.09932157244832245,True,449
ER (avg deg 4),"paper eq. 38, binary T",oracle,171,peer,5.0,5.132041601392519,0.09651991732044156,True,449
"BA (m=2, hubs)","linear, continuous T",oracle,171,direct,1.0,0.9569967975519336,0.06055801427497611,True,312
"BA (m=2, hubs)","linear, continuous T",oracle,171,peer,0.5,0.5009126342326584,0.07572810600291452,True,312
"BA (m=2, hubs)","linear, continuous T",linear (correct),171,direct,1.0,0.9465896262372337,0.06295339248195284,True,312
"BA (m=2, hubs)","linear, continuous T",linear (correct),171,peer,0.5,0.4791176869179495,0.07824766541863802,True,312
"BA (m=2, hubs)","paper eq. 38, binary T",oracle,171,direct,10.0,9.76357854092066,0.13791035501543272,True,312
"BA (m=2, hubs)","paper eq. 38, binary T",oracle,171,peer,5.0,4.806898122429265,0.1192798352878301,True,312
SBM (40 blocks),"linear, continuous T",oracle,171,direct,1.0,0.9976995656243808,0.057010004270826635,True,222
SBM (40 blocks),"linear, continuous T",oracle,171,peer,0.5,0.3484261331661126,0.11892026767878862,True,222
SBM (40 blocks),"linear, continuous T",linear (correct),171,direct,1.0,0.9974971962901015,0.058634567633945756,True,222
SBM (40 blocks),"linear, continuous T",linear (correct),171,peer,0.5,0.3415373460582808,0.12468643501212323,True,222
SBM (40 blocks),"paper eq. 38, binary T",oracle,171,direct,10.0,9.935129555118078,0.19282935352819308,True,222
SBM (40 blocks),"paper eq. 38, binary T",oracle,171,peer,5.0,4.919740967157277,0.10344301844866732,True,222
ER (avg deg 4),"linear, continuous T",oracle,172,direct,1.0,0.9975681407968239,0.037366042230124054,True,460
ER (avg deg 4),"linear, continuous T",oracle,172,peer,0.5,0.5452657455688034,0.054921518257582874,True,460
ER (avg deg 4),"linear, continuous T",linear (correct),172,direct,1.0,0.9972887096673931,0.039436678287704426,True,460
ER (avg deg 4),"linear, continuous T",linear (correct),172,peer,0.5,0.5444999227786836,0.05808449608113697,True,460
ER (avg deg 4),"paper eq. 38, binary T",oracle,172,direct,10.0,10.0339550875214,0.09228804601838013,True,460
ER (avg deg 4),"paper eq. 38, binary T",oracle,172,peer,5.0,5.04047010704284,0.07282355360416055,True,460
"BA (m=2, hubs)","linear, continuous T",oracle,172,direct,1.0,1.138937455617003,0.056500440324966365,False,309
"BA (m=2, hubs)","linear, continuous T",oracle,172,peer,0.5,0.6004970329028139,0.10562753892634329,True,309
"BA (m=2, hubs)","linear, continuous T",linear (correct),172,direct,1.0,1.1355285831423974,0.05439903187581968,False,309
"BA (m=2, hubs)","linear, continuous T",linear (correct),172,peer,0.5,0.5837227962808172,0.10138721447687851,True,309
"BA (m=2, hubs)","paper eq. 38, binary T",oracle,172,direct,10.0,10.006902680918449,0.11480664972773637,True,309
"BA (m=2, hubs)","paper eq. 38, binary T",oracle,172,peer,5.0,4.895886781563712,0.10114918557168946,True,309
SBM (40 blocks),"linear, continuous T",oracle,172,direct,1.0,1.1109917383427361,0.061548030088476924,True,231
SBM (40 blocks),"linear, continuous T",oracle,172,peer,0.5,0.37564077360241827,0.10197222551834342,True,231
SBM (40 blocks),"linear, continuous T",linear (correct),172,direct,1.0,1.1258480577381493,0.0652837251040592,True,231
SBM (40 blocks),"linear, continuous T",linear (correct),172,peer,0.5,0.363687407334632,0.10709401696375895,True,231
SBM (40 blocks),"paper eq. 38, binary T",oracle,172,direct,10.0,9.889841899225745,0.15160712205287039,True,231
SBM (40 blocks),"paper eq. 38, binary T",oracle,172,peer,5.0,4.971986786073395,0.06426992791272783,True,231
ER (avg deg 4),"linear, continuous T",oracle,173,direct,1.0,1.1430854722211379,0.04378274344306856,False,468
ER (avg deg 4),"linear, continuous T",oracle,173,peer,0.5,0.501490157453857,0.04982852791411284,True,468
ER (avg deg 4),"linear, continuous T",linear (correct),173,direct,1.0,1.1469147236503756,0.04179079713358553,False,468
ER (avg deg 4),"linear, continuous T",linear (correct),173,peer,0.5,0.5123016887557206,0.04922386940404787,True,468
ER (avg deg 4),"paper eq. 38, binary T",oracle,173,direct,10.0,10.146473763131851,0.10492276986138041,True,468
ER (avg deg 4),"paper eq. 38, binary T",oracle,173,peer,5.0,5.083817614673532,0.08576926616492911,True,468
"BA (m=2, hubs)","linear, continuous T",oracle,173,direct,1.0,1.039268258816004,0.05079735496692515,True,331
"BA (m=2, hubs)","linear, continuous T",oracle,173,peer,0.5,0.6483400820659896,0.07281596811916499,False,331
"BA (m=2, hubs)","linear, continuous T",linear (correct),173,direct,1.0,1.0544484669107475,0.050885150554990446,True,331
"BA (m=2, hubs)","linear, continuous T",linear (correct),173,peer,0.5,0.6586931325799282,0.07323825782487496,False,331
"BA (m=2, hubs)","paper eq. 38, binary T",oracle,173,direct,10.0,10.130445735908491,0.12120536659560369,True,331
"BA (m=2, hubs)","paper eq. 38, binary T",oracle,173,peer,5.0,4.902227415847658,0.07034723697234388,True,331
SBM (40 blocks),"linear, continuous T",oracle,173,direct,1.0,1.0983680663678943,0.051682687567429934,True,235
SBM (40 blocks),"linear, continuous T",oracle,173,peer,0.5,0.4924827459248697,0.09687662728280855,True,235
SBM (40 blocks),"linear, continuous T",linear (correct),173,direct,1.0,1.1057839916327452,0.05092751043985377,False,235
SBM (40 blocks),"linear, continuous T",linear (correct),173,peer,0.5,0.5024412723628937,0.09507062832323526,True,235
SBM (40 blocks),"paper eq. 38, binary T",oracle,173,direct,10.0,10.388783787712295,0.1537086014058013,False,235
SBM (40 blocks),"paper eq. 38, binary T",oracle,173,peer,5.0,5.173894765033414,0.11062828683681757,True,235
ER (avg deg 4),"linear, continuous T",oracle,174,direct,1.0,0.9881571663728186,0.048130526015541866,True,474
ER (avg deg 4),"linear, continuous T",oracle,174,peer,0.5,0.3945356425239323,0.054715844594125734,True,474
ER (avg deg 4),"linear, continuous T",linear (correct),174,direct,1.0,0.9838590569015285,0.04931184713028931,True,474
ER (avg deg 4),"linear, continuous T",linear (correct),174,peer,0.5,0.4046602530278448,0.0549848287944711,True,474
ER (avg deg 4),"paper eq. 38, binary T",oracle,174,direct,10.0,9.991721515101448,0.09606816652264419,True,474
ER (avg deg 4),"paper eq. 38, binary T",oracle,174,peer,5.0,4.892279017586988,0.06514016667591191,True,474
"BA (m=2, hubs)","linear, continuous T",oracle,174,direct,1.0,1.0571709208227569,0.0546567423522738,True,306
"BA (m=2, hubs)","linear, continuous T",oracle,174,peer,0.5,0.4394092220237685,0.07571101482437181,True,306
"BA (m=2, hubs)","linear, continuous T",linear (correct),174,direct,1.0,1.0635241635686312,0.055814437477754775,True,306
"BA (m=2, hubs)","linear, continuous T",linear (correct),174,peer,0.5,0.4513668135049893,0.07724856836912501,True,306
"BA (m=2, hubs)","paper eq. 38, binary T",oracle,174,direct,10.0,9.96079964600966,0.1124241055956123,True,306
"BA (m=2, hubs)","paper eq. 38, binary T",oracle,174,peer,5.0,5.062604787302348,0.08868663178413232,True,306
SBM (40 blocks),"linear, continuous T",oracle,174,direct,1.0,1.0771648932115843,0.0586406061837337,True,236
SBM (40 blocks),"linear, continuous T",oracle,174,peer,0.5,0.6029040172342672,0.09360829930657517,True,236
SBM (40 blocks),"linear, continuous T",linear (correct),174,direct,1.0,1.0947803344768603,0.0587165232429241,True,236
SBM (40 blocks),"linear, continuous T",linear (correct),174,peer,0.5,0.638480013978389,0.09728459650074325,True,236
SBM (40 blocks),"paper eq. 38, binary T",oracle,174,direct,10.0,9.677339416713357,0.12544897224167784,False,236
SBM (40 blocks),"paper eq. 38, binary T",oracle,174,peer,5.0,5.087348501802821,0.08435130656549072,True,236
ER (avg deg 4),"linear, continuous T",oracle,175,direct,1.0,1.0686763697975477,0.04530907436679839,True,469
ER (avg deg 4),"linear, continuous T",oracle,175,peer,0.5,0.6647494142117425,0.06341058804302889,False,469
ER (avg deg 4),"linear, continuous T",linear (correct),175,direct,1.0,1.071044616428544,0.04843666935175136,True,469
ER (avg deg 4),"linear, continuous T",linear (correct),175,peer,0.5,0.6670161030239052,0.06294661578317648,False,469
ER (avg deg 4),"paper eq. 38, binary T",oracle,175,direct,10.0,10.109917369714022,0.08942666880230307,True,469
ER (avg deg 4),"paper eq. 38, binary T",oracle,175,peer,5.0,4.952557138657446,0.055903217858144304,True,469
"BA (m=2, hubs)","linear, continuous T",oracle,175,direct,1.0,1.0655165880755828,0.055348044416202315,True,320
"BA (m=2, hubs)","linear, continuous T",oracle,175,peer,0.5,0.39269551401506586,0.08954140845723899,True,320
"BA (m=2, hubs)","linear, continuous T",linear (correct),175,direct,1.0,1.067759948602248,0.05589489672407197,True,320
"BA (m=2, hubs)","linear, continuous T",linear (correct),175,peer,0.5,0.3949065513138156,0.08853715262570495,True,320
"BA (m=2, hubs)","paper eq. 38, binary T",oracle,175,direct,10.0,10.015195273438863,0.09823021756396912,True,320
"BA (m=2, hubs)","paper eq. 38, binary T",oracle,175,peer,5.0,4.995666964312073,0.07823535132033761,True,320
SBM (40 blocks),"linear, continuous T",oracle,175,direct,1.0,1.0692794469110307,0.04919194370050371,True,223
SBM (40 blocks),"linear, continuous T",oracle,175,peer,0.5,0.6439371444016417,0.11347196289481323,True,223
SBM (40 blocks),"linear, continuous T",linear (correct),175,direct,1.0,1.0848850221972033,0.05345116983212772,True,223
SBM (40 blocks),"linear, continuous T",linear (correct),175,peer,0.5,0.6555956089437008,0.12099625980997007,True,223
SBM (40 blocks),"paper eq. 38, binary T",oracle,175,direct,10.0,9.957240145526885,0.13624951023748172,True,223
SBM (40 blocks),"paper eq. 38, binary T",oracle,175,peer,5.0,4.984538928775489,0.07544920834737934,True,223
ER (avg deg 4),"linear, continuous T",oracle,176,direct,1.0,0.9575605036830658,0.04873227709534858,True,455
ER (avg deg 4),"linear, continuous T",oracle,176,peer,0.5,0.5751727845404561,0.054987919498406014,True,455
ER (avg deg 4),"linear, continuous T",linear (correct),176,direct,1.0,0.9529246888069717,0.04819096319270173,True,455
ER (avg deg 4),"linear, continuous T",linear (correct),176,peer,0.5,0.5644529380115016,0.054322334282512263,True,455
ER (avg deg 4),"paper eq. 38, binary T",oracle,176,direct,10.0,9.973682258025596,0.09073895965807537,True,455
ER (avg deg 4),"paper eq. 38, binary T",oracle,176,peer,5.0,4.954743061361284,0.07260087217212699,True,455
"BA (m=2, hubs)","linear, continuous T",oracle,176,direct,1.0,1.0273098277622592,0.05917710501572037,True,302
"BA (m=2, hubs)","linear, continuous T",oracle,176,peer,0.5,0.41461100598279205,0.07498896440530319,True,302
"BA (m=2, hubs)","linear, continuous T",linear (correct),176,direct,1.0,1.0150707338671807,0.060897598111700924,True,302
"BA (m=2, hubs)","linear, continuous T",linear (correct),176,peer,0.5,0.4112340634329426,0.07622095631762513,True,302
"BA (m=2, hubs)","paper eq. 38, binary T",oracle,176,direct,10.0,10.170133693721795,0.12030646610154419,True,302
"BA (m=2, hubs)","paper eq. 38, binary T",oracle,176,peer,5.0,4.948762457543026,0.07487628964818428,True,302
SBM (40 blocks),"linear, continuous T",oracle,176,direct,1.0,0.9492531327907137,0.08230583928392325,True,231
SBM (40 blocks),"linear, continuous T",oracle,176,peer,0.5,0.5910196239954303,0.08587340681194401,True,231
SBM (40 blocks),"linear, continuous T",linear (correct),176,direct,1.0,0.9474488810062679,0.08468149003964484,True,231
SBM (40 blocks),"linear, continuous T",linear (correct),176,peer,0.5,0.5850773909144699,0.08735487804101318,True,231
SBM (40 blocks),"paper eq. 38, binary T",oracle,176,direct,10.0,10.060247270038461,0.1347792476497426,True,231
SBM (40 blocks),"paper eq. 38, binary T",oracle,176,peer,5.0,4.940686094378431,0.055114526718986555,True,231
ER (avg deg 4),"linear, continuous T",oracle,177,direct,1.0,1.0866948233932539,0.05399025985738794,True,446
ER (avg deg 4),"linear, continuous T",oracle,177,peer,0.5,0.643268889654793,0.0697830755949504,False,446
ER (avg deg 4),"linear, continuous T",linear (correct),177,direct,1.0,1.0576383384542396,0.050709877841594884,True,446
ER (avg deg 4),"linear, continuous T",linear (correct),177,peer,0.5,0.6375213623248032,0.06571430502266977,False,446
ER (avg deg 4),"paper eq. 38, binary T",oracle,177,direct,10.0,9.910091637327568,0.09693740030300128,True,446
ER (avg deg 4),"paper eq. 38, binary T",oracle,177,peer,5.0,4.952167027252383,0.07120894350824551,True,446
"BA (m=2, hubs)","linear, continuous T",oracle,177,direct,1.0,1.1268985579880322,0.06096395660286763,False,309
"BA (m=2, hubs)","linear, continuous T",oracle,177,peer,0.5,0.3995420520595753,0.08751527393156075,True,309
"BA (m=2, hubs)","linear, continuous T",linear (correct),177,direct,1.0,1.126492360039828,0.059561691201879235,False,309
"BA (m=2, hubs)","linear, continuous T",linear (correct),177,peer,0.5,0.36911111687436166,0.08634947974325972,True,309
"BA (m=2, hubs)","paper eq. 38, binary T",oracle,177,direct,10.0,9.96430294997063,0.11297790940813698,True,309
"BA (m=2, hubs)","paper eq. 38, binary T",oracle,177,peer,5.0,4.946646310133731,0.08870125746949473,True,309
SBM (40 blocks),"linear, continuous T",oracle,177,direct,1.0,1.0679877845163914,0.07234255654151638,True,228
SBM (40 blocks),"linear, continuous T",oracle,177,peer,0.5,0.3766714061254975,0.10367238954943025,True,228
SBM (40 blocks),"linear, continuous T",linear (correct),177,direct,1.0,1.0543444689558745,0.07290332228481715,True,228
SBM (40 blocks),"linear, continuous T",linear (correct),177,peer,0.5,0.4033317146625425,0.10549218646658053,True,228
SBM (40 blocks),"paper eq. 38, binary T",oracle,177,direct,10.0,9.825353629231547,0.13820680904408547,True,228
SBM (40 blocks),"paper eq. 38, binary T",oracle,177,peer,5.0,5.0315780513835815,0.09166903115261145,True,228
ER (avg deg 4),"linear, continuous T",oracle,178,direct,1.0,1.034647078651723,0.046226731052059024,True,427
ER (avg deg 4),"linear, continuous T",oracle,178,peer,0.5,0.5103194524040933,0.08217610040609966,True,427
ER (avg deg 4),"linear, continuous T",linear (correct),178,direct,1.0,1.041287072005782,0.04470468216677317,True,427
ER (avg deg 4),"linear, continuous T",linear (correct),178,peer,0.5,0.49073403029652796,0.07922100853474617,True,427
ER (avg deg 4),"paper eq. 38, binary T",oracle,178,direct,10.0,10.098381670978464,0.09665351269465948,True,427
ER (avg deg 4),"paper eq. 38, binary T",oracle,178,peer,5.0,5.080053908451563,0.06726124645994094,True,427
"BA (m=2, hubs)","linear, continuous T",oracle,178,direct,1.0,1.0055365649951815,0.05154173550500112,True,316
"BA (m=2, hubs)","linear, continuous T",oracle,178,peer,0.5,0.293057117377113,0.07203687766259959,False,316
"BA (m=2, hubs)","linear, continuous T",linear (correct),178,direct,1.0,1.0123494595639688,0.051162306570632164,True,316
"BA (m=2, hubs)","linear, continuous T",linear (correct),178,peer,0.5,0.2648840278072173,0.07222317572368438,False,316
"BA (m=2, hubs)","paper eq. 38, binary T",oracle,178,direct,10.0,9.962522949455021,0.11141382987245303,True,316
"BA (m=2, hubs)","paper eq. 38, binary T",oracle,178,peer,5.0,5.027608540462219,0.0833424140365008,True,316
SBM (40 blocks),"linear, continuous T",oracle,178,direct,1.0,1.0790307284899174,0.07595930610377785,True,231
SBM (40 blocks),"linear, continuous T",oracle,178,peer,0.5,0.36863914928229197,0.1003694795858793,True,231
SBM (40 blocks),"linear, continuous T",linear (correct),178,direct,1.0,1.100991800452102,0.07559333958093827,True,231
SBM (40 blocks),"linear, continuous T",linear (correct),178,peer,0.5,0.3378224692389227,0.10258298511233185,True,231
SBM (40 blocks),"paper eq. 38, binary T",oracle,178,direct,10.0,9.968319053291463,0.1349237853630484,True,231
SBM (40 blocks),"paper eq. 38, binary T",oracle,178,peer,5.0,5.136794156356842,0.07294837318578097,True,231
ER (avg deg 4),"linear, continuous T",oracle,179,direct,1.0,1.0985913543537391,0.05151490353032426,True,450
ER (avg deg 4),"linear, continuous T",oracle,179,peer,0.5,0.46802454049875036,0.055509095416560184,True,450
ER (avg deg 4),"linear, continuous T",linear (correct),179,direct,1.0,1.0864439918167763,0.05019375753748249,True,450
ER (avg deg 4),"linear, continuous T",linear (correct),179,peer,0.5,0.4653627692643566,0.056229836485923085,True,450
ER (avg deg 4),"paper eq. 38, binary T",oracle,179,direct,10.0,9.968140998548295,0.09938432622863892,True,450
ER (avg deg 4),"paper eq. 38, binary T",oracle,179,peer,5.0,5.049689219416468,0.07703152085175714,True,450
"BA (m=2, hubs)","linear, continuous T",oracle,179,direct,1.0,0.9619215444206607,0.05361518017279173,True,300
"BA (m=2, hubs)","linear, continuous T",oracle,179,peer,0.5,0.47288711608151984,0.07815254140938095,True,300
"BA (m=2, hubs)","linear, continuous T",linear (correct),179,direct,1.0,0.9613033532714828,0.05288627719798664,True,300
"BA (m=2, hubs)","linear, continuous T",linear (correct),179,peer,0.5,0.46919222617228656,0.07816180809120457,True,300
"BA (m=2, hubs)","paper eq. 38, binary T",oracle,179,direct,10.0,9.92507079764507,0.11503722183865363,True,300
"BA (m=2, hubs)","paper eq. 38, binary T",oracle,179,peer,5.0,4.96192688411377,0.07162968964426954,True,300
SBM (40 blocks),"linear, continuous T",oracle,179,direct,1.0,1.0509094641564871,0.06071879348795456,True,222
SBM (40 blocks),"linear, continuous T",oracle,179,peer,0.5,0.5597735537936125,0.11716062970892742,True,222
SBM (40 blocks),"linear, continuous T",linear (correct),179,direct,1.0,1.0612300946017095,0.06251467658384623,True,222
SBM (40 blocks),"linear, continuous T",linear (correct),179,peer,0.5,0.583928476464043,0.12013181618359224,True,222
SBM (40 blocks),"paper eq. 38, binary T",oracle,179,direct,10.0,10.001388665754286,0.14049214691324532,True,222
SBM (40 blocks),"paper eq. 38, binary T",oracle,179,peer,5.0,5.01186025602766,0.07265097686215195,True,222
ER (avg deg 4),"linear, continuous T",oracle,180,direct,1.0,0.9843452294722664,0.04578777247798274,True,453
ER (avg deg 4),"linear, continuous T",oracle,180,peer,0.5,0.5335847530407447,0.07131389876005403,True,453
ER (avg deg 4),"linear, continuous T",linear (correct),180,direct,1.0,0.979682334408839,0.04862384242215356,True,453
ER (avg deg 4),"linear, continuous T",linear (correct),180,peer,0.5,0.5344641158929867,0.0724879874156736,True,453
ER (avg deg 4),"paper eq. 38, binary T",oracle,180,direct,10.0,10.061452276105138,0.08819237812614006,True,453
ER (avg deg 4),"paper eq. 38, binary T",oracle,180,peer,5.0,5.016455112434167,0.07266153764082843,True,453
"BA (m=2, hubs)","linear, continuous T",oracle,180,direct,1.0,1.0975341146915858,0.06727843981571721,True,313
"BA (m=2, hubs)","linear, continuous T",oracle,180,peer,0.5,0.5470933129188137,0.07349743634109987,True,313
"BA (m=2, hubs)","linear, continuous T",linear (correct),180,direct,1.0,1.0911517095291816,0.06557775620467568,True,313
"BA (m=2, hubs)","linear, continuous T",linear (correct),180,peer,0.5,0.5649454747292707,0.0723226844794414,True,313
"BA (m=2, hubs)","paper eq. 38, binary T",oracle,180,direct,10.0,9.996730519430677,0.11077524182110408,True,313
"BA (m=2, hubs)","paper eq. 38, binary T",oracle,180,peer,5.0,5.0673879904176635,0.07148177709391042,True,313
SBM (40 blocks),"linear, continuous T",oracle,180,direct,1.0,0.9541150182100834,0.05663288549169627,True,236
SBM (40 blocks),"linear, continuous T",oracle,180,peer,0.5,0.34022599559098043,0.10692419476537651,True,236
SBM (40 blocks),"linear, continuous T",linear (correct),180,direct,1.0,0.9416588635118313,0.05796762816541346,True,236
SBM (40 blocks),"linear, continuous T",linear (correct),180,peer,0.5,0.33374275978120593,0.10850583848600567,True,236
SBM (40 blocks),"paper eq. 38, binary T",oracle,180,direct,10.0,9.916324566312763,0.15308723306184804,True,236
SBM (40 blocks),"paper eq. 38, binary T",oracle,180,peer,5.0,4.900124442889507,0.05481027244687426,True,236
ER (avg deg 4),"linear, continuous T",oracle,181,direct,1.0,1.048944124732134,0.03999037286932392,True,446
ER (avg deg 4),"linear, continuous T",oracle,181,peer,0.5,0.48523429633678,0.048256749218773556,True,446
ER (avg deg 4),"linear, continuous T",linear (correct),181,direct,1.0,1.044678012536251,0.04328862156987558,True,446
ER (avg deg 4),"linear, continuous T",linear (correct),181,peer,0.5,0.5001996134706164,0.051048392927241934,True,446
ER (avg deg 4),"paper eq. 38, binary T",oracle,181,direct,10.0,10.02370606299917,0.1015914382137601,True,446
ER (avg deg 4),"paper eq. 38, binary T",oracle,181,peer,5.0,4.967237802642442,0.07680012905588143,True,446
"BA (m=2, hubs)","linear, continuous T",oracle,181,direct,1.0,0.9166988177086945,0.06147967783637001,True,317
"BA (m=2, hubs)","linear, continuous T",oracle,181,peer,0.5,0.4280094953930964,0.08692594508474812,True,317
"BA (m=2, hubs)","linear, continuous T",linear (correct),181,direct,1.0,0.9208509650233369,0.06520526262853753,True,317
"BA (m=2, hubs)","linear, continuous T",linear (correct),181,peer,0.5,0.40400770915399015,0.09394772395288827,True,317
"BA (m=2, hubs)","paper eq. 38, binary T",oracle,181,direct,10.0,9.93710656107507,0.11302578191555768,True,317
"BA (m=2, hubs)","paper eq. 38, binary T",oracle,181,peer,5.0,4.953843050796615,0.07420586042510707,True,317
SBM (40 blocks),"linear, continuous T",oracle,181,direct,1.0,0.977231184688011,0.055554451164982956,True,231
SBM (40 blocks),"linear, continuous T",oracle,181,peer,0.5,0.43318456383383835,0.12100171935324648,True,231
SBM (40 blocks),"linear, continuous T",linear (correct),181,direct,1.0,1.0010881369028413,0.057885137969133964,True,231
SBM (40 blocks),"linear, continuous T",linear (correct),181,peer,0.5,0.40697956663892365,0.11994071389594671,True,231
SBM (40 blocks),"paper eq. 38, binary T",oracle,181,direct,10.0,10.185425522770688,0.15883025710330467,True,231
SBM (40 blocks),"paper eq. 38, binary T",oracle,181,peer,5.0,4.9791842850577375,0.07572387221108495,True,231
ER (avg deg 4),"linear, continuous T",oracle,182,direct,1.0,1.0057546548786371,0.04741350984457591,True,457
ER (avg deg 4),"linear, continuous T",oracle,182,peer,0.5,0.4659446771587385,0.05617929477967139,True,457
ER (avg deg 4),"linear, continuous T",linear (correct),182,direct,1.0,1.005403794719583,0.04871238535730197,True,457
ER (avg deg 4),"linear, continuous T",linear (correct),182,peer,0.5,0.4644750482575675,0.05722889845689814,True,457
ER (avg deg 4),"paper eq. 38, binary T",oracle,182,direct,10.0,10.004262667192362,0.09818146801464221,True,457
ER (avg deg 4),"paper eq. 38, binary T",oracle,182,peer,5.0,4.9925999420595435,0.07100768043254062,True,457
"BA (m=2, hubs)","linear, continuous T",oracle,182,direct,1.0,0.9863025586956723,0.06054085216213429,True,304
"BA (m=2, hubs)","linear, continuous T",oracle,182,peer,0.5,0.4676883286868059,0.09002387341423979,True,304
"BA (m=2, hubs)","linear, continuous T",linear (correct),182,direct,1.0,0.9764957506453883,0.057008077977399534,True,304
"BA (m=2, hubs)","linear, continuous T",linear (correct),182,peer,0.5,0.4699063166431749,0.08897449738905362,True,304
"BA (m=2, hubs)","paper eq. 38, binary T",oracle,182,direct,10.0,10.004523383230527,0.1183604180364491,True,304
"BA (m=2, hubs)","paper eq. 38, binary T",oracle,182,peer,5.0,4.8656081641898306,0.09482721127773971,True,304
SBM (40 blocks),"linear, continuous T",oracle,182,direct,1.0,1.0306332418977535,0.06713517520862367,True,238
SBM (40 blocks),"linear, continuous T",oracle,182,peer,0.5,0.45211402971517484,0.10187184129372641,True,238
SBM (40 blocks),"linear, continuous T",linear (correct),182,direct,1.0,1.039752789455658,0.06895013948237869,True,238
SBM (40 blocks),"linear, continuous T",linear (correct),182,peer,0.5,0.44478720644760356,0.10101878169605989,True,238
SBM (40 blocks),"paper eq. 38, binary T",oracle,182,direct,10.0,9.68482692488437,0.13091586822235826,False,238
SBM (40 blocks),"paper eq. 38, binary T",oracle,182,peer,5.0,5.012748320872613,0.07432202793783754,True,238
ER (avg deg 4),"linear, continuous T",oracle,183,direct,1.0,0.9660005014355194,0.04702961445992847,True,446
ER (avg deg 4),"linear, continuous T",oracle,183,peer,0.5,0.5027162691438846,0.0546393425937618,True,446
ER (avg deg 4),"linear, continuous T",linear (correct),183,direct,1.0,0.970815414736586,0.04779446602064682,True,446
ER (avg deg 4),"linear, continuous T",linear (correct),183,peer,0.5,0.5044277762037442,0.05483927592629941,True,446
ER (avg deg 4),"paper eq. 38, binary T",oracle,183,direct,10.0,9.975171816686178,0.09752595043934095,True,446
ER (avg deg 4),"paper eq. 38, binary T",oracle,183,peer,5.0,4.94227050871394,0.07608954444960461,True,446
"BA (m=2, hubs)","linear, continuous T",oracle,183,direct,1.0,0.9099499039891283,0.0488586043425824,True,308
"BA (m=2, hubs)","linear, continuous T",oracle,183,peer,0.5,0.6141062006266857,0.07086502481036712,True,308
"BA (m=2, hubs)","linear, continuous T",linear (correct),183,direct,1.0,0.9016187338474255,0.049813788348196004,False,308
"BA (m=2, hubs)","linear, continuous T",linear (correct),183,peer,0.5,0.6027528377673079,0.07410074457820977,True,308
"BA (m=2, hubs)","paper eq. 38, binary T",oracle,183,direct,10.0,10.062369173374133,0.11583186088980295,True,308
"BA (m=2, hubs)","paper eq. 38, binary T",oracle,183,peer,5.0,5.198529964594561,0.07726201860045798,False,308
SBM (40 blocks),"linear, continuous T",oracle,183,direct,1.0,0.9394666926639988,0.0681625789599252,True,233
SBM (40 blocks),"linear, continuous T",oracle,183,peer,0.5,0.6235743936459947,0.10157803761515942,True,233
SBM (40 blocks),"linear, continuous T",linear (correct),183,direct,1.0,0.9236009695281733,0.06471357389819471,True,233
SBM (40 blocks),"linear, continuous T",linear (correct),183,peer,0.5,0.6045834746018848,0.09849808462767179,True,233
SBM (40 blocks),"paper eq. 38, binary T",oracle,183,direct,10.0,9.74803810181613,0.13372067127989853,True,233
SBM (40 blocks),"paper eq. 38, binary T",oracle,183,peer,5.0,4.985801087646616,0.07601465786409432,True,233
ER (avg deg 4),"linear, continuous T",oracle,184,direct,1.0,1.0006156754426345,0.048042072934547056,True,471
ER (avg deg 4),"linear, continuous T",oracle,184,peer,0.5,0.4346959413136658,0.054377435610380546,True,471
ER (avg deg 4),"linear, continuous T",linear (correct),184,direct,1.0,0.9962708223865949,0.04924654590393861,True,471
ER (avg deg 4),"linear, continuous T",linear (correct),184,peer,0.5,0.43603388709507984,0.05627604662991162,True,471
ER (avg deg 4),"paper eq. 38, binary T",oracle,184,direct,10.0,9.996701196749658,0.08552900555149084,True,471
ER (avg deg 4),"paper eq. 38, binary T",oracle,184,peer,5.0,5.015711116638028,0.06463075753107356,True,471
"BA (m=2, hubs)","linear, continuous T",oracle,184,direct,1.0,0.9071113010680014,0.061386229352049654,True,306
"BA (m=2, hubs)","linear, continuous T",oracle,184,peer,0.5,0.482909708791715,0.07833452909866101,True,306
"BA (m=2, hubs)","linear, continuous T",linear (correct),184,direct,1.0,0.9081786704853948,0.059056617030098686,True,306
"BA (m=2, hubs)","linear, continuous T",linear (correct),184,peer,0.5,0.46387525171312616,0.07787212755995876,True,306
"BA (m=2, hubs)","paper eq. 38, binary T",oracle,184,direct,10.0,10.090878980580241,0.11143736252860388,True,306
"BA (m=2, hubs)","paper eq. 38, binary T",oracle,184,peer,5.0,5.049754545298684,0.07924793246225072,True,306
SBM (40 blocks),"linear, continuous T",oracle,184,direct,1.0,1.0298250460413387,0.06891211000532288,True,224
SBM (40 blocks),"linear, continuous T",oracle,184,peer,0.5,0.5631015835697555,0.11518226723001251,True,224
SBM (40 blocks),"linear, continuous T",linear (correct),184,direct,1.0,1.0243724472636575,0.06709346996510618,True,224
SBM (40 blocks),"linear, continuous T",linear (correct),184,peer,0.5,0.5471164200276767,0.11375620820954534,True,224
SBM (40 blocks),"paper eq. 38, binary T",oracle,184,direct,10.0,10.005667740598884,0.12366815782503156,True,224
SBM (40 blocks),"paper eq. 38, binary T",oracle,184,peer,5.0,5.1470163142941585,0.087629002310719,True,224
ER (avg deg 4),"linear, continuous T",oracle,185,direct,1.0,0.9376302001704875,0.053395909786528396,True,460
ER (avg deg 4),"linear, continuous T",oracle,185,peer,0.5,0.4317275248026055,0.06169060842853413,True,460
ER (avg deg 4),"linear, continuous T",linear (correct),185,direct,1.0,0.9498212917291696,0.0543290121372575,True,460
ER (avg deg 4),"linear, continuous T",linear (correct),185,peer,0.5,0.4445464095265738,0.06016705660993014,True,460
ER (avg deg 4),"paper eq. 38, binary T",oracle,185,direct,10.0,9.941669766718283,0.0903795480716878,True,460
ER (avg deg 4),"paper eq. 38, binary T",oracle,185,peer,5.0,5.028577642454535,0.06538803713644006,True,460
"BA (m=2, hubs)","linear, continuous T",oracle,185,direct,1.0,0.9714066327523223,0.05596384709931814,True,294
"BA (m=2, hubs)","linear, continuous T",oracle,185,peer,0.5,0.3913047646593483,0.09344142788478017,True,294
"BA (m=2, hubs)","linear, continuous T",linear (correct),185,direct,1.0,0.9736986449716457,0.0532324958481166,True,294
"BA (m=2, hubs)","linear, continuous T",linear (correct),185,peer,0.5,0.4003468179138432,0.09181144681773218,True,294
"BA (m=2, hubs)","paper eq. 38, binary T",oracle,185,direct,10.0,9.94858109349721,0.10617229645170335,True,294
"BA (m=2, hubs)","paper eq. 38, binary T",oracle,185,peer,5.0,4.9787024559072375,0.07854927893876372,True,294
SBM (40 blocks),"linear, continuous T",oracle,185,direct,1.0,0.8452194801124422,0.07013339779030327,False,228
SBM (40 blocks),"linear, continuous T",oracle,185,peer,0.5,0.619437544540621,0.09946148557956763,True,228
SBM (40 blocks),"linear, continuous T",linear (correct),185,direct,1.0,0.8809972973368659,0.06348331706798373,True,228
SBM (40 blocks),"linear, continuous T",linear (correct),185,peer,0.5,0.5927856121714392,0.1010327776931293,True,228
SBM (40 blocks),"paper eq. 38, binary T",oracle,185,direct,10.0,10.117854768965065,0.14252694336668126,True,228
SBM (40 blocks),"paper eq. 38, binary T",oracle,185,peer,5.0,4.87423232125347,0.08239823089843896,True,228
ER (avg deg 4),"linear, continuous T",oracle,186,direct,1.0,0.972393291161877,0.049464337138199053,True,454
ER (avg deg 4),"linear, continuous T",oracle,186,peer,0.5,0.5164640586572176,0.07191062260802074,True,454
ER (avg deg 4),"linear, continuous T",linear (correct),186,direct,1.0,0.9721880250460275,0.0483487548723017,True,454
ER (avg deg 4),"linear, continuous T",linear (correct),186,peer,0.5,0.5253018530175411,0.07005751889232865,True,454
ER (avg deg 4),"paper eq. 38, binary T",oracle,186,direct,10.0,10.021192732034494,0.09923465205109123,True,454
ER (avg deg 4),"paper eq. 38, binary T",oracle,186,peer,5.0,4.921755225986412,0.06311575607528613,True,454
"BA (m=2, hubs)","linear, continuous T",oracle,186,direct,1.0,0.9715157782936152,0.060518647150097485,True,300
"BA (m=2, hubs)","linear, continuous T",oracle,186,peer,0.5,0.2943891545245956,0.07217714285077852,False,300
"BA (m=2, hubs)","linear, continuous T",linear (correct),186,direct,1.0,0.9699849920205007,0.06141512013586034,True,300
"BA (m=2, hubs)","linear, continuous T",linear (correct),186,peer,0.5,0.2914698944407423,0.07168902356634793,False,300
"BA (m=2, hubs)","paper eq. 38, binary T",oracle,186,direct,10.0,10.119615379671178,0.12295158346575075,True,300
"BA (m=2, hubs)","paper eq. 38, binary T",oracle,186,peer,5.0,5.041997533921126,0.08851039839314925,True,300
SBM (40 blocks),"linear, continuous T",oracle,186,direct,1.0,0.8900393016088217,0.08381787082046172,True,233
SBM (40 blocks),"linear, continuous T",oracle,186,peer,0.5,0.37420458875899937,0.08881132777175248,True,233
SBM (40 blocks),"linear, continuous T",linear (correct),186,direct,1.0,0.8890819595719864,0.07908074466706556,True,233
SBM (40 blocks),"linear, continuous T",linear (correct),186,peer,0.5,0.3532468311080087,0.0897171068766376,True,233
SBM (40 blocks),"paper eq. 38, binary T",oracle,186,direct,10.0,10.009872568419905,0.12198749851846737,True,233
SBM (40 blocks),"paper eq. 38, binary T",oracle,186,peer,5.0,4.985525049069154,0.08310936004325101,True,233
ER (avg deg 4),"linear, continuous T",oracle,187,direct,1.0,1.02075085358895,0.039328857774876665,True,452
ER (avg deg 4),"linear, continuous T",oracle,187,peer,0.5,0.4929804136382474,0.05795500623874329,True,452
ER (avg deg 4),"linear, continuous T",linear (correct),187,direct,1.0,1.0139031035598975,0.03980938261499775,True,452
ER (avg deg 4),"linear, continuous T",linear (correct),187,peer,0.5,0.4902677738361155,0.056341071944908235,True,452
ER (avg deg 4),"paper eq. 38, binary T",oracle,187,direct,10.0,10.112073788654362,0.09547274737639945,True,452
ER (avg deg 4),"paper eq. 38, binary T",oracle,187,peer,5.0,4.965932824665904,0.06776989755039584,True,452
"BA (m=2, hubs)","linear, continuous T",oracle,187,direct,1.0,1.016856340593809,0.05868621967957972,True,315
"BA (m=2, hubs)","linear, continuous T",oracle,187,peer,0.5,0.3944829144456951,0.08292587546865413,True,315
"BA (m=2, hubs)","linear, continuous T",linear (correct),187,direct,1.0,1.01671516343906,0.05755121419113344,True,315
"BA (m=2, hubs)","linear, continuous T",linear (correct),187,peer,0.5,0.41392128850978377,0.08162640747267562,True,315
"BA (m=2, hubs)","paper eq. 38, binary T",oracle,187,direct,10.0,10.211520436553704,0.1124138167073638,True,315
"BA (m=2, hubs)","paper eq. 38, binary T",oracle,187,peer,5.0,4.907158715407415,0.09568362193589326,True,315
SBM (40 blocks),"linear, continuous T",oracle,187,direct,1.0,1.0876487901739125,0.07762412117716092,True,226
SBM (40 blocks),"linear, continuous T",oracle,187,peer,0.5,0.5825554849404498,0.1286529777585012,True,226
SBM (40 blocks),"linear, continuous T",linear (correct),187,direct,1.0,1.0763588694872952,0.07888123251154057,True,226
SBM (40 blocks),"linear, continuous T",linear (correct),187,peer,0.5,0.5731957132201173,0.1242718845366939,True,226
SBM (40 blocks),"paper eq. 38, binary T",oracle,187,direct,10.0,10.261918762948644,0.1508285331708457,True,226
SBM (40 blocks),"paper eq. 38, binary T",oracle,187,peer,5.0,4.997572460022828,0.08475336415278811,True,226
ER (avg deg 4),"linear, continuous T",oracle,188,direct,1.0,1.0194242191453629,0.043081546933001716,True,450
ER (avg deg 4),"linear, continuous T",oracle,188,peer,0.5,0.5516964313341622,0.0728801846001204,True,450
ER (avg deg 4),"linear, continuous T",linear (correct),188,direct,1.0,1.0153673493166033,0.04209275734696893,True,450
ER (avg deg 4),"linear, continuous T",linear (correct),188,peer,0.5,0.5604526988428093,0.0715363855955253,True,450
ER (avg deg 4),"paper eq. 38, binary T",oracle,188,direct,10.0,9.95718478499869,0.09703154468408455,True,450
ER (avg deg 4),"paper eq. 38, binary T",oracle,188,peer,5.0,4.99989291098192,0.07202029549035296,True,450
"BA (m=2, hubs)","linear, continuous T",oracle,188,direct,1.0,0.9132852924768775,0.0615988906711899,True,310
"BA (m=2, hubs)","linear, continuous T",oracle,188,peer,0.5,0.4826280680574489,0.08895609339524124,True,310
"BA (m=2, hubs)","linear, continuous T",linear (correct),188,direct,1.0,0.9097162437775288,0.0599112095503132,True,310
"BA (m=2, hubs)","linear, continuous T",linear (correct),188,peer,0.5,0.4668362020481664,0.08869722560827796,True,310
"BA (m=2, hubs)","paper eq. 38, binary T",oracle,188,direct,10.0,10.098315220780178,0.10702831896980844,True,310
"BA (m=2, hubs)","paper eq. 38, binary T",oracle,188,peer,5.0,4.956519448132739,0.07173100200329946,True,310
SBM (40 blocks),"linear, continuous T",oracle,188,direct,1.0,1.001651515925177,0.07108669063706961,True,222
SBM (40 blocks),"linear, continuous T",oracle,188,peer,0.5,0.41977866368274963,0.14330034185741222,True,222
SBM (40 blocks),"linear, continuous T",linear (correct),188,direct,1.0,1.0010331585114514,0.0689836090188914,True,222
SBM (40 blocks),"linear, continuous T",linear (correct),188,peer,0.5,0.437195291116538,0.13732925971541093,True,222
SBM (40 blocks),"paper eq. 38, binary T",oracle,188,direct,10.0,10.256434002844827,0.13233577486391712,True,222
SBM (40 blocks),"paper eq. 38, binary T",oracle,188,peer,5.0,4.961174819821132,0.08030002350862353,True,222
ER (avg deg 4),"linear, continuous T",oracle,189,direct,1.0,1.0471287234801179,0.05026879456427109,True,450
ER (avg deg 4),"linear, continuous T",oracle,189,peer,0.5,0.5222293912244528,0.062030030269402896,True,450
ER (avg deg 4),"linear, continuous T",linear (correct),189,direct,1.0,1.040991628260238,0.05031897515006354,True,450
ER (avg deg 4),"linear, continuous T",linear (correct),189,peer,0.5,0.51466034568037,0.06079663489840455,True,450
ER (avg deg 4),"paper eq. 38, binary T",oracle,189,direct,10.0,9.84335913641087,0.09365959229881558,True,450
ER (avg deg 4),"paper eq. 38, binary T",oracle,189,peer,5.0,5.040745192546122,0.07927880398381099,True,450
"BA (m=2, hubs)","linear, continuous T",oracle,189,direct,1.0,0.9928468991448562,0.05728858187375466,True,312
"BA (m=2, hubs)","linear, continuous T",oracle,189,peer,0.5,0.5695516860090579,0.08765729558630124,True,312
"BA (m=2, hubs)","linear, continuous T",linear (correct),189,direct,1.0,0.992333106258895,0.05530416537992095,True,312
"BA (m=2, hubs)","linear, continuous T",linear (correct),189,peer,0.5,0.562053933810263,0.08615264434417756,True,312
"BA (m=2, hubs)","paper eq. 38, binary T",oracle,189,direct,10.0,10.097043274112881,0.1294169222096791,True,312
"BA (m=2, hubs)","paper eq. 38, binary T",oracle,189,peer,5.0,4.982307904526567,0.07966758768286905,True,312
SBM (40 blocks),"linear, continuous T",oracle,189,direct,1.0,0.9248835319897628,0.06785686137103106,True,225
SBM (40 blocks),"linear, continuous T",oracle,189,peer,0.5,0.40019657642060563,0.12114556331033809,True,225
SBM (40 blocks),"linear, continuous T",linear (correct),189,direct,1.0,0.9047653039551099,0.06867026855146799,True,225
SBM (40 blocks),"linear, continuous T",linear (correct),189,peer,0.5,0.41937444959768916,0.1175186587291278,True,225
SBM (40 blocks),"paper eq. 38, binary T",oracle,189,direct,10.0,10.102858012920109,0.143452748287749,True,225
SBM (40 blocks),"paper eq. 38, binary T",oracle,189,peer,5.0,4.986036165654422,0.07470633008873426,True,225
ER (avg deg 4),"linear, continuous T",oracle,190,direct,1.0,1.0667468204311334,0.046556830783206014,True,443
ER (avg deg 4),"linear, continuous T",oracle,190,peer,0.5,0.4269112228352442,0.058549047739377705,True,443
ER (avg deg 4),"linear, continuous T",linear (correct),190,direct,1.0,1.0774102019749927,0.04812210678098602,True,443
ER (avg deg 4),"linear, continuous T",linear (correct),190,peer,0.5,0.4259308813608295,0.06000310260373184,True,443
ER (avg deg 4),"paper eq. 38, binary T",oracle,190,direct,10.0,10.010910858308668,0.09347345208172984,True,443
ER (avg deg 4),"paper eq. 38, binary T",oracle,190,peer,5.0,4.998975476773855,0.06012756671163448,True,443
"BA (m=2, hubs)","linear, continuous T",oracle,190,direct,1.0,1.0156195033721123,0.05374895610957361,True,315
"BA (m=2, hubs)","linear, continuous T",oracle,190,peer,0.5,0.4078737346681892,0.0887160101808041,True,315
"BA (m=2, hubs)","linear, continuous T",linear (correct),190,direct,1.0,1.0158893796923427,0.0528093969824812,True,315
"BA (m=2, hubs)","linear, continuous T",linear (correct),190,peer,0.5,0.3981793798542346,0.09207957718103867,True,315
"BA (m=2, hubs)","paper eq. 38, binary T",oracle,190,direct,10.0,10.05103121124961,0.10502234251772943,True,315
"BA (m=2, hubs)","paper eq. 38, binary T",oracle,190,peer,5.0,4.974618189036538,0.0761235753701848,True,315
SBM (40 blocks),"linear, continuous T",oracle,190,direct,1.0,0.998405633551368,0.06058631220483616,True,241
SBM (40 blocks),"linear, continuous T",oracle,190,peer,0.5,0.47203746371222166,0.12012204526451287,True,241
SBM (40 blocks),"linear, continuous T",linear (correct),190,direct,1.0,1.0125177688105085,0.06444413358059829,True,241
SBM (40 blocks),"linear, continuous T",linear (correct),190,peer,0.5,0.4725021851045976,0.12233337110506359,True,241
SBM (40 blocks),"paper eq. 38, binary T",oracle,190,direct,10.0,10.090174614349099,0.13027691663992516,True,241
SBM (40 blocks),"paper eq. 38, binary T",oracle,190,peer,5.0,5.066579976856567,0.06310854988502325,True,241
ER (avg deg 4),"linear, continuous T",oracle,191,direct,1.0,1.0796148909013108,0.04944759321484962,True,448
ER (avg deg 4),"linear, continuous T",oracle,191,peer,0.5,0.5880465816725905,0.06479663149338416,True,448
ER (avg deg 4),"linear, continuous T",linear (correct),191,direct,1.0,1.0896476037259057,0.04903213327291473,True,448
ER (avg deg 4),"linear, continuous T",linear (correct),191,peer,0.5,0.584565864523406,0.06477351495355678,True,448
ER (avg deg 4),"paper eq. 38, binary T",oracle,191,direct,10.0,9.987030829385343,0.0988536690385331,True,448
ER (avg deg 4),"paper eq. 38, binary T",oracle,191,peer,5.0,5.025490727275735,0.06155446152875651,True,448
"BA (m=2, hubs)","linear, continuous T",oracle,191,direct,1.0,1.0904195358534587,0.06805919278713965,True,314
"BA (m=2, hubs)","linear, continuous T",oracle,191,peer,0.5,0.5902523233743506,0.08987884863115746,True,314
"BA (m=2, hubs)","linear, continuous T",linear (correct),191,direct,1.0,1.0995094628704627,0.06622597773877947,True,314
"BA (m=2, hubs)","linear, continuous T",linear (correct),191,peer,0.5,0.5854153323889613,0.08884881713180624,True,314
"BA (m=2, hubs)","paper eq. 38, binary T",oracle,191,direct,10.0,10.051282510422709,0.12231266521658375,True,314
"BA (m=2, hubs)","paper eq. 38, binary T",oracle,191,peer,5.0,5.026793832449167,0.07218136590518404,True,314
SBM (40 blocks),"linear, continuous T",oracle,191,direct,1.0,1.0234587531495383,0.06329625884212511,True,232
SBM (40 blocks),"linear, continuous T",oracle,191,peer,0.5,0.38698911433805344,0.11759142068292529,True,232
SBM (40 blocks),"linear, continuous T",linear (correct),191,direct,1.0,1.0352795702068485,0.06575824575806816,True,232
SBM (40 blocks),"linear, continuous T",linear (correct),191,peer,0.5,0.3795292004879456,0.1173425505549063,True,232
SBM (40 blocks),"paper eq. 38, binary T",oracle,191,direct,10.0,9.984845750576698,0.13212322056551246,True,232
SBM (40 blocks),"paper eq. 38, binary T",oracle,191,peer,5.0,5.007753989772267,0.09361243839140843,True,232
ER (avg deg 4),"linear, continuous T",oracle,192,direct,1.0,0.9717209369533868,0.0496823394554622,True,466
ER (avg deg 4),"linear, continuous T",oracle,192,peer,0.5,0.5638060113526803,0.0625346044342145,True,466
ER (avg deg 4),"linear, continuous T",linear (correct),192,direct,1.0,0.9752365956659613,0.04983701862652496,True,466
ER (avg deg 4),"linear, continuous T",linear (correct),192,peer,0.5,0.5588881973792593,0.06129245777641602,True,466
ER (avg deg 4),"paper eq. 38, binary T",oracle,192,direct,10.0,10.079022920612939,0.09170211050979775,True,466
ER (avg deg 4),"paper eq. 38, binary T",oracle,192,peer,5.0,5.003681186117978,0.0725691253145046,True,466
"BA (m=2, hubs)","linear, continuous T",oracle,192,direct,1.0,1.0556358420559433,0.05019844628119551,True,321
"BA (m=2, hubs)","linear, continuous T",oracle,192,peer,0.5,0.6758134313190844,0.08663880482534066,False,321
"BA (m=2, hubs)","linear, continuous T",linear (correct),192,direct,1.0,1.0683018267735338,0.05040742766556843,True,321
"BA (m=2, hubs)","linear, continuous T",linear (correct),192,peer,0.5,0.6489775124755991,0.08391568731444449,True,321
"BA (m=2, hubs)","paper eq. 38, binary T",oracle,192,direct,10.0,9.972687734963063,0.11256294667985038,True,321
"BA (m=2, hubs)","paper eq. 38, binary T",oracle,192,peer,5.0,4.9506431112951175,0.07829204807721561,True,321
SBM (40 blocks),"linear, continuous T",oracle,192,direct,1.0,0.8835954338294084,0.06629917431144208,True,229
SBM (40 blocks),"linear, continuous T",oracle,192,peer,0.5,0.6206241401510342,0.1385275119180082,True,229
SBM (40 blocks),"linear, continuous T",linear (correct),192,direct,1.0,0.8550803650968222,0.06737467056328927,False,229
SBM (40 blocks),"linear, continuous T",linear (correct),192,peer,0.5,0.6198590543326563,0.13419790252467848,True,229
SBM (40 blocks),"paper eq. 38, binary T",oracle,192,direct,10.0,10.12928750285626,0.1622364985041386,True,229
SBM (40 blocks),"paper eq. 38, binary T",oracle,192,peer,5.0,4.926285680949385,0.07930380873774905,True,229
ER (avg deg 4),"linear, continuous T",oracle,193,direct,1.0,1.0430634012608493,0.04201576476481457,True,442
ER (avg deg 4),"linear, continuous T",oracle,193,peer,0.5,0.4912763369809944,0.057322925553318006,True,442
ER (avg deg 4),"linear, continuous T",linear (correct),193,direct,1.0,1.0478056235619941,0.043267293006750106,True,442
ER (avg deg 4),"linear, continuous T",linear (correct),193,peer,0.5,0.5058958035728499,0.05874646427154852,True,442
ER (avg deg 4),"paper eq. 38, binary T",oracle,193,direct,10.0,9.909775105270196,0.09992474855498455,True,442
ER (avg deg 4),"paper eq. 38, binary T",oracle,193,peer,5.0,4.817547510464793,0.07305602250025647,False,442
"BA (m=2, hubs)","linear, continuous T",oracle,193,direct,1.0,1.063812241722469,0.06034362761112379,True,307
"BA (m=2, hubs)","linear, continuous T",oracle,193,peer,0.5,0.4263264637170768,0.08165392374772891,True,307
"BA (m=2, hubs)","linear, continuous T",linear (correct),193,direct,1.0,1.0622661853012747,0.06379480573778158,True,307
"BA (m=2, hubs)","linear, continuous T",linear (correct),193,peer,0.5,0.44200363376125396,0.08506514179332846,True,307
"BA (m=2, hubs)","paper eq. 38, binary T",oracle,193,direct,10.0,10.176264002285002,0.12909546708982444,True,307
"BA (m=2, hubs)","paper eq. 38, binary T",oracle,193,peer,5.0,5.112000042998189,0.08953544811064226,True,307
SBM (40 blocks),"linear, continuous T",oracle,193,direct,1.0,0.9776760995069997,0.07184871928334097,True,240
SBM (40 blocks),"linear, continuous T",oracle,193,peer,0.5,0.5194489842916912,0.10956614006300396,True,240
SBM (40 blocks),"linear, continuous T",linear (correct),193,direct,1.0,0.9870068075257087,0.07270637137681248,True,240
SBM (40 blocks),"linear, continuous T",linear (correct),193,peer,0.5,0.5168309359438462,0.11334520702884882,True,240
SBM (40 blocks),"paper eq. 38, binary T",oracle,193,direct,10.0,10.065645134696936,0.15684785701718582,True,240
SBM (40 blocks),"paper eq. 38, binary T",oracle,193,peer,5.0,4.969560152676617,0.09036628567155365,True,240
ER (avg deg 4),"linear, continuous T",oracle,194,direct,1.0,1.0423713881251206,0.05092778994298795,True,470
ER (avg deg 4),"linear, continuous T",oracle,194,peer,0.5,0.4816295940426825,0.06428825598746406,True,470
ER (avg deg 4),"linear, continuous T",linear (correct),194,direct,1.0,1.0492486218263979,0.05290250287706058,True,470
ER (avg deg 4),"linear, continuous T",linear (correct),194,peer,0.5,0.49376086482478887,0.0677303667383565,True,470
ER (avg deg 4),"paper eq. 38, binary T",oracle,194,direct,10.0,10.045748291468277,0.09514194235551461,True,470
ER (avg deg 4),"paper eq. 38, binary T",oracle,194,peer,5.0,4.999776658718468,0.06801101947435387,True,470
"BA (m=2, hubs)","linear, continuous T",oracle,194,direct,1.0,0.9921442910839635,0.05603388852240692,True,310
"BA (m=2, hubs)","linear, continuous T",oracle,194,peer,0.5,0.328539865111012,0.07397297688390146,False,310
"BA (m=2, hubs)","linear, continuous T",linear (correct),194,direct,1.0,0.9811876999271896,0.05444038425508331,True,310
"BA (m=2, hubs)","linear, continuous T",linear (correct),194,peer,0.5,0.3197278772016239,0.07264033474908481,False,310
"BA (m=2, hubs)","paper eq. 38, binary T",oracle,194,direct,10.0,9.930680445294165,0.12502392223966835,True,310
"BA (m=2, hubs)","paper eq. 38, binary T",oracle,194,peer,5.0,5.009780262700961,0.0844952074525618,True,310
SBM (40 blocks),"linear, continuous T",oracle,194,direct,1.0,1.1283107703221735,0.0676785124390888,True,226
SBM (40 blocks),"linear, continuous T",oracle,194,peer,0.5,0.5650527226342975,0.11547417734506325,True,226
SBM (40 blocks),"linear, continuous T",linear (correct),194,direct,1.0,1.142266981071306,0.06810251862730896,False,226
SBM (40 blocks),"linear, continuous T",linear (correct),194,peer,0.5,0.5660106245807689,0.12029792489427027,True,226
SBM (40 blocks),"paper eq. 38, binary T",oracle,194,direct,10.0,9.807055476425328,0.13717719996005184,True,226
SBM (40 blocks),"paper eq. 38, binary T",oracle,194,peer,5.0,4.9666727262613755,0.057381605154604734,True,226
ER (avg deg 4),"linear, continuous T",oracle,195,direct,1.0,0.9961641146864221,0.035394320752556434,True,453
ER (avg deg 4),"linear, continuous T",oracle,195,peer,0.5,0.5291016535882865,0.06891432944090588,True,453
ER (avg deg 4),"linear, continuous T",linear (correct),195,direct,1.0,0.9913956319585165,0.0363002067838767,True,453
ER (avg deg 4),"linear, continuous T",linear (correct),195,peer,0.5,0.5258504815626385,0.06946983073742559,True,453
ER (avg deg 4),"paper eq. 38, binary T",oracle,195,direct,10.0,10.015231137140225,0.10002928019679948,True,453
ER (avg deg 4),"paper eq. 38, binary T",oracle,195,peer,5.0,5.037055857620985,0.06635168067589604,True,453
"BA (m=2, hubs)","linear, continuous T",oracle,195,direct,1.0,1.1381584158129323,0.055716762910582335,False,311
"BA (m=2, hubs)","linear, continuous T",oracle,195,peer,0.5,0.6156082505610383,0.08077897263752216,True,311
"BA (m=2, hubs)","linear, continuous T",linear (correct),195,direct,1.0,1.1544620030331323,0.057930494396860974,False,311
"BA (m=2, hubs)","linear, continuous T",linear (correct),195,peer,0.5,0.6317550352844973,0.08165211294163653,True,311
"BA (m=2, hubs)","paper eq. 38, binary T",oracle,195,direct,10.0,10.000157893490368,0.11973243693207021,True,311
"BA (m=2, hubs)","paper eq. 38, binary T",oracle,195,peer,5.0,4.965606415780442,0.08573468384494648,True,311
SBM (40 blocks),"linear, continuous T",oracle,195,direct,1.0,0.94251390805604,0.060147023398650516,True,221
SBM (40 blocks),"linear, continuous T",oracle,195,peer,0.5,0.4719163169620627,0.1302056402113663,True,221
SBM (40 blocks),"linear, continuous T",linear (correct),195,direct,1.0,0.9411379827359438,0.060530156435042934,True,221
SBM (40 blocks),"linear, continuous T",linear (correct),195,peer,0.5,0.4672554448011273,0.13506034465357644,True,221
SBM (40 blocks),"paper eq. 38, binary T",oracle,195,direct,10.0,9.87648158627511,0.13123214139350994,True,221
SBM (40 blocks),"paper eq. 38, binary T",oracle,195,peer,5.0,4.996550370575752,0.08936888443707547,True,221
ER (avg deg 4),"linear, continuous T",oracle,196,direct,1.0,1.0213996478582725,0.0503719361222019,True,453
ER (avg deg 4),"linear, continuous T",oracle,196,peer,0.5,0.41430064322776394,0.06750896928952842,True,453
ER (avg deg 4),"linear, continuous T",linear (correct),196,direct,1.0,1.0223305856647609,0.04966928874772694,True,453
ER (avg deg 4),"linear, continuous T",linear (correct),196,peer,0.5,0.4145017948118311,0.06439275383492464,True,453
ER (avg deg 4),"paper eq. 38, binary T",oracle,196,direct,10.0,9.896817200848043,0.09629814022877327,True,453
ER (avg deg 4),"paper eq. 38, binary T",oracle,196,peer,5.0,5.130631078845481,0.06988815010856671,True,453
"BA (m=2, hubs)","linear, continuous T",oracle,196,direct,1.0,1.0685374899983964,0.06320662253018217,True,321
"BA (m=2, hubs)","linear, continuous T",oracle,196,peer,0.5,0.40663414332868403,0.08196088819338872,True,321
"BA (m=2, hubs)","linear, continuous T",linear (correct),196,direct,1.0,1.0559379959768278,0.06151940746768678,True,321
"BA (m=2, hubs)","linear, continuous T",linear (correct),196,peer,0.5,0.41262817720857725,0.08234881904661484,True,321
"BA (m=2, hubs)","paper eq. 38, binary T",oracle,196,direct,10.0,9.99383798789418,0.11037537120906638,True,321
"BA (m=2, hubs)","paper eq. 38, binary T",oracle,196,peer,5.0,5.1085477293763315,0.0745434860026421,True,321
SBM (40 blocks),"linear, continuous T",oracle,196,direct,1.0,0.9721846166439345,0.06889472185480565,True,232
SBM (40 blocks),"linear, continuous T",oracle,196,peer,0.5,0.3449789426581589,0.1578217035161477,True,232
SBM (40 blocks),"linear, continuous T",linear (correct),196,direct,1.0,0.9822143292437258,0.06480472504865208,True,232
SBM (40 blocks),"linear, continuous T",linear (correct),196,peer,0.5,0.38987821526528493,0.13966205431923595,True,232
SBM (40 blocks),"paper eq. 38, binary T",oracle,196,direct,10.0,10.096299309950547,0.15187858616468178,True,232
SBM (40 blocks),"paper eq. 38, binary T",oracle,196,peer,5.0,5.126443206200874,0.09215785984888845,True,232
ER (avg deg 4),"linear, continuous T",oracle,197,direct,1.0,1.1430351039366111,0.046728156585501196,False,448
ER (avg deg 4),"linear, continuous T",oracle,197,peer,0.5,0.516936781631621,0.05781286848774881,True,448
ER (avg deg 4),"linear, continuous T",linear (correct),197,direct,1.0,1.1423645008089438,0.04764130666507034,False,448
ER (avg deg 4),"linear, continuous T",linear (correct),197,peer,0.5,0.5379615046867058,0.057361594544826415,True,448
ER (avg deg 4),"paper eq. 38, binary T",oracle,197,direct,10.0,9.996405470962584,0.09214575419584786,True,448
ER (avg deg 4),"paper eq. 38, binary T",oracle,197,peer,5.0,5.098675574782985,0.09224425497491719,True,448
"BA (m=2, hubs)","linear, continuous T",oracle,197,direct,1.0,1.005000907555045,0.057231635938730784,True,319
"BA (m=2, hubs)","linear, continuous T",oracle,197,peer,0.5,0.5629770091412286,0.08343198028963193,True,319
"BA (m=2, hubs)","linear, continuous T",linear (correct),197,direct,1.0,1.00557601404158,0.057168215117386595,True,319
"BA (m=2, hubs)","linear, continuous T",linear (correct),197,peer,0.5,0.564549523478178,0.08288539289091998,True,319
"BA (m=2, hubs)","paper eq. 38, binary T",oracle,197,direct,10.0,9.959705740367145,0.10774764067812974,True,319
"BA (m=2, hubs)","paper eq. 38, binary T",oracle,197,peer,5.0,5.055929955063579,0.07538116798802409,True,319
SBM (40 blocks),"linear, continuous T",oracle,197,direct,1.0,1.2481493794548855,0.08043501406356007,False,232
SBM (40 blocks),"linear, continuous T",oracle,197,peer,0.5,0.5150017759814015,0.12234622271109243,True,232
SBM (40 blocks),"linear, continuous T",linear (correct),197,direct,1.0,1.2354954617902127,0.07864545546902427,False,232
SBM (40 blocks),"linear, continuous T",linear (correct),197,peer,0.5,0.4730789036732073,0.12927168488149027,True,232
SBM (40 blocks),"paper eq. 38, binary T",oracle,197,direct,10.0,9.999962230839753,0.13087805850073556,True,232
SBM (40 blocks),"paper eq. 38, binary T",oracle,197,peer,5.0,4.99384325415683,0.06253771900388914,True,232
ER (avg deg 4),"linear, continuous T",oracle,198,direct,1.0,0.9956398825321936,0.04315569059090777,True,453
ER (avg deg 4),"linear, continuous T",oracle,198,peer,0.5,0.46332582315236653,0.06587139170689085,True,453
ER (avg deg 4),"linear, continuous T",linear (correct),198,direct,1.0,0.9898140186694302,0.04295541596901493,True,453
ER (avg deg 4),"linear, continuous T",linear (correct),198,peer,0.5,0.4689851304814075,0.06816008444397492,True,453
ER (avg deg 4),"paper eq. 38, binary T",oracle,198,direct,10.0,10.089465075771557,0.09638455886123962,True,453
ER (avg deg 4),"paper eq. 38, binary T",oracle,198,peer,5.0,4.86590643570321,0.07862848624586466,True,453
"BA (m=2, hubs)","linear, continuous T",oracle,198,direct,1.0,1.0233349047669948,0.05762212296617748,True,309
"BA (m=2, hubs)","linear, continuous T",oracle,198,peer,0.5,0.5024447343559697,0.07874514757696949,True,309
"BA (m=2, hubs)","linear, continuous T",linear (correct),198,direct,1.0,1.0169441389265461,0.061120984885968524,True,309
"BA (m=2, hubs)","linear, continuous T",linear (correct),198,peer,0.5,0.5327440478865252,0.08094484820857148,True,309
"BA (m=2, hubs)","paper eq. 38, binary T",oracle,198,direct,10.0,10.000875804294335,0.11809677407331406,True,309
"BA (m=2, hubs)","paper eq. 38, binary T",oracle,198,peer,5.0,5.108597863840077,0.09180652708189824,True,309
SBM (40 blocks),"linear, continuous T",oracle,198,direct,1.0,0.9215805930775979,0.06591956509601382,True,227
SBM (40 blocks),"linear, continuous T",oracle,198,peer,0.5,0.4100769066392173,0.09907075233343297,True,227
SBM (40 blocks),"linear, continuous T",linear (correct),198,direct,1.0,0.9323418547413739,0.06624729860077981,True,227
SBM (40 blocks),"linear, continuous T",linear (correct),198,peer,0.5,0.37820714728441174,0.09841692463696516,True,227
SBM (40 blocks),"paper eq. 38, binary T",oracle,198,direct,10.0,10.016567459883806,0.1314014319520916,True,227
SBM (40 blocks),"paper eq. 38, binary T",oracle,198,peer,5.0,5.024984706041763,0.0810043857609848,True,227
ER (avg deg 4),"linear, continuous T",oracle,199,direct,1.0,1.0023835724107728,0.04298388757965899,True,461
ER (avg deg 4),"linear, continuous T",oracle,199,peer,0.5,0.5161523374818234,0.05956773213477923,True,461
ER (avg deg 4),"linear, continuous T",linear (correct),199,direct,1.0,0.9978204816444624,0.04407354506093201,True,461
ER (avg deg 4),"linear, continuous T",linear (correct),199,peer,0.5,0.5159677253402577,0.061539993165734594,True,461
ER (avg deg 4),"paper eq. 38, binary T",oracle,199,direct,10.0,9.96325800370872,0.08721337300910728,True,461
ER (avg deg 4),"paper eq. 38, binary T",oracle,199,peer,5.0,5.044802534281996,0.06527205092024939,True,461
"BA (m=2, hubs)","linear, continuous T",oracle,199,direct,1.0,0.9482982126711491,0.055097282745781746,True,311
"BA (m=2, hubs)","linear, continuous T",oracle,199,peer,0.5,0.6221415035121706,0.08431040061009494,True,311
"BA (m=2, hubs)","linear, continuous T",linear (correct),199,direct,1.0,0.9505966708425215,0.057427975787231765,True,311
"BA (m=2, hubs)","linear, continuous T",linear (correct),199,peer,0.5,0.6279743151991798,0.08788027841793089,True,311
"BA (m=2, hubs)","paper eq. 38, binary T",oracle,199,direct,10.0,9.959924831572547,0.13324774205842554,True,311
"BA (m=2, hubs)","paper eq. 38, binary T",oracle,199,peer,5.0,4.9937104495433,0.069351174630788,True,311
SBM (40 blocks),"linear, continuous T",oracle,199,direct,1.0,1.0247115650934404,0.05892910362789961,True,240
SBM (40 blocks),"linear, continuous T",oracle,199,peer,0.5,0.39411612023565934,0.11246382928444981,True,240
SBM (40 blocks),"linear, continuous T",linear (correct),199,direct,1.0,1.0360661809326892,0.060608196979243516,True,240
SBM (40 blocks),"linear, continuous T",linear (correct),199,peer,0.5,0.37991801168128664,0.11622412259580327,True,240
SBM (40 blocks),"paper eq. 38, binary T",oracle,199,direct,10.0,10.064014276024189,0.147243478636315,True,240
SBM (40 blocks),"paper eq. 38, binary T",oracle,199,peer,5.0,4.8948320181356335,0.06847772277559731,True,240
ER (avg deg 4),"linear, continuous T",oracle,200,direct,1.0,1.0315952859118438,0.041991811854072025,True,431
ER (avg deg 4),"linear, continuous T",oracle,200,peer,0.5,0.4649565311679207,0.06646809558995417,True,431
ER (avg deg 4),"linear, continuous T",linear (correct),200,direct,1.0,1.036419200452711,0.04221811856130291,True,431
ER (avg deg 4),"linear, continuous T",linear (correct),200,peer,0.5,0.46867792812433806,0.06804521998305398,True,431
ER (avg deg 4),"paper eq. 38, binary T",oracle,200,direct,10.0,10.04613103348837,0.09750826410109413,True,431
ER (avg deg 4),"paper eq. 38, binary T",oracle,200,peer,5.0,5.0593008062236775,0.07319459146640558,True,431
"BA (m=2, hubs)","linear, continuous T",oracle,200,direct,1.0,1.0582383806270488,0.05842789256276009,True,304
"BA (m=2, hubs)","linear, continuous T",oracle,200,peer,0.5,0.4293950173125936,0.08429584186480363,True,304
"BA (m=2, hubs)","linear, continuous T",linear (correct),200,direct,1.0,1.0544452181439303,0.05767484337659774,True,304
"BA (m=2, hubs)","linear, continuous T",linear (correct),200,peer,0.5,0.444149941905265,0.08623729890008644,True,304
"BA (m=2, hubs)","paper eq. 38, binary T",oracle,200,direct,10.0,9.923919154265882,0.1221216769545998,True,304
"BA (m=2, hubs)","paper eq. 38, binary T",oracle,200,peer,5.0,5.042542267966135,0.07705966926082188,True,304
SBM (40 blocks),"linear, continuous T",oracle,200,direct,1.0,1.0870976884823063,0.06462916452130935,True,239
SBM (40 blocks),"linear, continuous T",oracle,200,peer,0.5,0.3620531774310482,0.10988718986730692,True,239
SBM (40 blocks),"linear, continuous T",linear (correct),200,direct,1.0,1.0956639011959073,0.06702712373779293,True,239
SBM (40 blocks),"linear, continuous T",linear (correct),200,peer,0.5,0.33850421966192873,0.11905028543930357,True,239
SBM (40 blocks),"paper eq. 38, binary T",oracle,200,direct,10.0,9.770214008991756,0.12676348805599535,True,239
SBM (40 blocks),"paper eq. 38, binary T",oracle,200,peer,5.0,4.965961819899412,0.08269991303183713,True,239
ER (avg deg 4),"linear, continuous T",oracle,201,direct,1.0,1.0354321710640149,0.041594045253030176,True,462
ER (avg deg 4),"linear, continuous T",oracle,201,peer,0.5,0.38528939781001836,0.05485999914375723,False,462
ER (avg deg 4),"linear, continuous T",linear (correct),201,direct,1.0,1.0341484376231307,0.04179022546174821,True,462
ER (avg deg 4),"linear, continuous T",linear (correct),201,peer,0.5,0.3830070728045907,0.05667473808735289,False,462
ER (avg deg 4),"paper eq. 38, binary T",oracle,201,direct,10.0,10.109701814318978,0.08415084483072931,True,462
ER (avg deg 4),"paper eq. 38, binary T",oracle,201,peer,5.0,4.938550757124685,0.07427170972172234,True,462
"BA (m=2, hubs)","linear, continuous T",oracle,201,direct,1.0,1.0947821665906567,0.05606533723060519,True,307
"BA (m=2, hubs)","linear, continuous T",oracle,201,peer,0.5,0.5397398000993483,0.08505270357020098,True,307
"BA (m=2, hubs)","linear, continuous T",linear (correct),201,direct,1.0,1.0969266692898547,0.05860792231446822,True,307
"BA (m=2, hubs)","linear, continuous T",linear (correct),201,peer,0.5,0.5689546471224877,0.08421507026927282,True,307
"BA (m=2, hubs)","paper eq. 38, binary T",oracle,201,direct,10.0,9.972708071177564,0.13403982777936632,True,307
"BA (m=2, hubs)","paper eq. 38, binary T",oracle,201,peer,5.0,4.919806429728237,0.09938279477441427,True,307
SBM (40 blocks),"linear, continuous T",oracle,201,direct,1.0,1.0228786328940391,0.06180202175565958,True,233
SBM (40 blocks),"linear, continuous T",oracle,201,peer,0.5,0.64936181502408,0.09690957433684876,True,233
SBM (40 blocks),"linear, continuous T",linear (correct),201,direct,1.0,1.0311333036975854,0.0650120198887969,True,233
SBM (40 blocks),"linear, continuous T",linear (correct),201,peer,0.5,0.6957901487211579,0.10148874945215942,True,233
SBM (40 blocks),"paper eq. 38, binary T",oracle,201,direct,10.0,9.856354563740544,0.13661692300541736,True,233
SBM (40 blocks),"paper eq. 38, binary T",oracle,201,peer,5.0,4.901905781290919,0.09507682793935344,True,233
ER (avg deg 4),"linear, continuous T",oracle,202,direct,1.0,1.0700996833596148,0.05695674819707523,True,452
ER (avg deg 4),"linear, continuous T",oracle,202,peer,0.5,0.45633396549625604,0.056854254665646746,True,452
ER (avg deg 4),"linear, continuous T",linear (correct),202,direct,1.0,1.0640117687208492,0.05689119996090392,True,452
ER (avg deg 4),"linear, continuous T",linear (correct),202,peer,0.5,0.4513201767959391,0.05689883216009978,True,452
ER (avg deg 4),"paper eq. 38, binary T",oracle,202,direct,10.0,10.043165168806254,0.08990655037734487,True,452
ER (avg deg 4),"paper eq. 38, binary T",oracle,202,peer,5.0,5.047491354088385,0.07611677144362176,True,452
"BA (m=2, hubs)","linear, continuous T",oracle,202,direct,1.0,1.0969223683946343,0.05698542687323259,True,308
"BA (m=2, hubs)","linear, continuous T",oracle,202,peer,0.5,0.4810333798825541,0.07899410850058938,True,308
"BA (m=2, hubs)","linear, continuous T",linear (correct),202,direct,1.0,1.0919911190066045,0.05545612356525558,True,308
"BA (m=2, hubs)","linear, continuous T",linear (correct),202,peer,0.5,0.49222391562163736,0.077169087279752,True,308
"BA (m=2, hubs)","paper eq. 38, binary T",oracle,202,direct,10.0,9.933151353932764,0.12122856573559838,True,308
"BA (m=2, hubs)","paper eq. 38, binary T",oracle,202,peer,5.0,5.0875313951367795,0.07280498441571427,True,308
SBM (40 blocks),"linear, continuous T",oracle,202,direct,1.0,1.0365660758270914,0.06745713097477347,True,238
SBM (40 blocks),"linear, continuous T",oracle,202,peer,0.5,0.34531612626629865,0.0909692768642621,True,238
SBM (40 blocks),"linear, continuous T",linear (correct),202,direct,1.0,1.0473718220574284,0.06654774974609529,True,238
SBM (40 blocks),"linear, continuous T",linear (correct),202,peer,0.5,0.3404774832112365,0.09033268203940192,True,238
SBM (40 blocks),"paper eq. 38, binary T",oracle,202,direct,10.0,9.965804851872608,0.14063561825279527,True,238
SBM (40 blocks),"paper eq. 38, binary T",oracle,202,peer,5.0,4.929821053176559,0.07625711349557084,True,238
ER (avg deg 4),"linear, continuous T",oracle,203,direct,1.0,0.9444444068808802,0.0479194992428399,True,439
ER (avg deg 4),"linear, continuous T",oracle,203,peer,0.5,0.3966938351572806,0.08148594878912227,True,439
ER (avg deg 4),"linear, continuous T",linear (correct),203,direct,1.0,0.9437097238442894,0.05051005494665651,True,439
ER (avg deg 4),"linear, continuous T",linear (correct),203,peer,0.5,0.40487084650397165,0.08192142789841296,True,439
ER (avg deg 4),"paper eq. 38, binary T",oracle,203,direct,10.0,10.08130322851313,0.0948918979145395,True,439
ER (avg deg 4),"paper eq. 38, binary T",oracle,203,peer,5.0,4.952108065605932,0.07751469056933893,True,439
"BA (m=2, hubs)","linear, continuous T",oracle,203,direct,1.0,1.0031829199759041,0.0624999890587854,True,305
"BA (m=2, hubs)","linear, continuous T",oracle,203,peer,0.5,0.5759911232536616,0.08520809947079538,True,305
"BA (m=2, hubs)","linear, continuous T",linear (correct),203,direct,1.0,0.9943999942222482,0.06228139614657762,True,305
"BA (m=2, hubs)","linear, continuous T",linear (correct),203,peer,0.5,0.5943447239185371,0.08395337900516975,True,305
"BA (m=2, hubs)","paper eq. 38, binary T",oracle,203,direct,10.0,10.070056156108686,0.12313261020095907,True,305
"BA (m=2, hubs)","paper eq. 38, binary T",oracle,203,peer,5.0,5.022082873275997,0.0853712864259419,True,305
SBM (40 blocks),"linear, continuous T",oracle,203,direct,1.0,1.0826802984326407,0.0611826908956005,True,233
SBM (40 blocks),"linear, continuous T",oracle,203,peer,0.5,0.5855097321922101,0.10433047566798788,True,233
SBM (40 blocks),"linear, continuous T",linear (correct),203,direct,1.0,1.0910221467886303,0.06426997693786253,True,233
SBM (40 blocks),"linear, continuous T",linear (correct),203,peer,0.5,0.6206416141324822,0.1074271941421802,True,233
SBM (40 blocks),"paper eq. 38, binary T",oracle,203,direct,10.0,10.22764945629464,0.1476308238613759,True,233
SBM (40 blocks),"paper eq. 38, binary T",oracle,203,peer,5.0,5.090482209837457,0.0783402997815717,True,233
ER (avg deg 4),"linear, continuous T",oracle,204,direct,1.0,0.956425418216832,0.046360424288211466,True,448
ER (avg deg 4),"linear, continuous T",oracle,204,peer,0.5,0.5074536079615971,0.07836729147102678,True,448
ER (avg deg 4),"linear, continuous T",linear (correct),204,direct,1.0,0.9512680438240771,0.04846425911927997,True,448
ER (avg deg 4),"linear, continuous T",linear (correct),204,peer,0.5,0.5163132297477241,0.07721965608457952,True,448
ER (avg deg 4),"paper eq. 38, binary T",oracle,204,direct,10.0,10.034291960524653,0.10144186654891389,True,448
ER (avg deg 4),"paper eq. 38, binary T",oracle,204,peer,5.0,4.9571461051256005,0.08149076728308502,True,448
"BA (m=2, hubs)","linear, continuous T",oracle,204,direct,1.0,0.9034490102083178,0.05588137439848561,True,320
"BA (m=2, hubs)","linear, continuous T",oracle,204,peer,0.5,0.4458321771921113,0.08168026554833611,True,320
"BA (m=2, hubs)","linear, continuous T",linear (correct),204,direct,1.0,0.8892131513033208,0.05731923193153573,True,320
"BA (m=2, hubs)","linear, continuous T",linear (correct),204,peer,0.5,0.450602694287113,0.08371454125969938,True,320
"BA (m=2, hubs)","paper eq. 38, binary T",oracle,204,direct,10.0,9.883244122959578,0.10685704272641577,True,320
"BA (m=2, hubs)","paper eq. 38, binary T",oracle,204,peer,5.0,4.9466372982709,0.08472141449571124,True,320
SBM (40 blocks),"linear, continuous T",oracle,204,direct,1.0,0.9325370033772693,0.06776091713221176,True,230
SBM (40 blocks),"linear, continuous T",oracle,204,peer,0.5,0.5125008474741349,0.10891222054029165,True,230
SBM (40 blocks),"linear, continuous T",linear (correct),204,direct,1.0,0.9311654445119061,0.06837708058785019,True,230
SBM (40 blocks),"linear, continuous T",linear (correct),204,peer,0.5,0.5121085032686036,0.11013718517339596,True,230
SBM (40 blocks),"paper eq. 38, binary T",oracle,204,direct,10.0,10.136947345368103,0.12031712979896689,True,230
SBM (40 blocks),"paper eq. 38, binary T",oracle,204,peer,5.0,4.926067869314642,0.07566011519820445,True,230
ER (avg deg 4),"linear, continuous T",oracle,205,direct,1.0,1.030242588809258,0.043823187782029024,True,483
ER (avg deg 4),"linear, continuous T",oracle,205,peer,0.5,0.4384953562409558,0.06455805304344686,True,483
ER (avg deg 4),"linear, continuous T",linear (correct),205,direct,1.0,1.0212795393763645,0.043558499359587825,True,483
ER (avg deg 4),"linear, continuous T",linear (correct),205,peer,0.5,0.44744361607688393,0.06576442956324395,True,483
ER (avg deg 4),"paper eq. 38, binary T",oracle,205,direct,10.0,9.935999593472909,0.09225989867303225,True,483
ER (avg deg 4),"paper eq. 38, binary T",oracle,205,peer,5.0,5.005964699626193,0.06527768352551994,True,483
"BA (m=2, hubs)","linear, continuous T",oracle,205,direct,1.0,1.0247623027279924,0.04796282365940542,True,315
"BA (m=2, hubs)","linear, continuous T",oracle,205,peer,0.5,0.47526279827112217,0.06891767483641469,True,315
"BA (m=2, hubs)","linear, continuous T",linear (correct),205,direct,1.0,1.0288104776188787,0.04837356888887871,True,315
"BA (m=2, hubs)","linear, continuous T",linear (correct),205,peer,0.5,0.47326279807131727,0.06901871528905419,True,315
"BA (m=2, hubs)","paper eq. 38, binary T",oracle,205,direct,10.0,10.005821470053487,0.10917587326363194,True,315
"BA (m=2, hubs)","paper eq. 38, binary T",oracle,205,peer,5.0,5.008264883730963,0.07468246702650368,True,315
SBM (40 blocks),"linear, continuous T",oracle,205,direct,1.0,0.9861045490901312,0.06132816727124124,True,236
SBM (40 blocks),"linear, continuous T",oracle,205,peer,0.5,0.5932456304876269,0.09873857495251817,True,236
SBM (40 blocks),"linear, continuous T",linear (correct),205,direct,1.0,1.0084575284995865,0.061909688872503796,True,236
SBM (40 blocks),"linear, continuous T",linear (correct),205,peer,0.5,0.6023950121114603,0.09971152544379998,True,236
SBM (40 blocks),"paper eq. 38, binary T",oracle,205,direct,10.0,10.004244204265124,0.14144598043582268,True,236
SBM (40 blocks),"paper eq. 38, binary T",oracle,205,peer,5.0,4.817312098810018,0.08023248605003734,False,236
ER (avg deg 4),"linear, continuous T",oracle,206,direct,1.0,1.1298149211430566,0.05464858140625105,False,447
ER (avg deg 4),"linear, continuous T",oracle,206,peer,0.5,0.4824105472649584,0.059749559196318795,True,447
ER (avg deg 4),"linear, continuous T",linear (correct),206,direct,1.0,1.119866252925202,0.05743632062100381,False,447
ER (avg deg 4),"linear, continuous T",linear (correct),206,peer,0.5,0.4947591851644072,0.06094868417221673,True,447
ER (avg deg 4),"paper eq. 38, binary T",oracle,206,direct,10.0,10.094960783810638,0.10573073980046033,True,447
ER (avg deg 4),"paper eq. 38, binary T",oracle,206,peer,5.0,4.86122573691388,0.07331420585652891,True,447
"BA (m=2, hubs)","linear, continuous T",oracle,206,direct,1.0,1.1143397788537015,0.06806565986049626,True,321
"BA (m=2, hubs)","linear, continuous T",oracle,206,peer,0.5,0.5752134974961711,0.07833877726558687,True,321
"BA (m=2, hubs)","linear, continuous T",linear (correct),206,direct,1.0,1.1206402062178995,0.0679439221980258,True,321
"BA (m=2, hubs)","linear, continuous T",linear (correct),206,peer,0.5,0.5608169089272643,0.07572520058458036,True,321
"BA (m=2, hubs)","paper eq. 38, binary T",oracle,206,direct,10.0,10.023533012932907,0.11889794056921917,True,321
"BA (m=2, hubs)","paper eq. 38, binary T",oracle,206,peer,5.0,5.026948797527949,0.08205943557900879,True,321
SBM (40 blocks),"linear, continuous T",oracle,206,direct,1.0,1.1010891127908755,0.05644534588464094,True,234
SBM (40 blocks),"linear, continuous T",oracle,206,peer,0.5,0.4893586601805506,0.12999422830712215,True,234
SBM (40 blocks),"linear, continuous T",linear (correct),206,direct,1.0,1.0982250979267645,0.0572740557385854,True,234
SBM (40 blocks),"linear, continuous T",linear (correct),206,peer,0.5,0.4701323480204744,0.14062183767583383,True,234
SBM (40 blocks),"paper eq. 38, binary T",oracle,206,direct,10.0,10.056247753540555,0.1240107258141616,True,234
SBM (40 blocks),"paper eq. 38, binary T",oracle,206,peer,5.0,5.000851599338292,0.0872694509525427,True,234
ER (avg deg 4),"linear, continuous T",oracle,207,direct,1.0,1.0219623990647002,0.04428127863127316,True,462
ER (avg deg 4),"linear, continuous T",oracle,207,peer,0.5,0.570408726181655,0.05133416753768917,True,462
ER (avg deg 4),"linear, continuous T",linear (correct),207,direct,1.0,1.0344062259893336,0.04943973649929885,True,462
ER (avg deg 4),"linear, continuous T",linear (correct),207,peer,0.5,0.5836491261502557,0.05621476939563689,True,462
ER (avg deg 4),"paper eq. 38, binary T",oracle,207,direct,10.0,10.147304433647175,0.09020868571582359,True,462
ER (avg deg 4),"paper eq. 38, binary T",oracle,207,peer,5.0,4.877912854754573,0.07022324661350743,True,462
"BA (m=2, hubs)","linear, continuous T",oracle,207,direct,1.0,0.9984223959934919,0.04823353019448424,True,317
"BA (m=2, hubs)","linear, continuous T",oracle,207,peer,0.5,0.54252597144069,0.09359123269705419,True,317
"BA (m=2, hubs)","linear, continuous T",linear (correct),207,direct,1.0,1.013808414353211,0.050140506463463026,True,317
"BA (m=2, hubs)","linear, continuous T",linear (correct),207,peer,0.5,0.5461057609813765,0.09530896686796554,True,317
"BA (m=2, hubs)","paper eq. 38, binary T",oracle,207,direct,10.0,9.968447223012337,0.10507590614267594,True,317
"BA (m=2, hubs)","paper eq. 38, binary T",oracle,207,peer,5.0,4.954149662357014,0.09549195216159638,True,317
SBM (40 blocks),"linear, continuous T",oracle,207,direct,1.0,0.8978448248073128,0.08141116584040897,True,233
SBM (40 blocks),"linear, continuous T",oracle,207,peer,0.5,0.39140979078417765,0.1114758586708834,True,233
SBM (40 blocks),"linear, continuous T",linear (correct),207,direct,1.0,0.9343433453321662,0.07716976681843486,True,233
SBM (40 blocks),"linear, continuous T",linear (correct),207,peer,0.5,0.3986055973845384,0.11348697525735714,True,233
SBM (40 blocks),"paper eq. 38, binary T",oracle,207,direct,10.0,9.93099757513783,0.13735352739414472,True,233
SBM (40 blocks),"paper eq. 38, binary T",oracle,207,peer,5.0,4.981413451955919,0.06544163401512254,True,233
ER (avg deg 4),"linear, continuous T",oracle,208,direct,1.0,1.0856147361327906,0.05608314839635414,True,472
ER (avg deg 4),"linear, continuous T",oracle,208,peer,0.5,0.5526060715169411,0.061140018680562444,True,472
ER (avg deg 4),"linear, continuous T",linear (correct),208,direct,1.0,1.0661193389449724,0.05089924969992888,True,472
ER (avg deg 4),"linear, continuous T",linear (correct),208,peer,0.5,0.5521033924683411,0.057384243038550324,True,472
ER (avg deg 4),"paper eq. 38, binary T",oracle,208,direct,10.0,10.125371501009942,0.09091218349328709,True,472
ER (avg deg 4),"paper eq. 38, binary T",oracle,208,peer,5.0,5.083973974892548,0.06445430551984282,True,472
"BA (m=2, hubs)","linear, continuous T",oracle,208,direct,1.0,0.9464040781874107,0.06107149784153691,True,314
"BA (m=2, hubs)","linear, continuous T",oracle,208,peer,0.5,0.603266729934972,0.06995303020967639,True,314
"BA (m=2, hubs)","linear, continuous T",linear (correct),208,direct,1.0,0.9419832379684666,0.05909141817215948,True,314
"BA (m=2, hubs)","linear, continuous T",linear (correct),208,peer,0.5,0.6139083993012505,0.0682556196856993,True,314
"BA (m=2, hubs)","paper eq. 38, binary T",oracle,208,direct,10.0,9.922625296496562,0.10581616996162152,True,314
"BA (m=2, hubs)","paper eq. 38, binary T",oracle,208,peer,5.0,4.99394246085903,0.0678965486776191,True,314
SBM (40 blocks),"linear, continuous T",oracle,208,direct,1.0,0.8908012778170918,0.06102928142368454,True,243
SBM (40 blocks),"linear, continuous T",oracle,208,peer,0.5,0.3763225108689213,0.1154740838386034,True,243
SBM (40 blocks),"linear, continuous T",linear (correct),208,direct,1.0,0.9131753719842971,0.05875179071368318,True,243
SBM (40 blocks),"linear, continuous T",linear (correct),208,peer,0.5,0.38289960799636613,0.10943053065706732,True,243
SBM (40 blocks),"paper eq. 38, binary T",oracle,208,direct,10.0,10.017320540413078,0.12462760100637003,True,243
SBM (40 blocks),"paper eq. 38, binary T",oracle,208,peer,5.0,4.997928162705389,0.07104795580306374,True,243
ER (avg deg 4),"linear, continuous T",oracle,209,direct,1.0,0.9866767138048286,0.04731365378614247,True,452
ER (avg deg 4),"linear, continuous T",oracle,209,peer,0.5,0.48381227140039923,0.0653049353602445,True,452
ER (avg deg 4),"linear, continuous T",linear (correct),209,direct,1.0,0.9928575810243179,0.047084100619735475,True,452
ER (avg deg 4),"linear, continuous T",linear (correct),209,peer,0.5,0.47311629519039433,0.06817246866935416,True,452
ER (avg deg 4),"paper eq. 38, binary T",oracle,209,direct,10.0,10.21689036227305,0.1004575194657978,False,452
ER (avg deg 4),"paper eq. 38, binary T",oracle,209,peer,5.0,5.089736805284276,0.07034545266149363,True,452
"BA (m=2, hubs)","linear, continuous T",oracle,209,direct,1.0,1.0166365102235786,0.0539946814896142,True,310
"BA (m=2, hubs)","linear, continuous T",oracle,209,peer,0.5,0.4660700922930514,0.07132378438317406,True,310
"BA (m=2, hubs)","linear, continuous T",linear (correct),209,direct,1.0,1.0197428746840929,0.052908325334916066,True,310
"BA (m=2, hubs)","linear, continuous T",linear (correct),209,peer,0.5,0.46592120724338043,0.07025437877191044,True,310
"BA (m=2, hubs)","paper eq. 38, binary T",oracle,209,direct,10.0,10.196075195278498,0.1239153752827785,True,310
"BA (m=2, hubs)","paper eq. 38, binary T",oracle,209,peer,5.0,4.922892042657105,0.08310341265971068,True,310
SBM (40 blocks),"linear, continuous T",oracle,209,direct,1.0,1.0904516164506541,0.055461899479328364,True,236
SBM (40 blocks),"linear, continuous T",oracle,209,peer,0.5,0.7392327395316419,0.13135219415239208,True,236
SBM (40 blocks),"linear, continuous T",linear (correct),209,direct,1.0,1.0892230092825064,0.05298674376434662,True,236
SBM (40 blocks),"linear, continuous T",linear (correct),209,peer,0.5,0.6751958604006293,0.12357356312743413,True,236
SBM (40 blocks),"paper eq. 38, binary T",oracle,209,direct,10.0,10.1332723811149,0.13159800099167906,True,236
SBM (40 blocks),"paper eq. 38, binary T",oracle,209,peer,5.0,5.008701349357487,0.06748311590024007,True,236
ER (avg deg 4),"linear, continuous T",oracle,210,direct,1.0,0.9404802216663078,0.057263194217879024,True,456
ER (avg deg 4),"linear, continuous T",oracle,210,peer,0.5,0.47833039936669935,0.06672105623396594,True,456
ER (avg deg 4),"linear, continuous T",linear (correct),210,direct,1.0,0.954027867799235,0.05667131253578486,True,456
ER (avg deg 4),"linear, continuous T",linear (correct),210,peer,0.5,0.4802163696876507,0.07008105297871076,True,456
ER (avg deg 4),"paper eq. 38, binary T",oracle,210,direct,10.0,9.857619802164743,0.08746359545411761,True,456
ER (avg deg 4),"paper eq. 38, binary T",oracle,210,peer,5.0,5.078816590603949,0.06997567480215597,True,456
"BA (m=2, hubs)","linear, continuous T",oracle,210,direct,1.0,1.0190780911590176,0.05980012064645362,True,306
"BA (m=2, hubs)","linear, continuous T",oracle,210,peer,0.5,0.5068548829126173,0.0882406150744729,True,306
"BA (m=2, hubs)","linear, continuous T",linear (correct),210,direct,1.0,1.0087700679798808,0.06309237298118764,True,306
"BA (m=2, hubs)","linear, continuous T",linear (correct),210,peer,0.5,0.5010887450319284,0.08976268739248908,True,306
"BA (m=2, hubs)","paper eq. 38, binary T",oracle,210,direct,10.0,9.935312787653515,0.11225684277325049,True,306
"BA (m=2, hubs)","paper eq. 38, binary T",oracle,210,peer,5.0,4.970748955641184,0.06957657088158106,True,306
SBM (40 blocks),"linear, continuous T",oracle,210,direct,1.0,1.0654811851832522,0.07360711253733129,True,251
SBM (40 blocks),"linear, continuous T",oracle,210,peer,0.5,0.48636634213182084,0.10695470037557907,True,251
SBM (40 blocks),"linear, continuous T",linear (correct),210,direct,1.0,1.0491522633113062,0.07236154624688984,True,251
SBM (40 blocks),"linear, continuous T",linear (correct),210,peer,0.5,0.5037353257977759,0.10273288156171029,True,251
SBM (40 blocks),"paper eq. 38, binary T",oracle,210,direct,10.0,9.80931709653467,0.12004110585176447,True,251
SBM (40 blocks),"paper eq. 38, binary T",oracle,210,peer,5.0,5.031465649147881,0.07661156220133102,True,251
ER (avg deg 4),"linear, continuous T",oracle,211,direct,1.0,0.9460667898707141,0.04760865469491063,True,446
ER (avg deg 4),"linear, continuous T",oracle,211,peer,0.5,0.45124998432529595,0.06099234278449743,True,446
ER (avg deg 4),"linear, continuous T",linear (correct),211,direct,1.0,0.9361738583424523,0.044515486310706405,True,446
ER (avg deg 4),"linear, continuous T",linear (correct),211,peer,0.5,0.4600275230019159,0.0607134134582948,True,446
ER (avg deg 4),"paper eq. 38, binary T",oracle,211,direct,10.0,10.149039788703858,0.08788537899918054,True,446
ER (avg deg 4),"paper eq. 38, binary T",oracle,211,peer,5.0,4.881926169243932,0.08116548238256971,True,446
"BA (m=2, hubs)","linear, continuous T",oracle,211,direct,1.0,1.0401534034231712,0.04105278856851848,True,303
"BA (m=2, hubs)","linear, continuous T",oracle,211,peer,0.5,0.5294401863734355,0.0848530074781367,True,303
"BA (m=2, hubs)","linear, continuous T",linear (correct),211,direct,1.0,1.0517635277343782,0.041245246046876585,True,303
"BA (m=2, hubs)","linear, continuous T",linear (correct),211,peer,0.5,0.5192252432228169,0.08669346138721853,True,303
"BA (m=2, hubs)","paper eq. 38, binary T",oracle,211,direct,10.0,9.843180297988406,0.1198774360633279,True,303
"BA (m=2, hubs)","paper eq. 38, binary T",oracle,211,peer,5.0,4.986392628290815,0.09669788812876479,True,303
SBM (40 blocks),"linear, continuous T",oracle,211,direct,1.0,0.942638971516131,0.07198268272436241,True,231
SBM (40 blocks),"linear, continuous T",oracle,211,peer,0.5,0.5300598182892375,0.1251706712151026,True,231
SBM (40 blocks),"linear, continuous T",linear (correct),211,direct,1.0,0.9386193349494631,0.0680605362141619,True,231
SBM (40 blocks),"linear, continuous T",linear (correct),211,peer,0.5,0.5600175177029527,0.12050995805413302,True,231
SBM (40 blocks),"paper eq. 38, binary T",oracle,211,direct,10.0,9.925696427456558,0.1402965889331804,True,231
SBM (40 blocks),"paper eq. 38, binary T",oracle,211,peer,5.0,5.049506671958035,0.0874981939281696,True,231
ER (avg deg 4),"linear, continuous T",oracle,212,direct,1.0,0.9978039500730922,0.04200080468686083,True,461
ER (avg deg 4),"linear, continuous T",oracle,212,peer,0.5,0.5286614616028777,0.055975085557355926,True,461
ER (avg deg 4),"linear, continuous T",linear (correct),212,direct,1.0,1.0096082937082889,0.04350273185401619,True,461
ER (avg deg 4),"linear, continuous T",linear (correct),212,peer,0.5,0.5294928167136675,0.06086047314255469,True,461
ER (avg deg 4),"paper eq. 38, binary T",oracle,212,direct,10.0,10.21277318876481,0.09798299959494311,False,461
ER (avg deg 4),"paper eq. 38, binary T",oracle,212,peer,5.0,4.854359556299147,0.06235483532061598,False,461
"BA (m=2, hubs)","linear, continuous T",oracle,212,direct,1.0,0.9475883572939507,0.05912357787851912,True,285
"BA (m=2, hubs)","linear, continuous T",oracle,212,peer,0.5,0.4758049694714157,0.0821725637759238,True,285
"BA (m=2, hubs)","linear, continuous T",linear (correct),212,direct,1.0,0.9497428222662251,0.060142081793421266,True,285
"BA (m=2, hubs)","linear, continuous T",linear (correct),212,peer,0.5,0.4468436375609581,0.08413197231676198,True,285
"BA (m=2, hubs)","paper eq. 38, binary T",oracle,212,direct,10.0,10.107160408906067,0.1213339872844248,True,285
"BA (m=2, hubs)","paper eq. 38, binary T",oracle,212,peer,5.0,5.06410683824066,0.0891253397214005,True,285
SBM (40 blocks),"linear, continuous T",oracle,212,direct,1.0,0.9501205175892034,0.06708414499954947,True,230
SBM (40 blocks),"linear, continuous T",oracle,212,peer,0.5,0.577181341429798,0.11505891645414767,True,230
SBM (40 blocks),"linear, continuous T",linear (correct),212,direct,1.0,0.9348056697637108,0.06981166017566016,True,230
SBM (40 blocks),"linear, continuous T",linear (correct),212,peer,0.5,0.545907061973728,0.12433119540650568,True,230
SBM (40 blocks),"paper eq. 38, binary T",oracle,212,direct,10.0,10.146908188352722,0.1408756432201486,True,230
SBM (40 blocks),"paper eq. 38, binary T",oracle,212,peer,5.0,4.977406397767041,0.05062186708178981,True,230
ER (avg deg 4),"linear, continuous T",oracle,213,direct,1.0,1.0185594593945053,0.04576123844706168,True,453
ER (avg deg 4),"linear, continuous T",oracle,213,peer,0.5,0.4879519727333245,0.055864519055399534,True,453
ER (avg deg 4),"linear, continuous T",linear (correct),213,direct,1.0,1.0162705532217093,0.04699388304357188,True,453
ER (avg deg 4),"linear, continuous T",linear (correct),213,peer,0.5,0.47500137329490416,0.05867146906069601,True,453
ER (avg deg 4),"paper eq. 38, binary T",oracle,213,direct,10.0,9.88217562827348,0.09265265656150712,True,453
ER (avg deg 4),"paper eq. 38, binary T",oracle,213,peer,5.0,5.000846975714871,0.07582872317738096,True,453
"BA (m=2, hubs)","linear, continuous T",oracle,213,direct,1.0,0.9884164740561754,0.04807131599535893,True,329
"BA (m=2, hubs)","linear, continuous T",oracle,213,peer,0.5,0.5316984139610742,0.0642560305483382,True,329
"BA (m=2, hubs)","linear, continuous T",linear (correct),213,direct,1.0,0.9870514621205593,0.04908519511943359,True,329
"BA (m=2, hubs)","linear, continuous T",linear (correct),213,peer,0.5,0.536432205561128,0.06626322114836675,True,329
"BA (m=2, hubs)","paper eq. 38, binary T",oracle,213,direct,10.0,9.993774764348082,0.10518676559387942,True,329
"BA (m=2, hubs)","paper eq. 38, binary T",oracle,213,peer,5.0,4.908785928942111,0.07109531079776148,True,329
SBM (40 blocks),"linear, continuous T",oracle,213,direct,1.0,1.1495535680818965,0.07123872250325763,False,225
SBM (40 blocks),"linear, continuous T",oracle,213,peer,0.5,0.46787199653938183,0.10700712081920304,True,225
SBM (40 blocks),"linear, continuous T",linear (correct),213,direct,1.0,1.1356811615830655,0.07321741736319257,True,225
SBM (40 blocks),"linear, continuous T",linear (correct),213,peer,0.5,0.4735261393861366,0.11204807286833358,True,225
SBM (40 blocks),"paper eq. 38, binary T",oracle,213,direct,10.0,10.082472340839892,0.1297043162827928,True,225
SBM (40 blocks),"paper eq. 38, binary T",oracle,213,peer,5.0,5.005582948993369,0.08877860223973648,True,225
ER (avg deg 4),"linear, continuous T",oracle,214,direct,1.0,1.073207019893268,0.0449833040695857,True,456
ER (avg deg 4),"linear, continuous T",oracle,214,peer,0.5,0.5687211546837253,0.0687780620137205,True,456
ER (avg deg 4),"linear, continuous T",linear (correct),214,direct,1.0,1.090736246780621,0.047014365286197526,True,456
ER (avg deg 4),"linear, continuous T",linear (correct),214,peer,0.5,0.5680343593638922,0.06729482474198266,True,456
ER (avg deg 4),"paper eq. 38, binary T",oracle,214,direct,10.0,9.894380499817757,0.09809868691115449,True,456
ER (avg deg 4),"paper eq. 38, binary T",oracle,214,peer,5.0,5.080176029942975,0.0755226940102475,True,456
"BA (m=2, hubs)","linear, continuous T",oracle,214,direct,1.0,1.0971207174907143,0.05630417072476958,True,300
"BA (m=2, hubs)","linear, continuous T",oracle,214,peer,0.5,0.3318727483162535,0.07985257472934383,False,300
"BA (m=2, hubs)","linear, continuous T",linear (correct),214,direct,1.0,1.107204336252997,0.05836036929665813,True,300
"BA (m=2, hubs)","linear, continuous T",linear (correct),214,peer,0.5,0.34732511290975465,0.0813149845518261,True,300
"BA (m=2, hubs)","paper eq. 38, binary T",oracle,214,direct,10.0,10.00234695115025,0.13107747324620092,True,300
"BA (m=2, hubs)","paper eq. 38, binary T",oracle,214,peer,5.0,5.016631244614523,0.07859336556972742,True,300
SBM (40 blocks),"linear, continuous T",oracle,214,direct,1.0,1.056751950457395,0.07201506673178372,True,233
SBM (40 blocks),"linear, continuous T",oracle,214,peer,0.5,0.6330203820292813,0.10463830542963785,True,233
SBM (40 blocks),"linear, continuous T",linear (correct),214,direct,1.0,1.0469301228664183,0.07218948465785921,True,233
SBM (40 blocks),"linear, continuous T",linear (correct),214,peer,0.5,0.6219736238447925,0.10718207339224248,True,233
SBM (40 blocks),"paper eq. 38, binary T",oracle,214,direct,10.0,9.896967851059555,0.14587656011999373,True,233
SBM (40 blocks),"paper eq. 38, binary T",oracle,214,peer,5.0,4.874128250767798,0.08377024148006917,True,233
ER (avg deg 4),"linear, continuous T",oracle,215,direct,1.0,0.9503331755453711,0.04714340730917627,True,467
ER (avg deg 4),"linear, continuous T",oracle,215,peer,0.5,0.5071596225495412,0.05118278243437876,True,467
ER (avg deg 4),"linear, continuous T",linear (correct),215,direct,1.0,0.952213161905929,0.04897569537094573,True,467
ER (avg deg 4),"linear, continuous T",linear (correct),215,peer,0.5,0.5122315918859971,0.05272210598639159,True,467
ER (avg deg 4),"paper eq. 38, binary T",oracle,215,direct,10.0,10.060439514325136,0.08469712520102261,True,467
ER (avg deg 4),"paper eq. 38, binary T",oracle,215,peer,5.0,4.9806716892175755,0.07227525669709153,True,467
"BA (m=2, hubs)","linear, continuous T",oracle,215,direct,1.0,0.9641276537877039,0.05325400994400651,True,323
"BA (m=2, hubs)","linear, continuous T",oracle,215,peer,0.5,0.5168625221587358,0.07719494554020531,True,323
"BA (m=2, hubs)","linear, continuous T",linear (correct),215,direct,1.0,0.9637492499723683,0.05286693432101681,True,323
"BA (m=2, hubs)","linear, continuous T",linear (correct),215,peer,0.5,0.5184405570488159,0.07788412077119207,True,323
"BA (m=2, hubs)","paper eq. 38, binary T",oracle,215,direct,10.0,9.97305774136972,0.10353115744791949,True,323
"BA (m=2, hubs)","paper eq. 38, binary T",oracle,215,peer,5.0,5.02149006377746,0.08173385660343585,True,323
SBM (40 blocks),"linear, continuous T",oracle,215,direct,1.0,1.0950527411121613,0.06689113837216391,True,216
SBM (40 blocks),"linear, continuous T",oracle,215,peer,0.5,0.5269067520873141,0.11609330114919908,True,216
SBM (40 blocks),"linear, continuous T",linear (correct),215,direct,1.0,1.0937652878129696,0.068022637552916,True,216
SBM (40 blocks),"linear, continuous T",linear (correct),215,peer,0.5,0.5317130108192482,0.11831714882164268,True,216
SBM (40 blocks),"paper eq. 38, binary T",oracle,215,direct,10.0,9.869539793626231,0.12332483122654826,True,216
SBM (40 blocks),"paper eq. 38, binary T",oracle,215,peer,5.0,5.0088647810537115,0.0759414695533517,True,216
ER (avg deg 4),"linear, continuous T",oracle,216,direct,1.0,0.9924549370550096,0.04244398970896392,True,477
ER (avg deg 4),"linear, continuous T",oracle,216,peer,0.5,0.4938614231858144,0.061409614352088034,True,477
ER (avg deg 4),"linear, continuous T",linear (correct),216,direct,1.0,1.0007833169695326,0.04384908880989969,True,477
ER (avg deg 4),"linear, continuous T",linear (correct),216,peer,0.5,0.4926393639634006,0.0639463301227934,True,477
ER (avg deg 4),"paper eq. 38, binary T",oracle,216,direct,10.0,9.910903408029569,0.08375349998663217,True,477
ER (avg deg 4),"paper eq. 38, binary T",oracle,216,peer,5.0,4.96349219934981,0.07288416662566179,True,477
"BA (m=2, hubs)","linear, continuous T",oracle,216,direct,1.0,1.0452135828122833,0.05876719833037898,True,312
"BA (m=2, hubs)","linear, continuous T",oracle,216,peer,0.5,0.6761907821964506,0.07974819811300572,False,312
"BA (m=2, hubs)","linear, continuous T",linear (correct),216,direct,1.0,1.0457298377719133,0.060565642961265084,True,312
"BA (m=2, hubs)","linear, continuous T",linear (correct),216,peer,0.5,0.696790505078383,0.0789452309950259,False,312
"BA (m=2, hubs)","paper eq. 38, binary T",oracle,216,direct,10.0,10.023658782335543,0.11906517989063964,True,312
"BA (m=2, hubs)","paper eq. 38, binary T",oracle,216,peer,5.0,5.181685857739775,0.0819875139560059,False,312
SBM (40 blocks),"linear, continuous T",oracle,216,direct,1.0,1.0001726820998655,0.06782359423057266,True,238
SBM (40 blocks),"linear, continuous T",oracle,216,peer,0.5,0.31139614162558604,0.10565627976617065,True,238
SBM (40 blocks),"linear, continuous T",linear (correct),216,direct,1.0,0.9955486573349467,0.0709040629044633,True,238
SBM (40 blocks),"linear, continuous T",linear (correct),216,peer,0.5,0.3133707912293857,0.11287399259737824,True,238
SBM (40 blocks),"paper eq. 38, binary T",oracle,216,direct,10.0,9.846208605077134,0.1498626677908004,True,238
SBM (40 blocks),"paper eq. 38, binary T",oracle,216,peer,5.0,4.93954180358926,0.12171496953933411,True,238
ER (avg deg 4),"linear, continuous T",oracle,217,direct,1.0,1.0708974193472125,0.042129673627736876,True,457
ER (avg deg 4),"linear, continuous T",oracle,217,peer,0.5,0.4813808760753081,0.05609176725699616,True,457
ER (avg deg 4),"linear, continuous T",linear (correct),217,direct,1.0,1.0668445578657528,0.042710753947382066,True,457
ER (avg deg 4),"linear, continuous T",linear (correct),217,peer,0.5,0.48918283188099243,0.055688083138324226,True,457
ER (avg deg 4),"paper eq. 38, binary T",oracle,217,direct,10.0,9.98214609919439,0.09985124190235954,True,457
ER (avg deg 4),"paper eq. 38, binary T",oracle,217,peer,5.0,4.795473444937321,0.07237242367925954,False,457
"BA (m=2, hubs)","linear, continuous T",oracle,217,direct,1.0,1.0449979599507446,0.0666139022388334,True,307
"BA (m=2, hubs)","linear, continuous T",oracle,217,peer,0.5,0.42068192852551145,0.08033885900055772,True,307
"BA (m=2, hubs)","linear, continuous T",linear (correct),217,direct,1.0,1.0448561095079452,0.06345335075959974,True,307
"BA (m=2, hubs)","linear, continuous T",linear (correct),217,peer,0.5,0.4267401443325567,0.08099394519026364,True,307
"BA (m=2, hubs)","paper eq. 38, binary T",oracle,217,direct,10.0,9.887215945342879,0.12193009907876703,True,307
"BA (m=2, hubs)","paper eq. 38, binary T",oracle,217,peer,5.0,5.0259882139421626,0.08656914204432098,True,307
SBM (40 blocks),"linear, continuous T",oracle,217,direct,1.0,1.0039304276839058,0.0707170386410123,True,220
SBM (40 blocks),"linear, continuous T",oracle,217,peer,0.5,0.43064348877287967,0.12152710535203504,True,220
SBM (40 blocks),"linear, continuous T",linear (correct),217,direct,1.0,1.0124805391878493,0.07318766705763319,True,220
SBM (40 blocks),"linear, continuous T",linear (correct),217,peer,0.5,0.4328102542705761,0.12868363376491113,True,220
SBM (40 blocks),"paper eq. 38, binary T",oracle,217,direct,10.0,9.9269018280653,0.1392817342525039,True,220
SBM (40 blocks),"paper eq. 38, binary T",oracle,217,peer,5.0,5.045433766350322,0.08880741577510325,True,220
ER (avg deg 4),"linear, continuous T",oracle,218,direct,1.0,1.0769527239988896,0.04419602541438617,True,443
ER (avg deg 4),"linear, continuous T",oracle,218,peer,0.5,0.4489071328837467,0.06268328952044522,True,443
ER (avg deg 4),"linear, continuous T",linear (correct),218,direct,1.0,1.0726929738187836,0.04754979728069507,True,443
ER (avg deg 4),"linear, continuous T",linear (correct),218,peer,0.5,0.4567283491937032,0.06802969388238987,True,443
ER (avg deg 4),"paper eq. 38, binary T",oracle,218,direct,10.0,10.064128090852103,0.09938750347913924,True,443
ER (avg deg 4),"paper eq. 38, binary T",oracle,218,peer,5.0,4.9829734666450625,0.06907402077613552,True,443
"BA (m=2, hubs)","linear, continuous T",oracle,218,direct,1.0,1.0043854573964428,0.051390955816009616,True,301
"BA (m=2, hubs)","linear, continuous T",oracle,218,peer,0.5,0.62409213415849,0.06528056318383618,True,301
"BA (m=2, hubs)","linear, continuous T",linear (correct),218,direct,1.0,1.006438255407607,0.05396644778567279,True,301
"BA (m=2, hubs)","linear, continuous T",linear (correct),218,peer,0.5,0.6357267148103711,0.06727828719364422,False,301
"BA (m=2, hubs)","paper eq. 38, binary T",oracle,218,direct,10.0,9.90838226071426,0.1098347617580787,True,301
"BA (m=2, hubs)","paper eq. 38, binary T",oracle,218,peer,5.0,5.008059456885273,0.07758492375248117,True,301
SBM (40 blocks),"linear, continuous T",oracle,218,direct,1.0,1.0393308652762903,0.05945810093011841,True,228
SBM (40 blocks),"linear, continuous T",oracle,218,peer,0.5,0.405710178031135,0.09283647934254761,True,228
SBM (40 blocks),"linear, continuous T",linear (correct),218,direct,1.0,1.0258432882822657,0.06314539597584536,True,228
SBM (40 blocks),"linear, continuous T",linear (correct),218,peer,0.5,0.40224426045851047,0.09595803653333565,True,228
SBM (40 blocks),"paper eq. 38, binary T",oracle,218,direct,10.0,10.050767846404275,0.14206941223251376,True,228
SBM (40 blocks),"paper eq. 38, binary T",oracle,218,peer,5.0,5.041412025193644,0.06924197805586454,True,228
ER (avg deg 4),"linear, continuous T",oracle,219,direct,1.0,1.0057927866223535,0.04832866861982334,True,467
ER (avg deg 4),"linear, continuous T",oracle,219,peer,0.5,0.571262634308598,0.0801299798367158,True,467
ER (avg deg 4),"linear, continuous T",linear (correct),219,direct,1.0,1.0198851465080163,0.048554056717834075,True,467
ER (avg deg 4),"linear, continuous T",linear (correct),219,peer,0.5,0.5766366141384974,0.07892191366584586,True,467
ER (avg deg 4),"paper eq. 38, binary T",oracle,219,direct,10.0,10.004828052777679,0.0933020594014181,True,467
ER (avg deg 4),"paper eq. 38, binary T",oracle,219,peer,5.0,5.058140361938206,0.06528127325767634,True,467
"BA (m=2, hubs)","linear, continuous T",oracle,219,direct,1.0,0.8670347767737594,0.06554719588370696,False,306
"BA (m=2, hubs)","linear, continuous T",oracle,219,peer,0.5,0.4907597366445096,0.07129444966985655,True,306
"BA (m=2, hubs)","linear, continuous T",linear (correct),219,direct,1.0,0.8888817787964629,0.06266490249415141,True,306
"BA (m=2, hubs)","linear, continuous T",linear (correct),219,peer,0.5,0.4766614695374238,0.0696608158071594,True,306
"BA (m=2, hubs)","paper eq. 38, binary T",oracle,219,direct,10.0,10.033981079365864,0.11079786245891268,True,306
"BA (m=2, hubs)","paper eq. 38, binary T",oracle,219,peer,5.0,5.008565766971301,0.0833155443752065,True,306
SBM (40 blocks),"linear, continuous T",oracle,219,direct,1.0,0.886555289797298,0.09987214022675361,True,232
SBM (40 blocks),"linear, continuous T",oracle,219,peer,0.5,0.3869245884651326,0.14806390163911895,True,232
SBM (40 blocks),"linear, continuous T",linear (correct),219,direct,1.0,0.9108614218575548,0.09074969530119652,True,232
SBM (40 blocks),"linear, continuous T",linear (correct),219,peer,0.5,0.436787842187704,0.13937957948343466,True,232
SBM (40 blocks),"paper eq. 38, binary T",oracle,219,direct,10.0,10.226912792618826,0.1306565585004395,True,232
SBM (40 blocks),"paper eq. 38, binary T",oracle,219,peer,5.0,5.119626180556572,0.077374988564103,True,232
ER (avg deg 4),"linear, continuous T",oracle,220,direct,1.0,0.9803820337460439,0.04626817928952376,True,446
ER (avg deg 4),"linear, continuous T",oracle,220,peer,0.5,0.48600816019258686,0.060798211817262825,True,446
ER (avg deg 4),"linear, continuous T",linear (correct),220,direct,1.0,0.9701915835516531,0.04575655489478382,True,446
ER (avg deg 4),"linear, continuous T",linear (correct),220,peer,0.5,0.4954855868180909,0.061915635769254594,True,446
ER (avg deg 4),"paper eq. 38, binary T",oracle,220,direct,10.0,9.902033095059315,0.09159611886772023,True,446
ER (avg deg 4),"paper eq. 38, binary T",oracle,220,peer,5.0,4.8893325840477,0.08004316155979689,True,446
"BA (m=2, hubs)","linear, continuous T",oracle,220,direct,1.0,1.0075336887083999,0.06105444706085521,True,302
"BA (m=2, hubs)","linear, continuous T",oracle,220,peer,0.5,0.6578221373489775,0.0856172930682651,True,302
"BA (m=2, hubs)","linear, continuous T",linear (correct),220,direct,1.0,1.0168867741125467,0.06001867665202126,True,302
"BA (m=2, hubs)","linear, continuous T",linear (correct),220,peer,0.5,0.6505458345529972,0.08240223945941995,True,302
"BA (m=2, hubs)","paper eq. 38, binary T",oracle,220,direct,10.0,9.811394893463781,0.11874718521260752,True,302
"BA (m=2, hubs)","paper eq. 38, binary T",oracle,220,peer,5.0,4.9552702864846045,0.08261192197566276,True,302
SBM (40 blocks),"linear, continuous T",oracle,220,direct,1.0,1.114692012302798,0.07320719964607121,True,239
SBM (40 blocks),"linear, continuous T",oracle,220,peer,0.5,0.467471172938173,0.10943856784334575,True,239
SBM (40 blocks),"linear, continuous T",linear (correct),220,direct,1.0,1.117158871605242,0.06891531310826986,True,239
SBM (40 blocks),"linear, continuous T",linear (correct),220,peer,0.5,0.45180493943436717,0.10158798055835055,True,239
SBM (40 blocks),"paper eq. 38, binary T",oracle,220,direct,10.0,10.000310792956302,0.13018964239581732,True,239
SBM (40 blocks),"paper eq. 38, binary T",oracle,220,peer,5.0,5.0215451294742195,0.07465317813088103,True,239
ER (avg deg 4),"linear, continuous T",oracle,221,direct,1.0,0.9805364986076388,0.04664112678725932,True,466
ER (avg deg 4),"linear, continuous T",oracle,221,peer,0.5,0.46544099031941083,0.05264219397511287,True,466
ER (avg deg 4),"linear, continuous T",linear (correct),221,direct,1.0,0.9869666472573171,0.04838251603891075,True,466
ER (avg deg 4),"linear, continuous T",linear (correct),221,peer,0.5,0.47363183932122,0.05360945192123532,True,466
ER (avg deg 4),"paper eq. 38, binary T",oracle,221,direct,10.0,9.93667018566663,0.08731027290344079,True,466
ER (avg deg 4),"paper eq. 38, binary T",oracle,221,peer,5.0,5.069804439853651,0.07386719610669243,True,466
"BA (m=2, hubs)","linear, continuous T",oracle,221,direct,1.0,0.9927715591430166,0.05806833451890426,True,323
"BA (m=2, hubs)","linear, continuous T",oracle,221,peer,0.5,0.49780166790195807,0.07506096822111091,True,323
"BA (m=2, hubs)","linear, continuous T",linear (correct),221,direct,1.0,0.9931168072316466,0.0577298875660988,True,323
"BA (m=2, hubs)","linear, continuous T",linear (correct),221,peer,0.5,0.49452991434626065,0.07459426761179773,True,323
"BA (m=2, hubs)","paper eq. 38, binary T",oracle,221,direct,10.0,10.167940133403992,0.12153056175447877,True,323
"BA (m=2, hubs)","paper eq. 38, binary T",oracle,221,peer,5.0,5.004594824504972,0.07864051884595102,True,323
SBM (40 blocks),"linear, continuous T",oracle,221,direct,1.0,1.0190805609592837,0.05900352320415062,True,245
SBM (40 blocks),"linear, continuous T",oracle,221,peer,0.5,0.36114698104562015,0.1181263247667344,True,245
SBM (40 blocks),"linear, continuous T",linear (correct),221,direct,1.0,1.004166521108653,0.06214980862327787,True,245
SBM (40 blocks),"linear, continuous T",linear (correct),221,peer,0.5,0.3730685397302256,0.12464026375275392,True,245
SBM (40 blocks),"paper eq. 38, binary T",oracle,221,direct,10.0,9.876750277031446,0.13086405053899478,True,245
SBM (40 blocks),"paper eq. 38, binary T",oracle,221,peer,5.0,4.9484533225804075,0.056415236851177025,True,245
ER (avg deg 4),"linear, continuous T",oracle,222,direct,1.0,1.0345378082648022,0.0472282748409413,True,447
ER (avg deg 4),"linear, continuous T",oracle,222,peer,0.5,0.5607556466553694,0.05910614225142228,True,447
ER (avg deg 4),"linear, continuous T",linear (correct),222,direct,1.0,1.0522235024081306,0.046807055668963676,True,447
ER (avg deg 4),"linear, continuous T",linear (correct),222,peer,0.5,0.5594450713106939,0.0583460980377391,True,447
ER (avg deg 4),"paper eq. 38, binary T",oracle,222,direct,10.0,9.960371065215162,0.09249618803392225,True,447
ER (avg deg 4),"paper eq. 38, binary T",oracle,222,peer,5.0,5.025894692719091,0.0912226249442148,True,447
"BA (m=2, hubs)","linear, continuous T",oracle,222,direct,1.0,0.9478973052424821,0.057501634519186946,True,303
"BA (m=2, hubs)","linear, continuous T",oracle,222,peer,0.5,0.5175427841908687,0.06694933183174859,True,303
"BA (m=2, hubs)","linear, continuous T",linear (correct),222,direct,1.0,0.9448322383346903,0.06044543213925778,True,303
"BA (m=2, hubs)","linear, continuous T",linear (correct),222,peer,0.5,0.5118402864721511,0.06927772973346025,True,303
"BA (m=2, hubs)","paper eq. 38, binary T",oracle,222,direct,10.0,10.132289893967966,0.1200868643974613,True,303
"BA (m=2, hubs)","paper eq. 38, binary T",oracle,222,peer,5.0,5.054267143964401,0.08252590696146025,True,303
SBM (40 blocks),"linear, continuous T",oracle,222,direct,1.0,0.9823072705261273,0.06585090870444657,True,225
SBM (40 blocks),"linear, continuous T",oracle,222,peer,0.5,0.4500409228993748,0.14265808717081288,True,225
SBM (40 blocks),"linear, continuous T",linear (correct),222,direct,1.0,0.9869247323253183,0.06429600858655678,True,225
SBM (40 blocks),"linear, continuous T",linear (correct),222,peer,0.5,0.4667207928271963,0.14219529085475568,True,225
SBM (40 blocks),"paper eq. 38, binary T",oracle,222,direct,10.0,9.928315913638112,0.11969639593635202,True,225
SBM (40 blocks),"paper eq. 38, binary T",oracle,222,peer,5.0,5.081241187765542,0.08357203706791735,True,225
ER (avg deg 4),"linear, continuous T",oracle,223,direct,1.0,0.9918591131621488,0.04824021429695201,True,470
ER (avg deg 4),"linear, continuous T",oracle,223,peer,0.5,0.5925144477469025,0.05423193530241845,True,470
ER (avg deg 4),"linear, continuous T",linear (correct),223,direct,1.0,0.994336029766951,0.051931612335361046,True,470
ER (avg deg 4),"linear, continuous T",linear (correct),223,peer,0.5,0.5672254882221777,0.05562601001632859,True,470
ER (avg deg 4),"paper eq. 38, binary T",oracle,223,direct,10.0,9.978641487847346,0.08859903827973234,True,470
ER (avg deg 4),"paper eq. 38, binary T",oracle,223,peer,5.0,5.049618029369944,0.06648410241406363,True,470
"BA (m=2, hubs)","linear, continuous T",oracle,223,direct,1.0,0.9421788670948774,0.056925008047953904,True,309
"BA (m=2, hubs)","linear, continuous T",oracle,223,peer,0.5,0.3600006189879967,0.08455856543075892,True,309
"BA (m=2, hubs)","linear, continuous T",linear (correct),223,direct,1.0,0.9343315210705129,0.05641334391944578,True,309
"BA (m=2, hubs)","linear, continuous T",linear (correct),223,peer,0.5,0.3355302639221116,0.08278707718502232,False,309
"BA (m=2, hubs)","paper eq. 38, binary T",oracle,223,direct,10.0,10.191255170822481,0.11841387824797098,True,309
"BA (m=2, hubs)","paper eq. 38, binary T",oracle,223,peer,5.0,4.963554228158239,0.07560223288177623,True,309
SBM (40 blocks),"linear, continuous T",oracle,223,direct,1.0,1.0065463175975713,0.06377380995907267,True,235
SBM (40 blocks),"linear, continuous T",oracle,223,peer,0.5,0.4078861121934213,0.10120669650463646,True,235
SBM (40 blocks),"linear, continuous T",linear (correct),223,direct,1.0,1.0075293841335289,0.06692119183908844,True,235
SBM (40 blocks),"linear, continuous T",linear (correct),223,peer,0.5,0.3982799535016942,0.10590841472377001,True,235
SBM (40 blocks),"paper eq. 38, binary T",oracle,223,direct,10.0,10.183897344818366,0.15825695644931542,True,235
SBM (40 blocks),"paper eq. 38, binary T",oracle,223,peer,5.0,5.073252990942684,0.06306741025748473,True,235
ER (avg deg 4),"linear, continuous T",oracle,224,direct,1.0,0.9903354612145854,0.052525767874332135,True,436
ER (avg deg 4),"linear, continuous T",oracle,224,peer,0.5,0.5128255607123933,0.06146941825949189,True,436
ER (avg deg 4),"linear, continuous T",linear (correct),224,direct,1.0,0.9960654118874634,0.05179587352422762,True,436
ER (avg deg 4),"linear, continuous T",linear (correct),224,peer,0.5,0.5349424686449943,0.06204868910921184,True,436
ER (avg deg 4),"paper eq. 38, binary T",oracle,224,direct,10.0,10.189490098915885,0.10733178560649179,True,436
ER (avg deg 4),"paper eq. 38, binary T",oracle,224,peer,5.0,5.062229177368879,0.0720147459066201,True,436
"BA (m=2, hubs)","linear, continuous T",oracle,224,direct,1.0,1.0466194982528305,0.059120455143923265,True,305
"BA (m=2, hubs)","linear, continuous T",oracle,224,peer,0.5,0.7515043810164124,0.09286181757227535,False,305
"BA (m=2, hubs)","linear, continuous T",linear (correct),224,direct,1.0,1.0315496852622648,0.05660782889208782,True,305
"BA (m=2, hubs)","linear, continuous T",linear (correct),224,peer,0.5,0.7517114122801599,0.08805509013586897,False,305
"BA (m=2, hubs)","paper eq. 38, binary T",oracle,224,direct,10.0,10.031034637105595,0.12008629950321727,True,305
"BA (m=2, hubs)","paper eq. 38, binary T",oracle,224,peer,5.0,5.060802210594941,0.10112493438727675,True,305
SBM (40 blocks),"linear, continuous T",oracle,224,direct,1.0,1.1066250294262379,0.07586255015082972,True,233
SBM (40 blocks),"linear, continuous T",oracle,224,peer,0.5,0.4019143264795229,0.10598009316210565,True,233
SBM (40 blocks),"linear, continuous T",linear (correct),224,direct,1.0,1.1065133451095774,0.07545672406537968,True,233
SBM (40 blocks),"linear, continuous T",linear (correct),224,peer,0.5,0.39326438298969124,0.10408622480642689,True,233
SBM (40 blocks),"paper eq. 38, binary T",oracle,224,direct,10.0,9.926615919312999,0.12898092390533294,True,233
SBM (40 blocks),"paper eq. 38, binary T",oracle,224,peer,5.0,4.856336825066511,0.10670502528794627,True,233
ER (avg deg 4),"linear, continuous T",oracle,225,direct,1.0,0.951576547010509,0.04802698173631779,True,462
ER (avg deg 4),"linear, continuous T",oracle,225,peer,0.5,0.4394288390156976,0.057758163114919374,True,462
ER (avg deg 4),"linear, continuous T",linear (correct),225,direct,1.0,0.9498605506785764,0.05020155569562276,True,462
ER (avg deg 4),"linear, continuous T",linear (correct),225,peer,0.5,0.430898144344925,0.058583822566926354,True,462
ER (avg deg 4),"paper eq. 38, binary T",oracle,225,direct,10.0,10.029984042845381,0.09698527228934038,True,462
ER (avg deg 4),"paper eq. 38, binary T",oracle,225,peer,5.0,4.946687572120638,0.07410816619607027,True,462
"BA (m=2, hubs)","linear, continuous T",oracle,225,direct,1.0,1.0475609566494704,0.05077914321538112,True,307
"BA (m=2, hubs)","linear, continuous T",oracle,225,peer,0.5,0.4129412451819774,0.0885601282889478,True,307
"BA (m=2, hubs)","linear, continuous T",linear (correct),225,direct,1.0,1.0387054676513385,0.05235750806489376,True,307
"BA (m=2, hubs)","linear, continuous T",linear (correct),225,peer,0.5,0.4167432403872474,0.0952117209056037,True,307
"BA (m=2, hubs)","paper eq. 38, binary T",oracle,225,direct,10.0,10.009182731610604,0.12247065427170753,True,307
"BA (m=2, hubs)","paper eq. 38, binary T",oracle,225,peer,5.0,4.8976259577609795,0.10189223953978846,True,307
SBM (40 blocks),"linear, continuous T",oracle,225,direct,1.0,0.9944537276179939,0.06489028565333131,True,230
SBM (40 blocks),"linear, continuous T",oracle,225,peer,0.5,0.3984500172318446,0.11172970168614067,True,230
SBM (40 blocks),"linear, continuous T",linear (correct),225,direct,1.0,1.008474822763089,0.06739591424360591,True,230
SBM (40 blocks),"linear, continuous T",linear (correct),225,peer,0.5,0.3985688723384507,0.11240237492995413,True,230
SBM (40 blocks),"paper eq. 38, binary T",oracle,225,direct,10.0,10.147198179650625,0.14055305240211918,True,230
SBM (40 blocks),"paper eq. 38, binary T",oracle,225,peer,5.0,5.127535785847239,0.06319183404236577,False,230
ER (avg deg 4),"linear, continuous T",oracle,226,direct,1.0,1.0329085546383863,0.043216046733428166,True,440
ER (avg deg 4),"linear, continuous T",oracle,226,peer,0.5,0.45988840161816763,0.06982584875326633,True,440
ER (avg deg 4),"linear, continuous T",linear (correct),226,direct,1.0,1.0223212202274108,0.045570097573569404,True,440
ER (avg deg 4),"linear, continuous T",linear (correct),226,peer,0.5,0.4636079446798172,0.07425311127927499,True,440
ER (avg deg 4),"paper eq. 38, binary T",oracle,226,direct,10.0,10.134165692010502,0.08897346427308511,True,440
ER (avg deg 4),"paper eq. 38, binary T",oracle,226,peer,5.0,4.985264229022189,0.07173027110500982,True,440
"BA (m=2, hubs)","linear, continuous T",oracle,226,direct,1.0,0.9636012812661927,0.06227917485905675,True,308
"BA (m=2, hubs)","linear, continuous T",oracle,226,peer,0.5,0.5057571605876939,0.08929764879601311,True,308
"BA (m=2, hubs)","linear, continuous T",linear (correct),226,direct,1.0,0.9664607950243718,0.06366708396766059,True,308
"BA (m=2, hubs)","linear, continuous T",linear (correct),226,peer,0.5,0.5068523212531227,0.08861222518370045,True,308
"BA (m=2, hubs)","paper eq. 38, binary T",oracle,226,direct,10.0,9.879303964918511,0.11996071663292497,True,308
"BA (m=2, hubs)","paper eq. 38, binary T",oracle,226,peer,5.0,4.977782333293393,0.08342626823340897,True,308
SBM (40 blocks),"linear, continuous T",oracle,226,direct,1.0,0.9833889724481474,0.07346942224388399,True,237
SBM (40 blocks),"linear, continuous T",oracle,226,peer,0.5,0.4717401946133402,0.1181639170597523,True,237
SBM (40 blocks),"linear, continuous T",linear (correct),226,direct,1.0,0.9790595452486175,0.07192247427009549,True,237
SBM (40 blocks),"linear, continuous T",linear (correct),226,peer,0.5,0.49642515798499565,0.11465256659864108,True,237
SBM (40 blocks),"paper eq. 38, binary T",oracle,226,direct,10.0,10.023490733126648,0.13734125341577025,True,237
SBM (40 blocks),"paper eq. 38, binary T",oracle,226,peer,5.0,4.9971293826554986,0.0712686918824292,True,237
ER (avg deg 4),"linear, continuous T",oracle,227,direct,1.0,1.058563230545036,0.04712084052039788,True,459
ER (avg deg 4),"linear, continuous T",oracle,227,peer,0.5,0.5261820238103657,0.06728242716143105,True,459
ER (avg deg 4),"linear, continuous T",linear (correct),227,direct,1.0,1.0570050947549752,0.045390455738651046,True,459
ER (avg deg 4),"linear, continuous T",linear (correct),227,peer,0.5,0.5332703295505121,0.06429975333779438,True,459
ER (avg deg 4),"paper eq. 38, binary T",oracle,227,direct,10.0,9.930505877600305,0.09490066436210068,True,459
ER (avg deg 4),"paper eq. 38, binary T",oracle,227,peer,5.0,5.1505010876526205,0.0621647275699452,False,459
"BA (m=2, hubs)","linear, continuous T",oracle,227,direct,1.0,0.9974680500929953,0.05619944865637713,True,313
"BA (m=2, hubs)","linear, continuous T",oracle,227,peer,0.5,0.5466987193859092,0.07887780328014839,True,313
"BA (m=2, hubs)","linear, continuous T",linear (correct),227,direct,1.0,0.9981219726353734,0.055260700456903566,True,313
"BA (m=2, hubs)","linear, continuous T",linear (correct),227,peer,0.5,0.5591649808540774,0.07617693818895452,True,313
"BA (m=2, hubs)","paper eq. 38, binary T",oracle,227,direct,10.0,10.008527852350962,0.10899303408312176,True,313
"BA (m=2, hubs)","paper eq. 38, binary T",oracle,227,peer,5.0,4.987447764541376,0.07391168057810532,True,313
SBM (40 blocks),"linear, continuous T",oracle,227,direct,1.0,0.9994401736897008,0.05770279862641221,True,237
SBM (40 blocks),"linear, continuous T",oracle,227,peer,0.5,0.5381391690059835,0.10675432232030625,True,237
SBM (40 blocks),"linear, continuous T",linear (correct),227,direct,1.0,1.003151800817,0.05798624961784006,True,237
SBM (40 blocks),"linear, continuous T",linear (correct),227,peer,0.5,0.4939475922505012,0.11243399561456932,True,237
SBM (40 blocks),"paper eq. 38, binary T",oracle,227,direct,10.0,10.06854869434115,0.12357299785151722,True,237
SBM (40 blocks),"paper eq. 38, binary T",oracle,227,peer,5.0,5.066001532256647,0.08496724416469581,True,237
ER (avg deg 4),"linear, continuous T",oracle,228,direct,1.0,0.9750236585788558,0.045311916763881,True,454
ER (avg deg 4),"linear, continuous T",oracle,228,peer,0.5,0.7152402529364288,0.06252287157075549,False,454
ER (avg deg 4),"linear, continuous T",linear (correct),228,direct,1.0,0.9890001248668059,0.04754336856774961,True,454
ER (avg deg 4),"linear, continuous T",linear (correct),228,peer,0.5,0.7268955498222798,0.06346580752199352,False,454
ER (avg deg 4),"paper eq. 38, binary T",oracle,228,direct,10.0,9.834984947735053,0.09289897702592259,True,454
ER (avg deg 4),"paper eq. 38, binary T",oracle,228,peer,5.0,4.934723221240367,0.06026504022191244,True,454
"BA (m=2, hubs)","linear, continuous T",oracle,228,direct,1.0,0.9419601440052946,0.06972834308380335,True,315
"BA (m=2, hubs)","linear, continuous T",oracle,228,peer,0.5,0.36424748278110086,0.08511267103382142,True,315
"BA (m=2, hubs)","linear, continuous T",linear (correct),228,direct,1.0,0.9352216123763152,0.06464138320682801,True,315
"BA (m=2, hubs)","linear, continuous T",linear (correct),228,peer,0.5,0.34195370926462026,0.08500003956497224,True,315
"BA (m=2, hubs)","paper eq. 38, binary T",oracle,228,direct,10.0,9.964732620821707,0.11925905226954815,True,315
"BA (m=2, hubs)","paper eq. 38, binary T",oracle,228,peer,5.0,4.982866558791106,0.07379400079152673,True,315
SBM (40 blocks),"linear, continuous T",oracle,228,direct,1.0,1.021295977051359,0.06748889782303444,True,237
SBM (40 blocks),"linear, continuous T",oracle,228,peer,0.5,0.37697676542509256,0.10885257564173617,True,237
SBM (40 blocks),"linear, continuous T",linear (correct),228,direct,1.0,1.0194737187576475,0.06437640704153416,True,237
SBM (40 blocks),"linear, continuous T",linear (correct),228,peer,0.5,0.3724292496974632,0.10414005115867198,True,237
SBM (40 blocks),"paper eq. 38, binary T",oracle,228,direct,10.0,9.996676878063424,0.12754677512628035,True,237
SBM (40 blocks),"paper eq. 38, binary T",oracle,228,peer,5.0,5.063942003842863,0.05885735572476844,True,237
ER (avg deg 4),"linear, continuous T",oracle,229,direct,1.0,0.97744152465264,0.04800024678408464,True,457
ER (avg deg 4),"linear, continuous T",oracle,229,peer,0.5,0.5524975571547616,0.07457991715872253,True,457
ER (avg deg 4),"linear, continuous T",linear (correct),229,direct,1.0,0.9781838348530089,0.04808003728811048,True,457
ER (avg deg 4),"linear, continuous T",linear (correct),229,peer,0.5,0.5537429560504223,0.07307365513036868,True,457
ER (avg deg 4),"paper eq. 38, binary T",oracle,229,direct,10.0,9.89467903262527,0.09612231916048353,True,457
ER (avg deg 4),"paper eq. 38, binary T",oracle,229,peer,5.0,4.988329163992587,0.06607946629114199,True,457
"BA (m=2, hubs)","linear, continuous T",oracle,229,direct,1.0,1.064869035227968,0.0598492119388062,True,325
"BA (m=2, hubs)","linear, continuous T",oracle,229,peer,0.5,0.48748087131342366,0.07428051026413662,True,325
"BA (m=2, hubs)","linear, continuous T",linear (correct),229,direct,1.0,1.0532605840044906,0.0621696587800589,True,325
"BA (m=2, hubs)","linear, continuous T",linear (correct),229,peer,0.5,0.48980129250559185,0.07512015090751473,True,325
"BA (m=2, hubs)","paper eq. 38, binary T",oracle,229,direct,10.0,9.77027801316775,0.14424281069046194,True,325
"BA (m=2, hubs)","paper eq. 38, binary T",oracle,229,peer,5.0,4.925010744995923,0.09163494296189528,True,325
SBM (40 blocks),"linear, continuous T",oracle,229,direct,1.0,0.9959129614687471,0.08189671105942474,True,230
SBM (40 blocks),"linear, continuous T",oracle,229,peer,0.5,0.4851422293232484,0.12922741564257822,True,230
SBM (40 blocks),"linear, continuous T",linear (correct),229,direct,1.0,1.0053254876730366,0.08338693103422848,True,230
SBM (40 blocks),"linear, continuous T",linear (correct),229,peer,0.5,0.5054378558330549,0.12811490932488306,True,230
SBM (40 blocks),"paper eq. 38, binary T",oracle,229,direct,10.0,9.926877314164335,0.12602595753794388,True,230
SBM (40 blocks),"paper eq. 38, binary T",oracle,229,peer,5.0,5.091703648394353,0.07625232154135177,True,230
ER (avg deg 4),"linear, continuous T",oracle,230,direct,1.0,0.9775021887631105,0.050329539072341695,True,449
ER (avg deg 4),"linear, continuous T",oracle,230,peer,0.5,0.5176007477734101,0.05545561613263632,True,449
ER (avg deg 4),"linear, continuous T",linear (correct),230,direct,1.0,0.9818676127575554,0.049117118064030386,True,449
ER (avg deg 4),"linear, continuous T",linear (correct),230,peer,0.5,0.513615018805789,0.05550374031606918,True,449
ER (avg deg 4),"paper eq. 38, binary T",oracle,230,direct,10.0,10.028145551158147,0.09791475949846379,True,449
ER (avg deg 4),"paper eq. 38, binary T",oracle,230,peer,5.0,5.045708444201892,0.06864067570553868,True,449
"BA (m=2, hubs)","linear, continuous T",oracle,230,direct,1.0,0.954144656709036,0.0604780581453001,True,313
"BA (m=2, hubs)","linear, continuous T",oracle,230,peer,0.5,0.609269208467931,0.0825796133526736,True,313
"BA (m=2, hubs)","linear, continuous T",linear (correct),230,direct,1.0,0.9456125807259421,0.06059387806001284,True,313
"BA (m=2, hubs)","linear, continuous T",linear (correct),230,peer,0.5,0.5926968229179864,0.08368168283301985,True,313
"BA (m=2, hubs)","paper eq. 38, binary T",oracle,230,direct,10.0,10.018462800303702,0.10901793319821472,True,313
"BA (m=2, hubs)","paper eq. 38, binary T",oracle,230,peer,5.0,4.89614909164305,0.0801826654849242,True,313
SBM (40 blocks),"linear, continuous T",oracle,230,direct,1.0,0.9563535670794653,0.0634597815986508,True,230
SBM (40 blocks),"linear, continuous T",oracle,230,peer,0.5,0.350056363039429,0.1359524548885892,True,230
SBM (40 blocks),"linear, continuous T",linear (correct),230,direct,1.0,0.9466430034601766,0.062366375672488504,True,230
SBM (40 blocks),"linear, continuous T",linear (correct),230,peer,0.5,0.36428380753341555,0.13513457718315924,True,230
SBM (40 blocks),"paper eq. 38, binary T",oracle,230,direct,10.0,10.191180387849705,0.1307576831579977,True,230
SBM (40 blocks),"paper eq. 38, binary T",oracle,230,peer,5.0,4.918981164017448,0.08183478641718488,True,230
ER (avg deg 4),"linear, continuous T",oracle,231,direct,1.0,1.0272042195627908,0.051744711360303286,True,450
ER (avg deg 4),"linear, continuous T",oracle,231,peer,0.5,0.4967274315293192,0.06429923443567533,True,450
ER (avg deg 4),"linear, continuous T",linear (correct),231,direct,1.0,1.0189442087656155,0.04807218258616433,True,450
ER (avg deg 4),"linear, continuous T",linear (correct),231,peer,0.5,0.49590433727959476,0.06092633812414521,True,450
ER (avg deg 4),"paper eq. 38, binary T",oracle,231,direct,10.0,10.044633593713442,0.08832467017833377,True,450
ER (avg deg 4),"paper eq. 38, binary T",oracle,231,peer,5.0,5.016954318443276,0.07309294200402104,True,450
"BA (m=2, hubs)","linear, continuous T",oracle,231,direct,1.0,0.9566449572730276,0.05618258486489323,True,304
"BA (m=2, hubs)","linear, continuous T",oracle,231,peer,0.5,0.6603251002978666,0.08066407801937651,False,304
"BA (m=2, hubs)","linear, continuous T",linear (correct),231,direct,1.0,0.9398633678748589,0.05475364307752957,True,304
"BA (m=2, hubs)","linear, continuous T",linear (correct),231,peer,0.5,0.6730799095995401,0.07981766208222604,False,304
"BA (m=2, hubs)","paper eq. 38, binary T",oracle,231,direct,10.0,10.074848829558151,0.12064787415455852,True,304
"BA (m=2, hubs)","paper eq. 38, binary T",oracle,231,peer,5.0,4.891898970588681,0.09656293973971296,True,304
SBM (40 blocks),"linear, continuous T",oracle,231,direct,1.0,1.045341696181479,0.058157380057303476,True,229
SBM (40 blocks),"linear, continuous T",oracle,231,peer,0.5,0.551170948671362,0.13367328090753502,True,229
SBM (40 blocks),"linear, continuous T",linear (correct),231,direct,1.0,1.0460212600931804,0.0548641808874447,True,229
SBM (40 blocks),"linear, continuous T",linear (correct),231,peer,0.5,0.563760573500306,0.12994323138561334,True,229
SBM (40 blocks),"paper eq. 38, binary T",oracle,231,direct,10.0,9.968140815157918,0.14167146622422866,True,229
SBM (40 blocks),"paper eq. 38, binary T",oracle,231,peer,5.0,4.877165618140446,0.09414453592372195,True,229
ER (avg deg 4),"linear, continuous T",oracle,232,direct,1.0,0.9459600832711728,0.048952227557296155,True,471
ER (avg deg 4),"linear, continuous T",oracle,232,peer,0.5,0.45099655289779395,0.0645731765172129,True,471
ER (avg deg 4),"linear, continuous T",linear (correct),232,direct,1.0,0.9363145706597015,0.05104883319682299,True,471
ER (avg deg 4),"linear, continuous T",linear (correct),232,peer,0.5,0.4539648861302174,0.06418515774724051,True,471
ER (avg deg 4),"paper eq. 38, binary T",oracle,232,direct,10.0,10.025370245780415,0.09739786418015257,True,471
ER (avg deg 4),"paper eq. 38, binary T",oracle,232,peer,5.0,5.054264650307544,0.07377472057589018,True,471
"BA (m=2, hubs)","linear, continuous T",oracle,232,direct,1.0,0.9793938145285336,0.05524295037073945,True,325
"BA (m=2, hubs)","linear, continuous T",oracle,232,peer,0.5,0.48524055793405424,0.07380396844931117,True,325
"BA (m=2, hubs)","linear, continuous T",linear (correct),232,direct,1.0,0.9807121594572166,0.05599039664098062,True,325
"BA (m=2, hubs)","linear, continuous T",linear (correct),232,peer,0.5,0.4865475197385524,0.07257633799700347,True,325
"BA (m=2, hubs)","paper eq. 38, binary T",oracle,232,direct,10.0,10.050875057586962,0.11754536366292816,True,325
"BA (m=2, hubs)","paper eq. 38, binary T",oracle,232,peer,5.0,5.118507985669894,0.07937269471476792,True,325
SBM (40 blocks),"linear, continuous T",oracle,232,direct,1.0,0.9964279805129213,0.067402572780455,True,227
SBM (40 blocks),"linear, continuous T",oracle,232,peer,0.5,0.5644533820028556,0.11317333172725644,True,227
SBM (40 blocks),"linear, continuous T",linear (correct),232,direct,1.0,0.9911484436315171,0.06735265739021777,True,227
SBM (40 blocks),"linear, continuous T",linear (correct),232,peer,0.5,0.5663635030798455,0.11739894993600934,True,227
SBM (40 blocks),"paper eq. 38, binary T",oracle,232,direct,10.0,10.035161456219898,0.12699696493390397,True,227
SBM (40 blocks),"paper eq. 38, binary T",oracle,232,peer,5.0,5.022694226643179,0.07008395260647196,True,227
ER (avg deg 4),"linear, continuous T",oracle,233,direct,1.0,0.9047383470969432,0.04678543267648316,False,463
ER (avg deg 4),"linear, continuous T",oracle,233,peer,0.5,0.497899187750409,0.058287693221104615,True,463
ER (avg deg 4),"linear, continuous T",linear (correct),233,direct,1.0,0.910014318522911,0.04716033375951637,True,463
ER (avg deg 4),"linear, continuous T",linear (correct),233,peer,0.5,0.500774969166927,0.05569461032451431,True,463
ER (avg deg 4),"paper eq. 38, binary T",oracle,233,direct,10.0,10.042993612010338,0.10279941683133106,True,463
ER (avg deg 4),"paper eq. 38, binary T",oracle,233,peer,5.0,4.937669288665572,0.06381816696951324,True,463
"BA (m=2, hubs)","linear, continuous T",oracle,233,direct,1.0,0.9282646549081269,0.055507768739937,True,314
"BA (m=2, hubs)","linear, continuous T",oracle,233,peer,0.5,0.52390973810409,0.09983738730472692,True,314
"BA (m=2, hubs)","linear, continuous T",linear (correct),233,direct,1.0,0.9252366814820802,0.05601627474990099,True,314
"BA (m=2, hubs)","linear, continuous T",linear (correct),233,peer,0.5,0.5265057100008081,0.10153486365432582,True,314
"BA (m=2, hubs)","paper eq. 38, binary T",oracle,233,direct,10.0,9.859565052718638,0.12264521537732027,True,314
"BA (m=2, hubs)","paper eq. 38, binary T",oracle,233,peer,5.0,4.844968600511081,0.10127578050836819,True,314
SBM (40 blocks),"linear, continuous T",oracle,233,direct,1.0,0.8713070628237133,0.07168275100785766,True,234
SBM (40 blocks),"linear, continuous T",oracle,233,peer,0.5,0.6017416432465319,0.09519454133957424,True,234
SBM (40 blocks),"linear, continuous T",linear (correct),233,direct,1.0,0.8727776832905401,0.07476182276183449,True,234
SBM (40 blocks),"linear, continuous T",linear (correct),233,peer,0.5,0.5825052917754916,0.09307511264210303,True,234
SBM (40 blocks),"paper eq. 38, binary T",oracle,233,direct,10.0,10.107420827630593,0.13361953742857402,True,234
SBM (40 blocks),"paper eq. 38, binary T",oracle,233,peer,5.0,4.932654595624433,0.057155396917333345,True,234
ER (avg deg 4),"linear, continuous T",oracle,234,direct,1.0,1.0508236690896604,0.0427102384828328,True,462
ER (avg deg 4),"linear, continuous T",oracle,234,peer,0.5,0.5434079099502822,0.05843411872037976,True,462
ER (avg deg 4),"linear, continuous T",linear (correct),234,direct,1.0,1.0669388411854197,0.04427762562493976,True,462
ER (avg deg 4),"linear, continuous T",linear (correct),234,peer,0.5,0.5365385417934061,0.05928452396698893,True,462
ER (avg deg 4),"paper eq. 38, binary T",oracle,234,direct,10.0,10.118530875859642,0.10370993466694017,True,462
ER (avg deg 4),"paper eq. 38, binary T",oracle,234,peer,5.0,5.000989104787072,0.06410267927270388,True,462
"BA (m=2, hubs)","linear, continuous T",oracle,234,direct,1.0,0.9386336249239797,0.046675731546440356,True,314
"BA (m=2, hubs)","linear, continuous T",oracle,234,peer,0.5,0.3580916449787941,0.07861217441134631,True,314
"BA (m=2, hubs)","linear, continuous T",linear (correct),234,direct,1.0,0.9274539677561638,0.050529137620190775,True,314
"BA (m=2, hubs)","linear, continuous T",linear (correct),234,peer,0.5,0.362177258288532,0.08223123759960654,True,314
"BA (m=2, hubs)","paper eq. 38, binary T",oracle,234,direct,10.0,9.990015949854326,0.11306624823475027,True,314
"BA (m=2, hubs)","paper eq. 38, binary T",oracle,234,peer,5.0,4.975589647711875,0.07911625154411309,True,314
SBM (40 blocks),"linear, continuous T",oracle,234,direct,1.0,0.9027815153400464,0.06540616210389504,True,223
SBM (40 blocks),"linear, continuous T",oracle,234,peer,0.5,0.5168395116783111,0.11120464901501584,True,223
SBM (40 blocks),"linear, continuous T",linear (correct),234,direct,1.0,0.9008590787582148,0.06810843674506814,True,223
SBM (40 blocks),"linear, continuous T",linear (correct),234,peer,0.5,0.5162360446521387,0.12018647304225728,True,223
SBM (40 blocks),"paper eq. 38, binary T",oracle,234,direct,10.0,9.634052841186637,0.13001996196566692,False,223
SBM (40 blocks),"paper eq. 38, binary T",oracle,234,peer,5.0,5.077036427630657,0.06554169849040022,True,223
ER (avg deg 4),"linear, continuous T",oracle,235,direct,1.0,0.9738150267381706,0.05342758124133813,True,470
ER (avg deg 4),"linear, continuous T",oracle,235,peer,0.5,0.5942574028781,0.06895447697550583,True,470
ER (avg deg 4),"linear, continuous T",linear (correct),235,direct,1.0,0.9636798868472771,0.05247809631011297,True,470
ER (avg deg 4),"linear, continuous T",linear (correct),235,peer,0.5,0.5945511464495951,0.06892011846644135,True,470
ER (avg deg 4),"paper eq. 38, binary T",oracle,235,direct,10.0,9.99778663847902,0.09444713951076181,True,470
ER (avg deg 4),"paper eq. 38, binary T",oracle,235,peer,5.0,4.9705753347255675,0.05474833509567124,True,470
"BA (m=2, hubs)","linear, continuous T",oracle,235,direct,1.0,0.9398489397511411,0.056833834926817525,True,323
"BA (m=2, hubs)","linear, continuous T",oracle,235,peer,0.5,0.33926588240239286,0.07491069736949706,False,323
"BA (m=2, hubs)","linear, continuous T",linear (correct),235,direct,1.0,0.9527619087160147,0.05631188297047825,True,323
"BA (m=2, hubs)","linear, continuous T",linear (correct),235,peer,0.5,0.34303130978436513,0.07196511042231252,False,323
"BA (m=2, hubs)","paper eq. 38, binary T",oracle,235,direct,10.0,9.979371633179497,0.12233753848809542,True,323
"BA (m=2, hubs)","paper eq. 38, binary T",oracle,235,peer,5.0,5.043383047380755,0.08037602014168936,True,323
SBM (40 blocks),"linear, continuous T",oracle,235,direct,1.0,1.0583883675958592,0.060294922797367964,True,231
SBM (40 blocks),"linear, continuous T",oracle,235,peer,0.5,0.5946378389590798,0.10445499665258125,True,231
SBM (40 blocks),"linear, continuous T",linear (correct),235,direct,1.0,1.0443101907810313,0.05908376896353931,True,231
SBM (40 blocks),"linear, continuous T",linear (correct),235,peer,0.5,0.6133145669448795,0.10297536580650063,True,231
SBM (40 blocks),"paper eq. 38, binary T",oracle,235,direct,10.0,9.744735329744527,0.14126473700319236,True,231
SBM (40 blocks),"paper eq. 38, binary T",oracle,235,peer,5.0,5.0456606724462185,0.06990290007039537,True,231
ER (avg deg 4),"linear, continuous T",oracle,236,direct,1.0,0.9636590752383898,0.04429530515586167,True,466
ER (avg deg 4),"linear, continuous T",oracle,236,peer,0.5,0.5169715457581742,0.05313955797933632,True,466
ER (avg deg 4),"linear, continuous T",linear (correct),236,direct,1.0,0.9637483321060492,0.04302982060100291,True,466
ER (avg deg 4),"linear, continuous T",linear (correct),236,peer,0.5,0.5179694509711703,0.05274935395430601,True,466
ER (avg deg 4),"paper eq. 38, binary T",oracle,236,direct,10.0,9.925073276120363,0.08750452487752437,True,466
ER (avg deg 4),"paper eq. 38, binary T",oracle,236,peer,5.0,4.996596517655514,0.0717539568266103,True,466
"BA (m=2, hubs)","linear, continuous T",oracle,236,direct,1.0,1.0213787814254978,0.05933360212413879,True,302
"BA (m=2, hubs)","linear, continuous T",oracle,236,peer,0.5,0.4944576446840377,0.07218264869459291,True,302
"BA (m=2, hubs)","linear, continuous T",linear (correct),236,direct,1.0,1.0182832588752628,0.06056173589418833,True,302
"BA (m=2, hubs)","linear, continuous T",linear (correct),236,peer,0.5,0.48698421247317686,0.0749127762781637,True,302
"BA (m=2, hubs)","paper eq. 38, binary T",oracle,236,direct,10.0,10.054757272495733,0.11640835090373024,True,302
"BA (m=2, hubs)","paper eq. 38, binary T",oracle,236,peer,5.0,4.939393096754573,0.08329471605149276,True,302
SBM (40 blocks),"linear, continuous T",oracle,236,direct,1.0,1.0111087162256172,0.06944707174686005,True,228
SBM (40 blocks),"linear, continuous T",oracle,236,peer,0.5,0.5530554792718658,0.09508851512258892,True,228
SBM (40 blocks),"linear, continuous T",linear (correct),236,direct,1.0,1.0223194109160723,0.06998701126572475,True,228
SBM (40 blocks),"linear, continuous T",linear (correct),236,peer,0.5,0.5548321311503625,0.0959156753278364,True,228
SBM (40 blocks),"paper eq. 38, binary T",oracle,236,direct,10.0,9.657814149009795,0.13701360280556468,False,228
SBM (40 blocks),"paper eq. 38, binary T",oracle,236,peer,5.0,4.8600905163048305,0.08411622010421248,True,228
ER (avg deg 4),"linear, continuous T",oracle,237,direct,1.0,1.0387169514716028,0.04786953934772613,True,422
ER (avg deg 4),"linear, continuous T",oracle,237,peer,0.5,0.5707041177874781,0.05997849422021015,True,422
ER (avg deg 4),"linear, continuous T",linear (correct),237,direct,1.0,1.0515455153603865,0.04693407496275602,True,422
ER (avg deg 4),"linear, continuous T",linear (correct),237,peer,0.5,0.5762547277919187,0.059499227046351154,True,422
ER (avg deg 4),"paper eq. 38, binary T",oracle,237,direct,10.0,9.885275665863533,0.10508707936296482,True,422
ER (avg deg 4),"paper eq. 38, binary T",oracle,237,peer,5.0,4.996839873715728,0.06908001084798913,True,422
"BA (m=2, hubs)","linear, continuous T",oracle,237,direct,1.0,1.1279477358492094,0.05895048927074449,False,309
"BA (m=2, hubs)","linear, continuous T",oracle,237,peer,0.5,0.5896860078099404,0.08775195572020562,True,309
"BA (m=2, hubs)","linear, continuous T",linear (correct),237,direct,1.0,1.1084147515846412,0.057482033658796554,True,309
"BA (m=2, hubs)","linear, continuous T",linear (correct),237,peer,0.5,0.5813978779155786,0.08274128284255382,True,309
"BA (m=2, hubs)","paper eq. 38, binary T",oracle,237,direct,10.0,10.14229448135184,0.11764618419811416,True,309
"BA (m=2, hubs)","paper eq. 38, binary T",oracle,237,peer,5.0,4.845257205261558,0.08802855784500471,True,309
SBM (40 blocks),"linear, continuous T",oracle,237,direct,1.0,0.9902238895665755,0.06583632075109648,True,236
SBM (40 blocks),"linear, continuous T",oracle,237,peer,0.5,0.5707673535356907,0.1247623110263858,True,236
SBM (40 blocks),"linear, continuous T",linear (correct),237,direct,1.0,0.9919827329751327,0.0628342962802833,True,236
SBM (40 blocks),"linear, continuous T",linear (correct),237,peer,0.5,0.568667122334015,0.12091097175241326,True,236
SBM (40 blocks),"paper eq. 38, binary T",oracle,237,direct,10.0,10.067909123572475,0.14197357693171422,True,236
SBM (40 blocks),"paper eq. 38, binary T",oracle,237,peer,5.0,4.982792301187225,0.1017890129724557,True,236
ER (avg deg 4),"linear, continuous T",oracle,238,direct,1.0,1.011870702410414,0.04971365721870256,True,462
ER (avg deg 4),"linear, continuous T",oracle,238,peer,0.5,0.5060039535848811,0.06795368766369025,True,462
ER (avg deg 4),"linear, continuous T",linear (correct),238,direct,1.0,1.0114944311873866,0.0484438557440285,True,462
ER (avg deg 4),"linear, continuous T",linear (correct),238,peer,0.5,0.4988693085864999,0.06611024651372517,True,462
ER (avg deg 4),"paper eq. 38, binary T",oracle,238,direct,10.0,9.979709299388604,0.08769051024134536,True,462
ER (avg deg 4),"paper eq. 38, binary T",oracle,238,peer,5.0,5.022031218983741,0.07338171745005913,True,462
"BA (m=2, hubs)","linear, continuous T",oracle,238,direct,1.0,0.9580913527692412,0.06645293004536221,True,300
"BA (m=2, hubs)","linear, continuous T",oracle,238,peer,0.5,0.48307569590852756,0.09192785241090992,True,300
"BA (m=2, hubs)","linear, continuous T",linear (correct),238,direct,1.0,0.9499381082488246,0.06116998357031788,True,300
"BA (m=2, hubs)","linear, continuous T",linear (correct),238,peer,0.5,0.49083871906526283,0.08291606666538055,True,300
"BA (m=2, hubs)","paper eq. 38, binary T",oracle,238,direct,10.0,10.124726689286248,0.11236040508713871,True,300
"BA (m=2, hubs)","paper eq. 38, binary T",oracle,238,peer,5.0,4.930098250354998,0.07219367966659185,True,300
SBM (40 blocks),"linear, continuous T",oracle,238,direct,1.0,1.0256214915439863,0.07473805327582324,True,222
SBM (40 blocks),"linear, continuous T",oracle,238,peer,0.5,0.5905944495057467,0.10980256741318836,True,222
SBM (40 blocks),"linear, continuous T",linear (correct),238,direct,1.0,1.014970020874547,0.07467178677372639,True,222
SBM (40 blocks),"linear, continuous T",linear (correct),238,peer,0.5,0.6025462087957416,0.10776207272649299,True,222
SBM (40 blocks),"paper eq. 38, binary T",oracle,238,direct,10.0,9.884068128508202,0.13078910337917476,True,222
SBM (40 blocks),"paper eq. 38, binary T",oracle,238,peer,5.0,5.0434300572647235,0.059512282724602655,True,222
ER (avg deg 4),"linear, continuous T",oracle,239,direct,1.0,1.0143897501336872,0.05077518181846116,True,458
ER (avg deg 4),"linear, continuous T",oracle,239,peer,0.5,0.542640879841741,0.058354131424320346,True,458
ER (avg deg 4),"linear, continuous T",linear (correct),239,direct,1.0,1.0199571531374265,0.0572312824437081,True,458
ER (avg deg 4),"linear, continuous T",linear (correct),239,peer,0.5,0.565941544178318,0.059828849051156395,True,458
ER (avg deg 4),"paper eq. 38, binary T",oracle,239,direct,10.0,9.914464306818296,0.1043665578624882,True,458
ER (avg deg 4),"paper eq. 38, binary T",oracle,239,peer,5.0,4.8954294531243105,0.06662954761773612,True,458
"BA (m=2, hubs)","linear, continuous T",oracle,239,direct,1.0,0.9735237362420791,0.05485383888899523,True,310
"BA (m=2, hubs)","linear, continuous T",oracle,239,peer,0.5,0.5432540758668125,0.08399041802374445,True,310
"BA (m=2, hubs)","linear, continuous T",linear (correct),239,direct,1.0,0.9692050512998467,0.05564492657135501,True,310
"BA (m=2, hubs)","linear, continuous T",linear (correct),239,peer,0.5,0.527511975910876,0.0871533112061655,True,310
"BA (m=2, hubs)","paper eq. 38, binary T",oracle,239,direct,10.0,10.087337412695913,0.1103183173797906,True,310
"BA (m=2, hubs)","paper eq. 38, binary T",oracle,239,peer,5.0,5.02544978741,0.08583797462288437,True,310
SBM (40 blocks),"linear, continuous T",oracle,239,direct,1.0,1.020172795314331,0.0796455027273944,True,229
SBM (40 blocks),"linear, continuous T",oracle,239,peer,0.5,0.35587428436919627,0.12047100242158741,True,229
SBM (40 blocks),"linear, continuous T",linear (correct),239,direct,1.0,1.0300842834192137,0.07645750109160782,True,229
SBM (40 blocks),"linear, continuous T",linear (correct),239,peer,0.5,0.3838926323653079,0.1223956198692226,True,229
SBM (40 blocks),"paper eq. 38, binary T",oracle,239,direct,10.0,9.959579584437096,0.1213676848598283,True,229
SBM (40 blocks),"paper eq. 38, binary T",oracle,239,peer,5.0,4.980211213306293,0.0589931174907358,True,229
ER (avg deg 4),"linear, continuous T",oracle,240,direct,1.0,1.0471972716120885,0.050566740931108044,True,443
ER (avg deg 4),"linear, continuous T",oracle,240,peer,0.5,0.4988152869137247,0.06575411783117793,True,443
ER (avg deg 4),"linear, continuous T",linear (correct),240,direct,1.0,1.0429693413806351,0.051750412294858425,True,443
ER (avg deg 4),"linear, continuous T",linear (correct),240,peer,0.5,0.5030027751234637,0.06883493189365168,True,443
ER (avg deg 4),"paper eq. 38, binary T",oracle,240,direct,10.0,9.906485077829997,0.09723661381775658,True,443
ER (avg deg 4),"paper eq. 38, binary T",oracle,240,peer,5.0,5.147520822690414,0.07697499972269516,True,443
"BA (m=2, hubs)","linear, continuous T",oracle,240,direct,1.0,1.0038797010335514,0.054049683585732373,True,307
"BA (m=2, hubs)","linear, continuous T",oracle,240,peer,0.5,0.4164347241638061,0.08320475271527239,True,307
"BA (m=2, hubs)","linear, continuous T",linear (correct),240,direct,1.0,1.0075904794426476,0.054840501481579415,True,307
"BA (m=2, hubs)","linear, continuous T",linear (correct),240,peer,0.5,0.40474602819688277,0.08542961111279308,True,307
"BA (m=2, hubs)","paper eq. 38, binary T",oracle,240,direct,10.0,9.996124097504541,0.11617863463662914,True,307
"BA (m=2, hubs)","paper eq. 38, binary T",oracle,240,peer,5.0,4.99840335154769,0.09053117605121337,True,307
SBM (40 blocks),"linear, continuous T",oracle,240,direct,1.0,1.0821437867423114,0.05402220349647664,True,234
SBM (40 blocks),"linear, continuous T",oracle,240,peer,0.5,0.2703986453752382,0.11233653746661278,False,234
SBM (40 blocks),"linear, continuous T",linear (correct),240,direct,1.0,1.0652823802613753,0.056228794050932444,True,234
SBM (40 blocks),"linear, continuous T",linear (correct),240,peer,0.5,0.2703303043831413,0.11525729010566008,False,234
SBM (40 blocks),"paper eq. 38, binary T",oracle,240,direct,10.0,9.95710974505004,0.14464706459216042,True,234
SBM (40 blocks),"paper eq. 38, binary T",oracle,240,peer,5.0,4.86222947212461,0.0725360231975006,True,234
ER (avg deg 4),"linear, continuous T",oracle,241,direct,1.0,1.0203119059820196,0.05120251014026426,True,447
ER (avg deg 4),"linear, continuous T",oracle,241,peer,0.5,0.5977156128239545,0.07115780402276795,True,447
ER (avg deg 4),"linear, continuous T",linear (correct),241,direct,1.0,1.0158146035204718,0.04801271151418118,True,447
ER (avg deg 4),"linear, continuous T",linear (correct),241,peer,0.5,0.5769383401406506,0.06805164487346244,True,447
ER (avg deg 4),"paper eq. 38, binary T",oracle,241,direct,10.0,10.103577878062278,0.09562969096259885,True,447
ER (avg deg 4),"paper eq. 38, binary T",oracle,241,peer,5.0,5.108788547840411,0.07801619402333572,True,447
"BA (m=2, hubs)","linear, continuous T",oracle,241,direct,1.0,0.9498564747938203,0.06743779929004544,True,299
"BA (m=2, hubs)","linear, continuous T",oracle,241,peer,0.5,0.4458701836696352,0.09462263397720332,True,299
"BA (m=2, hubs)","linear, continuous T",linear (correct),241,direct,1.0,0.9555129274876185,0.06795013265063043,True,299
"BA (m=2, hubs)","linear, continuous T",linear (correct),241,peer,0.5,0.45403581107556684,0.09507829097509833,True,299
"BA (m=2, hubs)","paper eq. 38, binary T",oracle,241,direct,10.0,10.402318676400677,0.109905010120706,False,299
"BA (m=2, hubs)","paper eq. 38, binary T",oracle,241,peer,5.0,4.933263054168394,0.08147307724675944,True,299
SBM (40 blocks),"linear, continuous T",oracle,241,direct,1.0,1.0160973079346372,0.05643864140728299,True,223
SBM (40 blocks),"linear, continuous T",oracle,241,peer,0.5,0.47173806111872213,0.11072414244899037,True,223
SBM (40 blocks),"linear, continuous T",linear (correct),241,direct,1.0,1.014731993541495,0.05453576459181601,True,223
SBM (40 blocks),"linear, continuous T",linear (correct),241,peer,0.5,0.4454115239097576,0.11099436015251245,True,223
SBM (40 blocks),"paper eq. 38, binary T",oracle,241,direct,10.0,10.089213048354026,0.12678348452941754,True,223
SBM (40 blocks),"paper eq. 38, binary T",oracle,241,peer,5.0,4.906924698275322,0.07165787861088407,True,223
ER (avg deg 4),"linear, continuous T",oracle,242,direct,1.0,1.0115040222477212,0.05263628229139752,True,444
ER (avg deg 4),"linear, continuous T",oracle,242,peer,0.5,0.5791032044303684,0.06494642356831676,True,444
ER (avg deg 4),"linear, continuous T",linear (correct),242,direct,1.0,1.0089346474157153,0.049145490826441145,True,444
ER (avg deg 4),"linear, continuous T",linear (correct),242,peer,0.5,0.5824521697653707,0.06231892050358119,True,444
ER (avg deg 4),"paper eq. 38, binary T",oracle,242,direct,10.0,10.077690348009968,0.09410416800669613,True,444
ER (avg deg 4),"paper eq. 38, binary T",oracle,242,peer,5.0,5.121855674379597,0.07063605432529568,True,444
"BA (m=2, hubs)","linear, continuous T",oracle,242,direct,1.0,1.0184187721854199,0.0516770914458738,True,314
"BA (m=2, hubs)","linear, continuous T",oracle,242,peer,0.5,0.5217914686201384,0.07642163986934042,True,314
"BA (m=2, hubs)","linear, continuous T",linear (correct),242,direct,1.0,1.0277801117576082,0.05302821205598875,True,314
"BA (m=2, hubs)","linear, continuous T",linear (correct),242,peer,0.5,0.527264177837414,0.07710888570379686,True,314
"BA (m=2, hubs)","paper eq. 38, binary T",oracle,242,direct,10.0,9.909402521153003,0.11459753119358657,True,314
"BA (m=2, hubs)","paper eq. 38, binary T",oracle,242,peer,5.0,4.93729308596724,0.08471678838719855,True,314
SBM (40 blocks),"linear, continuous T",oracle,242,direct,1.0,1.075627068629285,0.07610314921589342,True,228
SBM (40 blocks),"linear, continuous T",oracle,242,peer,0.5,0.4836449794184241,0.12194274971379238,True,228
SBM (40 blocks),"linear, continuous T",linear (correct),242,direct,1.0,1.066128142201156,0.07883539046968872,True,228
SBM (40 blocks),"linear, continuous T",linear (correct),242,peer,0.5,0.5215147427422488,0.1328800506609025,True,228
SBM (40 blocks),"paper eq. 38, binary T",oracle,242,direct,10.0,10.10045275340188,0.12688210317683163,True,228
SBM (40 blocks),"paper eq. 38, binary T",oracle,242,peer,5.0,5.0587518743693,0.06777268594599299,True,228
ER (avg deg 4),"linear, continuous T",oracle,243,direct,1.0,1.0100499000567889,0.04234402270673363,True,459
ER (avg deg 4),"linear, continuous T",oracle,243,peer,0.5,0.48524617015983995,0.0683249034314242,True,459
ER (avg deg 4),"linear, continuous T",linear (correct),243,direct,1.0,1.0121772646344722,0.0432884910128735,True,459
ER (avg deg 4),"linear, continuous T",linear (correct),243,peer,0.5,0.49001834587086435,0.06960054439269259,True,459
ER (avg deg 4),"paper eq. 38, binary T",oracle,243,direct,10.0,10.017274595867043,0.0945816288453453,True,459
ER (avg deg 4),"paper eq. 38, binary T",oracle,243,peer,5.0,4.866491081095229,0.08166413581475222,True,459
"BA (m=2, hubs)","linear, continuous T",oracle,243,direct,1.0,1.201682718497219,0.06373742081626668,False,310
"BA (m=2, hubs)","linear, continuous T",oracle,243,peer,0.5,0.5740047854459529,0.08235555840175852,True,310
"BA (m=2, hubs)","linear, continuous T",linear (correct),243,direct,1.0,1.2048938742332274,0.06511376824359526,False,310
"BA (m=2, hubs)","linear, continuous T",linear (correct),243,peer,0.5,0.5306569240224002,0.084410204102995,True,310
"BA (m=2, hubs)","paper eq. 38, binary T",oracle,243,direct,10.0,9.861048667321333,0.12686308385816397,True,310
"BA (m=2, hubs)","paper eq. 38, binary T",oracle,243,peer,5.0,5.071044317290908,0.09946225896642273,True,310
SBM (40 blocks),"linear, continuous T",oracle,243,direct,1.0,1.0168098273780304,0.07279523231416188,True,234
SBM (40 blocks),"linear, continuous T",oracle,243,peer,0.5,0.4535414576078179,0.11878677232858453,True,234
SBM (40 blocks),"linear, continuous T",linear (correct),243,direct,1.0,1.0298351152723983,0.0729997963653778,True,234
SBM (40 blocks),"linear, continuous T",linear (correct),243,peer,0.5,0.41878384276535907,0.12005982865283439,True,234
SBM (40 blocks),"paper eq. 38, binary T",oracle,243,direct,10.0,9.852214836508555,0.14490014662141967,True,234
SBM (40 blocks),"paper eq. 38, binary T",oracle,243,peer,5.0,4.974741944444714,0.07487876752034305,True,234
ER (avg deg 4),"linear, continuous T",oracle,244,direct,1.0,1.0042117130429988,0.04626309702056673,True,452
ER (avg deg 4),"linear, continuous T",oracle,244,peer,0.5,0.4381925945481043,0.06671091856118215,True,452
ER (avg deg 4),"linear, continuous T",linear (correct),244,direct,1.0,1.0131365300319592,0.04674285967540637,True,452
ER (avg deg 4),"linear, continuous T",linear (correct),244,peer,0.5,0.430003042977816,0.07067258136783358,True,452
ER (avg deg 4),"paper eq. 38, binary T",oracle,244,direct,10.0,10.142858165847821,0.101561292241934,True,452
ER (avg deg 4),"paper eq. 38, binary T",oracle,244,peer,5.0,5.120080066951222,0.07661727451592142,True,452
"BA (m=2, hubs)","linear, continuous T",oracle,244,direct,1.0,0.9204501871411142,0.055978350748708536,True,296
"BA (m=2, hubs)","linear, continuous T",oracle,244,peer,0.5,0.64391363676938,0.08240164457958708,True,296
"BA (m=2, hubs)","linear, continuous T",linear (correct),244,direct,1.0,0.9095448600271278,0.056131407956274755,True,296
"BA (m=2, hubs)","linear, continuous T",linear (correct),244,peer,0.5,0.6636909581209005,0.08340217129682669,False,296
"BA (m=2, hubs)","paper eq. 38, binary T",oracle,244,direct,10.0,10.092934363087233,0.12229428675179721,True,296
"BA (m=2, hubs)","paper eq. 38, binary T",oracle,244,peer,5.0,5.025398116763854,0.0810237616597547,True,296
SBM (40 blocks),"linear, continuous T",oracle,244,direct,1.0,1.1860551414256324,0.06363034867181488,False,236
SBM (40 blocks),"linear, continuous T",oracle,244,peer,0.5,0.4685027943711787,0.11895866488258669,True,236
SBM (40 blocks),"linear, continuous T",linear (correct),244,direct,1.0,1.1681890805603847,0.06851826482290481,False,236
SBM (40 blocks),"linear, continuous T",linear (correct),244,peer,0.5,0.45943422403324585,0.11521662059759656,True,236
SBM (40 blocks),"paper eq. 38, binary T",oracle,244,direct,10.0,10.053590180848603,0.1418417497303547,True,236
SBM (40 blocks),"paper eq. 38, binary T",oracle,244,peer,5.0,4.984177127167971,0.0709970120031285,True,236
ER (avg deg 4),"linear, continuous T",oracle,245,direct,1.0,0.967453438686271,0.05249977561898977,True,436
ER (avg deg 4),"linear, continuous T",oracle,245,peer,0.5,0.5860796202307121,0.05713411763506093,True,436
ER (avg deg 4),"linear, continuous T",linear (correct),245,direct,1.0,0.96152241327262,0.051939697115467885,True,436
ER (avg deg 4),"linear, continuous T",linear (correct),245,peer,0.5,0.5892692126748253,0.057659155874073074,True,436
ER (avg deg 4),"paper eq. 38, binary T",oracle,245,direct,10.0,10.063866422988715,0.09177405710163498,True,436
ER (avg deg 4),"paper eq. 38, binary T",oracle,245,peer,5.0,5.021367092054797,0.08017936456028792,True,436
"BA (m=2, hubs)","linear, continuous T",oracle,245,direct,1.0,1.0059150993343662,0.04358326728829167,True,316
"BA (m=2, hubs)","linear, continuous T",oracle,245,peer,0.5,0.4854888273858011,0.07076762432496005,True,316
"BA (m=2, hubs)","linear, continuous T",linear (correct),245,direct,1.0,1.006773421607496,0.04525802794560411,True,316
"BA (m=2, hubs)","linear, continuous T",linear (correct),245,peer,0.5,0.4925286649508744,0.07354658430112171,True,316
"BA (m=2, hubs)","paper eq. 38, binary T",oracle,245,direct,10.0,10.038474371992345,0.09938127574184866,True,316
"BA (m=2, hubs)","paper eq. 38, binary T",oracle,245,peer,5.0,4.930317910847228,0.07900087391512742,True,316
SBM (40 blocks),"linear, continuous T",oracle,245,direct,1.0,1.0237078366755403,0.06299723611219434,True,221
SBM (40 blocks),"linear, continuous T",oracle,245,peer,0.5,0.46682947489493043,0.11440562686399783,True,221
SBM (40 blocks),"linear, continuous T",linear (correct),245,direct,1.0,1.0317409924047314,0.06781848286450493,True,221
SBM (40 blocks),"linear, continuous T",linear (correct),245,peer,0.5,0.47864587045430024,0.11960509779497339,True,221
SBM (40 blocks),"paper eq. 38, binary T",oracle,245,direct,10.0,10.112519103935298,0.14973690023527456,True,221
SBM (40 blocks),"paper eq. 38, binary T",oracle,245,peer,5.0,5.075056153375574,0.07505463936313202,True,221
ER (avg deg 4),"linear, continuous T",oracle,246,direct,1.0,1.0097820621820601,0.049015897592094994,True,464
ER (avg deg 4),"linear, continuous T",oracle,246,peer,0.5,0.58730593269507,0.05243728076597302,True,464
ER (avg deg 4),"linear, continuous T",linear (correct),246,direct,1.0,1.0106662091454632,0.049657412009786996,True,464
ER (avg deg 4),"linear, continuous T",linear (correct),246,peer,0.5,0.60953357691509,0.0546007159435028,False,464
ER (avg deg 4),"paper eq. 38, binary T",oracle,246,direct,10.0,10.099633728950186,0.09840964347496677,True,464
ER (avg deg 4),"paper eq. 38, binary T",oracle,246,peer,5.0,5.075229278259358,0.06519029482082718,True,464
"BA (m=2, hubs)","linear, continuous T",oracle,246,direct,1.0,0.9428076179862406,0.05941105281824476,True,301
"BA (m=2, hubs)","linear, continuous T",oracle,246,peer,0.5,0.5067571781847335,0.07650180196995823,True,301
"BA (m=2, hubs)","linear, continuous T",linear (correct),246,direct,1.0,0.940001359277649,0.05973929509952486,True,301
"BA (m=2, hubs)","linear, continuous T",linear (correct),246,peer,0.5,0.5014379362972503,0.07644752968208295,True,301
"BA (m=2, hubs)","paper eq. 38, binary T",oracle,246,direct,10.0,10.085386265885179,0.11889683866317374,True,301
"BA (m=2, hubs)","paper eq. 38, binary T",oracle,246,peer,5.0,4.973036989269775,0.0812642887936236,True,301
SBM (40 blocks),"linear, continuous T",oracle,246,direct,1.0,1.0181572676410973,0.0668490249805825,True,231
SBM (40 blocks),"linear, continuous T",oracle,246,peer,0.5,0.5370372795557794,0.1106990775275089,True,231
SBM (40 blocks),"linear, continuous T",linear (correct),246,direct,1.0,1.0187999749874435,0.06652596634879941,True,231
SBM (40 blocks),"linear, continuous T",linear (correct),246,peer,0.5,0.5157085449090109,0.11321133123721477,True,231
SBM (40 blocks),"paper eq. 38, binary T",oracle,246,direct,10.0,10.09958145440769,0.14561201252127906,True,231
SBM (40 blocks),"paper eq. 38, binary T",oracle,246,peer,5.0,5.0177295218723215,0.09983030756466943,True,231
ER (avg deg 4),"linear, continuous T",oracle,247,direct,1.0,0.9860579746517444,0.03826327258513587,True,464
ER (avg deg 4),"linear, continuous T",oracle,247,peer,0.5,0.45933093322238344,0.05693655630666463,True,464
ER (avg deg 4),"linear, continuous T",linear (correct),247,direct,1.0,0.9839153530803805,0.04006017981720015,True,464
ER (avg deg 4),"linear, continuous T",linear (correct),247,peer,0.5,0.47059888960541857,0.055611574388416726,True,464
ER (avg deg 4),"paper eq. 38, binary T",oracle,247,direct,10.0,10.007377049793417,0.09030837528659194,True,464
ER (avg deg 4),"paper eq. 38, binary T",oracle,247,peer,5.0,4.997472191674855,0.06476171392037391,True,464
"BA (m=2, hubs)","linear, continuous T",oracle,247,direct,1.0,0.9885599168550979,0.05537232056810434,True,301
"BA (m=2, hubs)","linear, continuous T",oracle,247,peer,0.5,0.46532226432622825,0.08968306979428795,True,301
"BA (m=2, hubs)","linear, continuous T",linear (correct),247,direct,1.0,0.9933977400901881,0.05414477758812782,True,301
"BA (m=2, hubs)","linear, continuous T",linear (correct),247,peer,0.5,0.4790839494763426,0.08356735350184491,True,301
"BA (m=2, hubs)","paper eq. 38, binary T",oracle,247,direct,10.0,9.952556822532406,0.1148258602676348,True,301
"BA (m=2, hubs)","paper eq. 38, binary T",oracle,247,peer,5.0,4.973900008955837,0.07617030478161434,True,301
SBM (40 blocks),"linear, continuous T",oracle,247,direct,1.0,1.0252248565122744,0.05716648047294819,True,238
SBM (40 blocks),"linear, continuous T",oracle,247,peer,0.5,0.5739806766632183,0.13346763766906922,True,238
SBM (40 blocks),"linear, continuous T",linear (correct),247,direct,1.0,1.0258682280121159,0.05530321748499581,True,238
SBM (40 blocks),"linear, continuous T",linear (correct),247,peer,0.5,0.5565746058345543,0.12045689405381367,True,238
SBM (40 blocks),"paper eq. 38, binary T",oracle,247,direct,10.0,9.913021598919036,0.12240835180522006,True,238
SBM (40 blocks),"paper eq. 38, binary T",oracle,247,peer,5.0,4.9306201736338915,0.07987447152072993,True,238
ER (avg deg 4),"linear, continuous T",oracle,248,direct,1.0,1.0060467074617372,0.040671142101722416,True,449
ER (avg deg 4),"linear, continuous T",oracle,248,peer,0.5,0.46385370134877846,0.05610855575450639,True,449
ER (avg deg 4),"linear, continuous T",linear (correct),248,direct,1.0,1.010078403538803,0.04130210881124934,True,449
ER (avg deg 4),"linear, continuous T",linear (correct),248,peer,0.5,0.465745314562358,0.05672745903445109,True,449
ER (avg deg 4),"paper eq. 38, binary T",oracle,248,direct,10.0,10.01874603478593,0.09729442998029633,True,449
ER (avg deg 4),"paper eq. 38, binary T",oracle,248,peer,5.0,5.090889178871546,0.07618571904538651,True,449
"BA (m=2, hubs)","linear, continuous T",oracle,248,direct,1.0,0.928585054992939,0.05606682238442017,True,301
"BA (m=2, hubs)","linear, continuous T",oracle,248,peer,0.5,0.6438700346340237,0.09433618855518487,True,301
"BA (m=2, hubs)","linear, continuous T",linear (correct),248,direct,1.0,0.9261891321849658,0.058040941628183546,True,301
"BA (m=2, hubs)","linear, continuous T",linear (correct),248,peer,0.5,0.6549900114330294,0.09656192567737416,True,301
"BA (m=2, hubs)","paper eq. 38, binary T",oracle,248,direct,10.0,9.99745499470539,0.11943174929206285,True,301
"BA (m=2, hubs)","paper eq. 38, binary T",oracle,248,peer,5.0,5.056324414041748,0.08228876399901883,True,301
SBM (40 blocks),"linear, continuous T",oracle,248,direct,1.0,0.9005072441514932,0.06464288285611192,True,237
SBM (40 blocks),"linear, continuous T",oracle,248,peer,0.5,0.4162435486029756,0.12924311945970474,True,237
SBM (40 blocks),"linear, continuous T",linear (correct),248,direct,1.0,0.8880244810904955,0.06580141300971364,True,237
SBM (40 blocks),"linear, continuous T",linear (correct),248,peer,0.5,0.3887866133554259,0.1254798311380274,True,237
SBM (40 blocks),"paper eq. 38, binary T",oracle,248,direct,10.0,10.065885799040048,0.12773288146786382,True,237
SBM (40 blocks),"paper eq. 38, binary T",oracle,248,peer,5.0,4.9820726232142345,0.06621879950048115,True,237
ER (avg deg 4),"linear, continuous T",oracle,249,direct,1.0,1.0472963743111876,0.05254588781076915,True,452
ER (avg deg 4),"linear, continuous T",oracle,249,peer,0.5,0.574610516222915,0.06902309437710924,True,452
ER (avg deg 4),"linear, continuous T",linear (correct),249,direct,1.0,1.0478337918703764,0.053802618983721066,True,452
ER (avg deg 4),"linear, continuous T",linear (correct),249,peer,0.5,0.5691275760171013,0.07038022125027177,True,452
ER (avg deg 4),"paper eq. 38, binary T",oracle,249,direct,10.0,10.027538753408981,0.09095283534255462,True,452
ER (avg deg 4),"paper eq. 38, binary T",oracle,249,peer,5.0,5.0583128894659675,0.06295117099349748,True,452
"BA (m=2, hubs)","linear, continuous T",oracle,249,direct,1.0,1.1094232890705797,0.06578503213935612,True,313
"BA (m=2, hubs)","linear, continuous T",oracle,249,peer,0.5,0.5363717621175766,0.08092200962172201,True,313
"BA (m=2, hubs)","linear, continuous T",linear (correct),249,direct,1.0,1.1133758745769304,0.06564925233438546,True,313
"BA (m=2, hubs)","linear, continuous T",linear (correct),249,peer,0.5,0.5436826842735207,0.08049683604838967,True,313
"BA (m=2, hubs)","paper eq. 38, binary T",oracle,249,direct,10.0,10.028700368693304,0.09250048414047342,True,313
"BA (m=2, hubs)","paper eq. 38, binary T",oracle,249,peer,5.0,4.9497418062659975,0.07921887215047209,True,313
SBM (40 blocks),"linear, continuous T",oracle,249,direct,1.0,1.0090766137223721,0.05468492831980283,True,229
SBM (40 blocks),"linear, continuous T",oracle,249,peer,0.5,0.5836213482771024,0.11852939207446828,True,229
SBM (40 blocks),"linear, continuous T",linear (correct),249,direct,1.0,1.0015455232082864,0.05663295692873571,True,229
SBM (40 blocks),"linear, continuous T",linear (correct),249,peer,0.5,0.5717734012158115,0.11784453940658346,True,229
SBM (40 blocks),"paper eq. 38, binary T",oracle,249,direct,10.0,10.07850145313599,0.12738917151106083,True,229
SBM (40 blocks),"paper eq. 38, binary T",oracle,249,peer,5.0,4.940208581147875,0.08595866911210603,True,229
ER (avg deg 4),"linear, continuous T",oracle,250,direct,1.0,1.0210090070125337,0.04387823707343696,True,456
ER (avg deg 4),"linear, continuous T",oracle,250,peer,0.5,0.4934688746460283,0.05845161028073252,True,456
ER (avg deg 4),"linear, continuous T",linear (correct),250,direct,1.0,1.0174315663497546,0.04586467627353723,True,456
ER (avg deg 4),"linear, continuous T",linear (correct),250,peer,0.5,0.49252054241994103,0.05912993119210513,True,456
ER (avg deg 4),"paper eq. 38, binary T",oracle,250,direct,10.0,10.055531246787572,0.08615266351112663,True,456
ER (avg deg 4),"paper eq. 38, binary T",oracle,250,peer,5.0,4.963111014229336,0.06890309011085287,True,456
"BA (m=2, hubs)","linear, continuous T",oracle,250,direct,1.0,0.9058767730863373,0.04970235119919654,True,305
"BA (m=2, hubs)","linear, continuous T",oracle,250,peer,0.5,0.419265354484648,0.09299637036846352,True,305
"BA (m=2, hubs)","linear, continuous T",linear (correct),250,direct,1.0,0.8935324946025289,0.05144527885125489,False,305
"BA (m=2, hubs)","linear, continuous T",linear (correct),250,peer,0.5,0.41105433351226445,0.09959755748146573,True,305
"BA (m=2, hubs)","paper eq. 38, binary T",oracle,250,direct,10.0,10.061046626878756,0.1160088861469411,True,305
"BA (m=2, hubs)","paper eq. 38, binary T",oracle,250,peer,5.0,4.967979610601893,0.0802960623308286,True,305
SBM (40 blocks),"linear, continuous T",oracle,250,direct,1.0,1.0457176106354529,0.06230499339938764,True,228
SBM (40 blocks),"linear, continuous T",oracle,250,peer,0.5,0.5368348526344195,0.09547505762555401,True,228
SBM (40 blocks),"linear, continuous T",linear (correct),250,direct,1.0,1.06162024385096,0.06433090877991532,True,228
SBM (40 blocks),"linear, continuous T",linear (correct),250,peer,0.5,0.5450100580688934,0.09199043753855426,True,228
SBM (40 blocks),"paper eq. 38, binary T",oracle,250,direct,10.0,9.89100553076719,0.1452914016206518,True,228
SBM (40 blocks),"paper eq. 38, binary T",oracle,250,peer,5.0,5.121654177149712,0.061289635521098985,False,228
ER (avg deg 4),"linear, continuous T",oracle,251,direct,1.0,1.0037671392353718,0.04209428054150176,True,430
ER (avg deg 4),"linear, continuous T",oracle,251,peer,0.5,0.4502513091704686,0.05797925895859511,True,430
ER (avg deg 4),"linear, continuous T",linear (correct),251,direct,1.0,0.9943550840804709,0.04296355672841255,True,430
ER (avg deg 4),"linear, continuous T",linear (correct),251,peer,0.5,0.46502208472614553,0.05891492153449385,True,430
ER (avg deg 4),"paper eq. 38, binary T",oracle,251,direct,10.0,9.89726115440977,0.09341563322293439,True,430
ER (avg deg 4),"paper eq. 38, binary T",oracle,251,peer,5.0,5.039698902474739,0.06832183380039263,True,430
"BA (m=2, hubs)","linear, continuous T",oracle,251,direct,1.0,1.106224498048788,0.04846641801949862,False,304
"BA (m=2, hubs)","linear, continuous T",oracle,251,peer,0.5,0.4637505870577567,0.08799289644437135,True,304
"BA (m=2, hubs)","linear, continuous T",linear (correct),251,direct,1.0,1.1247753469730208,0.046730479056364314,False,304
"BA (m=2, hubs)","linear, continuous T",linear (correct),251,peer,0.5,0.4451587297211117,0.08667482735792588,True,304
"BA (m=2, hubs)","paper eq. 38, binary T",oracle,251,direct,10.0,9.832383575593212,0.12136368407769264,True,304
"BA (m=2, hubs)","paper eq. 38, binary T",oracle,251,peer,5.0,4.9451983788590095,0.0794748586173315,True,304
SBM (40 blocks),"linear, continuous T",oracle,251,direct,1.0,0.9972093224016406,0.05408536843746092,True,224
SBM (40 blocks),"linear, continuous T",oracle,251,peer,0.5,0.5578560211686094,0.09807945873218882,True,224
SBM (40 blocks),"linear, continuous T",linear (correct),251,direct,1.0,0.9798766871953112,0.05726724525819089,True,224
SBM (40 blocks),"linear, continuous T",linear (correct),251,peer,0.5,0.5548252546440704,0.10255797970361681,True,224
SBM (40 blocks),"paper eq. 38, binary T",oracle,251,direct,10.0,9.887477217193798,0.12902711232237637,True,224
SBM (40 blocks),"paper eq. 38, binary T",oracle,251,peer,5.0,4.99103949964105,0.0695607710162721,True,224
ER (avg deg 4),"linear, continuous T",oracle,252,direct,1.0,1.0522511621615007,0.04418426781556428,True,462
ER (avg deg 4),"linear, continuous T",oracle,252,peer,0.5,0.470607539565738,0.07215576571275843,True,462
ER (avg deg 4),"linear, continuous T",linear (correct),252,direct,1.0,1.0374444704631947,0.04334539696236559,True,462
ER (avg deg 4),"linear, continuous T",linear (correct),252,peer,0.5,0.47317498992127655,0.07062823608070856,True,462
ER (avg deg 4),"paper eq. 38, binary T",oracle,252,direct,10.0,9.981997757635401,0.09680052463282203,True,462
ER (avg deg 4),"paper eq. 38, binary T",oracle,252,peer,5.0,5.037739141446476,0.0764714907610341,True,462
"BA (m=2, hubs)","linear, continuous T",oracle,252,direct,1.0,1.1104080137745989,0.06912320714945612,True,299
"BA (m=2, hubs)","linear, continuous T",oracle,252,peer,0.5,0.6031769616444171,0.08885105047034571,True,299
"BA (m=2, hubs)","linear, continuous T",linear (correct),252,direct,1.0,1.097401517534749,0.06556393222065314,True,299
"BA (m=2, hubs)","linear, continuous T",linear (correct),252,peer,0.5,0.586013793213646,0.08579346393173022,True,299
"BA (m=2, hubs)","paper eq. 38, binary T",oracle,252,direct,10.0,10.167973549833173,0.13595867208112095,True,299
"BA (m=2, hubs)","paper eq. 38, binary T",oracle,252,peer,5.0,5.07029452233994,0.0883074693878595,True,299
SBM (40 blocks),"linear, continuous T",oracle,252,direct,1.0,0.9064697250522775,0.07872252035056564,True,234
SBM (40 blocks),"linear, continuous T",oracle,252,peer,0.5,0.39918734378793774,0.1138156967914896,True,234
SBM (40 blocks),"linear, continuous T",linear (correct),252,direct,1.0,0.9273248884275481,0.07544977812070294,True,234
SBM (40 blocks),"linear, continuous T",linear (correct),252,peer,0.5,0.42992546488308764,0.1105491136906216,True,234
SBM (40 blocks),"paper eq. 38, binary T",oracle,252,direct,10.0,10.011109037221804,0.14841154643489787,True,234
SBM (40 blocks),"paper eq. 38, binary T",oracle,252,peer,5.0,5.015211939318884,0.08262707956263039,True,234
ER (avg deg 4),"linear, continuous T",oracle,253,direct,1.0,1.0019041761899248,0.053555422343050024,True,444
ER (avg deg 4),"linear, continuous T",oracle,253,peer,0.5,0.48999998458940935,0.06319568530898845,True,444
ER (avg deg 4),"linear, continuous T",linear (correct),253,direct,1.0,1.0004608774818127,0.05442593972605445,True,444
ER (avg deg 4),"linear, continuous T",linear (correct),253,peer,0.5,0.48745664651328496,0.06481820601891626,True,444
ER (avg deg 4),"paper eq. 38, binary T",oracle,253,direct,10.0,9.981474107383637,0.09279060494096732,True,444
ER (avg deg 4),"paper eq. 38, binary T",oracle,253,peer,5.0,5.1415843325246255,0.07770124699845683,True,444
"BA (m=2, hubs)","linear, continuous T",oracle,253,direct,1.0,1.0709761321438835,0.052621974318754976,True,302
"BA (m=2, hubs)","linear, continuous T",oracle,253,peer,0.5,0.6278596761509153,0.07597851545470798,True,302
"BA (m=2, hubs)","linear, continuous T",linear (correct),253,direct,1.0,1.0802821397758984,0.05040772732960198,True,302
"BA (m=2, hubs)","linear, continuous T",linear (correct),253,peer,0.5,0.6314433667561694,0.0734419685919506,True,302
"BA (m=2, hubs)","paper eq. 38, binary T",oracle,253,direct,10.0,9.938113423120484,0.12258108979059226,True,302
"BA (m=2, hubs)","paper eq. 38, binary T",oracle,253,peer,5.0,4.94070148215112,0.07759142377715463,True,302
SBM (40 blocks),"linear, continuous T",oracle,253,direct,1.0,1.080030583198232,0.07030285129318346,True,235
SBM (40 blocks),"linear, continuous T",oracle,253,peer,0.5,0.6192599538229091,0.12218483723762932,True,235
SBM (40 blocks),"linear, continuous T",linear (correct),253,direct,1.0,1.0737226721509399,0.06683088179855942,True,235
SBM (40 blocks),"linear, continuous T",linear (correct),253,peer,0.5,0.6597101089740939,0.12089054712014101,True,235
SBM (40 blocks),"paper eq. 38, binary T",oracle,253,direct,10.0,9.913221588847517,0.13285412525819393,True,235
SBM (40 blocks),"paper eq. 38, binary T",oracle,253,peer,5.0,5.144897505604941,0.06683486611644754,False,235
ER (avg deg 4),"linear, continuous T",oracle,254,direct,1.0,1.0161202712804644,0.04362881713508759,True,449
ER (avg deg 4),"linear, continuous T",oracle,254,peer,0.5,0.5448132848078056,0.06664975797857658,True,449
ER (avg deg 4),"linear, continuous T",linear (correct),254,direct,1.0,1.010963619075896,0.04503994555526087,True,449
ER (avg deg 4),"linear, continuous T",linear (correct),254,peer,0.5,0.5324668710894256,0.07090391609611085,True,449
ER (avg deg 4),"paper eq. 38, binary T",oracle,254,direct,10.0,9.926225428177785,0.09409061475973274,True,449
ER (avg deg 4),"paper eq. 38, binary T",oracle,254,peer,5.0,4.974543770434286,0.08358974064442384,True,449
"BA (m=2, hubs)","linear, continuous T",oracle,254,direct,1.0,0.92950471765966,0.05263203566546429,True,314
"BA (m=2, hubs)","linear, continuous T",oracle,254,peer,0.5,0.5089547944660808,0.08064887491648429,True,314
"BA (m=2, hubs)","linear, continuous T",linear (correct),254,direct,1.0,0.9277463699423822,0.054256636993337756,True,314
"BA (m=2, hubs)","linear, continuous T",linear (correct),254,peer,0.5,0.5094769712297127,0.0837611806824381,True,314
"BA (m=2, hubs)","paper eq. 38, binary T",oracle,254,direct,10.0,9.869609261365994,0.11650824165945191,True,314
"BA (m=2, hubs)","paper eq. 38, binary T",oracle,254,peer,5.0,5.004105768383899,0.09488079566335592,True,314
SBM (40 blocks),"linear, continuous T",oracle,254,direct,1.0,1.14064449621447,0.05886394386636064,False,226
SBM (40 blocks),"linear, continuous T",oracle,254,peer,0.5,0.41808996815740074,0.1400880558771027,True,226
SBM (40 blocks),"linear, continuous T",linear (correct),254,direct,1.0,1.1527625949572313,0.05850162876857272,False,226
SBM (40 blocks),"linear, continuous T",linear (correct),254,peer,0.5,0.3366849545564777,0.13499810588941802,True,226
SBM (40 blocks),"paper eq. 38, binary T",oracle,254,direct,10.0,10.152829815226255,0.15635817909001962,True,226
SBM (40 blocks),"paper eq. 38, binary T",oracle,254,peer,5.0,4.985541374569216,0.0764181752171219,True,226
ER (avg deg 4),"linear, continuous T",oracle,255,direct,1.0,1.0729388603332075,0.04075125276066293,True,442
ER (avg deg 4),"linear, continuous T",oracle,255,peer,0.5,0.527346742502487,0.060796519150529686,True,442
ER (avg deg 4),"linear, continuous T",linear (correct),255,direct,1.0,1.0741283756924367,0.040899921980349294,True,442
ER (avg deg 4),"linear, continuous T",linear (correct),255,peer,0.5,0.5283218570042368,0.06018945921640648,True,442
ER (avg deg 4),"paper eq. 38, binary T",oracle,255,direct,10.0,9.913796673415817,0.0902624913558378,True,442
ER (avg deg 4),"paper eq. 38, binary T",oracle,255,peer,5.0,4.982742863997166,0.07523964064482078,True,442
"BA (m=2, hubs)","linear, continuous T",oracle,255,direct,1.0,1.094568877470403,0.05008091831105529,True,314
"BA (m=2, hubs)","linear, continuous T",oracle,255,peer,0.5,0.6026314355478775,0.06593159615700142,True,314
"BA (m=2, hubs)","linear, continuous T",linear (correct),255,direct,1.0,1.0953423002430218,0.05128721455190468,True,314
"BA (m=2, hubs)","linear, continuous T",linear (correct),255,peer,0.5,0.6564138636212061,0.06725786699241183,False,314
"BA (m=2, hubs)","paper eq. 38, binary T",oracle,255,direct,10.0,9.673819849611123,0.12395602867367575,False,314
"BA (m=2, hubs)","paper eq. 38, binary T",oracle,255,peer,5.0,4.973293148743474,0.07611938640112127,True,314
SBM (40 blocks),"linear, continuous T",oracle,255,direct,1.0,0.9977394434803782,0.06537331933840038,True,235
SBM (40 blocks),"linear, continuous T",oracle,255,peer,0.5,0.676096721300293,0.11238572216868523,True,235
SBM (40 blocks),"linear, continuous T",linear (correct),255,direct,1.0,1.0039449810046124,0.06550888583964708,True,235
SBM (40 blocks),"linear, continuous T",linear (correct),255,peer,0.5,0.6710498941386615,0.11924324496123327,True,235
SBM (40 blocks),"paper eq. 38, binary T",oracle,255,direct,10.0,9.845010855970065,0.14753083422051774,True,235
SBM (40 blocks),"paper eq. 38, binary T",oracle,255,peer,5.0,4.918071722664813,0.07907212086094076,True,235
ER (avg deg 4),"linear, continuous T",oracle,256,direct,1.0,0.9026873949010483,0.04247315398640068,False,468
ER (avg deg 4),"linear, continuous T",oracle,256,peer,0.5,0.529508982424958,0.05445215699752351,True,468
ER (avg deg 4),"linear, continuous T",linear (correct),256,direct,1.0,0.8916138037865259,0.0439481470264657,False,468
ER (avg deg 4),"linear, continuous T",linear (correct),256,peer,0.5,0.5310828844721408,0.05764024393083768,True,468
ER (avg deg 4),"paper eq. 38, binary T",oracle,256,direct,10.0,10.010540889388013,0.08846193212469686,True,468
ER (avg deg 4),"paper eq. 38, binary T",oracle,256,peer,5.0,5.081690627616025,0.07739359490209294,True,468
"BA (m=2, hubs)","linear, continuous T",oracle,256,direct,1.0,1.0160357641782731,0.055164872844885936,True,305
"BA (m=2, hubs)","linear, continuous T",oracle,256,peer,0.5,0.41231913113210716,0.08544430051687638,True,305
"BA (m=2, hubs)","linear, continuous T",linear (correct),256,direct,1.0,1.0076192683792717,0.056476157367330554,True,305
"BA (m=2, hubs)","linear, continuous T",linear (correct),256,peer,0.5,0.4016200681115616,0.08790662737304429,True,305
"BA (m=2, hubs)","paper eq. 38, binary T",oracle,256,direct,10.0,9.837044140557099,0.12723556801983954,True,305
"BA (m=2, hubs)","paper eq. 38, binary T",oracle,256,peer,5.0,4.917254755306895,0.08483446679718966,True,305
SBM (40 blocks),"linear, continuous T",oracle,256,direct,1.0,1.0747289743189936,0.06326241376697671,True,237
SBM (40 blocks),"linear, continuous T",oracle,256,peer,0.5,0.7553003784196707,0.11005349908858024,False,237
SBM (40 blocks),"linear, continuous T",linear (correct),256,direct,1.0,1.0763101168340337,0.061811226716237476,True,237
SBM (40 blocks),"linear, continuous T",linear (correct),256,peer,0.5,0.7300059449920703,0.10489620059722869,False,237
SBM (40 blocks),"paper eq. 38, binary T",oracle,256,direct,10.0,10.16108849664723,0.13293213409591426,True,237
SBM (40 blocks),"paper eq. 38, binary T",oracle,256,peer,5.0,4.937116486069434,0.06684464585248115,True,237
ER (avg deg 4),"linear, continuous T",oracle,257,direct,1.0,1.0115806364893891,0.04898625679638339,True,448
ER (avg deg 4),"linear, continuous T",oracle,257,peer,0.5,0.5090051755424285,0.07275824532191448,True,448
ER (avg deg 4),"linear, continuous T",linear (correct),257,direct,1.0,1.017533398492727,0.04861273642655053,True,448
ER (avg deg 4),"linear, continuous T",linear (correct),257,peer,0.5,0.5190603904091894,0.07209319730888113,True,448
ER (avg deg 4),"paper eq. 38, binary T",oracle,257,direct,10.0,9.987734647655795,0.09959489958829232,True,448
ER (avg deg 4),"paper eq. 38, binary T",oracle,257,peer,5.0,5.075220765511601,0.06864791641658538,True,448
"BA (m=2, hubs)","linear, continuous T",oracle,257,direct,1.0,0.9754589040914443,0.061109728338811856,True,303
"BA (m=2, hubs)","linear, continuous T",oracle,257,peer,0.5,0.3856484209647135,0.0871720736972469,True,303
"BA (m=2, hubs)","linear, continuous T",linear (correct),257,direct,1.0,0.984301194004674,0.06505357906532917,True,303
"BA (m=2, hubs)","linear, continuous T",linear (correct),257,peer,0.5,0.4076917993444965,0.08709727853462695,True,303
"BA (m=2, hubs)","paper eq. 38, binary T",oracle,257,direct,10.0,10.123174798569522,0.11212363231711417,True,303
"BA (m=2, hubs)","paper eq. 38, binary T",oracle,257,peer,5.0,5.035720997520912,0.06938792293121544,True,303
SBM (40 blocks),"linear, continuous T",oracle,257,direct,1.0,1.0700377997216488,0.08419595720741271,True,236
SBM (40 blocks),"linear, continuous T",oracle,257,peer,0.5,0.6299057886137508,0.13758710595362242,True,236
SBM (40 blocks),"linear, continuous T",linear (correct),257,direct,1.0,1.0514380785185373,0.08104791955981985,True,236
SBM (40 blocks),"linear, continuous T",linear (correct),257,peer,0.5,0.6324267780302367,0.13445104467384938,True,236
SBM (40 blocks),"paper eq. 38, binary T",oracle,257,direct,10.0,9.959136309702014,0.1298583862440365,True,236
SBM (40 blocks),"paper eq. 38, binary T",oracle,257,peer,5.0,5.098905747085903,0.062268925591371094,True,236
ER (avg deg 4),"linear, continuous T",oracle,258,direct,1.0,0.9771299366749694,0.051215075149284764,True,462
ER (avg deg 4),"linear, continuous T",oracle,258,peer,0.5,0.4670768703345148,0.061823879366338375,True,462
ER (avg deg 4),"linear, continuous T",linear (correct),258,direct,1.0,0.9783047236929281,0.05139197037757041,True,462
ER (avg deg 4),"linear, continuous T",linear (correct),258,peer,0.5,0.47584796862266987,0.06138234436034742,True,462
ER (avg deg 4),"paper eq. 38, binary T",oracle,258,direct,10.0,10.028665627257423,0.09882051428682621,True,462
ER (avg deg 4),"paper eq. 38, binary T",oracle,258,peer,5.0,4.999795772546591,0.07117505670134294,True,462
"BA (m=2, hubs)","linear, continuous T",oracle,258,direct,1.0,0.9671962879546492,0.04960854787408906,True,309
"BA (m=2, hubs)","linear, continuous T",oracle,258,peer,0.5,0.6411812958540307,0.08536992462620314,True,309
"BA (m=2, hubs)","linear, continuous T",linear (correct),258,direct,1.0,0.9726133871740482,0.05069005626048254,True,309
"BA (m=2, hubs)","linear, continuous T",linear (correct),258,peer,0.5,0.6385670342066593,0.08728733097030898,True,309
"BA (m=2, hubs)","paper eq. 38, binary T",oracle,258,direct,10.0,10.06109996709229,0.12328052865596714,True,309
"BA (m=2, hubs)","paper eq. 38, binary T",oracle,258,peer,5.0,4.945147470008925,0.07627665385299097,True,309
SBM (40 blocks),"linear, continuous T",oracle,258,direct,1.0,1.0429858680729536,0.07125698437731293,True,231
SBM (40 blocks),"linear, continuous T",oracle,258,peer,0.5,0.6389947577991649,0.1365293183093648,True,231
SBM (40 blocks),"linear, continuous T",linear (correct),258,direct,1.0,1.0331365401259187,0.06741756914661019,True,231
SBM (40 blocks),"linear, continuous T",linear (correct),258,peer,0.5,0.641255651084878,0.13440095855524847,True,231
SBM (40 blocks),"paper eq. 38, binary T",oracle,258,direct,10.0,10.044849317351709,0.14054881608154915,True,231
SBM (40 blocks),"paper eq. 38, binary T",oracle,258,peer,5.0,4.9748118330306,0.07922915742625575,True,231
ER (avg deg 4),"linear, continuous T",oracle,259,direct,1.0,0.90820879801545,0.04982029007752855,True,431
ER (avg deg 4),"linear, continuous T",oracle,259,peer,0.5,0.4606536495276527,0.07044011861897875,True,431
ER (avg deg 4),"linear, continuous T",linear (correct),259,direct,1.0,0.916197478468413,0.04907862106918221,True,431
ER (avg deg 4),"linear, continuous T",linear (correct),259,peer,0.5,0.4737988350199764,0.07117667359127205,True,431
ER (avg deg 4),"paper eq. 38, binary T",oracle,259,direct,10.0,9.879198956310452,0.09611586565023152,True,431
ER (avg deg 4),"paper eq. 38, binary T",oracle,259,peer,5.0,5.0055598567677295,0.06726838764592157,True,431
"BA (m=2, hubs)","linear, continuous T",oracle,259,direct,1.0,0.9858351800541911,0.053784444373833847,True,317
"BA (m=2, hubs)","linear, continuous T",oracle,259,peer,0.5,0.4633857343355116,0.07811138755043881,True,317
"BA (m=2, hubs)","linear, continuous T",linear (correct),259,direct,1.0,0.9903820237865547,0.05645649923940074,True,317
"BA (m=2, hubs)","linear, continuous T",linear (correct),259,peer,0.5,0.46149434046744714,0.08019641748090961,True,317
"BA (m=2, hubs)","paper eq. 38, binary T",oracle,259,direct,10.0,9.99137706040475,0.1053719502031212,True,317
"BA (m=2, hubs)","paper eq. 38, binary T",oracle,259,peer,5.0,4.997904795415639,0.06656760734308043,True,317
SBM (40 blocks),"linear, continuous T",oracle,259,direct,1.0,1.008645258547194,0.07207795638925464,True,229
SBM (40 blocks),"linear, continuous T",oracle,259,peer,0.5,0.6831038667450452,0.0997907882080806,True,229
SBM (40 blocks),"linear, continuous T",linear (correct),259,direct,1.0,0.9922991046092635,0.07519621615560543,True,229
SBM (40 blocks),"linear, continuous T",linear (correct),259,peer,0.5,0.6788092611522109,0.10169064337284285,True,229
SBM (40 blocks),"paper eq. 38, binary T",oracle,259,direct,10.0,10.088501259938024,0.12539916865955927,True,229
SBM (40 blocks),"paper eq. 38, binary T",oracle,259,peer,5.0,4.902150988642504,0.06174681462542913,True,229
ER (avg deg 4),"linear, continuous T",oracle,260,direct,1.0,0.9820360246155343,0.040323482904077695,True,455
ER (avg deg 4),"linear, continuous T",oracle,260,peer,0.5,0.45228243680408187,0.06690210742377274,True,455
ER (avg deg 4),"linear, continuous T",linear (correct),260,direct,1.0,0.9847607654751462,0.041516820472960736,True,455
ER (avg deg 4),"linear, continuous T",linear (correct),260,peer,0.5,0.44523904353860894,0.06850923978360676,True,455
ER (avg deg 4),"paper eq. 38, binary T",oracle,260,direct,10.0,9.891479074027407,0.0922474400924208,True,455
ER (avg deg 4),"paper eq. 38, binary T",oracle,260,peer,5.0,5.084544427720687,0.06450503278678556,True,455
"BA (m=2, hubs)","linear, continuous T",oracle,260,direct,1.0,0.9921396885755862,0.04963355684638701,True,301
"BA (m=2, hubs)","linear, continuous T",oracle,260,peer,0.5,0.6144952400887155,0.07633299134587503,True,301
"BA (m=2, hubs)","linear, continuous T",linear (correct),260,direct,1.0,0.9957895646122568,0.052509173016297275,True,301
"BA (m=2, hubs)","linear, continuous T",linear (correct),260,peer,0.5,0.6022090802896926,0.07851753903108505,True,301
"BA (m=2, hubs)","paper eq. 38, binary T",oracle,260,direct,10.0,9.935728643520525,0.10792840656281606,True,301
"BA (m=2, hubs)","paper eq. 38, binary T",oracle,260,peer,5.0,4.950398570687325,0.07378142926522063,True,301
SBM (40 blocks),"linear, continuous T",oracle,260,direct,1.0,1.0175606800369137,0.0727104800412981,True,241
SBM (40 blocks),"linear, continuous T",oracle,260,peer,0.5,0.580376780064529,0.12523662403749142,True,241
SBM (40 blocks),"linear, continuous T",linear (correct),260,direct,1.0,1.00767048311195,0.072180416586633,True,241
SBM (40 blocks),"linear, continuous T",linear (correct),260,peer,0.5,0.5808863964065345,0.1302912390065058,True,241
SBM (40 blocks),"paper eq. 38, binary T",oracle,260,direct,10.0,10.017461519679152,0.14905324873618922,True,241
SBM (40 blocks),"paper eq. 38, binary T",oracle,260,peer,5.0,4.9711976998251854,0.0834819092820452,True,241
ER (avg deg 4),"linear, continuous T",oracle,261,direct,1.0,0.9732676308245124,0.05065727525220225,True,456
ER (avg deg 4),"linear, continuous T",oracle,261,peer,0.5,0.4884173748741264,0.05168803316245239,True,456
ER (avg deg 4),"linear, continuous T",linear (correct),261,direct,1.0,0.9702041529969297,0.04876056641826855,True,456
ER (avg deg 4),"linear, continuous T",linear (correct),261,peer,0.5,0.4793887281835361,0.05242393307992153,True,456
ER (avg deg 4),"paper eq. 38, binary T",oracle,261,direct,10.0,9.896545564281757,0.09308047661293266,True,456
ER (avg deg 4),"paper eq. 38, binary T",oracle,261,peer,5.0,5.104079240848105,0.06527207011731496,True,456
"BA (m=2, hubs)","linear, continuous T",oracle,261,direct,1.0,1.0923687021001742,0.061663930215107236,True,310
"BA (m=2, hubs)","linear, continuous T",oracle,261,peer,0.5,0.5593065171848659,0.07609893115022595,True,310
"BA (m=2, hubs)","linear, continuous T",linear (correct),261,direct,1.0,1.0832189858179788,0.06070508071508385,True,310
"BA (m=2, hubs)","linear, continuous T",linear (correct),261,peer,0.5,0.5708033436822567,0.07772264704679993,True,310
"BA (m=2, hubs)","paper eq. 38, binary T",oracle,261,direct,10.0,10.01096816118915,0.10396280320978546,True,310
"BA (m=2, hubs)","paper eq. 38, binary T",oracle,261,peer,5.0,4.907094575783514,0.07669073871579941,True,310
SBM (40 blocks),"linear, continuous T",oracle,261,direct,1.0,1.1051354099343758,0.06823010575470136,True,230
SBM (40 blocks),"linear, continuous T",oracle,261,peer,0.5,0.648643453742741,0.10714654035349436,True,230
SBM (40 blocks),"linear, continuous T",linear (correct),261,direct,1.0,1.1030130305830497,0.06722755357029576,True,230
SBM (40 blocks),"linear, continuous T",linear (correct),261,peer,0.5,0.6497084821706793,0.10826641553778313,True,230
SBM (40 blocks),"paper eq. 38, binary T",oracle,261,direct,10.0,10.144710632245063,0.11897727105209012,True,230
SBM (40 blocks),"paper eq. 38, binary T",oracle,261,peer,5.0,4.913033342747955,0.06481658307452193,True,230
ER (avg deg 4),"linear, continuous T",oracle,262,direct,1.0,1.0312306629188897,0.043725118041684094,True,461
ER (avg deg 4),"linear, continuous T",oracle,262,peer,0.5,0.5885820464567015,0.06483743107148397,True,461
ER (avg deg 4),"linear, continuous T",linear (correct),262,direct,1.0,1.0313581265465515,0.04540272500204329,True,461
ER (avg deg 4),"linear, continuous T",linear (correct),262,peer,0.5,0.5800917487160587,0.066257699495857,True,461
ER (avg deg 4),"paper eq. 38, binary T",oracle,262,direct,10.0,10.054562429032428,0.09528633203059261,True,461
ER (avg deg 4),"paper eq. 38, binary T",oracle,262,peer,5.0,4.9150611460614195,0.07085138756574942,True,461
"BA (m=2, hubs)","linear, continuous T",oracle,262,direct,1.0,0.8473996538009102,0.05538540175398227,False,326
"BA (m=2, hubs)","linear, continuous T",oracle,262,peer,0.5,0.633551208581971,0.0832737848317805,True,326
"BA (m=2, hubs)","linear, continuous T",linear (correct),262,direct,1.0,0.84613748689605,0.05554695876530446,False,326
"BA (m=2, hubs)","linear, continuous T",linear (correct),262,peer,0.5,0.63253908044582,0.08260521551351338,True,326
"BA (m=2, hubs)","paper eq. 38, binary T",oracle,262,direct,10.0,9.970804835542733,0.12104665634586174,True,326
"BA (m=2, hubs)","paper eq. 38, binary T",oracle,262,peer,5.0,4.994796891047207,0.08299563827181033,True,326
SBM (40 blocks),"linear, continuous T",oracle,262,direct,1.0,1.1408843459995182,0.07634997369026138,True,222
SBM (40 blocks),"linear, continuous T",oracle,262,peer,0.5,0.3529506069429249,0.12579912516727312,True,222
SBM (40 blocks),"linear, continuous T",linear (correct),262,direct,1.0,1.1197431592610507,0.07641822564471049,True,222
SBM (40 blocks),"linear, continuous T",linear (correct),262,peer,0.5,0.3355913566450484,0.1241391522742359,True,222
SBM (40 blocks),"paper eq. 38, binary T",oracle,262,direct,10.0,9.966329261983011,0.13418751399660703,True,222
SBM (40 blocks),"paper eq. 38, binary T",oracle,262,peer,5.0,4.90532883933223,0.0799506606387788,True,222
ER (avg deg 4),"linear, continuous T",oracle,263,direct,1.0,1.0143660985999527,0.04297354248704179,True,447
ER (avg deg 4),"linear, continuous T",oracle,263,peer,0.5,0.48386324185811,0.05925723224159988,True,447
ER (avg deg 4),"linear, continuous T",linear (correct),263,direct,1.0,1.0119431533813454,0.04458248711025494,True,447
ER (avg deg 4),"linear, continuous T",linear (correct),263,peer,0.5,0.49015044510932887,0.05957096345807796,True,447
ER (avg deg 4),"paper eq. 38, binary T",oracle,263,direct,10.0,9.99599393284876,0.08818038731809016,True,447
ER (avg deg 4),"paper eq. 38, binary T",oracle,263,peer,5.0,5.11080599044906,0.07329840516802857,True,447
"BA (m=2, hubs)","linear, continuous T",oracle,263,direct,1.0,0.9665359777562654,0.049269528284009406,True,316
"BA (m=2, hubs)","linear, continuous T",oracle,263,peer,0.5,0.4544870740456873,0.07261209874648282,True,316
"BA (m=2, hubs)","linear, continuous T",linear (correct),263,direct,1.0,0.9709076123400177,0.048102276540046715,True,316
"BA (m=2, hubs)","linear, continuous T",linear (correct),263,peer,0.5,0.45998569038688375,0.07068507448762387,True,316
"BA (m=2, hubs)","paper eq. 38, binary T",oracle,263,direct,10.0,10.084404921367506,0.10772075729717684,True,316
"BA (m=2, hubs)","paper eq. 38, binary T",oracle,263,peer,5.0,5.019224145136289,0.08020476730277018,True,316
SBM (40 blocks),"linear, continuous T",oracle,263,direct,1.0,0.9633338136097074,0.06721051098830767,True,236
SBM (40 blocks),"linear, continuous T",oracle,263,peer,0.5,0.5457794585052246,0.12705742042245224,True,236
SBM (40 blocks),"linear, continuous T",linear (correct),263,direct,1.0,0.9649982778386179,0.06850742267958224,True,236
SBM (40 blocks),"linear, continuous T",linear (correct),263,peer,0.5,0.537038174975895,0.1280979600381608,True,236
SBM (40 blocks),"paper eq. 38, binary T",oracle,263,direct,10.0,10.037871528783455,0.11933404512624146,True,236
SBM (40 blocks),"paper eq. 38, binary T",oracle,263,peer,5.0,5.066237958504736,0.05499087026282636,True,236
ER (avg deg 4),"linear, continuous T",oracle,264,direct,1.0,1.0122796554212052,0.04850019049181256,True,439
ER (avg deg 4),"linear, continuous T",oracle,264,peer,0.5,0.4352965727509378,0.07283427308895238,True,439
ER (avg deg 4),"linear, continuous T",linear (correct),264,direct,1.0,1.0111891791855736,0.049076048905347204,True,439
ER (avg deg 4),"linear, continuous T",linear (correct),264,peer,0.5,0.4371708861771418,0.073279474583697,True,439
ER (avg deg 4),"paper eq. 38, binary T",oracle,264,direct,10.0,9.958533316930204,0.09388811297530428,True,439
ER (avg deg 4),"paper eq. 38, binary T",oracle,264,peer,5.0,4.84945632330973,0.08604885144786964,True,439
"BA (m=2, hubs)","linear, continuous T",oracle,264,direct,1.0,1.0233716220932585,0.0568371910022757,True,314
"BA (m=2, hubs)","linear, continuous T",oracle,264,peer,0.5,0.4588269268628924,0.08312962824853043,True,314
"BA (m=2, hubs)","linear, continuous T",linear (correct),264,direct,1.0,1.0301533930814786,0.059336822052438384,True,314
"BA (m=2, hubs)","linear, continuous T",linear (correct),264,peer,0.5,0.45773663633357625,0.08571151483262801,True,314
"BA (m=2, hubs)","paper eq. 38, binary T",oracle,264,direct,10.0,10.004619825154322,0.12137267726418077,True,314
"BA (m=2, hubs)","paper eq. 38, binary T",oracle,264,peer,5.0,5.134356693788416,0.08366269780374468,True,314
SBM (40 blocks),"linear, continuous T",oracle,264,direct,1.0,0.8314797458325623,0.059257848974084516,False,232
SBM (40 blocks),"linear, continuous T",oracle,264,peer,0.5,0.44281018744702866,0.14671494131782045,True,232
SBM (40 blocks),"linear, continuous T",linear (correct),264,direct,1.0,0.8215936839036896,0.06205462510716911,False,232
SBM (40 blocks),"linear, continuous T",linear (correct),264,peer,0.5,0.48199449037283754,0.15565670618860344,True,232
SBM (40 blocks),"paper eq. 38, binary T",oracle,264,direct,10.0,10.047420214806722,0.12585412967262932,True,232
SBM (40 blocks),"paper eq. 38, binary T",oracle,264,peer,5.0,4.911747603141992,0.08706098864582873,True,232
ER (avg deg 4),"linear, continuous T",oracle,265,direct,1.0,1.04749524671743,0.0405618982502191,True,454
ER (avg deg 4),"linear, continuous T",oracle,265,peer,0.5,0.4869674354090311,0.053320934167773115,True,454
ER (avg deg 4),"linear, continuous T",linear (correct),265,direct,1.0,1.0557824672531761,0.04108523395029423,True,454
ER (avg deg 4),"linear, continuous T",linear (correct),265,peer,0.5,0.47600290973338105,0.05480496621502295,True,454
ER (avg deg 4),"paper eq. 38, binary T",oracle,265,direct,10.0,9.963903314757998,0.09183338997728009,True,454
ER (avg deg 4),"paper eq. 38, binary T",oracle,265,peer,5.0,4.911905793106968,0.06670717206963196,True,454
"BA (m=2, hubs)","linear, continuous T",oracle,265,direct,1.0,0.9868844467444886,0.04978680030582984,True,303
"BA (m=2, hubs)","linear, continuous T",oracle,265,peer,0.5,0.5645517342999211,0.07856847521767989,True,303
"BA (m=2, hubs)","linear, continuous T",linear (correct),265,direct,1.0,0.9819331172926856,0.051896894862964636,True,303
"BA (m=2, hubs)","linear, continuous T",linear (correct),265,peer,0.5,0.5687677427662485,0.08065886811575675,True,303
"BA (m=2, hubs)","paper eq. 38, binary T",oracle,265,direct,10.0,9.948689758839981,0.10018392507183252,True,303
"BA (m=2, hubs)","paper eq. 38, binary T",oracle,265,peer,5.0,4.950300376734901,0.07719639944670564,True,303
SBM (40 blocks),"linear, continuous T",oracle,265,direct,1.0,0.9402134439104601,0.08060386756393903,True,231
SBM (40 blocks),"linear, continuous T",oracle,265,peer,0.5,0.25175589920430264,0.10102328354066906,False,231
SBM (40 blocks),"linear, continuous T",linear (correct),265,direct,1.0,0.970176173394401,0.08105581668624112,True,231
SBM (40 blocks),"linear, continuous T",linear (correct),265,peer,0.5,0.2262200758623371,0.09430982784387924,False,231
SBM (40 blocks),"paper eq. 38, binary T",oracle,265,direct,10.0,10.111176911220971,0.12056868160590127,True,231
SBM (40 blocks),"paper eq. 38, binary T",oracle,265,peer,5.0,4.928975141742446,0.04256287712885313,True,231
ER (avg deg 4),"linear, continuous T",oracle,266,direct,1.0,1.136132042663937,0.04703013646753391,False,455
ER (avg deg 4),"linear, continuous T",oracle,266,peer,0.5,0.3886615359192982,0.06201616311047345,True,455
ER (avg deg 4),"linear, continuous T",linear (correct),266,direct,1.0,1.1244159679255934,0.04881549956125689,False,455
ER (avg deg 4),"linear, continuous T",linear (correct),266,peer,0.5,0.3994646846536371,0.06213968593832347,True,455
ER (avg deg 4),"paper eq. 38, binary T",oracle,266,direct,10.0,9.937337130510075,0.09198745467210974,True,455
ER (avg deg 4),"paper eq. 38, binary T",oracle,266,peer,5.0,5.07039055558116,0.08830685903592378,True,455
"BA (m=2, hubs)","linear, continuous T",oracle,266,direct,1.0,0.9592169721051079,0.049237768082275576,True,293
"BA (m=2, hubs)","linear, continuous T",oracle,266,peer,0.5,0.5577360439405078,0.10707638685024584,True,293
"BA (m=2, hubs)","linear, continuous T",linear (correct),266,direct,1.0,0.9520520240783387,0.04821519698297153,True,293
"BA (m=2, hubs)","linear, continuous T",linear (correct),266,peer,0.5,0.5500310057935547,0.10402041898375156,True,293
"BA (m=2, hubs)","paper eq. 38, binary T",oracle,266,direct,10.0,10.095952909159104,0.12996421305463676,True,293
"BA (m=2, hubs)","paper eq. 38, binary T",oracle,266,peer,5.0,5.262529515584852,0.09395094072973606,False,293
SBM (40 blocks),"linear, continuous T",oracle,266,direct,1.0,1.0185682984713853,0.057236306950546344,True,239
SBM (40 blocks),"linear, continuous T",oracle,266,peer,0.5,0.4365677811460871,0.09497825825128302,True,239
SBM (40 blocks),"linear, continuous T",linear (correct),266,direct,1.0,1.0177020153586982,0.056167413831340704,True,239
SBM (40 blocks),"linear, continuous T",linear (correct),266,peer,0.5,0.4307246901386774,0.09252497491548778,True,239
SBM (40 blocks),"paper eq. 38, binary T",oracle,266,direct,10.0,9.87355743778937,0.12015361802278174,True,239
SBM (40 blocks),"paper eq. 38, binary T",oracle,266,peer,5.0,5.077902545876267,0.08075842809022914,True,239
ER (avg deg 4),"linear, continuous T",oracle,267,direct,1.0,0.936018633202039,0.04285756498042776,True,459
ER (avg deg 4),"linear, continuous T",oracle,267,peer,0.5,0.4559693950092007,0.05219169723125013,True,459
ER (avg deg 4),"linear, continuous T",linear (correct),267,direct,1.0,0.9398374644017053,0.043687319887355636,True,459
ER (avg deg 4),"linear, continuous T",linear (correct),267,peer,0.5,0.4410490832709204,0.05465397369766556,True,459
ER (avg deg 4),"paper eq. 38, binary T",oracle,267,direct,10.0,10.105669717826308,0.09039535677688093,True,459
ER (avg deg 4),"paper eq. 38, binary T",oracle,267,peer,5.0,5.149910337319058,0.0784110271912363,True,459
"BA (m=2, hubs)","linear, continuous T",oracle,267,direct,1.0,0.9256680943598834,0.05551454431767067,True,307
"BA (m=2, hubs)","linear, continuous T",oracle,267,peer,0.5,0.6537840122039676,0.09446269213109962,True,307
"BA (m=2, hubs)","linear, continuous T",linear (correct),267,direct,1.0,0.9276028953473762,0.05610397908819169,True,307
"BA (m=2, hubs)","linear, continuous T",linear (correct),267,peer,0.5,0.647457803185839,0.09689040818708827,True,307
"BA (m=2, hubs)","paper eq. 38, binary T",oracle,267,direct,10.0,10.106983155011092,0.1109853430867363,True,307
"BA (m=2, hubs)","paper eq. 38, binary T",oracle,267,peer,5.0,5.0119637825282055,0.08172205075036997,True,307
SBM (40 blocks),"linear, continuous T",oracle,267,direct,1.0,0.9934528771425704,0.06921993152372553,True,239
SBM (40 blocks),"linear, continuous T",oracle,267,peer,0.5,0.5877392020060295,0.08186645138166888,True,239
SBM (40 blocks),"linear, continuous T",linear (correct),267,direct,1.0,0.998549509589184,0.07067093440684051,True,239
SBM (40 blocks),"linear, continuous T",linear (correct),267,peer,0.5,0.5963976206151161,0.08229857857156735,True,239
SBM (40 blocks),"paper eq. 38, binary T",oracle,267,direct,10.0,9.859894871628365,0.13821856874792332,True,239
SBM (40 blocks),"paper eq. 38, binary T",oracle,267,peer,5.0,4.997616542295897,0.10243672144185438,True,239
ER (avg deg 4),"linear, continuous T",oracle,268,direct,1.0,0.944660135545248,0.042124600797567205,True,452
ER (avg deg 4),"linear, continuous T",oracle,268,peer,0.5,0.5694019215925076,0.05749944319771459,True,452
ER (avg deg 4),"linear, continuous T",linear (correct),268,direct,1.0,0.9408274484936195,0.04057257535091246,True,452
ER (avg deg 4),"linear, continuous T",linear (correct),268,peer,0.5,0.5809659102181403,0.05624990157665826,True,452
ER (avg deg 4),"paper eq. 38, binary T",oracle,268,direct,10.0,9.97806460077754,0.09554128784376764,True,452
ER (avg deg 4),"paper eq. 38, binary T",oracle,268,peer,5.0,4.991500985269701,0.06098836006912938,True,452
"BA (m=2, hubs)","linear, continuous T",oracle,268,direct,1.0,1.035716623507998,0.05462814696320877,True,312
"BA (m=2, hubs)","linear, continuous T",oracle,268,peer,0.5,0.59170392552748,0.08422399731170713,True,312
"BA (m=2, hubs)","linear, continuous T",linear (correct),268,direct,1.0,1.0324789127381246,0.0554256905043328,True,312
"BA (m=2, hubs)","linear, continuous T",linear (correct),268,peer,0.5,0.5851654583211435,0.0898366111115371,True,312
"BA (m=2, hubs)","paper eq. 38, binary T",oracle,268,direct,10.0,9.96815990974701,0.11553627854233774,True,312
"BA (m=2, hubs)","paper eq. 38, binary T",oracle,268,peer,5.0,4.885302719398436,0.0873978576667456,True,312
SBM (40 blocks),"linear, continuous T",oracle,268,direct,1.0,0.973975092362445,0.05377642085804253,True,233
SBM (40 blocks),"linear, continuous T",oracle,268,peer,0.5,0.5303122946815639,0.12840622420175182,True,233
SBM (40 blocks),"linear, continuous T",linear (correct),268,direct,1.0,0.9848337959158849,0.05160824899093174,True,233
SBM (40 blocks),"linear, continuous T",linear (correct),268,peer,0.5,0.5182606966948655,0.11993185376384392,True,233
SBM (40 blocks),"paper eq. 38, binary T",oracle,268,direct,10.0,9.947622100453478,0.1322630672140012,True,233
SBM (40 blocks),"paper eq. 38, binary T",oracle,268,peer,5.0,5.116081176349081,0.06455193306438377,True,233
ER (avg deg 4),"linear, continuous T",oracle,269,direct,1.0,1.0921607939239342,0.05138188981719616,True,442
ER (avg deg 4),"linear, continuous T",oracle,269,peer,0.5,0.5122144609533384,0.06537504515367414,True,442
ER (avg deg 4),"linear, continuous T",linear (correct),269,direct,1.0,1.095034533079018,0.05141256386364788,True,442
ER (avg deg 4),"linear, continuous T",linear (correct),269,peer,0.5,0.4965147340901078,0.06495391313051109,True,442
ER (avg deg 4),"paper eq. 38, binary T",oracle,269,direct,10.0,10.180840638984037,0.08596436705380874,False,442
ER (avg deg 4),"paper eq. 38, binary T",oracle,269,peer,5.0,4.9165941184335065,0.07597979666112871,True,442
"BA (m=2, hubs)","linear, continuous T",oracle,269,direct,1.0,1.0187420626264365,0.05700398233670102,True,306
"BA (m=2, hubs)","linear, continuous T",oracle,269,peer,0.5,0.6235664828024543,0.08872464320946237,True,306
"BA (m=2, hubs)","linear, continuous T",linear (correct),269,direct,1.0,1.0194796188966087,0.05761086109183547,True,306
"BA (m=2, hubs)","linear, continuous T",linear (correct),269,peer,0.5,0.6244235124792935,0.09077992014468692,True,306
"BA (m=2, hubs)","paper eq. 38, binary T",oracle,269,direct,10.0,9.97017532618567,0.122357879275505,True,306
"BA (m=2, hubs)","paper eq. 38, binary T",oracle,269,peer,5.0,5.033105427775206,0.08564848272252731,True,306
SBM (40 blocks),"linear, continuous T",oracle,269,direct,1.0,1.0218504018624048,0.07629620923323815,True,233
SBM (40 blocks),"linear, continuous T",oracle,269,peer,0.5,0.4310961976828488,0.11515333754442855,True,233
SBM (40 blocks),"linear, continuous T",linear (correct),269,direct,1.0,1.0179162877939645,0.07841639014229933,True,233
SBM (40 blocks),"linear, continuous T",linear (correct),269,peer,0.5,0.46253940156793477,0.11382449992102708,True,233
SBM (40 blocks),"paper eq. 38, binary T",oracle,269,direct,10.0,10.14338274745321,0.12973459629462972,True,233
SBM (40 blocks),"paper eq. 38, binary T",oracle,269,peer,5.0,4.91659418944,0.07835698743471925,True,233
ER (avg deg 4),"linear, continuous T",oracle,270,direct,1.0,0.9990585790695867,0.04969827991448564,True,448
ER (avg deg 4),"linear, continuous T",oracle,270,peer,0.5,0.5050742298551787,0.061092099254784496,True,448
ER (avg deg 4),"linear, continuous T",linear (correct),270,direct,1.0,0.9978053089768789,0.04949088405668981,True,448
ER (avg deg 4),"linear, continuous T",linear (correct),270,peer,0.5,0.5001078476182009,0.0615111509640937,True,448
ER (avg deg 4),"paper eq. 38, binary T",oracle,270,direct,10.0,10.21771333252185,0.09373987729957267,False,448
ER (avg deg 4),"paper eq. 38, binary T",oracle,270,peer,5.0,4.991514390848682,0.057958673583973316,True,448
"BA (m=2, hubs)","linear, continuous T",oracle,270,direct,1.0,1.0606759708882478,0.06308758040623806,True,313
"BA (m=2, hubs)","linear, continuous T",oracle,270,peer,0.5,0.603646675252224,0.08326863463749533,True,313
"BA (m=2, hubs)","linear, continuous T",linear (correct),270,direct,1.0,1.0506147929375105,0.06658158912341754,True,313
"BA (m=2, hubs)","linear, continuous T",linear (correct),270,peer,0.5,0.6019046929498996,0.08753392396107088,True,313
"BA (m=2, hubs)","paper eq. 38, binary T",oracle,270,direct,10.0,10.014498855965547,0.10940959270266154,True,313
"BA (m=2, hubs)","paper eq. 38, binary T",oracle,270,peer,5.0,4.839446939250188,0.058319899452518344,False,313
SBM (40 blocks),"linear, continuous T",oracle,270,direct,1.0,1.077671114648723,0.07796354247418566,True,235
SBM (40 blocks),"linear, continuous T",oracle,270,peer,0.5,0.4884933650784952,0.12391812057599037,True,235
SBM (40 blocks),"linear, continuous T",linear (correct),270,direct,1.0,1.0687084508833053,0.07869431199992846,True,235
SBM (40 blocks),"linear, continuous T",linear (correct),270,peer,0.5,0.4606496706171653,0.12482092497341711,True,235
SBM (40 blocks),"paper eq. 38, binary T",oracle,270,direct,10.0,9.882718090455835,0.13762114757932764,True,235
SBM (40 blocks),"paper eq. 38, binary T",oracle,270,peer,5.0,4.992764651205013,0.0655812116138131,True,235
ER (avg deg 4),"linear, continuous T",oracle,271,direct,1.0,1.0062894613326157,0.05155765413257277,True,435
ER (avg deg 4),"linear, continuous T",oracle,271,peer,0.5,0.5550856174824559,0.07217037055800939,True,435
ER (avg deg 4),"linear, continuous T",linear (correct),271,direct,1.0,1.0063489053716292,0.048051955623387904,True,435
ER (avg deg 4),"linear, continuous T",linear (correct),271,peer,0.5,0.5658653797929605,0.06659643189752501,True,435
ER (avg deg 4),"paper eq. 38, binary T",oracle,271,direct,10.0,9.967092425118132,0.09931333258568141,True,435
ER (avg deg 4),"paper eq. 38, binary T",oracle,271,peer,5.0,4.944042395837796,0.06818102004724066,True,435
"BA (m=2, hubs)","linear, continuous T",oracle,271,direct,1.0,1.0195345760112466,0.06253126370246004,True,316
"BA (m=2, hubs)","linear, continuous T",oracle,271,peer,0.5,0.4913371572113102,0.08671650015220728,True,316
"BA (m=2, hubs)","linear, continuous T",linear (correct),271,direct,1.0,1.0083046008976555,0.05484002197235912,True,316
"BA (m=2, hubs)","linear, continuous T",linear (correct),271,peer,0.5,0.47486250491181514,0.07672968930147377,True,316
"BA (m=2, hubs)","paper eq. 38, binary T",oracle,271,direct,10.0,10.078893335895021,0.11055711158706263,True,316
"BA (m=2, hubs)","paper eq. 38, binary T",oracle,271,peer,5.0,4.952362107916624,0.06859493015117403,True,316
SBM (40 blocks),"linear, continuous T",oracle,271,direct,1.0,1.004203783994115,0.0625684565216106,True,226
SBM (40 blocks),"linear, continuous T",oracle,271,peer,0.5,0.687183220617536,0.14359083834299521,True,226
SBM (40 blocks),"linear, continuous T",linear (correct),271,direct,1.0,1.004997827885209,0.060710932834591474,True,226
SBM (40 blocks),"linear, continuous T",linear (correct),271,peer,0.5,0.6671485994812534,0.1381438790197684,True,226
SBM (40 blocks),"paper eq. 38, binary T",oracle,271,direct,10.0,9.792966396897508,0.15900686514232093,True,226
SBM (40 blocks),"paper eq. 38, binary T",oracle,271,peer,5.0,4.993137959054381,0.07616429354926593,True,226
ER (avg deg 4),"linear, continuous T",oracle,272,direct,1.0,0.9483951563801493,0.045332051269390244,True,460
ER (avg deg 4),"linear, continuous T",oracle,272,peer,0.5,0.30585908974843784,0.06674647723297158,False,460
ER (avg deg 4),"linear, continuous T",linear (correct),272,direct,1.0,0.9382840301503601,0.0457158368713088,True,460
ER (avg deg 4),"linear, continuous T",linear (correct),272,peer,0.5,0.3131652477026156,0.06780643000757809,False,460
ER (avg deg 4),"paper eq. 38, binary T",oracle,272,direct,10.0,10.106978292839173,0.1052956380125302,True,460
ER (avg deg 4),"paper eq. 38, binary T",oracle,272,peer,5.0,4.965331299669045,0.063906671505598,True,460
"BA (m=2, hubs)","linear, continuous T",oracle,272,direct,1.0,0.917103445710455,0.06005581605525039,True,317
"BA (m=2, hubs)","linear, continuous T",oracle,272,peer,0.5,0.4667400332133178,0.08231128023329622,True,317
"BA (m=2, hubs)","linear, continuous T",linear (correct),272,direct,1.0,0.9210681647277692,0.05855029601236863,True,317
"BA (m=2, hubs)","linear, continuous T",linear (correct),272,peer,0.5,0.4565279563592052,0.08136745365145763,True,317
"BA (m=2, hubs)","paper eq. 38, binary T",oracle,272,direct,10.0,9.943301116255103,0.11956814632077212,True,317
"BA (m=2, hubs)","paper eq. 38, binary T",oracle,272,peer,5.0,4.983647570799931,0.0778565084934714,True,317
SBM (40 blocks),"linear, continuous T",oracle,272,direct,1.0,0.9789967173978699,0.067279963768005,True,237
SBM (40 blocks),"linear, continuous T",oracle,272,peer,0.5,0.5389013890112657,0.1251032488514053,True,237
SBM (40 blocks),"linear, continuous T",linear (correct),272,direct,1.0,0.9749621068847237,0.06485020147934313,True,237
SBM (40 blocks),"linear, continuous T",linear (correct),272,peer,0.5,0.546944871734107,0.12000533537485392,True,237
SBM (40 blocks),"paper eq. 38, binary T",oracle,272,direct,10.0,9.929827650533182,0.12628116838694714,True,237
SBM (40 blocks),"paper eq. 38, binary T",oracle,272,peer,5.0,4.984750450593522,0.06571825958964586,True,237
ER (avg deg 4),"linear, continuous T",oracle,273,direct,1.0,1.0942560279115976,0.0406829429473025,False,464
ER (avg deg 4),"linear, continuous T",oracle,273,peer,0.5,0.48398755264722737,0.056911506570167227,True,464
ER (avg deg 4),"linear, continuous T",linear (correct),273,direct,1.0,1.0887852317252662,0.040991003604398696,False,464
ER (avg deg 4),"linear, continuous T",linear (correct),273,peer,0.5,0.4718511817358742,0.05674502500180289,True,464
ER (avg deg 4),"paper eq. 38, binary T",oracle,273,direct,10.0,10.041536379815573,0.08582913864029763,True,464
ER (avg deg 4),"paper eq. 38, binary T",oracle,273,peer,5.0,5.036436466519291,0.07635740084089927,True,464
"BA (m=2, hubs)","linear, continuous T",oracle,273,direct,1.0,0.9702286053264684,0.05887772190549304,True,311
"BA (m=2, hubs)","linear, continuous T",oracle,273,peer,0.5,0.30319080506140017,0.07125477161409251,False,311
"BA (m=2, hubs)","linear, continuous T",linear (correct),273,direct,1.0,0.9751954278868601,0.05609927241015004,True,311
"BA (m=2, hubs)","linear, continuous T",linear (correct),273,peer,0.5,0.2903690671581913,0.06924408818566101,False,311
"BA (m=2, hubs)","paper eq. 38, binary T",oracle,273,direct,10.0,10.124692220659998,0.11872754919688158,True,311
"BA (m=2, hubs)","paper eq. 38, binary T",oracle,273,peer,5.0,5.0553949291408165,0.0726567170319418,True,311
SBM (40 blocks),"linear, continuous T",oracle,273,direct,1.0,1.039893946862362,0.07175561160129897,True,229
SBM (40 blocks),"linear, continuous T",oracle,273,peer,0.5,0.38262043835523646,0.11117252458857434,True,229
SBM (40 blocks),"linear, continuous T",linear (correct),273,direct,1.0,1.0444186291659934,0.07492746442621452,True,229
SBM (40 blocks),"linear, continuous T",linear (correct),273,peer,0.5,0.3955258389524846,0.120904948037531,True,229
SBM (40 blocks),"paper eq. 38, binary T",oracle,273,direct,10.0,10.005574994499703,0.12483995890977038,True,229
SBM (40 blocks),"paper eq. 38, binary T",oracle,273,peer,5.0,4.902403384843566,0.07519761618313235,True,229
ER (avg deg 4),"linear, continuous T",oracle,274,direct,1.0,1.0210749117500442,0.044585322661538175,True,463
ER (avg deg 4),"linear, continuous T",oracle,274,peer,0.5,0.47632279420914675,0.05957352764321281,True,463
ER (avg deg 4),"linear, continuous T",linear (correct),274,direct,1.0,1.0257861681359777,0.04523325021851144,True,463
ER (avg deg 4),"linear, continuous T",linear (correct),274,peer,0.5,0.482228933347957,0.06126100713256689,True,463
ER (avg deg 4),"paper eq. 38, binary T",oracle,274,direct,10.0,10.022497731270937,0.10147917417874965,True,463
ER (avg deg 4),"paper eq. 38, binary T",oracle,274,peer,5.0,5.19478394835478,0.07220974152460834,False,463
"BA (m=2, hubs)","linear, continuous T",oracle,274,direct,1.0,0.9797394006158777,0.04421875950372124,True,322
"BA (m=2, hubs)","linear, continuous T",oracle,274,peer,0.5,0.4703852865007922,0.06271679514998743,True,322
"BA (m=2, hubs)","linear, continuous T",linear (correct),274,direct,1.0,0.9747654565213725,0.045328506816325095,True,322
"BA (m=2, hubs)","linear, continuous T",linear (correct),274,peer,0.5,0.46697329473660376,0.06155559504504412,True,322
"BA (m=2, hubs)","paper eq. 38, binary T",oracle,274,direct,10.0,10.010147897268034,0.1293791321455085,True,322
"BA (m=2, hubs)","paper eq. 38, binary T",oracle,274,peer,5.0,4.909865355183186,0.08374980405464869,True,322
SBM (40 blocks),"linear, continuous T",oracle,274,direct,1.0,1.0161138087992727,0.05884238924406381,True,229
SBM (40 blocks),"linear, continuous T",oracle,274,peer,0.5,0.4345198145625052,0.11176832411092631,True,229
SBM (40 blocks),"linear, continuous T",linear (correct),274,direct,1.0,1.0137483247433483,0.06036728791198232,True,229
SBM (40 blocks),"linear, continuous T",linear (correct),274,peer,0.5,0.4300692582097361,0.11338521843557399,True,229
SBM (40 blocks),"paper eq. 38, binary T",oracle,274,direct,10.0,10.21788573603058,0.1516818013099187,True,229
SBM (40 blocks),"paper eq. 38, binary T",oracle,274,peer,5.0,4.9567760840373465,0.08159076759872241,True,229
ER (avg deg 4),"linear, continuous T",oracle,275,direct,1.0,1.0321343131844065,0.05046067113134483,True,447
ER (avg deg 4),"linear, continuous T",oracle,275,peer,0.5,0.4818797370353576,0.054538889005355744,True,447
ER (avg deg 4),"linear, continuous T",linear (correct),275,direct,1.0,1.0367705495269992,0.05094107276709045,True,447
ER (avg deg 4),"linear, continuous T",linear (correct),275,peer,0.5,0.4805517131099744,0.05207344879964076,True,447
ER (avg deg 4),"paper eq. 38, binary T",oracle,275,direct,10.0,9.948157782447458,0.08972451347327716,True,447
ER (avg deg 4),"paper eq. 38, binary T",oracle,275,peer,5.0,4.975680004966281,0.07461566418688315,True,447
"BA (m=2, hubs)","linear, continuous T",oracle,275,direct,1.0,1.041703136439842,0.05278022205811807,True,319
"BA (m=2, hubs)","linear, continuous T",oracle,275,peer,0.5,0.5409947616478735,0.06519359737474466,True,319
"BA (m=2, hubs)","linear, continuous T",linear (correct),275,direct,1.0,1.0552635120010612,0.053390766990956004,True,319
"BA (m=2, hubs)","linear, continuous T",linear (correct),275,peer,0.5,0.5407495551250354,0.06494097104487845,True,319
"BA (m=2, hubs)","paper eq. 38, binary T",oracle,275,direct,10.0,10.0403520446397,0.11660199676510434,True,319
"BA (m=2, hubs)","paper eq. 38, binary T",oracle,275,peer,5.0,5.064726488664536,0.07188668653087195,True,319
SBM (40 blocks),"linear, continuous T",oracle,275,direct,1.0,1.0420603170090088,0.060720929417285345,True,242
SBM (40 blocks),"linear, continuous T",oracle,275,peer,0.5,0.6158751497054137,0.11916351883638043,True,242
SBM (40 blocks),"linear, continuous T",linear (correct),275,direct,1.0,1.053279472194982,0.0612346076882653,True,242
SBM (40 blocks),"linear, continuous T",linear (correct),275,peer,0.5,0.588702155439896,0.11696191090955389,True,242
SBM (40 blocks),"paper eq. 38, binary T",oracle,275,direct,10.0,10.032563121198239,0.10782029225395574,True,242
SBM (40 blocks),"paper eq. 38, binary T",oracle,275,peer,5.0,4.84845477140635,0.06370504247151183,False,242
ER (avg deg 4),"linear, continuous T",oracle,276,direct,1.0,0.9852569951393368,0.04671471577189312,True,468
ER (avg deg 4),"linear, continuous T",oracle,276,peer,0.5,0.44935405199662803,0.06474122964037325,True,468
ER (avg deg 4),"linear, continuous T",linear (correct),276,direct,1.0,0.9790015371734484,0.046062186769026306,True,468
ER (avg deg 4),"linear, continuous T",linear (correct),276,peer,0.5,0.46308676538569016,0.06325953427532362,True,468
ER (avg deg 4),"paper eq. 38, binary T",oracle,276,direct,10.0,9.971680751367535,0.08883994927141,True,468
ER (avg deg 4),"paper eq. 38, binary T",oracle,276,peer,5.0,4.941153255833594,0.06194773095544721,True,468
"BA (m=2, hubs)","linear, continuous T",oracle,276,direct,1.0,0.9994391518788402,0.06298381454243834,True,313
"BA (m=2, hubs)","linear, continuous T",oracle,276,peer,0.5,0.44465430798136346,0.07550327469012995,True,313
"BA (m=2, hubs)","linear, continuous T",linear (correct),276,direct,1.0,0.9998384925964691,0.06299467707494033,True,313
"BA (m=2, hubs)","linear, continuous T",linear (correct),276,peer,0.5,0.4348256259528143,0.0767459512172086,True,313
"BA (m=2, hubs)","paper eq. 38, binary T",oracle,276,direct,10.0,10.179941989479277,0.10457377330227119,True,313
"BA (m=2, hubs)","paper eq. 38, binary T",oracle,276,peer,5.0,5.047086325234139,0.10790980087893322,True,313
SBM (40 blocks),"linear, continuous T",oracle,276,direct,1.0,1.1286848135638836,0.06124756341708278,False,223
SBM (40 blocks),"linear, continuous T",oracle,276,peer,0.5,0.5878072503795687,0.12347037320512122,True,223
SBM (40 blocks),"linear, continuous T",linear (correct),276,direct,1.0,1.1115228517122555,0.05985573609771103,True,223
SBM (40 blocks),"linear, continuous T",linear (correct),276,peer,0.5,0.5714522380019373,0.1177674932951489,True,223
SBM (40 blocks),"paper eq. 38, binary T",oracle,276,direct,10.0,9.997795065607445,0.1326000934597948,True,223
SBM (40 blocks),"paper eq. 38, binary T",oracle,276,peer,5.0,5.170467137919172,0.06467282088846213,False,223
ER (avg deg 4),"linear, continuous T",oracle,277,direct,1.0,0.9645874909603763,0.05100746472717839,True,451
ER (avg deg 4),"linear, continuous T",oracle,277,peer,0.5,0.4491543472975784,0.07055631159152631,True,451
ER (avg deg 4),"linear, continuous T",linear (correct),277,direct,1.0,0.9655104650964303,0.05092460101220818,True,451
ER (avg deg 4),"linear, continuous T",linear (correct),277,peer,0.5,0.44352403138279073,0.07312411528572522,True,451
ER (avg deg 4),"paper eq. 38, binary T",oracle,277,direct,10.0,9.865453528877493,0.09406297935718094,True,451
ER (avg deg 4),"paper eq. 38, binary T",oracle,277,peer,5.0,4.945992117347593,0.06919511481326145,True,451
"BA (m=2, hubs)","linear, continuous T",oracle,277,direct,1.0,1.000593572103298,0.05792555028686354,True,307
"BA (m=2, hubs)","linear, continuous T",oracle,277,peer,0.5,0.641412804495606,0.07254875283620842,True,307
"BA (m=2, hubs)","linear, continuous T",linear (correct),277,direct,1.0,0.9869061662253302,0.05785488250249061,True,307
"BA (m=2, hubs)","linear, continuous T",linear (correct),277,peer,0.5,0.6553128311705303,0.07229620406425287,False,307
"BA (m=2, hubs)","paper eq. 38, binary T",oracle,277,direct,10.0,10.057935219623984,0.10982513943593541,True,307
"BA (m=2, hubs)","paper eq. 38, binary T",oracle,277,peer,5.0,5.042819131116515,0.07619013566267692,True,307
SBM (40 blocks),"linear, continuous T",oracle,277,direct,1.0,0.9668353083858913,0.07067923909491884,True,235
SBM (40 blocks),"linear, continuous T",oracle,277,peer,0.5,0.5949868702342415,0.08741467367334772,True,235
SBM (40 blocks),"linear, continuous T",linear (correct),277,direct,1.0,0.9851881456378945,0.07121511200631264,True,235
SBM (40 blocks),"linear, continuous T",linear (correct),277,peer,0.5,0.5806871542422303,0.08936616798754117,True,235
SBM (40 blocks),"paper eq. 38, binary T",oracle,277,direct,10.0,10.000360158700213,0.12586023548295844,True,235
SBM (40 blocks),"paper eq. 38, binary T",oracle,277,peer,5.0,5.058721961343198,0.06569447984543243,True,235
ER (avg deg 4),"linear, continuous T",oracle,278,direct,1.0,0.9822659625296397,0.04195219290726409,True,466
ER (avg deg 4),"linear, continuous T",oracle,278,peer,0.5,0.5918367437763533,0.06102965299377049,True,466
ER (avg deg 4),"linear, continuous T",linear (correct),278,direct,1.0,0.9787644740894469,0.04444244595194522,True,466
ER (avg deg 4),"linear, continuous T",linear (correct),278,peer,0.5,0.5917531767263782,0.06374894831872795,True,466
ER (avg deg 4),"paper eq. 38, binary T",oracle,278,direct,10.0,9.836284121550158,0.09502116371274082,True,466
ER (avg deg 4),"paper eq. 38, binary T",oracle,278,peer,5.0,5.090001886621774,0.06887053998239709,True,466
"BA (m=2, hubs)","linear, continuous T",oracle,278,direct,1.0,1.0025292905930967,0.057130437266301355,True,306
"BA (m=2, hubs)","linear, continuous T",oracle,278,peer,0.5,0.5736986876517753,0.07788847092845917,True,306
"BA (m=2, hubs)","linear, continuous T",linear (correct),278,direct,1.0,0.9928642869592174,0.059152577564410676,True,306
"BA (m=2, hubs)","linear, continuous T",linear (correct),278,peer,0.5,0.5742544088520116,0.0793882869174584,True,306
"BA (m=2, hubs)","paper eq. 38, binary T",oracle,278,direct,10.0,9.926834917270583,0.09981211679426337,True,306
"BA (m=2, hubs)","paper eq. 38, binary T",oracle,278,peer,5.0,5.0153054754903,0.08360304683486527,True,306
SBM (40 blocks),"linear, continuous T",oracle,278,direct,1.0,0.9471980984102641,0.06550753052121693,True,232
SBM (40 blocks),"linear, continuous T",oracle,278,peer,0.5,0.44541370341245656,0.1126866259379277,True,232
SBM (40 blocks),"linear, continuous T",linear (correct),278,direct,1.0,0.9496398523961455,0.06961519418565115,True,232
SBM (40 blocks),"linear, continuous T",linear (correct),278,peer,0.5,0.4096230203185741,0.13072182775222527,True,232
SBM (40 blocks),"paper eq. 38, binary T",oracle,278,direct,10.0,10.108119056784457,0.11853177914107207,True,232
SBM (40 blocks),"paper eq. 38, binary T",oracle,278,peer,5.0,4.977742171536612,0.0712136131436371,True,232
ER (avg deg 4),"linear, continuous T",oracle,279,direct,1.0,1.01122200832902,0.044205888471708046,True,443
ER (avg deg 4),"linear, continuous T",oracle,279,peer,0.5,0.5448628403116096,0.05764731715767988,True,443
ER (avg deg 4),"linear, continuous T",linear (correct),279,direct,1.0,1.0090606851421176,0.044514673467317495,True,443
ER (avg deg 4),"linear, continuous T",linear (correct),279,peer,0.5,0.5606395340076299,0.05768053265689206,True,443
ER (avg deg 4),"paper eq. 38, binary T",oracle,279,direct,10.0,10.03487578034879,0.08962690502642215,True,443
ER (avg deg 4),"paper eq. 38, binary T",oracle,279,peer,5.0,5.040405237744654,0.06713066055673121,True,443
"BA (m=2, hubs)","linear, continuous T",oracle,279,direct,1.0,1.0382407605529689,0.05533732949984155,True,307
"BA (m=2, hubs)","linear, continuous T",oracle,279,peer,0.5,0.5220524670318775,0.06769294593443335,True,307
"BA (m=2, hubs)","linear, continuous T",linear (correct),279,direct,1.0,1.0344268912059777,0.0563433091775744,True,307
"BA (m=2, hubs)","linear, continuous T",linear (correct),279,peer,0.5,0.5365936321428927,0.06945089831930823,True,307
"BA (m=2, hubs)","paper eq. 38, binary T",oracle,279,direct,10.0,9.862612954860529,0.10214668781392498,True,307
"BA (m=2, hubs)","paper eq. 38, binary T",oracle,279,peer,5.0,4.907763157773232,0.07056596344567985,True,307
SBM (40 blocks),"linear, continuous T",oracle,279,direct,1.0,0.9225203132629319,0.06075776121070111,True,225
SBM (40 blocks),"linear, continuous T",oracle,279,peer,0.5,0.44675680462020356,0.1208776635043221,True,225
SBM (40 blocks),"linear, continuous T",linear (correct),279,direct,1.0,0.920961019819611,0.062805189604119,True,225
SBM (40 blocks),"linear, continuous T",linear (correct),279,peer,0.5,0.4735317908143987,0.12269694067466184,True,225
SBM (40 blocks),"paper eq. 38, binary T",oracle,279,direct,10.0,9.955370736879498,0.13465519091060144,True,225
SBM (40 blocks),"paper eq. 38, binary T",oracle,279,peer,5.0,4.984181646149648,0.05306754481153073,True,225
ER (avg deg 4),"linear, continuous T",oracle,280,direct,1.0,1.0049119890523788,0.044872215386202646,True,450
ER (avg deg 4),"linear, continuous T",oracle,280,peer,0.5,0.5548894086997692,0.06317700568345222,True,450
ER (avg deg 4),"linear, continuous T",linear (correct),280,direct,1.0,1.0140795240678526,0.0451812381291582,True,450
ER (avg deg 4),"linear, continuous T",linear (correct),280,peer,0.5,0.5507996288498223,0.06378781692323549,True,450
ER (avg deg 4),"paper eq. 38, binary T",oracle,280,direct,10.0,10.014421802436317,0.09285424352407493,True,450
ER (avg deg 4),"paper eq. 38, binary T",oracle,280,peer,5.0,4.977510147266411,0.07538354414944423,True,450
"BA (m=2, hubs)","linear, continuous T",oracle,280,direct,1.0,0.9789116687577133,0.05492784539667269,True,303
"BA (m=2, hubs)","linear, continuous T",oracle,280,peer,0.5,0.6109168573854028,0.08433320443237685,True,303
"BA (m=2, hubs)","linear, continuous T",linear (correct),280,direct,1.0,0.9789950162038055,0.0535487988721991,True,303
"BA (m=2, hubs)","linear, continuous T",linear (correct),280,peer,0.5,0.609159874800005,0.0848711873633545,True,303
"BA (m=2, hubs)","paper eq. 38, binary T",oracle,280,direct,10.0,9.996790607777873,0.12057234517904888,True,303
"BA (m=2, hubs)","paper eq. 38, binary T",oracle,280,peer,5.0,4.924107357099571,0.07760686774697755,True,303
SBM (40 blocks),"linear, continuous T",oracle,280,direct,1.0,0.9370520835316376,0.05632043136819117,True,228
SBM (40 blocks),"linear, continuous T",oracle,280,peer,0.5,0.4428998971119195,0.09312950038375818,True,228
SBM (40 blocks),"linear, continuous T",linear (correct),280,direct,1.0,0.9336211231990108,0.054131573987381415,True,228
SBM (40 blocks),"linear, continuous T",linear (correct),280,peer,0.5,0.4462202308964858,0.09353771615221135,True,228
SBM (40 blocks),"paper eq. 38, binary T",oracle,280,direct,10.0,9.937814523798007,0.13425046086450806,True,228
SBM (40 blocks),"paper eq. 38, binary T",oracle,280,peer,5.0,5.022949391348586,0.061649946591852536,True,228
ER (avg deg 4),"linear, continuous T",oracle,281,direct,1.0,1.0037919645769238,0.052699059994159046,True,442
ER (avg deg 4),"linear, continuous T",oracle,281,peer,0.5,0.45005568798021817,0.0646938216102009,True,442
ER (avg deg 4),"linear, continuous T",linear (correct),281,direct,1.0,0.9965596373114707,0.051925138766856754,True,442
ER (avg deg 4),"linear, continuous T",linear (correct),281,peer,0.5,0.45460301343558485,0.06311512822080032,True,442
ER (avg deg 4),"paper eq. 38, binary T",oracle,281,direct,10.0,9.94570671044757,0.0961100375854384,True,442
ER (avg deg 4),"paper eq. 38, binary T",oracle,281,peer,5.0,4.994068035178805,0.07312449875791664,True,442
"BA (m=2, hubs)","linear, continuous T",oracle,281,direct,1.0,0.9915519796876658,0.05138166782045427,True,309
"BA (m=2, hubs)","linear, continuous T",oracle,281,peer,0.5,0.5193612924946097,0.06927506937804541,True,309
"BA (m=2, hubs)","linear, continuous T",linear (correct),281,direct,1.0,0.9840250560225557,0.05084339337047997,True,309
"BA (m=2, hubs)","linear, continuous T",linear (correct),281,peer,0.5,0.5078908346002912,0.06655540819453337,True,309
"BA (m=2, hubs)","paper eq. 38, binary T",oracle,281,direct,10.0,9.853648223619414,0.1168708735949649,True,309
"BA (m=2, hubs)","paper eq. 38, binary T",oracle,281,peer,5.0,4.982287293081711,0.086710616924508,True,309
SBM (40 blocks),"linear, continuous T",oracle,281,direct,1.0,0.9648712961341799,0.08139814834008426,True,221
SBM (40 blocks),"linear, continuous T",oracle,281,peer,0.5,0.4747004986803051,0.12625573047642485,True,221
SBM (40 blocks),"linear, continuous T",linear (correct),281,direct,1.0,0.9568618108884518,0.07873906940453328,True,221
SBM (40 blocks),"linear, continuous T",linear (correct),281,peer,0.5,0.4884933602685144,0.12277000385016015,True,221
SBM (40 blocks),"paper eq. 38, binary T",oracle,281,direct,10.0,9.839602132115807,0.14550376389591937,True,221
SBM (40 blocks),"paper eq. 38, binary T",oracle,281,peer,5.0,5.064217971757893,0.07937666525652898,True,221
ER (avg deg 4),"linear, continuous T",oracle,282,direct,1.0,1.010745106899063,0.051433917812036885,True,444
ER (avg deg 4),"linear, continuous T",oracle,282,peer,0.5,0.5659631531928451,0.05691430216135208,True,444
ER (avg deg 4),"linear, continuous T",linear (correct),282,direct,1.0,1.003645624873602,0.052628968863398295,True,444
ER (avg deg 4),"linear, continuous T",linear (correct),282,peer,0.5,0.5561199628361922,0.05708423759459369,True,444
ER (avg deg 4),"paper eq. 38, binary T",oracle,282,direct,10.0,10.065022251259963,0.09560583041303834,True,444
ER (avg deg 4),"paper eq. 38, binary T",oracle,282,peer,5.0,4.965114665775138,0.06555925922506275,True,444
"BA (m=2, hubs)","linear, continuous T",oracle,282,direct,1.0,1.0288764491628655,0.0467193927599444,True,307
"BA (m=2, hubs)","linear, continuous T",oracle,282,peer,0.5,0.47341147882563567,0.07162125938742611,True,307
"BA (m=2, hubs)","linear, continuous T",linear (correct),282,direct,1.0,1.0472118908858856,0.049594792860590084,True,307
"BA (m=2, hubs)","linear, continuous T",linear (correct),282,peer,0.5,0.4643003513058481,0.07483848355238937,True,307
"BA (m=2, hubs)","paper eq. 38, binary T",oracle,282,direct,10.0,10.00995825140628,0.11331676101052911,True,307
"BA (m=2, hubs)","paper eq. 38, binary T",oracle,282,peer,5.0,4.873450452316942,0.08600425968747867,True,307
SBM (40 blocks),"linear, continuous T",oracle,282,direct,1.0,1.0025085295011016,0.05932427308811586,True,241
SBM (40 blocks),"linear, continuous T",oracle,282,peer,0.5,0.5460051230186597,0.08253250897604075,True,241
SBM (40 blocks),"linear, continuous T",linear (correct),282,direct,1.0,1.0023611425577794,0.06023495135758184,True,241
SBM (40 blocks),"linear, continuous T",linear (correct),282,peer,0.5,0.5846303597100356,0.0862048717958878,True,241
SBM (40 blocks),"paper eq. 38, binary T",oracle,282,direct,10.0,9.7229423071007,0.13805326128703901,False,241
SBM (40 blocks),"paper eq. 38, binary T",oracle,282,peer,5.0,5.014710489950307,0.0644053401761507,True,241
ER (avg deg 4),"linear, continuous T",oracle,283,direct,1.0,1.0594628887190043,0.04422834705754468,True,446
ER (avg deg 4),"linear, continuous T",oracle,283,peer,0.5,0.5643926006189777,0.06148224176920507,True,446
ER (avg deg 4),"linear, continuous T",linear (correct),283,direct,1.0,1.053355403979019,0.044868931229087555,True,446
ER (avg deg 4),"linear, continuous T",linear (correct),283,peer,0.5,0.5617076199307622,0.06099529261012651,True,446
ER (avg deg 4),"paper eq. 38, binary T",oracle,283,direct,10.0,9.958775665741124,0.10039257823640327,True,446
ER (avg deg 4),"paper eq. 38, binary T",oracle,283,peer,5.0,5.0044401720717975,0.07348711244481895,True,446
"BA (m=2, hubs)","linear, continuous T",oracle,283,direct,1.0,1.00394995214239,0.045636846409842974,True,306
"BA (m=2, hubs)","linear, continuous T",oracle,283,peer,0.5,0.6527113967559025,0.07393023645061443,False,306
"BA (m=2, hubs)","linear, continuous T",linear (correct),283,direct,1.0,1.0001758265480014,0.04458151029346826,True,306
"BA (m=2, hubs)","linear, continuous T",linear (correct),283,peer,0.5,0.6515886829255285,0.07190651562880035,False,306
"BA (m=2, hubs)","paper eq. 38, binary T",oracle,283,direct,10.0,10.157284133517411,0.11023622205501964,True,306
"BA (m=2, hubs)","paper eq. 38, binary T",oracle,283,peer,5.0,4.975155355938446,0.08471377739504597,True,306
SBM (40 blocks),"linear, continuous T",oracle,283,direct,1.0,1.0140345893109057,0.06897772638706429,True,235
SBM (40 blocks),"linear, continuous T",oracle,283,peer,0.5,0.2539107482413083,0.13188092325141051,True,235
SBM (40 blocks),"linear, continuous T",linear (correct),283,direct,1.0,1.0089522919754306,0.06637076985726369,True,235
SBM (40 blocks),"linear, continuous T",linear (correct),283,peer,0.5,0.27021210741213875,0.1320387657402912,True,235
SBM (40 blocks),"paper eq. 38, binary T",oracle,283,direct,10.0,10.02354365829673,0.14295641931564082,True,235
SBM (40 blocks),"paper eq. 38, binary T",oracle,283,peer,5.0,4.979631503858981,0.07645425129161633,True,235
ER (avg deg 4),"linear, continuous T",oracle,284,direct,1.0,1.0745929255524405,0.04452700123785587,True,454
ER (avg deg 4),"linear, continuous T",oracle,284,peer,0.5,0.5013371221999086,0.06570167684354904,True,454
ER (avg deg 4),"linear, continuous T",linear (correct),284,direct,1.0,1.0778668118267598,0.04710173815335709,True,454
ER (avg deg 4),"linear, continuous T",linear (correct),284,peer,0.5,0.49686554343350764,0.06708608669961214,True,454
ER (avg deg 4),"paper eq. 38, binary T",oracle,284,direct,10.0,10.093025418405118,0.0890604097230713,True,454
ER (avg deg 4),"paper eq. 38, binary T",oracle,284,peer,5.0,5.0090540092827265,0.06720299559072818,True,454
"BA (m=2, hubs)","linear, continuous T",oracle,284,direct,1.0,1.0811123174581,0.05029043158336257,True,326
"BA (m=2, hubs)","linear, continuous T",oracle,284,peer,0.5,0.49523488160122947,0.07826245346275217,True,326
"BA (m=2, hubs)","linear, continuous T",linear (correct),284,direct,1.0,1.0800820318005275,0.050205067520854824,True,326
"BA (m=2, hubs)","linear, continuous T",linear (correct),284,peer,0.5,0.497340866301627,0.07792426594389901,True,326
"BA (m=2, hubs)","paper eq. 38, binary T",oracle,284,direct,10.0,9.909451938312259,0.10175382823336003,True,326
"BA (m=2, hubs)","paper eq. 38, binary T",oracle,284,peer,5.0,5.123295375991995,0.07983173318054144,True,326
SBM (40 blocks),"linear, continuous T",oracle,284,direct,1.0,1.0922391475451736,0.06213312762548255,True,235
SBM (40 blocks),"linear, continuous T",oracle,284,peer,0.5,0.3124807937186896,0.10872027329290922,True,235
SBM (40 blocks),"linear, continuous T",linear (correct),284,direct,1.0,1.0903579556577976,0.06386561984092905,True,235
SBM (40 blocks),"linear, continuous T",linear (correct),284,peer,0.5,0.33703752562083034,0.10700320492449493,True,235
SBM (40 blocks),"paper eq. 38, binary T",oracle,284,direct,10.0,10.12578062935806,0.13108466932112514,True,235
SBM (40 blocks),"paper eq. 38, binary T",oracle,284,peer,5.0,4.959956312470429,0.05832379433904156,True,235
ER (avg deg 4),"linear, continuous T",oracle,285,direct,1.0,1.0609106753123267,0.043301953713965904,True,444
ER (avg deg 4),"linear, continuous T",oracle,285,peer,0.5,0.5338441967795093,0.05167832827481576,True,444
ER (avg deg 4),"linear, continuous T",linear (correct),285,direct,1.0,1.069857310154236,0.0456646240056963,True,444
ER (avg deg 4),"linear, continuous T",linear (correct),285,peer,0.5,0.5387993800120947,0.054265621455823164,True,444
ER (avg deg 4),"paper eq. 38, binary T",oracle,285,direct,10.0,10.09199083333359,0.09036164996246562,True,444
ER (avg deg 4),"paper eq. 38, binary T",oracle,285,peer,5.0,4.961999478077516,0.07354893508752276,True,444
"BA (m=2, hubs)","linear, continuous T",oracle,285,direct,1.0,1.0080174654215526,0.05038045346944533,True,302
"BA (m=2, hubs)","linear, continuous T",oracle,285,peer,0.5,0.597163470590832,0.07931064294107011,True,302
"BA (m=2, hubs)","linear, continuous T",linear (correct),285,direct,1.0,1.011754454233006,0.053628517418314724,True,302
"BA (m=2, hubs)","linear, continuous T",linear (correct),285,peer,0.5,0.6236065521390364,0.0827840884401722,True,302
"BA (m=2, hubs)","paper eq. 38, binary T",oracle,285,direct,10.0,10.089561188237933,0.13446183237626255,True,302
"BA (m=2, hubs)","paper eq. 38, binary T",oracle,285,peer,5.0,4.982818657082845,0.09663985463411305,True,302
SBM (40 blocks),"linear, continuous T",oracle,285,direct,1.0,0.9395050224417182,0.06367254517300429,True,236
SBM (40 blocks),"linear, continuous T",oracle,285,peer,0.5,0.5295339365322456,0.08813112248497594,True,236
SBM (40 blocks),"linear, continuous T",linear (correct),285,direct,1.0,0.921062380752121,0.06446303635501781,True,236
SBM (40 blocks),"linear, continuous T",linear (correct),285,peer,0.5,0.5128407868321337,0.09180733748895001,True,236
SBM (40 blocks),"paper eq. 38, binary T",oracle,285,direct,10.0,10.144492555188611,0.1624657487974177,True,236
SBM (40 blocks),"paper eq. 38, binary T",oracle,285,peer,5.0,5.195168463026268,0.09899062477815246,False,236
ER (avg deg 4),"linear, continuous T",oracle,286,direct,1.0,0.9946719395051122,0.046924207187849065,True,452
ER (avg deg 4),"linear, continuous T",oracle,286,peer,0.5,0.49625783335039786,0.06932397582090556,True,452
ER (avg deg 4),"linear, continuous T",linear (correct),286,direct,1.0,0.9935206142325081,0.04608546239771575,True,452
ER (avg deg 4),"linear, continuous T",linear (correct),286,peer,0.5,0.5156888298141383,0.06592068470889648,True,452
ER (avg deg 4),"paper eq. 38, binary T",oracle,286,direct,10.0,9.86518164105892,0.09674589859091394,True,452
ER (avg deg 4),"paper eq. 38, binary T",oracle,286,peer,5.0,5.012911522665788,0.057328697585944374,True,452
"BA (m=2, hubs)","linear, continuous T",oracle,286,direct,1.0,0.9808931632614148,0.06061644781873853,True,303
"BA (m=2, hubs)","linear, continuous T",oracle,286,peer,0.5,0.422915019259662,0.07731117705714437,True,303
"BA (m=2, hubs)","linear, continuous T",linear (correct),286,direct,1.0,0.9911196809707431,0.05936027923487632,True,303
"BA (m=2, hubs)","linear, continuous T",linear (correct),286,peer,0.5,0.40897470406025244,0.07349895392749486,True,303
"BA (m=2, hubs)","paper eq. 38, binary T",oracle,286,direct,10.0,9.927048300216155,0.11354722556049944,True,303
"BA (m=2, hubs)","paper eq. 38, binary T",oracle,286,peer,5.0,4.954522261158806,0.07999077868757251,True,303
SBM (40 blocks),"linear, continuous T",oracle,286,direct,1.0,0.9647115560733034,0.07065649245840164,True,230
SBM (40 blocks),"linear, continuous T",oracle,286,peer,0.5,0.5217282844558868,0.10751279092541986,True,230
SBM (40 blocks),"linear, continuous T",linear (correct),286,direct,1.0,0.975913127736787,0.06509872545933167,True,230
SBM (40 blocks),"linear, continuous T",linear (correct),286,peer,0.5,0.525916144233447,0.10474644632896349,True,230
SBM (40 blocks),"paper eq. 38, binary T",oracle,286,direct,10.0,9.73329553213139,0.156139362298531,True,230
SBM (40 blocks),"paper eq. 38, binary T",oracle,286,peer,5.0,5.014200688984097,0.06546230742225762,True,230
ER (avg deg 4),"linear, continuous T",oracle,287,direct,1.0,0.9506198090577989,0.04432200318591952,True,466
ER (avg deg 4),"linear, continuous T",oracle,287,peer,0.5,0.41996181405816213,0.05978837412835145,True,466
ER (avg deg 4),"linear, continuous T",linear (correct),287,direct,1.0,0.9570238402686787,0.044000370210768996,True,466
ER (avg deg 4),"linear, continuous T",linear (correct),287,peer,0.5,0.41786022932402317,0.05999014754528189,True,466
ER (avg deg 4),"paper eq. 38, binary T",oracle,287,direct,10.0,10.0407613030548,0.09373196082902936,True,466
ER (avg deg 4),"paper eq. 38, binary T",oracle,287,peer,5.0,5.02418435991272,0.06564001119598706,True,466
"BA (m=2, hubs)","linear, continuous T",oracle,287,direct,1.0,0.9714056757784257,0.06451376924344707,True,322
"BA (m=2, hubs)","linear, continuous T",oracle,287,peer,0.5,0.6168517775573812,0.08223432771597329,True,322
"BA (m=2, hubs)","linear, continuous T",linear (correct),287,direct,1.0,0.9685315225457091,0.06695366532144298,True,322
"BA (m=2, hubs)","linear, continuous T",linear (correct),287,peer,0.5,0.6215722657234326,0.08414426715240453,True,322
"BA (m=2, hubs)","paper eq. 38, binary T",oracle,287,direct,10.0,10.14422777169737,0.11319808638022584,True,322
"BA (m=2, hubs)","paper eq. 38, binary T",oracle,287,peer,5.0,5.065049342477387,0.07280367027079299,True,322
SBM (40 blocks),"linear, continuous T",oracle,287,direct,1.0,0.9346722258028756,0.06862895333513085,True,244
SBM (40 blocks),"linear, continuous T",oracle,287,peer,0.5,0.554867057947013,0.09824137150398983,True,244
SBM (40 blocks),"linear, continuous T",linear (correct),287,direct,1.0,0.95752210878783,0.07310080450144624,True,244
SBM (40 blocks),"linear, continuous T",linear (correct),287,peer,0.5,0.5272144729870627,0.10045592611519032,True,244
SBM (40 blocks),"paper eq. 38, binary T",oracle,287,direct,10.0,10.349900639581596,0.14258103478905443,False,244
SBM (40 blocks),"paper eq. 38, binary T",oracle,287,peer,5.0,4.981719304758805,0.050861276581791605,True,244
ER (avg deg 4),"linear, continuous T",oracle,288,direct,1.0,1.0020018502862142,0.04765877961246092,True,437
ER (avg deg 4),"linear, continuous T",oracle,288,peer,0.5,0.43462738034381865,0.06755781088859886,True,437
ER (avg deg 4),"linear, continuous T",linear (correct),288,direct,1.0,1.0015038675596164,0.04643307982961108,True,437
ER (avg deg 4),"linear, continuous T",linear (correct),288,peer,0.5,0.44118825349697816,0.06803604385041537,True,437
ER (avg deg 4),"paper eq. 38, binary T",oracle,288,direct,10.0,9.922462306564778,0.09910729499748017,True,437
ER (avg deg 4),"paper eq. 38, binary T",oracle,288,peer,5.0,5.08566900515708,0.0696155751213593,True,437
"BA (m=2, hubs)","linear, continuous T",oracle,288,direct,1.0,0.9874580993472876,0.06251952712918496,True,308
"BA (m=2, hubs)","linear, continuous T",oracle,288,peer,0.5,0.502463958811472,0.09281978308767054,True,308
"BA (m=2, hubs)","linear, continuous T",linear (correct),288,direct,1.0,0.9862737975290732,0.06321485004798658,True,308
"BA (m=2, hubs)","linear, continuous T",linear (correct),288,peer,0.5,0.5194400121362103,0.09084080225092551,True,308
"BA (m=2, hubs)","paper eq. 38, binary T",oracle,288,direct,10.0,10.116180552382838,0.11719235937346467,True,308
"BA (m=2, hubs)","paper eq. 38, binary T",oracle,288,peer,5.0,4.996224455191269,0.07070435262167336,True,308
SBM (40 blocks),"linear, continuous T",oracle,288,direct,1.0,1.0833743929640693,0.069120351764422,True,234
SBM (40 blocks),"linear, continuous T",oracle,288,peer,0.5,0.43028273090700353,0.10630636825835596,True,234
SBM (40 blocks),"linear, continuous T",linear (correct),288,direct,1.0,1.0822316658473528,0.06878105948584612,True,234
SBM (40 blocks),"linear, continuous T",linear (correct),288,peer,0.5,0.4333092710224971,0.1074204187593209,True,234
SBM (40 blocks),"paper eq. 38, binary T",oracle,288,direct,10.0,9.932185875608331,0.13015170446129365,True,234
SBM (40 blocks),"paper eq. 38, binary T",oracle,288,peer,5.0,5.04637542655892,0.0824359595202042,True,234
ER (avg deg 4),"linear, continuous T",oracle,289,direct,1.0,1.055183414739884,0.05398055722042429,True,448
ER (avg deg 4),"linear, continuous T",oracle,289,peer,0.5,0.5095448743884206,0.07116256836224562,True,448
ER (avg deg 4),"linear, continuous T",linear (correct),289,direct,1.0,1.034883926695757,0.053472238175744785,True,448
ER (avg deg 4),"linear, continuous T",linear (correct),289,peer,0.5,0.49628815024528034,0.0704487030539299,True,448
ER (avg deg 4),"paper eq. 38, binary T",oracle,289,direct,10.0,10.082058880355678,0.08084437041475151,True,448
ER (avg deg 4),"paper eq. 38, binary T",oracle,289,peer,5.0,4.883392083480362,0.05626672710716989,False,448
"BA (m=2, hubs)","linear, continuous T",oracle,289,direct,1.0,0.9507234859902483,0.07028254618047866,True,309
"BA (m=2, hubs)","linear, continuous T",oracle,289,peer,0.5,0.5607663718923269,0.08494628822679792,True,309
"BA (m=2, hubs)","linear, continuous T",linear (correct),289,direct,1.0,0.9411691385385924,0.06895830327514371,True,309
"BA (m=2, hubs)","linear, continuous T",linear (correct),289,peer,0.5,0.5565931660419292,0.08358324842786154,True,309
"BA (m=2, hubs)","paper eq. 38, binary T",oracle,289,direct,10.0,9.959094633891297,0.1086494550145757,True,309
"BA (m=2, hubs)","paper eq. 38, binary T",oracle,289,peer,5.0,4.953754502730756,0.08348405759795541,True,309
SBM (40 blocks),"linear, continuous T",oracle,289,direct,1.0,0.9977058921212063,0.05731977325581402,True,226
SBM (40 blocks),"linear, continuous T",oracle,289,peer,0.5,0.34873745385841465,0.1074048027425902,True,226
SBM (40 blocks),"linear, continuous T",linear (correct),289,direct,1.0,0.9915150127977945,0.06066736157065056,True,226
SBM (40 blocks),"linear, continuous T",linear (correct),289,peer,0.5,0.3406880566907575,0.1083349852932639,True,226
SBM (40 blocks),"paper eq. 38, binary T",oracle,289,direct,10.0,10.055632918602944,0.13632519529838125,True,226
SBM (40 blocks),"paper eq. 38, binary T",oracle,289,peer,5.0,5.105616824701738,0.06400748161342419,True,226
ER (avg deg 4),"linear, continuous T",oracle,290,direct,1.0,1.0055839785491743,0.04645177946579183,True,456
ER (avg deg 4),"linear, continuous T",oracle,290,peer,0.5,0.34564304619055963,0.05967741133441519,False,456
ER (avg deg 4),"linear, continuous T",linear (correct),290,direct,1.0,1.0081858974023101,0.04655431662565214,True,456
ER (avg deg 4),"linear, continuous T",linear (correct),290,peer,0.5,0.3574462477900675,0.05977841413710224,False,456
ER (avg deg 4),"paper eq. 38, binary T",oracle,290,direct,10.0,10.060002310022645,0.08599223101723845,True,456
ER (avg deg 4),"paper eq. 38, binary T",oracle,290,peer,5.0,4.845322001743691,0.0858744474054233,True,456
"BA (m=2, hubs)","linear, continuous T",oracle,290,direct,1.0,1.0899509509673744,0.05771783635001896,True,316
"BA (m=2, hubs)","linear, continuous T",oracle,290,peer,0.5,0.47472704376063773,0.07871423652270536,True,316
"BA (m=2, hubs)","linear, continuous T",linear (correct),290,direct,1.0,1.089865328035635,0.05878192585234352,True,316
"BA (m=2, hubs)","linear, continuous T",linear (correct),290,peer,0.5,0.4919697167625137,0.07975320417167604,True,316
"BA (m=2, hubs)","paper eq. 38, binary T",oracle,290,direct,10.0,10.258795723836803,0.10675014379132369,False,316
"BA (m=2, hubs)","paper eq. 38, binary T",oracle,290,peer,5.0,4.940038094090231,0.08005307246948837,True,316
SBM (40 blocks),"linear, continuous T",oracle,290,direct,1.0,1.0033788014914868,0.06118642952966154,True,228
SBM (40 blocks),"linear, continuous T",oracle,290,peer,0.5,0.30138129300522304,0.13130417566104582,True,228
SBM (40 blocks),"linear, continuous T",linear (correct),290,direct,1.0,1.0152636762182203,0.059905727870218355,True,228
SBM (40 blocks),"linear, continuous T",linear (correct),290,peer,0.5,0.32802269324182504,0.13207949934799781,True,228
SBM (40 blocks),"paper eq. 38, binary T",oracle,290,direct,10.0,10.267234061856458,0.12731929594172547,False,228
SBM (40 blocks),"paper eq. 38, binary T",oracle,290,peer,5.0,4.988251485527456,0.0760359526997063,True,228
ER (avg deg 4),"linear, continuous T",oracle,291,direct,1.0,1.0323696134526201,0.05005826188335674,True,454
ER (avg deg 4),"linear, continuous T",oracle,291,peer,0.5,0.36647484217114384,0.05665087875001223,False,454
ER (avg deg 4),"linear, continuous T",linear (correct),291,direct,1.0,1.0340375418963024,0.05017847833405815,True,454
ER (avg deg 4),"linear, continuous T",linear (correct),291,peer,0.5,0.36153239079900673,0.057939493401725065,False,454
ER (avg deg 4),"paper eq. 38, binary T",oracle,291,direct,10.0,10.01846978463916,0.1042851268943794,True,454
ER (avg deg 4),"paper eq. 38, binary T",oracle,291,peer,5.0,4.844712589546262,0.08173308070179995,True,454
"BA (m=2, hubs)","linear, continuous T",oracle,291,direct,1.0,1.044105714582428,0.052505924882228994,True,314
"BA (m=2, hubs)","linear, continuous T",oracle,291,peer,0.5,0.41407548467346933,0.07402633418964714,True,314
"BA (m=2, hubs)","linear, continuous T",linear (correct),291,direct,1.0,1.0408044351801622,0.05251982958292439,True,314
"BA (m=2, hubs)","linear, continuous T",linear (correct),291,peer,0.5,0.41280512552205345,0.07504970808141326,True,314
"BA (m=2, hubs)","paper eq. 38, binary T",oracle,291,direct,10.0,10.148678298859123,0.11495976169216832,True,314
"BA (m=2, hubs)","paper eq. 38, binary T",oracle,291,peer,5.0,5.177055602831962,0.1046286760631028,True,314
SBM (40 blocks),"linear, continuous T",oracle,291,direct,1.0,0.8640167012542835,0.06820882731722551,False,228
SBM (40 blocks),"linear, continuous T",oracle,291,peer,0.5,0.5080654023260581,0.11049821730462453,True,228
SBM (40 blocks),"linear, continuous T",linear (correct),291,direct,1.0,0.872718661603722,0.06691751313026183,True,228
SBM (40 blocks),"linear, continuous T",linear (correct),291,peer,0.5,0.5235884754451222,0.1100811315862802,True,228
SBM (40 blocks),"paper eq. 38, binary T",oracle,291,direct,10.0,9.998244782959102,0.14164837922116816,True,228
SBM (40 blocks),"paper eq. 38, binary T",oracle,291,peer,5.0,5.035652879804489,0.0804252468940438,True,228
ER (avg deg 4),"linear, continuous T",oracle,292,direct,1.0,0.9749588526656296,0.04455675069684121,True,459
ER (avg deg 4),"linear, continuous T",oracle,292,peer,0.5,0.39991142057977236,0.05771688435196777,True,459
ER (avg deg 4),"linear, continuous T",linear (correct),292,direct,1.0,0.978311446242038,0.042116222165867676,True,459
ER (avg deg 4),"linear, continuous T",linear (correct),292,peer,0.5,0.4322262020467617,0.05621482914497967,True,459
ER (avg deg 4),"paper eq. 38, binary T",oracle,292,direct,10.0,9.878619292306006,0.09503249054666264,True,459
ER (avg deg 4),"paper eq. 38, binary T",oracle,292,peer,5.0,4.995332489000764,0.07418223726387546,True,459
"BA (m=2, hubs)","linear, continuous T",oracle,292,direct,1.0,0.9399536664513374,0.0559611740660158,True,302
"BA (m=2, hubs)","linear, continuous T",oracle,292,peer,0.5,0.48356643674682076,0.09030092249337503,True,302
"BA (m=2, hubs)","linear, continuous T",linear (correct),292,direct,1.0,0.9521542606240113,0.053344408172303986,True,302
"BA (m=2, hubs)","linear, continuous T",linear (correct),292,peer,0.5,0.48486972100098624,0.08335247534447461,True,302
"BA (m=2, hubs)","paper eq. 38, binary T",oracle,292,direct,10.0,10.081164282796617,0.11946172549416281,True,302
"BA (m=2, hubs)","paper eq. 38, binary T",oracle,292,peer,5.0,4.804647528669884,0.09254714673656105,False,302
SBM (40 blocks),"linear, continuous T",oracle,292,direct,1.0,0.9232319050006033,0.06285650141727238,True,230
SBM (40 blocks),"linear, continuous T",oracle,292,peer,0.5,0.5033615401877258,0.11205821104682355,True,230
SBM (40 blocks),"linear, continuous T",linear (correct),292,direct,1.0,0.9133241810562164,0.059626429039499315,True,230
SBM (40 blocks),"linear, continuous T",linear (correct),292,peer,0.5,0.5055514950177957,0.10570259220610541,True,230
SBM (40 blocks),"paper eq. 38, binary T",oracle,292,direct,10.0,9.849918860991128,0.12862009649419687,True,230
SBM (40 blocks),"paper eq. 38, binary T",oracle,292,peer,5.0,5.014907223007854,0.04894678526270631,True,230
ER (avg deg 4),"linear, continuous T",oracle,293,direct,1.0,1.0418126291759484,0.04258362114823295,True,454
ER (avg deg 4),"linear, continuous T",oracle,293,peer,0.5,0.40836352791436287,0.052413771827654373,True,454
ER (avg deg 4),"linear, continuous T",linear (correct),293,direct,1.0,1.0391548014353824,0.04542155028289037,True,454
ER (avg deg 4),"linear, continuous T",linear (correct),293,peer,0.5,0.40224589052288395,0.05430807552531669,True,454
ER (avg deg 4),"paper eq. 38, binary T",oracle,293,direct,10.0,9.975298636828741,0.10578141472122973,True,454
ER (avg deg 4),"paper eq. 38, binary T",oracle,293,peer,5.0,4.81401899174842,0.0947560535426224,False,454
"BA (m=2, hubs)","linear, continuous T",oracle,293,direct,1.0,1.0330868734872258,0.053549872804044184,True,314
"BA (m=2, hubs)","linear, continuous T",oracle,293,peer,0.5,0.504923166418662,0.06708650140925003,True,314
"BA (m=2, hubs)","linear, continuous T",linear (correct),293,direct,1.0,1.0422557779961914,0.05488623032199547,True,314
"BA (m=2, hubs)","linear, continuous T",linear (correct),293,peer,0.5,0.5032544168736793,0.06838532080845856,True,314
"BA (m=2, hubs)","paper eq. 38, binary T",oracle,293,direct,10.0,10.049692106501544,0.11214700596654256,True,314
"BA (m=2, hubs)","paper eq. 38, binary T",oracle,293,peer,5.0,5.033399118774062,0.07717776311276132,True,314
SBM (40 blocks),"linear, continuous T",oracle,293,direct,1.0,1.0636356883190716,0.056174913512908826,True,225
SBM (40 blocks),"linear, continuous T",oracle,293,peer,0.5,0.4005109557232367,0.09948336568288765,True,225
SBM (40 blocks),"linear, continuous T",linear (correct),293,direct,1.0,1.0591021429730312,0.055072204084003214,True,225
SBM (40 blocks),"linear, continuous T",linear (correct),293,peer,0.5,0.404595726482051,0.09997043510370893,True,225
SBM (40 blocks),"paper eq. 38, binary T",oracle,293,direct,10.0,9.979561426258119,0.1391158867570946,True,225
SBM (40 blocks),"paper eq. 38, binary T",oracle,293,peer,5.0,4.976867920624348,0.07143601845260314,True,225
ER (avg deg 4),"linear, continuous T",oracle,294,direct,1.0,1.0019650914786897,0.052137426884624964,True,433
ER (avg deg 4),"linear, continuous T",oracle,294,peer,0.5,0.5359255974246493,0.06394502313452831,True,433
ER (avg deg 4),"linear, continuous T",linear (correct),294,direct,1.0,1.005593187366112,0.05233382398981841,True,433
ER (avg deg 4),"linear, continuous T",linear (correct),294,peer,0.5,0.5442383087693041,0.06432135097760161,True,433
ER (avg deg 4),"paper eq. 38, binary T",oracle,294,direct,10.0,9.92175098930414,0.0937954159693485,True,433
ER (avg deg 4),"paper eq. 38, binary T",oracle,294,peer,5.0,5.008053109746369,0.060994822417638636,True,433
"BA (m=2, hubs)","linear, continuous T",oracle,294,direct,1.0,1.0226993177810253,0.06240745830462444,True,303
"BA (m=2, hubs)","linear, continuous T",oracle,294,peer,0.5,0.557276999546845,0.09164280005436075,True,303
"BA (m=2, hubs)","linear, continuous T",linear (correct),294,direct,1.0,1.0254517569054014,0.06149137587055857,True,303
"BA (m=2, hubs)","linear, continuous T",linear (correct),294,peer,0.5,0.5393707886745042,0.09124852818420678,True,303
"BA (m=2, hubs)","paper eq. 38, binary T",oracle,294,direct,10.0,9.890101287050257,0.11372558275860048,True,303
"BA (m=2, hubs)","paper eq. 38, binary T",oracle,294,peer,5.0,5.018542919594608,0.08942333967260384,True,303
SBM (40 blocks),"linear, continuous T",oracle,294,direct,1.0,1.0435126396717407,0.076317372148482,True,224
SBM (40 blocks),"linear, continuous T",oracle,294,peer,0.5,0.515586828227506,0.09292952829760015,True,224
SBM (40 blocks),"linear, continuous T",linear (correct),294,direct,1.0,1.0669657533497252,0.07892099832120332,True,224
SBM (40 blocks),"linear, continuous T",linear (correct),294,peer,0.5,0.508903352122598,0.09932727731505159,True,224
SBM (40 blocks),"paper eq. 38, binary T",oracle,294,direct,10.0,9.91017093456016,0.13380508319883963,True,224
SBM (40 blocks),"paper eq. 38, binary T",oracle,294,peer,5.0,5.092173549262411,0.07717367219106452,True,224
ER (avg deg 4),"linear, continuous T",oracle,295,direct,1.0,0.9663844041396307,0.03945964226835041,True,450
ER (avg deg 4),"linear, continuous T",oracle,295,peer,0.5,0.3768700681089694,0.057749315417834866,False,450
ER (avg deg 4),"linear, continuous T",linear (correct),295,direct,1.0,0.9544952722220533,0.03973797212867593,True,450
ER (avg deg 4),"linear, continuous T",linear (correct),295,peer,0.5,0.3774674080751757,0.05888741968946985,False,450
ER (avg deg 4),"paper eq. 38, binary T",oracle,295,direct,10.0,9.925774079253756,0.09817064721745615,True,450
ER (avg deg 4),"paper eq. 38, binary T",oracle,295,peer,5.0,5.053084600532656,0.08161295336308405,True,450
"BA (m=2, hubs)","linear, continuous T",oracle,295,direct,1.0,1.0689156424126756,0.058513788927454076,True,314
"BA (m=2, hubs)","linear, continuous T",oracle,295,peer,0.5,0.5216577770714238,0.0884668495383362,True,314
"BA (m=2, hubs)","linear, continuous T",linear (correct),295,direct,1.0,1.0680960705362315,0.061938386776248175,True,314
"BA (m=2, hubs)","linear, continuous T",linear (correct),295,peer,0.5,0.5265331288144818,0.09502809161776109,True,314
"BA (m=2, hubs)","paper eq. 38, binary T",oracle,295,direct,10.0,9.704695874108861,0.11578625247927929,False,314
"BA (m=2, hubs)","paper eq. 38, binary T",oracle,295,peer,5.0,4.892709098413271,0.07981878207813309,True,314
SBM (40 blocks),"linear, continuous T",oracle,295,direct,1.0,1.0034404214276804,0.07385430516325278,True,236
SBM (40 blocks),"linear, continuous T",oracle,295,peer,0.5,0.5151426868429053,0.10637548819368142,True,236
SBM (40 blocks),"linear, continuous T",linear (correct),295,direct,1.0,1.0020352556290602,0.07660318952200677,True,236
SBM (40 blocks),"linear, continuous T",linear (correct),295,peer,0.5,0.5351977861480495,0.11300182760860862,True,236
SBM (40 blocks),"paper eq. 38, binary T",oracle,295,direct,10.0,9.787852429349316,0.11731435430719432,True,236
SBM (40 blocks),"paper eq. 38, binary T",oracle,295,peer,5.0,5.019704651524566,0.08980951690279672,True,236
ER (avg deg 4),"linear, continuous T",oracle,296,direct,1.0,1.0748321326875683,0.04586105977855382,True,461
ER (avg deg 4),"linear, continuous T",oracle,296,peer,0.5,0.4451700323836102,0.0655632777377794,True,461
ER (avg deg 4),"linear, continuous T",linear (correct),296,direct,1.0,1.0764166002240017,0.044589627082316736,True,461
ER (avg deg 4),"linear, continuous T",linear (correct),296,peer,0.5,0.44113609414161103,0.06460157811000751,True,461
ER (avg deg 4),"paper eq. 38, binary T",oracle,296,direct,10.0,10.011096723553239,0.09651907718438839,True,461
ER (avg deg 4),"paper eq. 38, binary T",oracle,296,peer,5.0,5.082237450437895,0.07056544766756549,True,461
"BA (m=2, hubs)","linear, continuous T",oracle,296,direct,1.0,1.0219252215705836,0.0594310395157072,True,307
"BA (m=2, hubs)","linear, continuous T",oracle,296,peer,0.5,0.5269673783117174,0.07401219190761066,True,307
"BA (m=2, hubs)","linear, continuous T",linear (correct),296,direct,1.0,1.0328281615177726,0.058535630049660205,True,307
"BA (m=2, hubs)","linear, continuous T",linear (correct),296,peer,0.5,0.5326222971954013,0.07239381738351564,True,307
"BA (m=2, hubs)","paper eq. 38, binary T",oracle,296,direct,10.0,10.037124242979337,0.11551537866536417,True,307
"BA (m=2, hubs)","paper eq. 38, binary T",oracle,296,peer,5.0,4.943648642948756,0.07811001085130977,True,307
SBM (40 blocks),"linear, continuous T",oracle,296,direct,1.0,1.127777676151452,0.08511283984264252,True,234
SBM (40 blocks),"linear, continuous T",oracle,296,peer,0.5,0.5084282424876172,0.11629867780059217,True,234
SBM (40 blocks),"linear, continuous T",linear (correct),296,direct,1.0,1.10781950258707,0.08579904837960514,True,234
SBM (40 blocks),"linear, continuous T",linear (correct),296,peer,0.5,0.4991657392622342,0.11958285424341651,True,234
SBM (40 blocks),"paper eq. 38, binary T",oracle,296,direct,10.0,9.897737741884239,0.13399845950764025,True,234
SBM (40 blocks),"paper eq. 38, binary T",oracle,296,peer,5.0,5.062030650426793,0.05836659097218699,True,234
ER (avg deg 4),"linear, continuous T",oracle,297,direct,1.0,1.0252909551184588,0.04518791951016904,True,429
ER (avg deg 4),"linear, continuous T",oracle,297,peer,0.5,0.49747097732945494,0.0632828660132777,True,429
ER (avg deg 4),"linear, continuous T",linear (correct),297,direct,1.0,1.011503312554672,0.0449973074942128,True,429
ER (avg deg 4),"linear, continuous T",linear (correct),297,peer,0.5,0.48785331709472324,0.06195701579398428,True,429
ER (avg deg 4),"paper eq. 38, binary T",oracle,297,direct,10.0,9.770114820383636,0.10098116474625833,False,429
ER (avg deg 4),"paper eq. 38, binary T",oracle,297,peer,5.0,5.098723030524773,0.07042445957886584,True,429
"BA (m=2, hubs)","linear, continuous T",oracle,297,direct,1.0,0.9997713428415917,0.06259180512478371,True,298
"BA (m=2, hubs)","linear, continuous T",oracle,297,peer,0.5,0.3483484778813814,0.0815331533281265,True,298
"BA (m=2, hubs)","linear, continuous T",linear (correct),297,direct,1.0,1.0000734353955112,0.06025831183965424,True,298
"BA (m=2, hubs)","linear, continuous T",linear (correct),297,peer,0.5,0.3399255727724565,0.08214304871867135,True,298
"BA (m=2, hubs)","paper eq. 38, binary T",oracle,297,direct,10.0,10.14497262782114,0.12377027615138682,True,298
"BA (m=2, hubs)","paper eq. 38, binary T",oracle,297,peer,5.0,4.928513788202569,0.0863849747771247,True,298
SBM (40 blocks),"linear, continuous T",oracle,297,direct,1.0,1.0773814081894353,0.07010101955853396,True,231
SBM (40 blocks),"linear, continuous T",oracle,297,peer,0.5,0.5743844901184922,0.11714163462504058,True,231
SBM (40 blocks),"linear, continuous T",linear (correct),297,direct,1.0,1.080676129468145,0.06779445551126294,True,231
SBM (40 blocks),"linear, continuous T",linear (correct),297,peer,0.5,0.5669354217327115,0.1161180914923142,True,231
SBM (40 blocks),"paper eq. 38, binary T",oracle,297,direct,10.0,10.046064964710945,0.1261295779342062,True,231
SBM (40 blocks),"paper eq. 38, binary T",oracle,297,peer,5.0,4.997690878582753,0.07842484955297321,True,231
ER (avg deg 4),"linear, continuous T",oracle,298,direct,1.0,1.067345038072135,0.05226863758095874,True,459
ER (avg deg 4),"linear, continuous T",oracle,298,peer,0.5,0.4339982029300272,0.06152736324805189,True,459
ER (avg deg 4),"linear, continuous T",linear (correct),298,direct,1.0,1.079927969249994,0.05187536858920649,True,459
ER (avg deg 4),"linear, continuous T",linear (correct),298,peer,0.5,0.4354719847376305,0.061460453299595985,True,459
ER (avg deg 4),"paper eq. 38, binary T",oracle,298,direct,10.0,9.982442190486303,0.08827831372327997,True,459
ER (avg deg 4),"paper eq. 38, binary T",oracle,298,peer,5.0,5.024260093257911,0.07210507993932307,True,459
"BA (m=2, hubs)","linear, continuous T",oracle,298,direct,1.0,0.9965988134919059,0.05692915682078246,True,307
"BA (m=2, hubs)","linear, continuous T",oracle,298,peer,0.5,0.6030008434216194,0.06883968931716801,True,307
"BA (m=2, hubs)","linear, continuous T",linear (correct),298,direct,1.0,0.9960867502811204,0.05536905197026115,True,307
"BA (m=2, hubs)","linear, continuous T",linear (correct),298,peer,0.5,0.5922599157146757,0.06737528207036793,True,307
"BA (m=2, hubs)","paper eq. 38, binary T",oracle,298,direct,10.0,10.093620118620109,0.10386503798198625,True,307
"BA (m=2, hubs)","paper eq. 38, binary T",oracle,298,peer,5.0,5.028069801681957,0.07272424607592415,True,307
SBM (40 blocks),"linear, continuous T",oracle,298,direct,1.0,1.0314205799898386,0.06729085269542794,True,224
SBM (40 blocks),"linear, continuous T",oracle,298,peer,0.5,0.5092954311099592,0.11133340313236184,True,224
SBM (40 blocks),"linear, continuous T",linear (correct),298,direct,1.0,1.0406425151222571,0.0686586995381841,True,224
SBM (40 blocks),"linear, continuous T",linear (correct),298,peer,0.5,0.5068588793220773,0.11461512267728681,True,224
SBM (40 blocks),"paper eq. 38, binary T",oracle,298,direct,10.0,9.888788787634171,0.12938300935399014,True,224
SBM (40 blocks),"paper eq. 38, binary T",oracle,298,peer,5.0,5.0140112689130305,0.06388606405650857,True,224
ER (avg deg 4),"linear, continuous T",oracle,299,direct,1.0,0.9205205066094843,0.05047756995901933,True,457
ER (avg deg 4),"linear, continuous T",oracle,299,peer,0.5,0.4742986282563979,0.06628210635771449,True,457
ER (avg deg 4),"linear, continuous T",linear (correct),299,direct,1.0,0.9407703439220024,0.04853659341229512,True,457
ER (avg deg 4),"linear, continuous T",linear (correct),299,peer,0.5,0.47607037725692813,0.06319761417720662,True,457
ER (avg deg 4),"paper eq. 38, binary T",oracle,299,direct,10.0,10.014001997921001,0.09591180095769276,True,457
ER (avg deg 4),"paper eq. 38, binary T",oracle,299,peer,5.0,5.006676747228395,0.07071861044308218,True,457
"BA (m=2, hubs)","linear, continuous T",oracle,299,direct,1.0,1.0400885172191536,0.04297289392490215,True,305
"BA (m=2, hubs)","linear, continuous T",oracle,299,peer,0.5,0.5364311505458428,0.07158377090169557,True,305
"BA (m=2, hubs)","linear, continuous T",linear (correct),299,direct,1.0,1.0494382696425637,0.04368727698185085,True,305
"BA (m=2, hubs)","linear, continuous T",linear (correct),299,peer,0.5,0.5326875495604679,0.06868190271245543,True,305
"BA (m=2, hubs)","paper eq. 38, binary T",oracle,299,direct,10.0,10.021263662359367,0.10577674592079728,True,305
"BA (m=2, hubs)","paper eq. 38, binary T",oracle,299,peer,5.0,5.086402966942256,0.0874289314053631,True,305
SBM (40 blocks),"linear, continuous T",oracle,299,direct,1.0,0.9633455607801021,0.05851532407147548,True,241
SBM (40 blocks),"linear, continuous T",oracle,299,peer,0.5,0.6370981316597224,0.11386904705132758,True,241
SBM (40 blocks),"linear, continuous T",linear (correct),299,direct,1.0,0.9697824455652118,0.05848398867752866,True,241
SBM (40 blocks),"linear, continuous T",linear (correct),299,peer,0.5,0.66612739232605,0.11438294924339545,True,241
SBM (40 blocks),"paper eq. 38, binary T",oracle,299,direct,10.0,9.943090956035793,0.12441005399130588,True,241
SBM (40 blocks),"paper eq. 38, binary T",oracle,299,peer,5.0,4.900271383906593,0.05693830865864829,True,241
