dataset,config,seed,effect,truth,estimate,se,covers,n_focal
flu_town (n=3000),"default (IV-type, buffered, 2 hops)",0,direct,-2.0,-1.8755485545866173,0.16712148765693433,True,478
flu_town (n=3000),"default (IV-type, buffered, 2 hops)",0,peer,-0.5,-0.4206812818569758,0.0952328712455516,True,478
flu_town (n=3000),partialling-out score,0,direct,-2.0,-1.796103491886371,0.1616369937407676,True,478
flu_town (n=3000),partialling-out score,0,peer,-0.5,-0.35797777679308507,0.08063162210440424,True,478
flu_town (n=3000),focal-only training,0,direct,-2.0,-1.8999190542524704,0.1767998382512313,True,478
flu_town (n=3000),focal-only training,0,peer,-0.5,-0.45103441809440775,0.11075874487426517,True,478
flu_town (n=3000),1-hop features,0,direct,-2.0,-1.8019076147082072,0.15790926630951618,True,478
flu_town (n=3000),1-hop features,0,peer,-0.5,-0.37701836061233973,0.08889874752682284,True,478
flu_town (n=3000),partialling-out + 1-hop,0,direct,-2.0,-1.680662305741319,0.16060096199014887,False,478
flu_town (n=3000),partialling-out + 1-hop,0,peer,-0.5,-0.3354305369455708,0.08062004615400686,False,478
flu_town (n=3000),paper mode,0,direct,-2.0,-2.2982849676368673,0.19720592453660846,True,405
flu_town (n=3000),paper mode,0,peer,-0.5,-0.4080992434803399,0.08503277747252408,True,405
referral_app (n=4000),"default (IV-type, buffered, 2 hops)",0,direct,12.0,11.873802051540508,0.9861028327196505,True,396
referral_app (n=4000),"default (IV-type, buffered, 2 hops)",0,peer,40.0,40.86644795724912,1.6426657669319826,True,396
referral_app (n=4000),partialling-out score,0,direct,12.0,11.72307215926022,0.9806060506252294,True,396
referral_app (n=4000),partialling-out score,0,peer,40.0,39.08581295531287,1.7785253665533027,True,396
referral_app (n=4000),focal-only training,0,direct,12.0,13.182189393027496,1.0072564244970654,True,396
referral_app (n=4000),focal-only training,0,peer,40.0,40.8681749338529,1.3965140759416066,True,396
referral_app (n=4000),1-hop features,0,direct,12.0,11.740399235808272,0.990342999722799,True,396
referral_app (n=4000),1-hop features,0,peer,40.0,40.805886826814046,1.6090225524330026,True,396
referral_app (n=4000),partialling-out + 1-hop,0,direct,12.0,11.745122273957447,1.0137621969673967,True,396
referral_app (n=4000),partialling-out + 1-hop,0,peer,40.0,39.893462568139476,1.827166085118923,True,396
referral_app (n=4000),paper mode,0,direct,12.0,13.863805785326532,1.2561141327890735,True,337
referral_app (n=4000),paper mode,0,peer,40.0,38.209938363418225,2.1559075205806346,True,337
"paper eq. 38, ER n=3000","default (IV-type, buffered, 2 hops)",0,direct,10.0,9.921606914287763,0.08527274993657641,True,693
"paper eq. 38, ER n=3000","default (IV-type, buffered, 2 hops)",0,peer,5.0,5.011459450738772,0.055282873893942444,True,693
"paper eq. 38, ER n=3000",partialling-out score,0,direct,10.0,10.106109453652175,0.13015372550852122,True,693
"paper eq. 38, ER n=3000",partialling-out score,0,peer,5.0,4.947364417501339,0.09536442387838732,True,693
"paper eq. 38, ER n=3000",focal-only training,0,direct,10.0,10.000363292546904,0.08934787582158099,True,693
"paper eq. 38, ER n=3000",focal-only training,0,peer,5.0,5.05471779917087,0.05477833064772741,True,693
"paper eq. 38, ER n=3000",1-hop features,0,direct,10.0,9.918636285087478,0.08420010692563983,True,693
"paper eq. 38, ER n=3000",1-hop features,0,peer,5.0,5.011101196137062,0.0558262322072824,True,693
"paper eq. 38, ER n=3000",partialling-out + 1-hop,0,direct,10.0,10.053051438730499,0.12665990979892208,True,693
"paper eq. 38, ER n=3000",partialling-out + 1-hop,0,peer,5.0,4.9624075169530855,0.09052811424676585,True,693
"paper eq. 38, ER n=3000",paper mode,0,direct,10.0,10.535282467128633,0.3357980595617359,True,555
"paper eq. 38, ER n=3000",paper mode,0,peer,5.0,4.7645386066456235,0.22783575512334564,True,555
"paper eq. 39, ER n=3000","default (IV-type, buffered, 2 hops)",0,direct,20.0,20.0013906226775,0.08115836068451773,True,693
"paper eq. 39, ER n=3000","default (IV-type, buffered, 2 hops)",0,peer,5.0,5.0093258212352,0.05434342034243691,True,693
"paper eq. 39, ER n=3000",partialling-out score,0,direct,20.0,20.303805386976688,0.17237874625431146,True,693
"paper eq. 39, ER n=3000",partialling-out score,0,peer,5.0,4.920049575139139,0.131179604622583,True,693
"paper eq. 39, ER n=3000",focal-only training,0,direct,20.0,20.03973508968866,0.08035088404348115,True,693
"paper eq. 39, ER n=3000",focal-only training,0,peer,5.0,4.940226995929149,0.04560754319092035,True,693
"paper eq. 39, ER n=3000",1-hop features,0,direct,20.0,19.99069923066008,0.08141431753268469,True,693
"paper eq. 39, ER n=3000",1-hop features,0,peer,5.0,5.023931321464405,0.05434229286045432,True,693
"paper eq. 39, ER n=3000",partialling-out + 1-hop,0,direct,20.0,20.266866615048745,0.15881185338380857,True,693
"paper eq. 39, ER n=3000",partialling-out + 1-hop,0,peer,5.0,4.981129886112772,0.12845548738184046,True,693
"paper eq. 39, ER n=3000",paper mode,0,direct,20.0,19.8515423615719,0.35555303766725727,True,555
"paper eq. 39, ER n=3000",paper mode,0,peer,5.0,4.531618091837849,0.24961998335830046,True,555
flu_town (n=3000),"default (IV-type, buffered, 2 hops)",1,direct,-2.0,-2.1600097788386403,0.1747918751263043,True,471
flu_town (n=3000),"default (IV-type, buffered, 2 hops)",1,peer,-0.5,-0.4780804171295794,0.10675833415575316,True,471
flu_town (n=3000),partialling-out score,1,direct,-2.0,-2.1227453383877557,0.18031247514361184,True,471
flu_town (n=3000),partialling-out score,1,peer,-0.5,-0.47150935842267777,0.1098163396867722,True,471
flu_town (n=3000),focal-only training,1,direct,-2.0,-2.1787049370232165,0.18750512982779105,True,471
flu_town (n=3000),focal-only training,1,peer,-0.5,-0.45786056496448035,0.15869530916003255,True,471
flu_town (n=3000),1-hop features,1,direct,-2.0,-2.1415405857987664,0.17260951284917259,True,471
flu_town (n=3000),1-hop features,1,peer,-0.5,-0.45902514721453247,0.10735333621353349,True,471
flu_town (n=3000),partialling-out + 1-hop,1,direct,-2.0,-2.0332884587042583,0.1747401937646862,True,471
flu_town (n=3000),partialling-out + 1-hop,1,peer,-0.5,-0.4769428495263581,0.10520251512582288,True,471
flu_town (n=3000),paper mode,1,direct,-2.0,-2.075349133661709,0.22851133484189406,True,394
flu_town (n=3000),paper mode,1,peer,-0.5,-0.4058804708887325,0.10942804665455601,True,394
referral_app (n=4000),"default (IV-type, buffered, 2 hops)",1,direct,12.0,12.766523447270815,0.8199443440832385,True,404
referral_app (n=4000),"default (IV-type, buffered, 2 hops)",1,peer,40.0,38.479610974347764,1.5435086255285224,True,404
referral_app (n=4000),partialling-out score,1,direct,12.0,12.53987100293087,0.9997066969751685,True,404
referral_app (n=4000),partialling-out score,1,peer,40.0,37.82609049156254,1.6694114579269776,True,404
referral_app (n=4000),focal-only training,1,direct,12.0,13.629343483083808,1.0209883859960578,True,404
referral_app (n=4000),focal-only training,1,peer,40.0,38.25844031119671,2.432555704766882,True,404
referral_app (n=4000),1-hop features,1,direct,12.0,12.790177929976123,0.7988023291995019,True,404
referral_app (n=4000),1-hop features,1,peer,40.0,38.01771272417626,1.5089109045834002,True,404
referral_app (n=4000),partialling-out + 1-hop,1,direct,12.0,12.566821934565725,1.0133905669369416,True,404
referral_app (n=4000),partialling-out + 1-hop,1,peer,40.0,37.67147524319938,1.6350738092688146,True,404
referral_app (n=4000),paper mode,1,direct,12.0,13.762612525284807,1.2993470473777478,True,350
referral_app (n=4000),paper mode,1,peer,40.0,35.53347856886219,2.3035710750313942,True,350
"paper eq. 38, ER n=3000","default (IV-type, buffered, 2 hops)",1,direct,10.0,9.96810570425658,0.09024095223614582,True,681
"paper eq. 38, ER n=3000","default (IV-type, buffered, 2 hops)",1,peer,5.0,4.939502205166098,0.073686895231501,True,681
"paper eq. 38, ER n=3000",partialling-out score,1,direct,10.0,10.049786099491664,0.13323996028397353,True,681
"paper eq. 38, ER n=3000",partialling-out score,1,peer,5.0,4.913516979826664,0.10789549128611049,True,681
"paper eq. 38, ER n=3000",focal-only training,1,direct,10.0,9.988758029071757,0.09215736619046604,True,681
"paper eq. 38, ER n=3000",focal-only training,1,peer,5.0,4.935272983441082,0.074931878696216,True,681
"paper eq. 38, ER n=3000",1-hop features,1,direct,10.0,9.990394854714985,0.08986598176068121,True,681
"paper eq. 38, ER n=3000",1-hop features,1,peer,5.0,4.952630960473045,0.07395107734191002,True,681
"paper eq. 38, ER n=3000",partialling-out + 1-hop,1,direct,10.0,10.133230876415725,0.13061797313931048,True,681
"paper eq. 38, ER n=3000",partialling-out + 1-hop,1,peer,5.0,4.8748736992861215,0.09930633165359831,True,681
"paper eq. 38, ER n=3000",paper mode,1,direct,10.0,10.023113089160967,0.39479988368215185,True,552
"paper eq. 38, ER n=3000",paper mode,1,peer,5.0,4.117900457091412,0.2953946082282123,False,552
"paper eq. 39, ER n=3000","default (IV-type, buffered, 2 hops)",1,direct,20.0,19.976216336221245,0.08874291004465186,True,681
"paper eq. 39, ER n=3000","default (IV-type, buffered, 2 hops)",1,peer,5.0,5.034423154045578,0.06580288620050927,True,681
"paper eq. 39, ER n=3000",partialling-out score,1,direct,20.0,19.82790975518397,0.1697621788189526,True,681
"paper eq. 39, ER n=3000",partialling-out score,1,peer,5.0,4.923469139377098,0.13107447574422276,True,681
"paper eq. 39, ER n=3000",focal-only training,1,direct,20.0,19.94877369429126,0.08221012293025752,True,681
"paper eq. 39, ER n=3000",focal-only training,1,peer,5.0,5.019019015349441,0.06122286574823607,True,681
"paper eq. 39, ER n=3000",1-hop features,1,direct,20.0,19.957115246828383,0.08695495636286589,True,681
"paper eq. 39, ER n=3000",1-hop features,1,peer,5.0,5.02942743896192,0.0668630362035905,True,681
"paper eq. 39, ER n=3000",partialling-out + 1-hop,1,direct,20.0,20.092093008699667,0.17109911691009289,True,681
"paper eq. 39, ER n=3000",partialling-out + 1-hop,1,peer,5.0,5.004048433321394,0.14401773201062174,True,681
"paper eq. 39, ER n=3000",paper mode,1,direct,20.0,20.140618890663756,0.39450965085927664,True,552
"paper eq. 39, ER n=3000",paper mode,1,peer,5.0,4.186294277289362,0.29256038112891175,False,552
flu_town (n=3000),"default (IV-type, buffered, 2 hops)",2,direct,-2.0,-2.017504246144262,0.1698161636043197,True,480
flu_town (n=3000),"default (IV-type, buffered, 2 hops)",2,peer,-0.5,-0.6690320845964463,0.08323770485601374,False,480
flu_town (n=3000),partialling-out score,2,direct,-2.0,-2.1150458560196626,0.17252883643269357,True,480
flu_town (n=3000),partialling-out score,2,peer,-0.5,-0.6786018446628688,0.09533756605251716,True,480
flu_town (n=3000),focal-only training,2,direct,-2.0,-2.0100784510730008,0.18044459395889714,True,480
flu_town (n=3000),focal-only training,2,peer,-0.5,-0.6323533794654981,0.09188477305822997,True,480
flu_town (n=3000),1-hop features,2,direct,-2.0,-2.0024185045481078,0.16368235591212957,True,480
flu_town (n=3000),1-hop features,2,peer,-0.5,-0.6143645435471016,0.08053463712062174,True,480
flu_town (n=3000),partialling-out + 1-hop,2,direct,-2.0,-2.0404986099128672,0.17306939420841294,True,480
flu_town (n=3000),partialling-out + 1-hop,2,peer,-0.5,-0.6052253217988465,0.09145097068095756,True,480
flu_town (n=3000),paper mode,2,direct,-2.0,-2.060140388576175,0.23446817665172373,True,408
flu_town (n=3000),paper mode,2,peer,-0.5,-0.5498966055409039,0.09471231172819825,True,408
referral_app (n=4000),"default (IV-type, buffered, 2 hops)",2,direct,12.0,12.819072212052403,0.8843571566490033,True,401
referral_app (n=4000),"default (IV-type, buffered, 2 hops)",2,peer,40.0,40.11454380420256,1.44486385250096,True,401
referral_app (n=4000),partialling-out score,2,direct,12.0,12.064016056285316,0.9979539725310307,True,401
referral_app (n=4000),partialling-out score,2,peer,40.0,38.61471067642214,1.8044026744664063,True,401
referral_app (n=4000),focal-only training,2,direct,12.0,14.339428187862083,1.109821712403022,False,401
referral_app (n=4000),focal-only training,2,peer,40.0,40.114282784073026,1.841463482977064,True,401
referral_app (n=4000),1-hop features,2,direct,12.0,12.672430153363653,0.8875391916489404,True,401
referral_app (n=4000),1-hop features,2,peer,40.0,40.43757038939014,1.440808450435127,True,401
referral_app (n=4000),partialling-out + 1-hop,2,direct,12.0,12.493427685691604,0.9327564164479788,True,401
referral_app (n=4000),partialling-out + 1-hop,2,peer,40.0,39.45983368647228,1.7574760086082557,True,401
referral_app (n=4000),paper mode,2,direct,12.0,14.311406938968721,1.2549221822962764,True,324
referral_app (n=4000),paper mode,2,peer,40.0,38.819357129902436,2.476850664462274,True,324
"paper eq. 38, ER n=3000","default (IV-type, buffered, 2 hops)",2,direct,10.0,10.035407875652409,0.08728808465721172,True,662
"paper eq. 38, ER n=3000","default (IV-type, buffered, 2 hops)",2,peer,5.0,5.102149527053207,0.06589773456184483,True,662
"paper eq. 38, ER n=3000",partialling-out score,2,direct,10.0,10.054271819162937,0.1415315104014362,True,662
"paper eq. 38, ER n=3000",partialling-out score,2,peer,5.0,5.020483463240168,0.10451386804461525,True,662
"paper eq. 38, ER n=3000",focal-only training,2,direct,10.0,10.018373987764553,0.09510624680643717,True,662
"paper eq. 38, ER n=3000",focal-only training,2,peer,5.0,5.093682409376775,0.0825841618048425,True,662
"paper eq. 38, ER n=3000",1-hop features,2,direct,10.0,10.021712205049742,0.08567784659025263,True,662
"paper eq. 38, ER n=3000",1-hop features,2,peer,5.0,5.102978236580737,0.06299426736134459,True,662
"paper eq. 38, ER n=3000",partialling-out + 1-hop,2,direct,10.0,10.041807355647324,0.14002522794311584,True,662
"paper eq. 38, ER n=3000",partialling-out + 1-hop,2,peer,5.0,5.040555857731039,0.09665703613734075,True,662
"paper eq. 38, ER n=3000",paper mode,2,direct,10.0,10.447500222252879,0.3794295761480463,True,521
"paper eq. 38, ER n=3000",paper mode,2,peer,5.0,4.86638459795948,0.27405499524345567,True,521
"paper eq. 39, ER n=3000","default (IV-type, buffered, 2 hops)",2,direct,20.0,20.07300938615926,0.08559024743878053,True,662
"paper eq. 39, ER n=3000","default (IV-type, buffered, 2 hops)",2,peer,5.0,5.0702807339828615,0.05790792665344052,True,662
"paper eq. 39, ER n=3000",partialling-out score,2,direct,20.0,20.184834802182102,0.18871365925615735,True,662
"paper eq. 39, ER n=3000",partialling-out score,2,peer,5.0,5.173912952839889,0.14053727739336885,True,662
"paper eq. 39, ER n=3000",focal-only training,2,direct,20.0,20.07491210201398,0.08331972021077669,True,662
"paper eq. 39, ER n=3000",focal-only training,2,peer,5.0,5.060754813535259,0.05935669335486957,True,662
"paper eq. 39, ER n=3000",1-hop features,2,direct,20.0,20.086266681421513,0.08438394551569108,True,662
"paper eq. 39, ER n=3000",1-hop features,2,peer,5.0,5.07909314722134,0.057443766015673685,True,662
"paper eq. 39, ER n=3000",partialling-out + 1-hop,2,direct,20.0,20.03283508447053,0.18195344233084326,True,662
"paper eq. 39, ER n=3000",partialling-out + 1-hop,2,peer,5.0,5.17639924494512,0.14445498824051609,True,662
"paper eq. 39, ER n=3000",paper mode,2,direct,20.0,20.32623596100442,0.40134540486511283,True,521
"paper eq. 39, ER n=3000",paper mode,2,peer,5.0,4.9445865707511265,0.29867067817700393,True,521
flu_town (n=3000),"default (IV-type, buffered, 2 hops)",3,direct,-2.0,-1.825028948657735,0.16088095619283943,True,460
flu_town (n=3000),"default (IV-type, buffered, 2 hops)",3,peer,-0.5,-0.45663943714238747,0.08847769344636919,True,460
flu_town (n=3000),partialling-out score,3,direct,-2.0,-1.7997334422692384,0.16280162320864716,True,460
flu_town (n=3000),partialling-out score,3,peer,-0.5,-0.4675716533675159,0.09527658156555707,True,460
flu_town (n=3000),focal-only training,3,direct,-2.0,-1.7719113317482549,0.21752540655464883,True,460
flu_town (n=3000),focal-only training,3,peer,-0.5,-0.9212354829130914,0.43210689883489134,True,460
flu_town (n=3000),1-hop features,3,direct,-2.0,-1.809070721931591,0.16170168347838276,True,460
flu_town (n=3000),1-hop features,3,peer,-0.5,-0.4598757386749505,0.08851247059851063,True,460
flu_town (n=3000),partialling-out + 1-hop,3,direct,-2.0,-1.745321552581969,0.1618911474195998,True,460
flu_town (n=3000),partialling-out + 1-hop,3,peer,-0.5,-0.5003144557671595,0.09478168319243484,True,460
flu_town (n=3000),paper mode,3,direct,-2.0,-1.6441784393057757,0.22671404892292996,True,391
flu_town (n=3000),paper mode,3,peer,-0.5,-0.35040120208512976,0.0959131288791607,True,391
referral_app (n=4000),"default (IV-type, buffered, 2 hops)",3,direct,12.0,12.696815228285823,0.8551573907681783,True,400
referral_app (n=4000),"default (IV-type, buffered, 2 hops)",3,peer,40.0,42.463202237961866,1.5739758131764858,True,400
referral_app (n=4000),partialling-out score,3,direct,12.0,12.740348902600743,0.9169672645719142,True,400
referral_app (n=4000),partialling-out score,3,peer,40.0,41.973443284058575,1.6913361588723488,True,400
referral_app (n=4000),focal-only training,3,direct,12.0,14.218431401728775,0.9324485301670822,False,400
referral_app (n=4000),focal-only training,3,peer,40.0,43.01654954559108,1.592141463503376,True,400
referral_app (n=4000),1-hop features,3,direct,12.0,12.575210783692468,0.8628166381910121,True,400
referral_app (n=4000),1-hop features,3,peer,40.0,42.41693368538706,1.60489651651426,True,400
referral_app (n=4000),partialling-out + 1-hop,3,direct,12.0,12.861412454602517,0.9081182779947766,True,400
referral_app (n=4000),partialling-out + 1-hop,3,peer,40.0,41.709668546225174,1.7106850752464133,True,400
referral_app (n=4000),paper mode,3,direct,12.0,13.542292551543602,1.5270869156859639,True,338
referral_app (n=4000),paper mode,3,peer,40.0,33.88275570503209,2.6566835775924744,False,338
"paper eq. 38, ER n=3000","default (IV-type, buffered, 2 hops)",3,direct,10.0,10.032795688845598,0.08672492154426048,True,668
"paper eq. 38, ER n=3000","default (IV-type, buffered, 2 hops)",3,peer,5.0,5.015305627520957,0.06114007891355617,True,668
"paper eq. 38, ER n=3000",partialling-out score,3,direct,10.0,9.991654765938168,0.1423131519983269,True,668
"paper eq. 38, ER n=3000",partialling-out score,3,peer,5.0,4.97438230039557,0.10043998252877703,True,668
"paper eq. 38, ER n=3000",focal-only training,3,direct,10.0,10.076448293498087,0.09290453256618902,True,668
"paper eq. 38, ER n=3000",focal-only training,3,peer,5.0,5.085954114191349,0.058080289962429,True,668
"paper eq. 38, ER n=3000",1-hop features,3,direct,10.0,9.993564033868017,0.08537182963512731,True,668
"paper eq. 38, ER n=3000",1-hop features,3,peer,5.0,5.030664860302971,0.06069931363517338,True,668
"paper eq. 38, ER n=3000",partialling-out + 1-hop,3,direct,10.0,10.008966386228378,0.14553845097459903,True,668
"paper eq. 38, ER n=3000",partialling-out + 1-hop,3,peer,5.0,5.047464383660473,0.10401228308227838,True,668
"paper eq. 38, ER n=3000",paper mode,3,direct,10.0,9.80304553979572,0.37317181428478213,True,547
"paper eq. 38, ER n=3000",paper mode,3,peer,5.0,4.572075776303882,0.285599027763802,True,547
"paper eq. 39, ER n=3000","default (IV-type, buffered, 2 hops)",3,direct,20.0,20.04378305996538,0.08093373807555909,True,668
"paper eq. 39, ER n=3000","default (IV-type, buffered, 2 hops)",3,peer,5.0,4.950482200891236,0.05325354015072895,True,668
"paper eq. 39, ER n=3000",partialling-out score,3,direct,20.0,20.012039101574967,0.20833272978113768,True,668
"paper eq. 39, ER n=3000",partialling-out score,3,peer,5.0,5.000093644849683,0.13232514521376773,True,668
"paper eq. 39, ER n=3000",focal-only training,3,direct,20.0,20.02285109244407,0.07859718012292662,True,668
"paper eq. 39, ER n=3000",focal-only training,3,peer,5.0,4.951789971587667,0.05055151024434475,True,668
"paper eq. 39, ER n=3000",1-hop features,3,direct,20.0,20.033925047344265,0.08168595605271442,True,668
"paper eq. 39, ER n=3000",1-hop features,3,peer,5.0,4.963796601096716,0.05316863773072301,True,668
"paper eq. 39, ER n=3000",partialling-out + 1-hop,3,direct,20.0,20.05999641176794,0.19453009022763565,True,668
"paper eq. 39, ER n=3000",partialling-out + 1-hop,3,peer,5.0,4.870070044353593,0.12096294852035439,True,668
"paper eq. 39, ER n=3000",paper mode,3,direct,20.0,19.80264114119834,0.37077903353647396,True,547
"paper eq. 39, ER n=3000",paper mode,3,peer,5.0,4.420208199397368,0.29663276803926963,True,547
flu_town (n=3000),"default (IV-type, buffered, 2 hops)",4,direct,-2.0,-2.05171999657346,0.18361626072772141,True,471
flu_town (n=3000),"default (IV-type, buffered, 2 hops)",4,peer,-0.5,-0.47063787956689596,0.10621433470505913,True,471
flu_town (n=3000),partialling-out score,4,direct,-2.0,-2.0280469230182243,0.1894361896256511,True,471
flu_town (n=3000),partialling-out score,4,peer,-0.5,-0.4691529837359375,0.09153446587538958,True,471
flu_town (n=3000),focal-only training,4,direct,-2.0,-2.156506585465822,0.19270905942809566,True,471
flu_town (n=3000),focal-only training,4,peer,-0.5,-0.43588157651146675,0.13409765504822416,True,471
flu_town (n=3000),1-hop features,4,direct,-2.0,-1.9814983343017398,0.18171276106394907,True,471
flu_town (n=3000),1-hop features,4,peer,-0.5,-0.49029857359105183,0.10253228026703005,True,471
flu_town (n=3000),partialling-out + 1-hop,4,direct,-2.0,-1.9823274287819217,0.18272157284782156,True,471
flu_town (n=3000),partialling-out + 1-hop,4,peer,-0.5,-0.4315669398098199,0.08640905386561176,True,471
flu_town (n=3000),paper mode,4,direct,-2.0,-1.8697264951788906,0.20964592169817592,True,406
flu_town (n=3000),paper mode,4,peer,-0.5,-0.6923312750984315,0.09760584010232003,False,406
referral_app (n=4000),"default (IV-type, buffered, 2 hops)",4,direct,12.0,12.626756488722963,0.9263510735115292,True,401
referral_app (n=4000),"default (IV-type, buffered, 2 hops)",4,peer,40.0,39.57947951335637,1.8867881946721794,True,401
referral_app (n=4000),partialling-out score,4,direct,12.0,12.225525940525742,0.9793568210788527,True,401
referral_app (n=4000),partialling-out score,4,peer,40.0,37.086438807545605,1.8114965576417552,True,401
referral_app (n=4000),focal-only training,4,direct,12.0,13.328406680309481,1.0453490289010954,True,401
referral_app (n=4000),focal-only training,4,peer,40.0,39.355468104162036,2.2644528315661954,True,401
referral_app (n=4000),1-hop features,4,direct,12.0,12.619498844545234,0.9159623772059734,True,401
referral_app (n=4000),1-hop features,4,peer,40.0,39.36754511291261,1.8674906545825678,True,401
referral_app (n=4000),partialling-out + 1-hop,4,direct,12.0,11.906067556368246,1.022778690806186,True,401
referral_app (n=4000),partialling-out + 1-hop,4,peer,40.0,37.159795765430545,1.8787991822813528,True,401
referral_app (n=4000),paper mode,4,direct,12.0,13.286046376783018,1.1806316853702392,True,354
referral_app (n=4000),paper mode,4,peer,40.0,42.23877155369356,2.250042027123885,True,354
"paper eq. 38, ER n=3000","default (IV-type, buffered, 2 hops)",4,direct,10.0,10.038225661006326,0.09065609829855203,True,723
"paper eq. 38, ER n=3000","default (IV-type, buffered, 2 hops)",4,peer,5.0,5.025168254091482,0.07150089521016556,True,723
"paper eq. 38, ER n=3000",partialling-out score,4,direct,10.0,10.151964627712514,0.1334277355768771,True,723
"paper eq. 38, ER n=3000",partialling-out score,4,peer,5.0,5.050025761554593,0.1040002509769038,True,723
"paper eq. 38, ER n=3000",focal-only training,4,direct,10.0,10.071991806604377,0.09563224502143777,True,723
"paper eq. 38, ER n=3000",focal-only training,4,peer,5.0,4.866599216822129,0.056713181070028325,False,723
"paper eq. 38, ER n=3000",1-hop features,4,direct,10.0,10.005016655497645,0.09082137590900745,True,723
"paper eq. 38, ER n=3000",1-hop features,4,peer,5.0,5.020804268517027,0.07045910498602874,True,723
"paper eq. 38, ER n=3000",partialling-out + 1-hop,4,direct,10.0,10.051746822761277,0.130565095941556,True,723
"paper eq. 38, ER n=3000",partialling-out + 1-hop,4,peer,5.0,5.0742966529318725,0.10386280865613905,True,723
"paper eq. 38, ER n=3000",paper mode,4,direct,10.0,10.33609036166314,0.30776605080591996,True,578
"paper eq. 38, ER n=3000",paper mode,4,peer,5.0,5.460988961452142,0.23784110494452612,True,578
"paper eq. 39, ER n=3000","default (IV-type, buffered, 2 hops)",4,direct,20.0,20.01557625108969,0.081009229923067,True,723
"paper eq. 39, ER n=3000","default (IV-type, buffered, 2 hops)",4,peer,5.0,4.973001380771642,0.0709700308267958,True,723
"paper eq. 39, ER n=3000",partialling-out score,4,direct,20.0,20.268940234444656,0.17362450806157803,True,723
"paper eq. 39, ER n=3000",partialling-out score,4,peer,5.0,4.9782116989627925,0.13504513185125122,True,723
"paper eq. 39, ER n=3000",focal-only training,4,direct,20.0,20.046082210098348,0.08401507193622378,True,723
"paper eq. 39, ER n=3000",focal-only training,4,peer,5.0,4.946220990698153,0.06350580648871554,True,723
"paper eq. 39, ER n=3000",1-hop features,4,direct,20.0,20.02600333618422,0.08077404346670497,True,723
"paper eq. 39, ER n=3000",1-hop features,4,peer,5.0,4.956538886779061,0.07317566977006541,True,723
"paper eq. 39, ER n=3000",partialling-out + 1-hop,4,direct,20.0,20.15487779810802,0.16618079796466595,True,723
"paper eq. 39, ER n=3000",partialling-out + 1-hop,4,peer,5.0,5.015076088249523,0.13051085115976896,True,723
"paper eq. 39, ER n=3000",paper mode,4,direct,20.0,20.397740287962005,0.3357028797579986,True,578
"paper eq. 39, ER n=3000",paper mode,4,peer,5.0,5.363432833324512,0.2793770297649975,True,578
flu_town (n=3000),"default (IV-type, buffered, 2 hops)",5,direct,-2.0,-2.3857245040879214,0.1760513954392895,False,480
flu_town (n=3000),"default (IV-type, buffered, 2 hops)",5,peer,-0.5,-0.5435641648694933,0.09009608654345685,True,480
flu_town (n=3000),partialling-out score,5,direct,-2.0,-2.309209481321646,0.17253079185863862,True,480
flu_town (n=3000),partialling-out score,5,peer,-0.5,-0.5138799219157114,0.09115182856656433,True,480
flu_town (n=3000),focal-only training,5,direct,-2.0,-2.2998759443558088,0.17760296241843432,True,480
flu_town (n=3000),focal-only training,5,peer,-0.5,-0.5611912477711749,0.06194419236041336,True,480
flu_town (n=3000),1-hop features,5,direct,-2.0,-2.334705070795589,0.17807609768558152,True,480
flu_town (n=3000),1-hop features,5,peer,-0.5,-0.5348337536152606,0.08525158283639178,True,480
flu_town (n=3000),partialling-out + 1-hop,5,direct,-2.0,-2.2914910035644764,0.17261881944018526,True,480
flu_town (n=3000),partialling-out + 1-hop,5,peer,-0.5,-0.5190939805569117,0.08980806832899564,True,480
flu_town (n=3000),paper mode,5,direct,-2.0,-2.230060976221566,0.227840052269426,True,392
flu_town (n=3000),paper mode,5,peer,-0.5,-0.5807243155246645,0.09308191762204786,True,392
referral_app (n=4000),"default (IV-type, buffered, 2 hops)",5,direct,12.0,12.041962987280229,1.036209889476887,True,392
referral_app (n=4000),"default (IV-type, buffered, 2 hops)",5,peer,40.0,39.052046900751094,1.5585586481694034,True,392
referral_app (n=4000),partialling-out score,5,direct,12.0,11.336341655443725,1.0106875323298345,True,392
referral_app (n=4000),partialling-out score,5,peer,40.0,38.918463227819046,1.8485526138333637,True,392
referral_app (n=4000),focal-only training,5,direct,12.0,12.536259612758125,1.1264244295272454,True,392
referral_app (n=4000),focal-only training,5,peer,40.0,38.599268555533634,1.5327821495747578,True,392
referral_app (n=4000),1-hop features,5,direct,12.0,11.96629133505436,1.0186257033860353,True,392
referral_app (n=4000),1-hop features,5,peer,40.0,38.95348196305194,1.4992864646763926,True,392
referral_app (n=4000),partialling-out + 1-hop,5,direct,12.0,11.773287238653678,1.0166431589434428,True,392
referral_app (n=4000),partialling-out + 1-hop,5,peer,40.0,38.906067806045925,1.8492579266676363,True,392
referral_app (n=4000),paper mode,5,direct,12.0,12.542548271110713,1.2460310652115572,True,351
referral_app (n=4000),paper mode,5,peer,40.0,32.85929216886981,2.4045490637328424,False,351
"paper eq. 38, ER n=3000","default (IV-type, buffered, 2 hops)",5,direct,10.0,10.164405363924654,0.08413319157746901,True,684
"paper eq. 38, ER n=3000","default (IV-type, buffered, 2 hops)",5,peer,5.0,4.997276894082857,0.06233984781188645,True,684
"paper eq. 38, ER n=3000",partialling-out score,5,direct,10.0,10.282017302783371,0.13771138172977299,False,684
"paper eq. 38, ER n=3000",partialling-out score,5,peer,5.0,5.02278467836984,0.10253571231545895,True,684
"paper eq. 38, ER n=3000",focal-only training,5,direct,10.0,10.178739271111619,0.08930535474983967,False,684
"paper eq. 38, ER n=3000",focal-only training,5,peer,5.0,4.999004662828342,0.06529269240272677,True,684
"paper eq. 38, ER n=3000",1-hop features,5,direct,10.0,10.17869369155181,0.08382778504651138,False,684
"paper eq. 38, ER n=3000",1-hop features,5,peer,5.0,5.004783910696211,0.06254584486399271,True,684
"paper eq. 38, ER n=3000",partialling-out + 1-hop,5,direct,10.0,10.225485852178656,0.13030584508637022,True,684
"paper eq. 38, ER n=3000",partialling-out + 1-hop,5,peer,5.0,5.082086972048799,0.0953530972570036,True,684
"paper eq. 38, ER n=3000",paper mode,5,direct,10.0,9.814670171170201,0.35673228873173884,True,555
"paper eq. 38, ER n=3000",paper mode,5,peer,5.0,4.77528980181586,0.30446190319393684,True,555
"paper eq. 39, ER n=3000","default (IV-type, buffered, 2 hops)",5,direct,20.0,20.18240317872746,0.08313624992683159,False,684
"paper eq. 39, ER n=3000","default (IV-type, buffered, 2 hops)",5,peer,5.0,4.974767239710046,0.0580607547701886,True,684
"paper eq. 39, ER n=3000",partialling-out score,5,direct,20.0,20.23599717985388,0.18218866878364803,True,684
"paper eq. 39, ER n=3000",partialling-out score,5,peer,5.0,4.893033843993319,0.1304588874687098,True,684
"paper eq. 39, ER n=3000",focal-only training,5,direct,20.0,20.192011702943613,0.08140650126389486,False,684
"paper eq. 39, ER n=3000",focal-only training,5,peer,5.0,4.912219542821854,0.048776405980921284,True,684
"paper eq. 39, ER n=3000",1-hop features,5,direct,20.0,20.158991409777855,0.0838869962707906,True,684
"paper eq. 39, ER n=3000",1-hop features,5,peer,5.0,4.9984476996206055,0.05971554363177915,True,684
"paper eq. 39, ER n=3000",partialling-out + 1-hop,5,direct,20.0,20.236699212353816,0.17929108034805183,True,684
"paper eq. 39, ER n=3000",partialling-out + 1-hop,5,peer,5.0,5.084941977640058,0.12845188083368453,True,684
"paper eq. 39, ER n=3000",paper mode,5,direct,20.0,19.899702827715583,0.36436492672103576,True,555
"paper eq. 39, ER n=3000",paper mode,5,peer,5.0,4.953549553440205,0.3152852407100919,True,555
flu_town (n=3000),"default (IV-type, buffered, 2 hops)",6,direct,-2.0,-2.2007917646262265,0.18029622201129375,True,466
flu_town (n=3000),"default (IV-type, buffered, 2 hops)",6,peer,-0.5,-0.5371330737342489,0.08206271163291178,True,466
flu_town (n=3000),partialling-out score,6,direct,-2.0,-2.2193873796571824,0.17844160301279371,True,466
flu_town (n=3000),partialling-out score,6,peer,-0.5,-0.48914522883129546,0.09377629237147693,True,466
flu_town (n=3000),focal-only training,6,direct,-2.0,-2.1737765473103443,0.18099214242894596,True,466
flu_town (n=3000),focal-only training,6,peer,-0.5,-0.49834128078838,0.08087026200904919,True,466
flu_town (n=3000),1-hop features,6,direct,-2.0,-2.143539152193392,0.17932709662942248,True,466
flu_town (n=3000),1-hop features,6,peer,-0.5,-0.4908905187908765,0.0821913294221512,True,466
flu_town (n=3000),partialling-out + 1-hop,6,direct,-2.0,-2.2274400829543683,0.18192946042545582,True,466
flu_town (n=3000),partialling-out + 1-hop,6,peer,-0.5,-0.4678955548873297,0.09789831106024345,True,466
flu_town (n=3000),paper mode,6,direct,-2.0,-2.132798555655032,0.2569571145039941,True,402
flu_town (n=3000),paper mode,6,peer,-0.5,-0.5769624653708378,0.10445768361425152,True,402
referral_app (n=4000),"default (IV-type, buffered, 2 hops)",6,direct,12.0,13.063013579120883,0.8941065540654697,True,397
referral_app (n=4000),"default (IV-type, buffered, 2 hops)",6,peer,40.0,38.18969401118032,1.5553464432681432,True,397
referral_app (n=4000),partialling-out score,6,direct,12.0,12.752342472823507,0.9749350381748619,True,397
referral_app (n=4000),partialling-out score,6,peer,40.0,36.82714128861788,1.6215027873987404,True,397
referral_app (n=4000),focal-only training,6,direct,12.0,13.533258842512334,1.0517146353054372,True,397
referral_app (n=4000),focal-only training,6,peer,40.0,39.70377679048084,1.5965889540543778,True,397
referral_app (n=4000),1-hop features,6,direct,12.0,12.624447025413147,0.8983073343522866,True,397
referral_app (n=4000),1-hop features,6,peer,40.0,38.19461897681781,1.5166937798422122,True,397
referral_app (n=4000),partialling-out + 1-hop,6,direct,12.0,12.728791410438832,1.0009071330843111,True,397
referral_app (n=4000),partialling-out + 1-hop,6,peer,40.0,37.63417167392773,1.697362832709473,True,397
referral_app (n=4000),paper mode,6,direct,12.0,12.42075482894929,1.441919943560506,True,347
referral_app (n=4000),paper mode,6,peer,40.0,39.18104402830659,2.546427939416797,True,347
"paper eq. 38, ER n=3000","default (IV-type, buffered, 2 hops)",6,direct,10.0,9.9823600635079,0.08016496733912118,True,675
"paper eq. 38, ER n=3000","default (IV-type, buffered, 2 hops)",6,peer,5.0,5.004522168913294,0.06308016589053167,True,675
"paper eq. 38, ER n=3000",partialling-out score,6,direct,10.0,9.983228829848075,0.13310679521616045,True,675
"paper eq. 38, ER n=3000",partialling-out score,6,peer,5.0,4.998149254460394,0.09384301785299348,True,675
"paper eq. 38, ER n=3000",focal-only training,6,direct,10.0,9.949474332739099,0.0851839472680879,True,675
"paper eq. 38, ER n=3000",focal-only training,6,peer,5.0,4.990059026558432,0.0740020885745438,True,675
"paper eq. 38, ER n=3000",1-hop features,6,direct,10.0,10.025634224423106,0.0791468046159757,True,675
"paper eq. 38, ER n=3000",1-hop features,6,peer,5.0,4.99860875988797,0.06342919992306509,True,675
"paper eq. 38, ER n=3000",partialling-out + 1-hop,6,direct,10.0,10.011314859609815,0.12912815298084832,True,675
"paper eq. 38, ER n=3000",partialling-out + 1-hop,6,peer,5.0,5.043813020260448,0.08939516856081393,True,675
"paper eq. 38, ER n=3000",paper mode,6,direct,10.0,9.65448165427523,0.3507269678687383,True,551
"paper eq. 38, ER n=3000",paper mode,6,peer,5.0,5.247545775250078,0.2861258865166846,True,551
"paper eq. 39, ER n=3000","default (IV-type, buffered, 2 hops)",6,direct,20.0,19.99851359750211,0.08045118224965192,True,675
"paper eq. 39, ER n=3000","default (IV-type, buffered, 2 hops)",6,peer,5.0,5.067977417714205,0.06095129856450483,True,675
"paper eq. 39, ER n=3000",partialling-out score,6,direct,20.0,19.99223230508551,0.18925920346009667,True,675
"paper eq. 39, ER n=3000",partialling-out score,6,peer,5.0,4.848672003166372,0.13924324221291987,True,675
"paper eq. 39, ER n=3000",focal-only training,6,direct,20.0,20.00608160531144,0.0783694574090945,True,675
"paper eq. 39, ER n=3000",focal-only training,6,peer,5.0,5.046961040322845,0.053235922176558724,True,675
"paper eq. 39, ER n=3000",1-hop features,6,direct,20.0,20.003348941641313,0.07873050221087559,True,675
"paper eq. 39, ER n=3000",1-hop features,6,peer,5.0,5.0551244499850965,0.059964732779667185,True,675
"paper eq. 39, ER n=3000",partialling-out + 1-hop,6,direct,20.0,20.047191713922878,0.16680214952846162,True,675
"paper eq. 39, ER n=3000",partialling-out + 1-hop,6,peer,5.0,4.916958314419068,0.12003007404934009,True,675
"paper eq. 39, ER n=3000",paper mode,6,direct,20.0,20.19167947474014,0.3878355645117243,True,551
"paper eq. 39, ER n=3000",paper mode,6,peer,5.0,4.91420239281891,0.3215998411202395,True,551
flu_town (n=3000),"default (IV-type, buffered, 2 hops)",7,direct,-2.0,-2.218149126249169,0.18615136541926364,True,476
flu_town (n=3000),"default (IV-type, buffered, 2 hops)",7,peer,-0.5,-0.41890904720811983,0.0955403064544535,True,476
flu_town (n=3000),partialling-out score,7,direct,-2.0,-2.1342730608787823,0.17827012669916048,True,476
flu_town (n=3000),partialling-out score,7,peer,-0.5,-0.3887716541282851,0.09286441746707248,True,476
flu_town (n=3000),focal-only training,7,direct,-2.0,-2.028796330434522,0.1985860838808853,True,476
flu_town (n=3000),focal-only training,7,peer,-0.5,-0.42652668842139985,0.07679140265487042,True,476
flu_town (n=3000),1-hop features,7,direct,-2.0,-2.0975364907879652,0.19021074836468876,True,476
flu_town (n=3000),1-hop features,7,peer,-0.5,-0.3909847315073799,0.09397878863674602,True,476
flu_town (n=3000),partialling-out + 1-hop,7,direct,-2.0,-2.020083848358333,0.18378124552201777,True,476
flu_town (n=3000),partialling-out + 1-hop,7,peer,-0.5,-0.3539932019952918,0.094800735828825,True,476
flu_town (n=3000),paper mode,7,direct,-2.0,-2.1831374646220763,0.21069482370298895,True,400
flu_town (n=3000),paper mode,7,peer,-0.5,-0.5739110772903613,0.09467042126345337,True,400
referral_app (n=4000),"default (IV-type, buffered, 2 hops)",7,direct,12.0,12.605409637114251,0.9784256017662278,True,378
referral_app (n=4000),"default (IV-type, buffered, 2 hops)",7,peer,40.0,40.27948980372554,1.5871128354895037,True,378
referral_app (n=4000),partialling-out score,7,direct,12.0,12.304665686838796,1.0524690366205698,True,378
referral_app (n=4000),partialling-out score,7,peer,40.0,39.510194502856834,1.8807651065335085,True,378
referral_app (n=4000),focal-only training,7,direct,12.0,12.462577479589193,1.0786322924593206,True,378
referral_app (n=4000),focal-only training,7,peer,40.0,42.103275695370115,2.2797518520153415,True,378
referral_app (n=4000),1-hop features,7,direct,12.0,12.303642699606572,0.9858529217995599,True,378
referral_app (n=4000),1-hop features,7,peer,40.0,40.27371542972742,1.5546788716856892,True,378
referral_app (n=4000),partialling-out + 1-hop,7,direct,12.0,11.70312521618076,0.995337758993874,True,378
referral_app (n=4000),partialling-out + 1-hop,7,peer,40.0,39.17886692084474,1.7520695335616918,True,378
referral_app (n=4000),paper mode,7,direct,12.0,13.2449322523307,1.2966927061426334,True,340
referral_app (n=4000),paper mode,7,peer,40.0,38.49172191685054,2.5711106585939603,True,340
"paper eq. 38, ER n=3000","default (IV-type, buffered, 2 hops)",7,direct,10.0,9.819826232652034,0.0876213435523205,False,690
"paper eq. 38, ER n=3000","default (IV-type, buffered, 2 hops)",7,peer,5.0,5.019146230683583,0.05770263777581038,True,690
"paper eq. 38, ER n=3000",partialling-out score,7,direct,10.0,9.548084008740878,0.14459389598484773,False,690
"paper eq. 38, ER n=3000",partialling-out score,7,peer,5.0,4.9397318802650405,0.10344094547841465,True,690
"paper eq. 38, ER n=3000",focal-only training,7,direct,10.0,9.828867118013068,0.09111761089574874,True,690
"paper eq. 38, ER n=3000",focal-only training,7,peer,5.0,4.951837394251755,0.050061443503046636,True,690
"paper eq. 38, ER n=3000",1-hop features,7,direct,10.0,9.815677901989831,0.08514282453382198,False,690
"paper eq. 38, ER n=3000",1-hop features,7,peer,5.0,5.031939670605917,0.05619761455601586,True,690
"paper eq. 38, ER n=3000",partialling-out + 1-hop,7,direct,10.0,9.688370703646205,0.14318949951044077,False,690
"paper eq. 38, ER n=3000",partialling-out + 1-hop,7,peer,5.0,4.954626539331075,0.10253943978506605,True,690
"paper eq. 38, ER n=3000",paper mode,7,direct,10.0,9.748988440238245,0.35894796659503136,True,555
"paper eq. 38, ER n=3000",paper mode,7,peer,5.0,4.649011284764007,0.2711768715945629,True,555
"paper eq. 39, ER n=3000","default (IV-type, buffered, 2 hops)",7,direct,20.0,20.045307521053132,0.08525673274777729,True,690
"paper eq. 39, ER n=3000","default (IV-type, buffered, 2 hops)",7,peer,5.0,4.984252954903118,0.05545260830102616,True,690
"paper eq. 39, ER n=3000",partialling-out score,7,direct,20.0,19.66779342617384,0.18378472179665595,True,690
"paper eq. 39, ER n=3000",partialling-out score,7,peer,5.0,4.8619911197741965,0.14073801794408816,True,690
"paper eq. 39, ER n=3000",focal-only training,7,direct,20.0,20.024819653696696,0.08010378205662572,True,690
"paper eq. 39, ER n=3000",focal-only training,7,peer,5.0,5.037463656074881,0.04609521259885603,True,690
"paper eq. 39, ER n=3000",1-hop features,7,direct,20.0,19.98971309706168,0.08039378853787237,True,690
"paper eq. 39, ER n=3000",1-hop features,7,peer,5.0,5.005070290941241,0.05235776153740164,True,690
"paper eq. 39, ER n=3000",partialling-out + 1-hop,7,direct,20.0,19.87574011542911,0.17413805972478988,True,690
"paper eq. 39, ER n=3000",partialling-out + 1-hop,7,peer,5.0,5.103172396978202,0.13229733512513947,True,690
"paper eq. 39, ER n=3000",paper mode,7,direct,20.0,20.016954216794357,0.3655116992954765,True,555
"paper eq. 39, ER n=3000",paper mode,7,peer,5.0,4.818264133303225,0.3007503570290444,True,555
flu_town (n=3000),"default (IV-type, buffered, 2 hops)",8,direct,-2.0,-1.9504358409122975,0.18022897902018561,True,470
flu_town (n=3000),"default (IV-type, buffered, 2 hops)",8,peer,-0.5,-0.4267440255141398,0.0787056698219051,True,470
flu_town (n=3000),partialling-out score,8,direct,-2.0,-1.8444999286738615,0.17821494271217939,True,470
flu_town (n=3000),partialling-out score,8,peer,-0.5,-0.397287892806554,0.0956124938760058,True,470
flu_town (n=3000),focal-only training,8,direct,-2.0,-1.9605326173778401,0.18920819546695236,True,470
flu_town (n=3000),focal-only training,8,peer,-0.5,-0.4473273549178947,0.10406580845949075,True,470
flu_town (n=3000),1-hop features,8,direct,-2.0,-1.931527517452835,0.17761669829918605,True,470
flu_town (n=3000),1-hop features,8,peer,-0.5,-0.4396228823578647,0.07546558887449757,True,470
flu_town (n=3000),partialling-out + 1-hop,8,direct,-2.0,-1.9199013720044371,0.17566999292822214,True,470
flu_town (n=3000),partialling-out + 1-hop,8,peer,-0.5,-0.4194089808110277,0.0879603994354375,True,470
flu_town (n=3000),paper mode,8,direct,-2.0,-2.2682811801069707,0.23830487839439643,True,402
flu_town (n=3000),paper mode,8,peer,-0.5,-0.3030958009894529,0.10209171632369735,True,402
referral_app (n=4000),"default (IV-type, buffered, 2 hops)",8,direct,12.0,11.260115037542475,0.9431498512182528,True,398
referral_app (n=4000),"default (IV-type, buffered, 2 hops)",8,peer,40.0,39.41675689169167,1.4623554517078374,True,398
referral_app (n=4000),partialling-out score,8,direct,12.0,11.508990223577383,1.1041819796794763,True,398
referral_app (n=4000),partialling-out score,8,peer,40.0,36.843153890855284,1.7436674248570925,True,398
referral_app (n=4000),focal-only training,8,direct,12.0,12.063776383534702,0.9812159872125101,True,398
referral_app (n=4000),focal-only training,8,peer,40.0,39.94564024019724,1.884395777921899,True,398
referral_app (n=4000),1-hop features,8,direct,12.0,11.360919342126012,0.8913039331689591,True,398
referral_app (n=4000),1-hop features,8,peer,40.0,39.34161673722137,1.4746141206307697,True,398
referral_app (n=4000),partialling-out + 1-hop,8,direct,12.0,11.612719902804734,1.0387638401205397,True,398
referral_app (n=4000),partialling-out + 1-hop,8,peer,40.0,38.26426534285201,1.6854896528003345,True,398
referral_app (n=4000),paper mode,8,direct,12.0,14.630432156241918,1.3071341278146447,False,347
referral_app (n=4000),paper mode,8,peer,40.0,37.91476672871841,2.4749829377501364,True,347
"paper eq. 38, ER n=3000","default (IV-type, buffered, 2 hops)",8,direct,10.0,10.001315936806247,0.08606479030216813,True,671
"paper eq. 38, ER n=3000","default (IV-type, buffered, 2 hops)",8,peer,5.0,4.988100920011693,0.0698730674465133,True,671
"paper eq. 38, ER n=3000",partialling-out score,8,direct,10.0,9.694443384203167,0.14361054489180267,False,671
"paper eq. 38, ER n=3000",partialling-out score,8,peer,5.0,4.950074764522283,0.10439715821790477,True,671
"paper eq. 38, ER n=3000",focal-only training,8,direct,10.0,10.010716148821652,0.09299785325982432,True,671
"paper eq. 38, ER n=3000",focal-only training,8,peer,5.0,5.005457776950538,0.0756106791791631,True,671
"paper eq. 38, ER n=3000",1-hop features,8,direct,10.0,9.951829868190462,0.08461382784944035,True,671
"paper eq. 38, ER n=3000",1-hop features,8,peer,5.0,4.99110035672292,0.06940927368459053,True,671
"paper eq. 38, ER n=3000",partialling-out + 1-hop,8,direct,10.0,9.741731111217767,0.14110425792533843,True,671
"paper eq. 38, ER n=3000",partialling-out + 1-hop,8,peer,5.0,5.0009110839334046,0.09877276298026164,True,671
"paper eq. 38, ER n=3000",paper mode,8,direct,10.0,9.61532934392875,0.3840976823783811,True,518
"paper eq. 38, ER n=3000",paper mode,8,peer,5.0,4.898643270347178,0.39662560568258154,True,518
"paper eq. 39, ER n=3000","default (IV-type, buffered, 2 hops)",8,direct,20.0,20.035543670121402,0.07805045486900845,True,671
"paper eq. 39, ER n=3000","default (IV-type, buffered, 2 hops)",8,peer,5.0,5.071688665217958,0.06254332944724598,True,671
"paper eq. 39, ER n=3000",partialling-out score,8,direct,20.0,19.736939702476278,0.18804710724509185,True,671
"paper eq. 39, ER n=3000",partialling-out score,8,peer,5.0,5.150748143661806,0.13004455871690015,True,671
"paper eq. 39, ER n=3000",focal-only training,8,direct,20.0,20.067565310900754,0.08555828682674732,True,671
"paper eq. 39, ER n=3000",focal-only training,8,peer,5.0,5.084039383351389,0.06423788207493505,True,671
"paper eq. 39, ER n=3000",1-hop features,8,direct,20.0,20.035289804551706,0.07855054154203484,True,671
"paper eq. 39, ER n=3000",1-hop features,8,peer,5.0,5.065268593908458,0.06218772141199536,True,671
"paper eq. 39, ER n=3000",partialling-out + 1-hop,8,direct,20.0,19.809615811203816,0.18229444552063198,True,671
"paper eq. 39, ER n=3000",partialling-out + 1-hop,8,peer,5.0,5.050363580022599,0.1209123411574924,True,671
"paper eq. 39, ER n=3000",paper mode,8,direct,20.0,19.313406245839232,0.38362280693233264,True,518
"paper eq. 39, ER n=3000",paper mode,8,peer,5.0,4.790444794145497,0.33360569603813905,True,518
flu_town (n=3000),"default (IV-type, buffered, 2 hops)",9,direct,-2.0,-2.185543824047998,0.16620583221534,True,477
flu_town (n=3000),"default (IV-type, buffered, 2 hops)",9,peer,-0.5,-0.4888541545740836,0.10654163956210391,True,477
flu_town (n=3000),partialling-out score,9,direct,-2.0,-2.056621649437406,0.1813541267097847,True,477
flu_town (n=3000),partialling-out score,9,peer,-0.5,-0.4540550845391641,0.09686551339459144,True,477
flu_town (n=3000),focal-only training,9,direct,-2.0,-2.1515517183974158,0.1733491839123444,True,477
flu_town (n=3000),focal-only training,9,peer,-0.5,-0.592774550605506,0.1271637145594826,True,477
flu_town (n=3000),1-hop features,9,direct,-2.0,-2.174620761470982,0.160262851822391,True,477
flu_town (n=3000),1-hop features,9,peer,-0.5,-0.5047659777007725,0.09954029391880807,True,477
flu_town (n=3000),partialling-out + 1-hop,9,direct,-2.0,-2.073896496497455,0.1763661345111349,True,477
flu_town (n=3000),partialling-out + 1-hop,9,peer,-0.5,-0.49169880945521377,0.09262220700106062,True,477
flu_town (n=3000),paper mode,9,direct,-2.0,-2.272634524502781,0.23500571838043585,True,403
flu_town (n=3000),paper mode,9,peer,-0.5,-0.4830818135090162,0.09666237672609992,True,403
referral_app (n=4000),"default (IV-type, buffered, 2 hops)",9,direct,12.0,12.464171882146218,0.8327679399976144,True,378
referral_app (n=4000),"default (IV-type, buffered, 2 hops)",9,peer,40.0,41.891077341873284,1.7149125869990978,True,378
referral_app (n=4000),partialling-out score,9,direct,12.0,12.06751367269025,0.9450375266574514,True,378
referral_app (n=4000),partialling-out score,9,peer,40.0,40.95507527938884,1.5190949689712125,True,378
referral_app (n=4000),focal-only training,9,direct,12.0,14.74576874652659,1.0450768878157137,False,378
referral_app (n=4000),focal-only training,9,peer,40.0,43.615373626152724,2.656032049144526,True,378
referral_app (n=4000),1-hop features,9,direct,12.0,12.096327571459717,0.8355903731598331,True,378
referral_app (n=4000),1-hop features,9,peer,40.0,41.14535650538972,1.6794205235092874,True,378
referral_app (n=4000),partialling-out + 1-hop,9,direct,12.0,12.046630833447663,0.9665863953015665,True,378
referral_app (n=4000),partialling-out + 1-hop,9,peer,40.0,40.43274468270508,1.6098243157792675,True,378
referral_app (n=4000),paper mode,9,direct,12.0,14.592942358645388,1.1979054798299758,False,329
referral_app (n=4000),paper mode,9,peer,40.0,44.202262172649995,2.215902941758954,True,329
"paper eq. 38, ER n=3000","default (IV-type, buffered, 2 hops)",9,direct,10.0,10.05949827615898,0.0848881342716636,True,683
"paper eq. 38, ER n=3000","default (IV-type, buffered, 2 hops)",9,peer,5.0,5.093550115034748,0.06593205062207884,True,683
"paper eq. 38, ER n=3000",partialling-out score,9,direct,10.0,10.1196266628638,0.1291715131515369,True,683
"paper eq. 38, ER n=3000",partialling-out score,9,peer,5.0,4.97879371338461,0.10303530369336815,True,683
"paper eq. 38, ER n=3000",focal-only training,9,direct,10.0,10.089052817760841,0.08719777772127356,True,683
"paper eq. 38, ER n=3000",focal-only training,9,peer,5.0,5.104872255550303,0.06355791343900954,True,683
"paper eq. 38, ER n=3000",1-hop features,9,direct,10.0,10.03939126154215,0.08490052907488668,True,683
"paper eq. 38, ER n=3000",1-hop features,9,peer,5.0,5.09974728133038,0.06417546094327337,True,683
"paper eq. 38, ER n=3000",partialling-out + 1-hop,9,direct,10.0,10.184063712670229,0.12157739834754007,True,683
"paper eq. 38, ER n=3000",partialling-out + 1-hop,9,peer,5.0,4.98764353100241,0.0948281499276424,True,683
"paper eq. 38, ER n=3000",paper mode,9,direct,10.0,10.403810058231949,0.3316302352226961,True,564
"paper eq. 38, ER n=3000",paper mode,9,peer,5.0,4.89661388022905,0.26898039157611653,True,564
"paper eq. 39, ER n=3000","default (IV-type, buffered, 2 hops)",9,direct,20.0,20.066654480811163,0.07968954791093803,True,683
"paper eq. 39, ER n=3000","default (IV-type, buffered, 2 hops)",9,peer,5.0,5.070672594664984,0.06043638530362384,True,683
"paper eq. 39, ER n=3000",partialling-out score,9,direct,20.0,20.433993546145874,0.17555464912222854,False,683
"paper eq. 39, ER n=3000",partialling-out score,9,peer,5.0,4.826301278182093,0.13950819759787228,True,683
"paper eq. 39, ER n=3000",focal-only training,9,direct,20.0,20.084769264740736,0.07592754370200475,True,683
"paper eq. 39, ER n=3000",focal-only training,9,peer,5.0,5.08246055232426,0.0567008208499719,True,683
"paper eq. 39, ER n=3000",1-hop features,9,direct,20.0,20.0767383307244,0.08122105726783432,True,683
"paper eq. 39, ER n=3000",1-hop features,9,peer,5.0,5.0824007064180154,0.06076243200679869,True,683
"paper eq. 39, ER n=3000",partialling-out + 1-hop,9,direct,20.0,20.282148030949237,0.16887699700751485,True,683
"paper eq. 39, ER n=3000",partialling-out + 1-hop,9,peer,5.0,4.85926199986433,0.13095407723557034,True,683
"paper eq. 39, ER n=3000",paper mode,9,direct,20.0,19.872497823102478,0.34472138215298753,True,564
"paper eq. 39, ER n=3000",paper mode,9,peer,5.0,4.946006489835849,0.24636756122847545,True,564
flu_town (n=3000),"default (IV-type, buffered, 2 hops)",10,direct,-2.0,-1.9679200668080277,0.18798837130730353,True,480
flu_town (n=3000),"default (IV-type, buffered, 2 hops)",10,peer,-0.5,-0.5766860278833035,0.100823246904848,True,480
flu_town (n=3000),partialling-out score,10,direct,-2.0,-1.9380609676186409,0.18117045148274527,True,480
flu_town (n=3000),partialling-out score,10,peer,-0.5,-0.50475695162802,0.08654255249068996,True,480
flu_town (n=3000),focal-only training,10,direct,-2.0,-2.0312111429459834,0.1840855167936231,True,480
flu_town (n=3000),focal-only training,10,peer,-0.5,-0.5780370687813724,0.08771901471616829,True,480
flu_town (n=3000),1-hop features,10,direct,-2.0,-2.0239102274370273,0.1881574419923735,True,480
flu_town (n=3000),1-hop features,10,peer,-0.5,-0.5774525434347906,0.10384215909341106,True,480
flu_town (n=3000),partialling-out + 1-hop,10,direct,-2.0,-2.028497210948227,0.1767253160873546,True,480
flu_town (n=3000),partialling-out + 1-hop,10,peer,-0.5,-0.5320384986005384,0.08718195951866434,True,480
flu_town (n=3000),paper mode,10,direct,-2.0,-2.005407343283889,0.2231719056157384,True,413
flu_town (n=3000),paper mode,10,peer,-0.5,-0.5520620418812504,0.08852033601572455,True,413
referral_app (n=4000),"default (IV-type, buffered, 2 hops)",10,direct,12.0,14.062918712636296,0.9663943774291951,False,383
referral_app (n=4000),"default (IV-type, buffered, 2 hops)",10,peer,40.0,41.132489818106954,1.2799703391477497,True,383
referral_app (n=4000),partialling-out score,10,direct,12.0,13.440528868607087,1.0735212427711573,True,383
referral_app (n=4000),partialling-out score,10,peer,40.0,39.84945101085203,1.6274359647094956,True,383
referral_app (n=4000),focal-only training,10,direct,12.0,15.060662037977075,1.1557109329567874,False,383
referral_app (n=4000),focal-only training,10,peer,40.0,43.667533176300466,1.6971454730495303,False,383
referral_app (n=4000),1-hop features,10,direct,12.0,14.075135156905246,0.9565919422942956,False,383
referral_app (n=4000),1-hop features,10,peer,40.0,40.99514404951109,1.3017593307653408,True,383
referral_app (n=4000),partialling-out + 1-hop,10,direct,12.0,13.475208164832093,1.0940172163993598,True,383
referral_app (n=4000),partialling-out + 1-hop,10,peer,40.0,39.86682042058627,1.5967536154752358,True,383
referral_app (n=4000),paper mode,10,direct,12.0,14.132174329116323,1.399971507785074,True,337
referral_app (n=4000),paper mode,10,peer,40.0,34.86111590138269,2.5489341516990724,False,337
"paper eq. 38, ER n=3000","default (IV-type, buffered, 2 hops)",10,direct,10.0,10.087775869367219,0.08821862853424445,True,708
"paper eq. 38, ER n=3000","default (IV-type, buffered, 2 hops)",10,peer,5.0,5.027674043621846,0.07640532125115407,True,708
"paper eq. 38, ER n=3000",partialling-out score,10,direct,10.0,9.967149660736549,0.12345312014811945,True,708
"paper eq. 38, ER n=3000",partialling-out score,10,peer,5.0,4.8620701492679705,0.0937012270109776,True,708
"paper eq. 38, ER n=3000",focal-only training,10,direct,10.0,10.075949060545385,0.09179243967294319,True,708
"paper eq. 38, ER n=3000",focal-only training,10,peer,5.0,4.877857036269138,0.06923763172022963,True,708
"paper eq. 38, ER n=3000",1-hop features,10,direct,10.0,10.086095632758743,0.0882226331094514,True,708
"paper eq. 38, ER n=3000",1-hop features,10,peer,5.0,5.056470717630889,0.0768299679439307,True,708
"paper eq. 38, ER n=3000",partialling-out + 1-hop,10,direct,10.0,10.000922327263504,0.11764170796237772,True,708
"paper eq. 38, ER n=3000",partialling-out + 1-hop,10,peer,5.0,4.838243743562665,0.09443663879483556,True,708
"paper eq. 38, ER n=3000",paper mode,10,direct,10.0,9.469524240434994,0.35368375948134795,True,572
"paper eq. 38, ER n=3000",paper mode,10,peer,5.0,4.512212211239709,0.2895269782902966,True,572
"paper eq. 39, ER n=3000","default (IV-type, buffered, 2 hops)",10,direct,20.0,20.01813800294973,0.0809999330449897,True,708
"paper eq. 39, ER n=3000","default (IV-type, buffered, 2 hops)",10,peer,5.0,5.036845088188825,0.05901304636704857,True,708
"paper eq. 39, ER n=3000",partialling-out score,10,direct,20.0,19.722900559916685,0.17253190745763772,True,708
"paper eq. 39, ER n=3000",partialling-out score,10,peer,5.0,5.138860124424022,0.12081857416707384,True,708
"paper eq. 39, ER n=3000",focal-only training,10,direct,20.0,20.016403389031833,0.07896126179839086,True,708
"paper eq. 39, ER n=3000",focal-only training,10,peer,5.0,5.018987822997821,0.05320101684518345,True,708
"paper eq. 39, ER n=3000",1-hop features,10,direct,20.0,20.026501110676126,0.08218504892658905,True,708
"paper eq. 39, ER n=3000",1-hop features,10,peer,5.0,5.044982455060146,0.06047246250904875,True,708
"paper eq. 39, ER n=3000",partialling-out + 1-hop,10,direct,20.0,19.710312531634436,0.1627564707910937,True,708
"paper eq. 39, ER n=3000",partialling-out + 1-hop,10,peer,5.0,5.019372528610755,0.11246299707103825,True,708
"paper eq. 39, ER n=3000",paper mode,10,direct,20.0,19.63444834008474,0.3671960670525731,True,572
"paper eq. 39, ER n=3000",paper mode,10,peer,5.0,4.992525914883185,0.27983127171606975,True,572
flu_town (n=3000),"default (IV-type, buffered, 2 hops)",11,direct,-2.0,-2.053715018595775,0.15696554879643262,True,474
flu_town (n=3000),"default (IV-type, buffered, 2 hops)",11,peer,-0.5,-0.5176226631131041,0.11140984392352368,True,474
flu_town (n=3000),partialling-out score,11,direct,-2.0,-1.9667117071543863,0.18485602571543003,True,474
flu_town (n=3000),partialling-out score,11,peer,-0.5,-0.5054517916679456,0.08827288956135071,True,474
flu_town (n=3000),focal-only training,11,direct,-2.0,-2.235060123735957,0.18388787350873537,True,474
flu_town (n=3000),focal-only training,11,peer,-0.5,-0.6639032327890636,0.2728179196183581,True,474
flu_town (n=3000),1-hop features,11,direct,-2.0,-1.9998871626801324,0.15543511664872828,True,474
flu_town (n=3000),1-hop features,11,peer,-0.5,-0.5296162167878041,0.1127785086038885,True,474
flu_town (n=3000),partialling-out + 1-hop,11,direct,-2.0,-1.9501145120269472,0.18898884797540935,True,474
flu_town (n=3000),partialling-out + 1-hop,11,peer,-0.5,-0.4785042040980863,0.08936350737480714,True,474
flu_town (n=3000),paper mode,11,direct,-2.0,-2.1549421462222567,0.22788384101412107,True,393
flu_town (n=3000),paper mode,11,peer,-0.5,-0.4160287617093857,0.09735030297547959,True,393
referral_app (n=4000),"default (IV-type, buffered, 2 hops)",11,direct,12.0,12.35096523787001,0.8939928051946868,True,397
referral_app (n=4000),"default (IV-type, buffered, 2 hops)",11,peer,40.0,39.10539139114149,1.5551638908763596,True,397
referral_app (n=4000),partialling-out score,11,direct,12.0,12.434851441109885,0.9448541086199288,True,397
referral_app (n=4000),partialling-out score,11,peer,40.0,38.542773436071776,1.7667138055275347,True,397
referral_app (n=4000),focal-only training,11,direct,12.0,13.20277592115991,0.9806201310777635,True,397
referral_app (n=4000),focal-only training,11,peer,40.0,39.18847166144104,1.897664329556023,True,397
referral_app (n=4000),1-hop features,11,direct,12.0,12.329737728383177,0.8686659163928291,True,397
referral_app (n=4000),1-hop features,11,peer,40.0,38.8245100943923,1.5585399038438479,True,397
referral_app (n=4000),partialling-out + 1-hop,11,direct,12.0,12.087841419390092,0.912157675696337,True,397
referral_app (n=4000),partialling-out + 1-hop,11,peer,40.0,38.26659434752037,1.7088036928987904,True,397
referral_app (n=4000),paper mode,11,direct,12.0,12.947187842205372,1.2509954329821722,True,350
referral_app (n=4000),paper mode,11,peer,40.0,40.646160509406414,2.3046009492866397,True,350
"paper eq. 38, ER n=3000","default (IV-type, buffered, 2 hops)",11,direct,10.0,10.03555267072933,0.08176154789969385,True,690
"paper eq. 38, ER n=3000","default (IV-type, buffered, 2 hops)",11,peer,5.0,4.961930782646727,0.06262623233714498,True,690
"paper eq. 38, ER n=3000",partialling-out score,11,direct,10.0,10.082742483766362,0.1381349012304478,True,690
"paper eq. 38, ER n=3000",partialling-out score,11,peer,5.0,4.796481079553879,0.1048872587112009,True,690
"paper eq. 38, ER n=3000",focal-only training,11,direct,10.0,9.998240055204295,0.08699154709901251,True,690
"paper eq. 38, ER n=3000",focal-only training,11,peer,5.0,4.961792079684393,0.07511750076637438,True,690
"paper eq. 38, ER n=3000",1-hop features,11,direct,10.0,10.02321826755224,0.08089832601438557,True,690
"paper eq. 38, ER n=3000",1-hop features,11,peer,5.0,4.959185447212105,0.06237746072893835,True,690
"paper eq. 38, ER n=3000",partialling-out + 1-hop,11,direct,10.0,10.022580578306469,0.12624155454768307,True,690
"paper eq. 38, ER n=3000",partialling-out + 1-hop,11,peer,5.0,4.873630383794175,0.09502327059029814,True,690
"paper eq. 38, ER n=3000",paper mode,11,direct,10.0,9.610235312713357,0.3661929679287456,True,563
"paper eq. 38, ER n=3000",paper mode,11,peer,5.0,4.4863743885624165,0.2703668288955252,True,563
"paper eq. 39, ER n=3000","default (IV-type, buffered, 2 hops)",11,direct,20.0,20.020292844452346,0.0752074105860965,True,690
"paper eq. 39, ER n=3000","default (IV-type, buffered, 2 hops)",11,peer,5.0,5.01660023680373,0.0582017275682876,True,690
"paper eq. 39, ER n=3000",partialling-out score,11,direct,20.0,19.88571176047487,0.17485771354572618,True,690
"paper eq. 39, ER n=3000",partialling-out score,11,peer,5.0,5.059300856532784,0.13725450212062876,True,690
"paper eq. 39, ER n=3000",focal-only training,11,direct,20.0,20.01900664706713,0.0791715097514178,True,690
"paper eq. 39, ER n=3000",focal-only training,11,peer,5.0,5.038237889263676,0.0804474036703812,True,690
"paper eq. 39, ER n=3000",1-hop features,11,direct,20.0,20.01211443967192,0.0743501751175183,True,690
"paper eq. 39, ER n=3000",1-hop features,11,peer,5.0,5.009686357885258,0.05947824460590772,True,690
"paper eq. 39, ER n=3000",partialling-out + 1-hop,11,direct,20.0,19.881977360104848,0.16515128061366463,True,690
"paper eq. 39, ER n=3000",partialling-out + 1-hop,11,peer,5.0,4.97489097346574,0.1307946078249457,True,690
"paper eq. 39, ER n=3000",paper mode,11,direct,20.0,19.686614692404234,0.3607477835762428,True,563
"paper eq. 39, ER n=3000",paper mode,11,peer,5.0,4.652280360704549,0.3025740937812503,True,563
flu_town (n=3000),"default (IV-type, buffered, 2 hops)",12,direct,-2.0,-1.740501731685481,0.17527406939116216,True,468
flu_town (n=3000),"default (IV-type, buffered, 2 hops)",12,peer,-0.5,-0.3798729265412339,0.08096295868221974,True,468
flu_town (n=3000),partialling-out score,12,direct,-2.0,-1.6204285095321833,0.17328919624865566,False,468
flu_town (n=3000),partialling-out score,12,peer,-0.5,-0.3849661504420985,0.09051571342031382,True,468
flu_town (n=3000),focal-only training,12,direct,-2.0,-1.746224117881865,0.17615509465865953,True,468
flu_town (n=3000),focal-only training,12,peer,-0.5,-0.4345480018120239,0.0806601273017018,True,468
flu_town (n=3000),1-hop features,12,direct,-2.0,-1.7189745733536324,0.17271503443268016,True,468
flu_town (n=3000),1-hop features,12,peer,-0.5,-0.3993125871378425,0.0770211541490959,True,468
flu_town (n=3000),partialling-out + 1-hop,12,direct,-2.0,-1.6693610489799864,0.17642751882532964,True,468
flu_town (n=3000),partialling-out + 1-hop,12,peer,-0.5,-0.4105622930726674,0.08929211764682991,True,468
flu_town (n=3000),paper mode,12,direct,-2.0,-1.9174600074207317,0.2002506939352339,True,401
flu_town (n=3000),paper mode,12,peer,-0.5,-0.33023107795778944,0.09053783911950222,True,401
referral_app (n=4000),"default (IV-type, buffered, 2 hops)",12,direct,12.0,10.492748824625883,0.7906312702151133,True,403
referral_app (n=4000),"default (IV-type, buffered, 2 hops)",12,peer,40.0,41.8177782517516,1.739757780782652,True,403
referral_app (n=4000),partialling-out score,12,direct,12.0,10.507388653795024,0.939281046687665,True,403
referral_app (n=4000),partialling-out score,12,peer,40.0,40.939775522402805,1.7226436587777754,True,403
referral_app (n=4000),focal-only training,12,direct,12.0,11.404240690154163,1.1353024312446023,True,403
referral_app (n=4000),focal-only training,12,peer,40.0,49.970111283473265,4.783908190974063,False,403
referral_app (n=4000),1-hop features,12,direct,12.0,10.647439621278803,0.8146252881209545,True,403
referral_app (n=4000),1-hop features,12,peer,40.0,41.430697922720476,1.693389863864583,True,403
referral_app (n=4000),partialling-out + 1-hop,12,direct,12.0,10.57893329846127,0.9915652813850505,True,403
referral_app (n=4000),partialling-out + 1-hop,12,peer,40.0,40.308602556613245,1.6725464670170267,True,403
referral_app (n=4000),paper mode,12,direct,12.0,13.055721617174127,1.3982016628331218,True,347
referral_app (n=4000),paper mode,12,peer,40.0,36.87575638763142,2.396695182305398,True,347
"paper eq. 38, ER n=3000","default (IV-type, buffered, 2 hops)",12,direct,10.0,9.970630699985472,0.08635609807202359,True,695
"paper eq. 38, ER n=3000","default (IV-type, buffered, 2 hops)",12,peer,5.0,5.068386392668479,0.06873472185202949,True,695
"paper eq. 38, ER n=3000",partialling-out score,12,direct,10.0,9.965829650133461,0.14627007567957068,True,695
"paper eq. 38, ER n=3000",partialling-out score,12,peer,5.0,4.908956173294939,0.11270493549932074,True,695
"paper eq. 38, ER n=3000",focal-only training,12,direct,10.0,9.948626520657998,0.08978216687280567,True,695
"paper eq. 38, ER n=3000",focal-only training,12,peer,5.0,5.135242934419148,0.07249473271153346,True,695
"paper eq. 38, ER n=3000",1-hop features,12,direct,10.0,9.972567246098851,0.08653837439982741,True,695
"paper eq. 38, ER n=3000",1-hop features,12,peer,5.0,5.099212449640031,0.06852187456547651,True,695
"paper eq. 38, ER n=3000",partialling-out + 1-hop,12,direct,10.0,9.971251955977941,0.14185960540238857,True,695
"paper eq. 38, ER n=3000",partialling-out + 1-hop,12,peer,5.0,4.955461022575594,0.10751576593830284,True,695
"paper eq. 38, ER n=3000",paper mode,12,direct,10.0,9.83305119033249,0.35345963028740734,True,554
"paper eq. 38, ER n=3000",paper mode,12,peer,5.0,5.135286734093444,0.2658988542267665,True,554
"paper eq. 39, ER n=3000","default (IV-type, buffered, 2 hops)",12,direct,20.0,20.014433583090444,0.08388679962942627,True,695
"paper eq. 39, ER n=3000","default (IV-type, buffered, 2 hops)",12,peer,5.0,5.147842022237975,0.06413371774944569,False,695
"paper eq. 39, ER n=3000",partialling-out score,12,direct,20.0,19.876331664480904,0.18728805613817756,True,695
"paper eq. 39, ER n=3000",partialling-out score,12,peer,5.0,4.935607490230348,0.13838604023110262,True,695
"paper eq. 39, ER n=3000",focal-only training,12,direct,20.0,19.99427124489924,0.07935812183755965,True,695
"paper eq. 39, ER n=3000",focal-only training,12,peer,5.0,5.16798473669035,0.05884536423206141,False,695
"paper eq. 39, ER n=3000",1-hop features,12,direct,20.0,20.008704820929253,0.08345118868928603,True,695
"paper eq. 39, ER n=3000",1-hop features,12,peer,5.0,5.160002928051686,0.06311124833031095,False,695
"paper eq. 39, ER n=3000",partialling-out + 1-hop,12,direct,20.0,19.76337618117697,0.18638734360515516,True,695
"paper eq. 39, ER n=3000",partialling-out + 1-hop,12,peer,5.0,5.013146923330284,0.13160138354653483,True,695
"paper eq. 39, ER n=3000",paper mode,12,direct,20.0,19.319192159383956,0.38675683320611554,True,554
"paper eq. 39, ER n=3000",paper mode,12,peer,5.0,5.256132820613477,0.26935682855111914,True,554
flu_town (n=3000),"default (IV-type, buffered, 2 hops)",13,direct,-2.0,-2.124091696635948,0.16127372636199508,True,457
flu_town (n=3000),"default (IV-type, buffered, 2 hops)",13,peer,-0.5,-0.5764400893656079,0.10657401856865009,True,457
flu_town (n=3000),partialling-out score,13,direct,-2.0,-2.1094865311299773,0.16293335135032086,True,457
flu_town (n=3000),partialling-out score,13,peer,-0.5,-0.5486916556325231,0.10340580158690982,True,457
flu_town (n=3000),focal-only training,13,direct,-2.0,-2.0831733010441313,0.17621221614111374,True,457
flu_town (n=3000),focal-only training,13,peer,-0.5,-0.5846780199022258,0.10486765367902211,True,457
flu_town (n=3000),1-hop features,13,direct,-2.0,-2.0930059311415232,0.16457622242407033,True,457
flu_town (n=3000),1-hop features,13,peer,-0.5,-0.5573378921745096,0.10652472211091027,True,457
flu_town (n=3000),partialling-out + 1-hop,13,direct,-2.0,-2.0858200676660723,0.16570321960974713,True,457
flu_town (n=3000),partialling-out + 1-hop,13,peer,-0.5,-0.5299134298101106,0.09964443988814674,True,457
flu_town (n=3000),paper mode,13,direct,-2.0,-2.0620817960167703,0.21913871814211272,True,395
flu_town (n=3000),paper mode,13,peer,-0.5,-0.4985919176323402,0.10402302678843485,True,395
referral_app (n=4000),"default (IV-type, buffered, 2 hops)",13,direct,12.0,12.46756683791503,0.9948886759803163,True,390
referral_app (n=4000),"default (IV-type, buffered, 2 hops)",13,peer,40.0,41.0272434020174,1.5546818926822044,True,390
referral_app (n=4000),partialling-out score,13,direct,12.0,11.59081782187932,1.051927144689966,True,390
referral_app (n=4000),partialling-out score,13,peer,40.0,40.08822733403927,1.6868364836154828,True,390
referral_app (n=4000),focal-only training,13,direct,12.0,13.148977692867446,0.9998007198205081,True,390
referral_app (n=4000),focal-only training,13,peer,40.0,41.43922423672429,1.3750772153608042,True,390
referral_app (n=4000),1-hop features,13,direct,12.0,12.293547327134442,0.9836670544454456,True,390
referral_app (n=4000),1-hop features,13,peer,40.0,41.24824320452849,1.5497065928878648,True,390
referral_app (n=4000),partialling-out + 1-hop,13,direct,12.0,11.587494473859444,1.0452980708851876,True,390
referral_app (n=4000),partialling-out + 1-hop,13,peer,40.0,41.78684795596918,1.7310087975474842,True,390
referral_app (n=4000),paper mode,13,direct,12.0,12.572046480778296,1.2813567356655862,True,342
referral_app (n=4000),paper mode,13,peer,40.0,38.42854133654671,2.0449337597421056,True,342
"paper eq. 38, ER n=3000","default (IV-type, buffered, 2 hops)",13,direct,10.0,10.109786534274063,0.08347046203896692,True,683
"paper eq. 38, ER n=3000","default (IV-type, buffered, 2 hops)",13,peer,5.0,4.941275849576764,0.06703146228068256,True,683
"paper eq. 38, ER n=3000",partialling-out score,13,direct,10.0,10.212647306959681,0.13606715377158338,True,683
"paper eq. 38, ER n=3000",partialling-out score,13,peer,5.0,4.921141525356701,0.10717521548672594,True,683
"paper eq. 38, ER n=3000",focal-only training,13,direct,10.0,10.045397895456269,0.09478305738467789,True,683
"paper eq. 38, ER n=3000",focal-only training,13,peer,5.0,4.957060170260329,0.0982991575115148,True,683
"paper eq. 38, ER n=3000",1-hop features,13,direct,10.0,10.090966462082061,0.08296533503085089,True,683
"paper eq. 38, ER n=3000",1-hop features,13,peer,5.0,4.92192043532073,0.06800179949881935,True,683
"paper eq. 38, ER n=3000",partialling-out + 1-hop,13,direct,10.0,10.126730134793293,0.1310130619252126,True,683
"paper eq. 38, ER n=3000",partialling-out + 1-hop,13,peer,5.0,4.982395434550148,0.10131912849631014,True,683
"paper eq. 38, ER n=3000",paper mode,13,direct,10.0,10.036269933784867,0.3962580832645262,True,536
"paper eq. 38, ER n=3000",paper mode,13,peer,5.0,4.582207853153569,0.3006924531669061,True,536
"paper eq. 39, ER n=3000","default (IV-type, buffered, 2 hops)",13,direct,20.0,20.161511438562155,0.07654800814302616,False,683
"paper eq. 39, ER n=3000","default (IV-type, buffered, 2 hops)",13,peer,5.0,4.92951085180249,0.05883013177766387,True,683
"paper eq. 39, ER n=3000",partialling-out score,13,direct,20.0,20.308219435878733,0.18276826987450712,True,683
"paper eq. 39, ER n=3000",partialling-out score,13,peer,5.0,4.842843209658165,0.1308803817361033,True,683
"paper eq. 39, ER n=3000",focal-only training,13,direct,20.0,20.168564125939152,0.08495141307775816,False,683
"paper eq. 39, ER n=3000",focal-only training,13,peer,5.0,4.9354992488415,0.0685906084348162,True,683
"paper eq. 39, ER n=3000",1-hop features,13,direct,20.0,20.156708285158683,0.0779492816567141,False,683
"paper eq. 39, ER n=3000",1-hop features,13,peer,5.0,4.911826859227417,0.0617842638800211,True,683
"paper eq. 39, ER n=3000",partialling-out + 1-hop,13,direct,20.0,20.094433759648975,0.17678063449504092,True,683
"paper eq. 39, ER n=3000",partialling-out + 1-hop,13,peer,5.0,5.082030720462047,0.12180282023450228,True,683
"paper eq. 39, ER n=3000",paper mode,13,direct,20.0,20.00139995981182,0.4345858320765679,True,536
"paper eq. 39, ER n=3000",paper mode,13,peer,5.0,4.618786220746288,0.33854166556439363,True,536
flu_town (n=3000),"default (IV-type, buffered, 2 hops)",14,direct,-2.0,-2.021122598995053,0.16630789848732466,True,474
flu_town (n=3000),"default (IV-type, buffered, 2 hops)",14,peer,-0.5,-0.5809409258367529,0.08296013548948741,True,474
flu_town (n=3000),partialling-out score,14,direct,-2.0,-1.9378498864312608,0.1684314604885319,True,474
flu_town (n=3000),partialling-out score,14,peer,-0.5,-0.5347401874448281,0.08794685354494046,True,474
flu_town (n=3000),focal-only training,14,direct,-2.0,-2.12010411794679,0.172215707534013,True,474
flu_town (n=3000),focal-only training,14,peer,-0.5,-0.5997635308583036,0.08246783676264721,True,474
flu_town (n=3000),1-hop features,14,direct,-2.0,-2.1047738449217013,0.1694495173985741,True,474
flu_town (n=3000),1-hop features,14,peer,-0.5,-0.5462746148608663,0.08170733948716284,True,474
flu_town (n=3000),partialling-out + 1-hop,14,direct,-2.0,-2.0272091875093743,0.17151409592507197,True,474
flu_town (n=3000),partialling-out + 1-hop,14,peer,-0.5,-0.5001114540400569,0.09421372854694027,True,474
flu_town (n=3000),paper mode,14,direct,-2.0,-1.96095648013893,0.22328568456137626,True,411
flu_town (n=3000),paper mode,14,peer,-0.5,-0.656203018440476,0.10893774195276018,True,411
referral_app (n=4000),"default (IV-type, buffered, 2 hops)",14,direct,12.0,12.625979219628523,0.8300126133354576,True,402
referral_app (n=4000),"default (IV-type, buffered, 2 hops)",14,peer,40.0,38.918235753912455,1.6479284063672934,True,402
referral_app (n=4000),partialling-out score,14,direct,12.0,12.887128215393663,0.9911668223612414,True,402
referral_app (n=4000),partialling-out score,14,peer,40.0,39.29258434747368,1.6846093061102416,True,402
referral_app (n=4000),focal-only training,14,direct,12.0,13.702404897700774,1.2067247880511298,True,402
referral_app (n=4000),focal-only training,14,peer,40.0,45.38340109668083,5.04358285600914,True,402
referral_app (n=4000),1-hop features,14,direct,12.0,12.271754442366499,0.8224798641365716,True,402
referral_app (n=4000),1-hop features,14,peer,40.0,38.90119522928185,1.659006293210724,True,402
referral_app (n=4000),partialling-out + 1-hop,14,direct,12.0,12.580642588032429,0.9837109813682665,True,402
referral_app (n=4000),partialling-out + 1-hop,14,peer,40.0,38.76034493266114,1.6300943585459537,True,402
referral_app (n=4000),paper mode,14,direct,12.0,13.272711310573113,1.31167148048916,True,353
referral_app (n=4000),paper mode,14,peer,40.0,32.23393020807051,2.354628423628586,False,353
"paper eq. 38, ER n=3000","default (IV-type, buffered, 2 hops)",14,direct,10.0,9.945646046321123,0.08476759850592412,True,693
"paper eq. 38, ER n=3000","default (IV-type, buffered, 2 hops)",14,peer,5.0,5.0121181646745825,0.06402902225770012,True,693
"paper eq. 38, ER n=3000",partialling-out score,14,direct,10.0,9.916438900152306,0.1334215831585497,True,693
"paper eq. 38, ER n=3000",partialling-out score,14,peer,5.0,4.971493011881661,0.09294320475954515,True,693
"paper eq. 38, ER n=3000",focal-only training,14,direct,10.0,9.941685251773265,0.09374514012614833,True,693
"paper eq. 38, ER n=3000",focal-only training,14,peer,5.0,5.0345342606418155,0.07448156067290819,True,693
"paper eq. 38, ER n=3000",1-hop features,14,direct,10.0,9.926413615703982,0.08437059550328972,True,693
"paper eq. 38, ER n=3000",1-hop features,14,peer,5.0,5.029211507959138,0.06513677397688038,True,693
"paper eq. 38, ER n=3000",partialling-out + 1-hop,14,direct,10.0,9.821397015107495,0.1353581025727603,True,693
"paper eq. 38, ER n=3000",partialling-out + 1-hop,14,peer,5.0,4.897622036838749,0.09397785558831634,True,693
"paper eq. 38, ER n=3000",paper mode,14,direct,10.0,10.44737658098546,0.3429933000378346,True,557
"paper eq. 38, ER n=3000",paper mode,14,peer,5.0,5.007774055155621,0.31385065966942083,True,557
"paper eq. 39, ER n=3000","default (IV-type, buffered, 2 hops)",14,direct,20.0,19.93749369608504,0.08115755351327213,True,693
"paper eq. 39, ER n=3000","default (IV-type, buffered, 2 hops)",14,peer,5.0,5.018026432199602,0.06251429951983879,True,693
"paper eq. 39, ER n=3000",partialling-out score,14,direct,20.0,19.84098959657884,0.1626273071714001,True,693
"paper eq. 39, ER n=3000",partialling-out score,14,peer,5.0,4.931217678992548,0.11830686763359792,True,693
"paper eq. 39, ER n=3000",focal-only training,14,direct,20.0,19.961689592568472,0.08189245377214005,True,693
"paper eq. 39, ER n=3000",focal-only training,14,peer,5.0,5.015494028672529,0.06255123151471084,True,693
"paper eq. 39, ER n=3000",1-hop features,14,direct,20.0,19.946455197444806,0.08541776951999076,True,693
"paper eq. 39, ER n=3000",1-hop features,14,peer,5.0,5.021348131618451,0.06720169480480313,True,693
"paper eq. 39, ER n=3000",partialling-out + 1-hop,14,direct,20.0,19.68540723089356,0.16149754243435022,True,693
"paper eq. 39, ER n=3000",partialling-out + 1-hop,14,peer,5.0,4.803301767196848,0.1191804426427079,True,693
"paper eq. 39, ER n=3000",paper mode,14,direct,20.0,20.52623229525351,0.34471001198367845,True,557
"paper eq. 39, ER n=3000",paper mode,14,peer,5.0,4.790083089408202,0.32301176633561596,True,557
flu_town (n=3000),"default (IV-type, buffered, 2 hops)",15,direct,-2.0,-2.19000568492883,0.17577276235833933,True,464
flu_town (n=3000),"default (IV-type, buffered, 2 hops)",15,peer,-0.5,-0.44537209230664904,0.09512032607654874,True,464
flu_town (n=3000),partialling-out score,15,direct,-2.0,-2.156169088322435,0.19515725549043136,True,464
flu_town (n=3000),partialling-out score,15,peer,-0.5,-0.4678740380518807,0.08845959001352041,True,464
flu_town (n=3000),focal-only training,15,direct,-2.0,-2.271071080918694,0.17404382444029737,True,464
flu_town (n=3000),focal-only training,15,peer,-0.5,-0.4857436893324066,0.09753320453244277,True,464
flu_town (n=3000),1-hop features,15,direct,-2.0,-2.1327327045254947,0.17498641366140882,True,464
flu_town (n=3000),1-hop features,15,peer,-0.5,-0.4012074654643213,0.09243269377285139,True,464
flu_town (n=3000),partialling-out + 1-hop,15,direct,-2.0,-2.087323838764798,0.19477248276568762,True,464
flu_town (n=3000),partialling-out + 1-hop,15,peer,-0.5,-0.39763867224759053,0.08466318230041317,True,464
flu_town (n=3000),paper mode,15,direct,-2.0,-1.6291793121952693,0.22999140519455596,True,392
flu_town (n=3000),paper mode,15,peer,-0.5,-0.44550810449153855,0.09498854125158845,True,392
referral_app (n=4000),"default (IV-type, buffered, 2 hops)",15,direct,12.0,14.371465722939915,0.9582297113982033,False,385
referral_app (n=4000),"default (IV-type, buffered, 2 hops)",15,peer,40.0,42.34660802007551,2.0689142656750894,True,385
referral_app (n=4000),partialling-out score,15,direct,12.0,14.396643894669047,1.0881773265057677,False,385
referral_app (n=4000),partialling-out score,15,peer,40.0,40.41770957692342,2.0899118974319624,True,385
referral_app (n=4000),focal-only training,15,direct,12.0,15.0829952275597,1.0941863347371585,False,385
referral_app (n=4000),focal-only training,15,peer,40.0,41.84812241387634,2.0895280946838124,True,385
referral_app (n=4000),1-hop features,15,direct,12.0,14.367383563411046,0.9506591794416162,False,385
referral_app (n=4000),1-hop features,15,peer,40.0,42.447615245562524,2.0636758274491935,True,385
referral_app (n=4000),partialling-out + 1-hop,15,direct,12.0,14.293976627213198,1.0525356315490975,False,385
referral_app (n=4000),partialling-out + 1-hop,15,peer,40.0,41.0298924428913,2.05337258321387,True,385
referral_app (n=4000),paper mode,15,direct,12.0,15.686730788274774,1.1994427103883956,False,342
referral_app (n=4000),paper mode,15,peer,40.0,40.36984320406232,2.2954328538857465,True,342
"paper eq. 38, ER n=3000","default (IV-type, buffered, 2 hops)",15,direct,10.0,10.061571618039508,0.08058499814119567,True,680
"paper eq. 38, ER n=3000","default (IV-type, buffered, 2 hops)",15,peer,5.0,5.066895255869978,0.06482564137634338,True,680
"paper eq. 38, ER n=3000",partialling-out score,15,direct,10.0,10.060918512014194,0.1345089505824818,True,680
"paper eq. 38, ER n=3000",partialling-out score,15,peer,5.0,5.028576016901838,0.10041232507777945,True,680
"paper eq. 38, ER n=3000",focal-only training,15,direct,10.0,9.97600196202996,0.0836862802867646,True,680
"paper eq. 38, ER n=3000",focal-only training,15,peer,5.0,5.068284889017787,0.07317191042285548,True,680
"paper eq. 38, ER n=3000",1-hop features,15,direct,10.0,10.018471341937499,0.07995318175860136,True,680
"paper eq. 38, ER n=3000",1-hop features,15,peer,5.0,5.0756361098641545,0.06618395925578512,True,680
"paper eq. 38, ER n=3000",partialling-out + 1-hop,15,direct,10.0,9.992658564411544,0.13049851171995977,True,680
"paper eq. 38, ER n=3000",partialling-out + 1-hop,15,peer,5.0,5.0219935882737206,0.09723953860293291,True,680
"paper eq. 38, ER n=3000",paper mode,15,direct,10.0,9.888181641272187,0.362782593889353,True,538
"paper eq. 38, ER n=3000",paper mode,15,peer,5.0,4.59130393018451,0.27691227073129837,True,538
"paper eq. 39, ER n=3000","default (IV-type, buffered, 2 hops)",15,direct,20.0,20.027573986981796,0.07432740579652095,True,680
"paper eq. 39, ER n=3000","default (IV-type, buffered, 2 hops)",15,peer,5.0,5.035426801018854,0.06534731163358135,True,680
"paper eq. 39, ER n=3000",partialling-out score,15,direct,20.0,20.02017553121299,0.17421558534409107,True,680
"paper eq. 39, ER n=3000",partialling-out score,15,peer,5.0,4.931259788693203,0.12884911874775273,True,680
"paper eq. 39, ER n=3000",focal-only training,15,direct,20.0,20.034123142153977,0.0819171514846452,True,680
"paper eq. 39, ER n=3000",focal-only training,15,peer,5.0,5.086403803570962,0.08150829561949745,True,680
"paper eq. 39, ER n=3000",1-hop features,15,direct,20.0,20.021567122561557,0.07309354132848955,True,680
"paper eq. 39, ER n=3000",1-hop features,15,peer,5.0,5.030167907711331,0.06395883130147877,True,680
"paper eq. 39, ER n=3000",partialling-out + 1-hop,15,direct,20.0,20.02567329884227,0.1710157701820568,True,680
"paper eq. 39, ER n=3000",partialling-out + 1-hop,15,peer,5.0,5.006674002996873,0.12781357658053905,True,680
"paper eq. 39, ER n=3000",paper mode,15,direct,20.0,19.919210225168346,0.385335582439668,True,538
"paper eq. 39, ER n=3000",paper mode,15,peer,5.0,4.764557755093455,0.31431284825487116,True,538
flu_town (n=3000),"default (IV-type, buffered, 2 hops)",16,direct,-2.0,-2.0528825939009407,0.15666426520421867,True,483
flu_town (n=3000),"default (IV-type, buffered, 2 hops)",16,peer,-0.5,-0.4500290555799822,0.07430689122740258,True,483
flu_town (n=3000),partialling-out score,16,direct,-2.0,-1.997830844153231,0.17430516438591068,True,483
flu_town (n=3000),partialling-out score,16,peer,-0.5,-0.4353368854291521,0.09518571877030217,True,483
flu_town (n=3000),focal-only training,16,direct,-2.0,-1.9868614795245618,0.16651073581228834,True,483
flu_town (n=3000),focal-only training,16,peer,-0.5,-0.4360682445783463,0.06715050100126144,True,483
flu_town (n=3000),1-hop features,16,direct,-2.0,-2.1177824954633593,0.16035515791153152,True,483
flu_town (n=3000),1-hop features,16,peer,-0.5,-0.4568016830681118,0.07593339133133711,True,483
flu_town (n=3000),partialling-out + 1-hop,16,direct,-2.0,-2.0693245864465535,0.16803365157228536,True,483
flu_town (n=3000),partialling-out + 1-hop,16,peer,-0.5,-0.4650657659771914,0.09526469779819968,True,483
flu_town (n=3000),paper mode,16,direct,-2.0,-1.9062608346390366,0.21060763979894664,True,398
flu_town (n=3000),paper mode,16,peer,-0.5,-0.5941679126311041,0.08839444634787916,True,398
referral_app (n=4000),"default (IV-type, buffered, 2 hops)",16,direct,12.0,10.63263301258093,0.8688894480788528,True,374
referral_app (n=4000),"default (IV-type, buffered, 2 hops)",16,peer,40.0,36.86383291532597,1.703271856445606,True,374
referral_app (n=4000),partialling-out score,16,direct,12.0,10.63134082174004,0.9975491439051299,True,374
referral_app (n=4000),partialling-out score,16,peer,40.0,36.93519466158982,1.773046287479163,True,374
referral_app (n=4000),focal-only training,16,direct,12.0,11.106458222150366,1.0158792309803801,True,374
referral_app (n=4000),focal-only training,16,peer,40.0,38.00697288955872,1.8699623783582742,True,374
referral_app (n=4000),1-hop features,16,direct,12.0,10.57666765627987,0.9034380364369388,True,374
referral_app (n=4000),1-hop features,16,peer,40.0,36.79955907168881,1.7496960338224006,True,374
referral_app (n=4000),partialling-out + 1-hop,16,direct,12.0,10.236623881995664,0.9969636466462424,True,374
referral_app (n=4000),partialling-out + 1-hop,16,peer,40.0,35.87014433448357,1.7877689182098295,False,374
referral_app (n=4000),paper mode,16,direct,12.0,12.3797853409812,1.2844339925877055,True,339
referral_app (n=4000),paper mode,16,peer,40.0,42.873551003436916,2.3251644372763165,True,339
"paper eq. 38, ER n=3000","default (IV-type, buffered, 2 hops)",16,direct,10.0,9.952459355589435,0.08364920692057366,True,677
"paper eq. 38, ER n=3000","default (IV-type, buffered, 2 hops)",16,peer,5.0,4.9467165620845,0.06350191349289519,True,677
"paper eq. 38, ER n=3000",partialling-out score,16,direct,10.0,9.929484568476763,0.1293546450971761,True,677
"paper eq. 38, ER n=3000",partialling-out score,16,peer,5.0,5.028146296622134,0.09877809061444284,True,677
"paper eq. 38, ER n=3000",focal-only training,16,direct,10.0,9.997015277301443,0.09287468913850307,True,677
"paper eq. 38, ER n=3000",focal-only training,16,peer,5.0,4.96028202094147,0.07895909708072006,True,677
"paper eq. 38, ER n=3000",1-hop features,16,direct,10.0,9.939546244036194,0.08348348058202551,True,677
"paper eq. 38, ER n=3000",1-hop features,16,peer,5.0,4.940530883185281,0.06344690657150995,True,677
"paper eq. 38, ER n=3000",partialling-out + 1-hop,16,direct,10.0,9.997798654058201,0.12851197186856506,True,677
"paper eq. 38, ER n=3000",partialling-out + 1-hop,16,peer,5.0,5.0564336836082076,0.10210445477975419,True,677
"paper eq. 38, ER n=3000",paper mode,16,direct,10.0,10.412488151961837,0.3591389840958419,True,553
"paper eq. 38, ER n=3000",paper mode,16,peer,5.0,4.395377191731253,0.30753694681195887,False,553
"paper eq. 39, ER n=3000","default (IV-type, buffered, 2 hops)",16,direct,20.0,19.981047113359203,0.07932156238208857,True,677
"paper eq. 39, ER n=3000","default (IV-type, buffered, 2 hops)",16,peer,5.0,4.933812914240924,0.058728823357221176,True,677
"paper eq. 39, ER n=3000",partialling-out score,16,direct,20.0,19.856797575684904,0.18441804042985915,True,677
"paper eq. 39, ER n=3000",partialling-out score,16,peer,5.0,5.0720478798420325,0.14343832727875597,True,677
"paper eq. 39, ER n=3000",focal-only training,16,direct,20.0,19.99136512751384,0.08410736555058838,True,677
"paper eq. 39, ER n=3000",focal-only training,16,peer,5.0,4.912840818419785,0.05959757340947034,True,677
"paper eq. 39, ER n=3000",1-hop features,16,direct,20.0,19.998898649667094,0.07880682889889697,True,677
"paper eq. 39, ER n=3000",1-hop features,16,peer,5.0,4.905138564177988,0.05739921901360708,True,677
"paper eq. 39, ER n=3000",partialling-out + 1-hop,16,direct,20.0,19.875304707448386,0.16870755646416938,True,677
"paper eq. 39, ER n=3000",partialling-out + 1-hop,16,peer,5.0,5.052186218526753,0.1222623909458957,True,677
"paper eq. 39, ER n=3000",paper mode,16,direct,20.0,20.569282355542374,0.36657602242054826,True,553
"paper eq. 39, ER n=3000",paper mode,16,peer,5.0,4.749178571966181,0.31816974527915975,True,553
flu_town (n=3000),"default (IV-type, buffered, 2 hops)",17,direct,-2.0,-2.5470834292380644,0.1836753290677287,False,467
flu_town (n=3000),"default (IV-type, buffered, 2 hops)",17,peer,-0.5,-0.3959077647613582,0.10228525168986162,True,467
flu_town (n=3000),partialling-out score,17,direct,-2.0,-2.5361252407278316,0.18276818948280554,False,467
flu_town (n=3000),partialling-out score,17,peer,-0.5,-0.36447672114705915,0.10475584800884206,True,467
flu_town (n=3000),focal-only training,17,direct,-2.0,-2.5889990201151782,0.19813525569687557,False,467
flu_town (n=3000),focal-only training,17,peer,-0.5,-0.40212115499578127,0.12614459303924452,True,467
flu_town (n=3000),1-hop features,17,direct,-2.0,-2.5963696731907864,0.1895637331002744,False,467
flu_town (n=3000),1-hop features,17,peer,-0.5,-0.427423789339179,0.09923439969215052,True,467
flu_town (n=3000),partialling-out + 1-hop,17,direct,-2.0,-2.5588976417846196,0.1783981276730775,False,467
flu_town (n=3000),partialling-out + 1-hop,17,peer,-0.5,-0.38576968160975394,0.1036517184638254,True,467
flu_town (n=3000),paper mode,17,direct,-2.0,-2.1748359496154657,0.21989805854932024,True,394
flu_town (n=3000),paper mode,17,peer,-0.5,-0.397189086497383,0.08852023579184949,True,394
referral_app (n=4000),"default (IV-type, buffered, 2 hops)",17,direct,12.0,12.13206906573027,0.9100983443142705,True,407
referral_app (n=4000),"default (IV-type, buffered, 2 hops)",17,peer,40.0,39.23218729142041,1.8080872986174699,True,407
referral_app (n=4000),partialling-out score,17,direct,12.0,12.207819401028653,0.9400400225572539,True,407
referral_app (n=4000),partialling-out score,17,peer,40.0,37.4700510283846,1.6660146186640803,True,407
referral_app (n=4000),focal-only training,17,direct,12.0,12.696989749596248,0.9841364741756623,True,407
referral_app (n=4000),focal-only training,17,peer,40.0,38.52676065064277,1.6168165883490517,True,407
referral_app (n=4000),1-hop features,17,direct,12.0,12.058499856874612,0.9027051185089887,True,407
referral_app (n=4000),1-hop features,17,peer,40.0,39.00350783359922,1.7559033922813387,True,407
referral_app (n=4000),partialling-out + 1-hop,17,direct,12.0,11.904179155091136,0.9597301796652632,True,407
referral_app (n=4000),partialling-out + 1-hop,17,peer,40.0,38.036184876958814,1.7542996196933518,True,407
referral_app (n=4000),paper mode,17,direct,12.0,13.904275797833776,1.0897460969245418,True,368
referral_app (n=4000),paper mode,17,peer,40.0,43.83011756516297,2.016847313315257,True,368
"paper eq. 38, ER n=3000","default (IV-type, buffered, 2 hops)",17,direct,10.0,9.953025702136495,0.08301005057293762,True,689
"paper eq. 38, ER n=3000","default (IV-type, buffered, 2 hops)",17,peer,5.0,5.050721989704554,0.062207800445210154,True,689
"paper eq. 38, ER n=3000",partialling-out score,17,direct,10.0,9.84219094507132,0.14540092031070945,True,689
"paper eq. 38, ER n=3000",partialling-out score,17,peer,5.0,5.075860904339141,0.11910092541384,True,689
"paper eq. 38, ER n=3000",focal-only training,17,direct,10.0,9.945958394691639,0.09016595923638292,True,689
"paper eq. 38, ER n=3000",focal-only training,17,peer,5.0,5.009874641905923,0.06696010263426193,True,689
"paper eq. 38, ER n=3000",1-hop features,17,direct,10.0,9.934053811599444,0.0798677389623689,True,689
"paper eq. 38, ER n=3000",1-hop features,17,peer,5.0,5.039590763560942,0.059224617633965373,True,689
"paper eq. 38, ER n=3000",partialling-out + 1-hop,17,direct,10.0,10.013289121345544,0.1417826315130716,True,689
"paper eq. 38, ER n=3000",partialling-out + 1-hop,17,peer,5.0,5.072985546664044,0.1095219167744206,True,689
"paper eq. 38, ER n=3000",paper mode,17,direct,10.0,9.602157488646538,0.3347719134804748,True,560
"paper eq. 38, ER n=3000",paper mode,17,peer,5.0,4.839474140819384,0.24655283354253688,True,560
"paper eq. 39, ER n=3000","default (IV-type, buffered, 2 hops)",17,direct,20.0,20.008327147470066,0.07920816531502792,True,689
"paper eq. 39, ER n=3000","default (IV-type, buffered, 2 hops)",17,peer,5.0,4.979574238654455,0.05680358789811675,True,689
"paper eq. 39, ER n=3000",partialling-out score,17,direct,20.0,19.96558470350185,0.17098396629999524,True,689
"paper eq. 39, ER n=3000",partialling-out score,17,peer,5.0,4.937555720826043,0.12580946761022813,True,689
"paper eq. 39, ER n=3000",focal-only training,17,direct,20.0,19.997364374457163,0.07925176699942053,True,689
"paper eq. 39, ER n=3000",focal-only training,17,peer,5.0,4.983059110811645,0.060748687129644506,True,689
"paper eq. 39, ER n=3000",1-hop features,17,direct,20.0,20.015572135655454,0.07892808434650997,True,689
"paper eq. 39, ER n=3000",1-hop features,17,peer,5.0,4.983197189234897,0.05706416080959107,True,689
"paper eq. 39, ER n=3000",partialling-out + 1-hop,17,direct,20.0,19.97858771230759,0.16636369470482992,True,689
"paper eq. 39, ER n=3000",partialling-out + 1-hop,17,peer,5.0,4.822597339210584,0.11911000891414653,True,689
"paper eq. 39, ER n=3000",paper mode,17,direct,20.0,19.56985163693946,0.3483997166700323,True,560
"paper eq. 39, ER n=3000",paper mode,17,peer,5.0,5.0054947788375,0.28072946211366345,True,560
flu_town (n=3000),"default (IV-type, buffered, 2 hops)",18,direct,-2.0,-2.164024200036764,0.15787197974481357,True,479
flu_town (n=3000),"default (IV-type, buffered, 2 hops)",18,peer,-0.5,-0.46606714295946644,0.08948263991844554,True,479
flu_town (n=3000),partialling-out score,18,direct,-2.0,-2.0222279947991777,0.16666941742744287,True,479
flu_town (n=3000),partialling-out score,18,peer,-0.5,-0.4432210452027689,0.09212278473381001,True,479
flu_town (n=3000),focal-only training,18,direct,-2.0,-1.9504439192564094,0.18503439716638304,True,479
flu_town (n=3000),focal-only training,18,peer,-0.5,-0.43343766533436845,0.09872042390528647,True,479
flu_town (n=3000),1-hop features,18,direct,-2.0,-2.1599625503847815,0.15291714339640994,True,479
flu_town (n=3000),1-hop features,18,peer,-0.5,-0.438315588566109,0.09038135246055913,True,479
flu_town (n=3000),partialling-out + 1-hop,18,direct,-2.0,-2.030770617492496,0.16657094171254164,True,479
flu_town (n=3000),partialling-out + 1-hop,18,peer,-0.5,-0.43580717026754157,0.09107701583836876,True,479
flu_town (n=3000),paper mode,18,direct,-2.0,-2.034398075704901,0.2125303769804973,True,397
flu_town (n=3000),paper mode,18,peer,-0.5,-0.5569504642892963,0.10024175946004384,True,397
referral_app (n=4000),"default (IV-type, buffered, 2 hops)",18,direct,12.0,12.51701568593659,0.8113121808928551,True,402
referral_app (n=4000),"default (IV-type, buffered, 2 hops)",18,peer,40.0,40.49447535375833,1.5811225506543343,True,402
referral_app (n=4000),partialling-out score,18,direct,12.0,13.38389475452209,0.9254387366415479,True,402
referral_app (n=4000),partialling-out score,18,peer,40.0,39.080088573817136,1.707262840534748,True,402
referral_app (n=4000),focal-only training,18,direct,12.0,12.516438072484478,0.9224475303114678,True,402
referral_app (n=4000),focal-only training,18,peer,40.0,41.153685102295,1.7494115559067096,True,402
referral_app (n=4000),1-hop features,18,direct,12.0,12.469204890342121,0.8490423016397146,True,402
referral_app (n=4000),1-hop features,18,peer,40.0,41.18077774892167,1.5747353649870335,True,402
referral_app (n=4000),partialling-out + 1-hop,18,direct,12.0,12.727086726416381,0.9295100216244206,True,402
referral_app (n=4000),partialling-out + 1-hop,18,peer,40.0,40.06171645281219,1.68263399044825,True,402
referral_app (n=4000),paper mode,18,direct,12.0,13.909638285934,1.2856241679256037,True,362
referral_app (n=4000),paper mode,18,peer,40.0,38.774001082190175,2.411436581065631,True,362
"paper eq. 38, ER n=3000","default (IV-type, buffered, 2 hops)",18,direct,10.0,10.070717330391037,0.07682002237755318,True,680
"paper eq. 38, ER n=3000","default (IV-type, buffered, 2 hops)",18,peer,5.0,5.054801954428242,0.0638064417505845,True,680
"paper eq. 38, ER n=3000",partialling-out score,18,direct,10.0,9.913882890871928,0.13431571881624346,True,680
"paper eq. 38, ER n=3000",partialling-out score,18,peer,5.0,4.999739479694018,0.103464255137089,True,680
"paper eq. 38, ER n=3000",focal-only training,18,direct,10.0,10.127644101672322,0.09776388309529747,True,680
"paper eq. 38, ER n=3000",focal-only training,18,peer,5.0,5.2138651536958776,0.11904702122852741,True,680
"paper eq. 38, ER n=3000",1-hop features,18,direct,10.0,10.102849241410413,0.07546617778921003,True,680
"paper eq. 38, ER n=3000",1-hop features,18,peer,5.0,5.043815054953909,0.060929461551975754,True,680
"paper eq. 38, ER n=3000",partialling-out + 1-hop,18,direct,10.0,9.945678038994066,0.13124691205927916,True,680
"paper eq. 38, ER n=3000",partialling-out + 1-hop,18,peer,5.0,5.0436243474700575,0.10318214086780003,True,680
"paper eq. 38, ER n=3000",paper mode,18,direct,10.0,10.083578394992893,0.39004020850806537,True,536
"paper eq. 38, ER n=3000",paper mode,18,peer,5.0,5.123851560831139,0.2991175670864733,True,536
"paper eq. 39, ER n=3000","default (IV-type, buffered, 2 hops)",18,direct,20.0,20.03466748748967,0.07186683780881763,True,680
"paper eq. 39, ER n=3000","default (IV-type, buffered, 2 hops)",18,peer,5.0,5.058677779640663,0.05608700161530371,True,680
"paper eq. 39, ER n=3000",partialling-out score,18,direct,20.0,19.856636906214334,0.17365922706320483,True,680
"paper eq. 39, ER n=3000",partialling-out score,18,peer,5.0,5.079545641653601,0.13468236994437285,True,680
"paper eq. 39, ER n=3000",focal-only training,18,direct,20.0,20.04901088293498,0.07463458542503937,True,680
"paper eq. 39, ER n=3000",focal-only training,18,peer,5.0,5.028860783959749,0.0629924583932038,True,680
"paper eq. 39, ER n=3000",1-hop features,18,direct,20.0,20.048314829389906,0.0722293897090655,True,680
"paper eq. 39, ER n=3000",1-hop features,18,peer,5.0,5.064367882850868,0.05511652714634327,True,680
"paper eq. 39, ER n=3000",partialling-out + 1-hop,18,direct,20.0,20.052262060367557,0.16478048968114023,True,680
"paper eq. 39, ER n=3000",partialling-out + 1-hop,18,peer,5.0,5.060813753804404,0.12065804209171056,True,680
"paper eq. 39, ER n=3000",paper mode,18,direct,20.0,19.710224768734378,0.40031075373309344,True,536
"paper eq. 39, ER n=3000",paper mode,18,peer,5.0,5.160932061422838,0.33557393583315487,True,536
flu_town (n=3000),"default (IV-type, buffered, 2 hops)",19,direct,-2.0,-1.6786642696545149,0.18541596150574216,True,467
flu_town (n=3000),"default (IV-type, buffered, 2 hops)",19,peer,-0.5,-0.7251294152877645,0.10056306046456494,False,467
flu_town (n=3000),partialling-out score,19,direct,-2.0,-1.5923792591221442,0.19268814926862457,False,467
flu_town (n=3000),partialling-out score,19,peer,-0.5,-0.6204701035523715,0.09266170702992617,True,467
flu_town (n=3000),focal-only training,19,direct,-2.0,-1.5726994374616743,0.2038485979792287,False,467
flu_town (n=3000),focal-only training,19,peer,-0.5,-0.5302458067761119,0.09722729006293439,True,467
flu_town (n=3000),1-hop features,19,direct,-2.0,-1.660364813200151,0.18522896246502035,True,467
flu_town (n=3000),1-hop features,19,peer,-0.5,-0.6846678148596974,0.09902770131642281,True,467
flu_town (n=3000),partialling-out + 1-hop,19,direct,-2.0,-1.5536695718013824,0.19474136677782125,False,467
flu_town (n=3000),partialling-out + 1-hop,19,peer,-0.5,-0.6125514127487133,0.09551725839757248,True,467
flu_town (n=3000),paper mode,19,direct,-2.0,-1.8891727439084383,0.21355856169080784,True,401
flu_town (n=3000),paper mode,19,peer,-0.5,-0.5240121533250995,0.0870310755028168,True,401
referral_app (n=4000),"default (IV-type, buffered, 2 hops)",19,direct,12.0,11.388720136186002,0.8840399768169476,True,382
referral_app (n=4000),"default (IV-type, buffered, 2 hops)",19,peer,40.0,36.36963436408246,1.2756574479398852,False,382
referral_app (n=4000),partialling-out score,19,direct,12.0,11.077087402295911,0.9849456708354257,True,382
referral_app (n=4000),partialling-out score,19,peer,40.0,35.72857829141002,1.4440926149634783,False,382
referral_app (n=4000),focal-only training,19,direct,12.0,12.142972891291807,1.0439946952927528,True,382
referral_app (n=4000),focal-only training,19,peer,40.0,36.39471409435616,1.7999209607157465,False,382
referral_app (n=4000),1-hop features,19,direct,12.0,11.386524694909975,0.8683320439125526,True,382
referral_app (n=4000),1-hop features,19,peer,40.0,36.46540500957637,1.2454700482860772,False,382
referral_app (n=4000),partialling-out + 1-hop,19,direct,12.0,11.090137534722313,0.9791602561443876,True,382
referral_app (n=4000),partialling-out + 1-hop,19,peer,40.0,35.962179194606705,1.4639598539406418,False,382
referral_app (n=4000),paper mode,19,direct,12.0,12.48325043898335,1.2907988715454841,True,348
referral_app (n=4000),paper mode,19,peer,40.0,29.783837914125048,2.2269831597224967,False,348
"paper eq. 38, ER n=3000","default (IV-type, buffered, 2 hops)",19,direct,10.0,10.080920777038791,0.08034890914049303,True,699
"paper eq. 38, ER n=3000","default (IV-type, buffered, 2 hops)",19,peer,5.0,4.817322407103438,0.060911806807547854,False,699
"paper eq. 38, ER n=3000",partialling-out score,19,direct,10.0,10.090026258712768,0.128473885913987,True,699
"paper eq. 38, ER n=3000",partialling-out score,19,peer,5.0,4.882741647505099,0.09016094741619715,True,699
"paper eq. 38, ER n=3000",focal-only training,19,direct,10.0,10.085341282977762,0.08556981355489826,True,699
"paper eq. 38, ER n=3000",focal-only training,19,peer,5.0,4.786418044697368,0.0635128311228515,False,699
"paper eq. 38, ER n=3000",1-hop features,19,direct,10.0,10.049136151186607,0.08028110037064638,True,699
"paper eq. 38, ER n=3000",1-hop features,19,peer,5.0,4.804613099565768,0.06131851076443826,False,699
"paper eq. 38, ER n=3000",partialling-out + 1-hop,19,direct,10.0,10.080058769826445,0.1267405304446428,True,699
"paper eq. 38, ER n=3000",partialling-out + 1-hop,19,peer,5.0,4.81360729126662,0.08636048030214645,False,699
"paper eq. 38, ER n=3000",paper mode,19,direct,10.0,9.406699970228447,0.34957414452342594,True,554
"paper eq. 38, ER n=3000",paper mode,19,peer,5.0,5.441868418211562,0.278243877372682,True,554
"paper eq. 39, ER n=3000","default (IV-type, buffered, 2 hops)",19,direct,20.0,20.05243920976387,0.07627328196152702,True,699
"paper eq. 39, ER n=3000","default (IV-type, buffered, 2 hops)",19,peer,5.0,4.921118795348584,0.05418167897673102,True,699
"paper eq. 39, ER n=3000",partialling-out score,19,direct,20.0,20.01382417805693,0.17546704500397034,True,699
"paper eq. 39, ER n=3000",partialling-out score,19,peer,5.0,4.996017902740913,0.12403904128480155,True,699
"paper eq. 39, ER n=3000",focal-only training,19,direct,20.0,20.051759473457818,0.07768571286171083,True,699
"paper eq. 39, ER n=3000",focal-only training,19,peer,5.0,4.91113900314823,0.05367883788891663,True,699
"paper eq. 39, ER n=3000",1-hop features,19,direct,20.0,20.05445777184973,0.07539942138991687,True,699
"paper eq. 39, ER n=3000",1-hop features,19,peer,5.0,4.914472876292738,0.0538559297121374,True,699
"paper eq. 39, ER n=3000",partialling-out + 1-hop,19,direct,20.0,20.134738193918675,0.17893849364680695,True,699
"paper eq. 39, ER n=3000",partialling-out + 1-hop,19,peer,5.0,4.8791746934759805,0.11904421168989304,True,699
"paper eq. 39, ER n=3000",paper mode,19,direct,20.0,19.2705392389034,0.3548647200201867,False,554
"paper eq. 39, ER n=3000",paper mode,19,peer,5.0,5.182442982950629,0.3150073763070072,True,554
flu_town (n=3000),"default (IV-type, buffered, 2 hops)",20,direct,-2.0,-2.0560194170602757,0.17020807146445707,True,475
flu_town (n=3000),"default (IV-type, buffered, 2 hops)",20,peer,-0.5,-0.6872958323346205,0.09205773972838678,False,475
flu_town (n=3000),partialling-out score,20,direct,-2.0,-2.0585009582067673,0.17270174376314099,True,475
flu_town (n=3000),partialling-out score,20,peer,-0.5,-0.6531623732015295,0.09956139327614776,True,475
flu_town (n=3000),focal-only training,20,direct,-2.0,-2.0741775901815744,0.18960401039567734,True,475
flu_town (n=3000),focal-only training,20,peer,-0.5,-0.600809288110754,0.09440971655094699,True,475
flu_town (n=3000),1-hop features,20,direct,-2.0,-2.0549885560595387,0.1728861740831625,True,475
flu_town (n=3000),1-hop features,20,peer,-0.5,-0.6624388312292623,0.09254776832338896,True,475
flu_town (n=3000),partialling-out + 1-hop,20,direct,-2.0,-2.0643781842837248,0.16353596116100122,True,475
flu_town (n=3000),partialling-out + 1-hop,20,peer,-0.5,-0.6133815711090553,0.09663380990599507,True,475
flu_town (n=3000),paper mode,20,direct,-2.0,-1.8777795946653857,0.2468855862646078,True,401
flu_town (n=3000),paper mode,20,peer,-0.5,-0.5247423627864698,0.10278862613153329,True,401
referral_app (n=4000),"default (IV-type, buffered, 2 hops)",20,direct,12.0,12.044957552073484,1.0039436273867657,True,404
referral_app (n=4000),"default (IV-type, buffered, 2 hops)",20,peer,40.0,39.414033257990454,1.5327453148965051,True,404
referral_app (n=4000),partialling-out score,20,direct,12.0,11.41214873234207,1.0770776324864049,True,404
referral_app (n=4000),partialling-out score,20,peer,40.0,38.96018243966111,1.6973595961566101,True,404
referral_app (n=4000),focal-only training,20,direct,12.0,12.827452716908239,1.047425682219089,True,404
referral_app (n=4000),focal-only training,20,peer,40.0,38.40894729696144,1.2987185832022552,True,404
referral_app (n=4000),1-hop features,20,direct,12.0,12.302359841423609,0.9981248494274473,True,404
referral_app (n=4000),1-hop features,20,peer,40.0,39.76318910267758,1.4954235504820772,True,404
referral_app (n=4000),partialling-out + 1-hop,20,direct,12.0,11.267066665769295,1.014405413360169,True,404
referral_app (n=4000),partialling-out + 1-hop,20,peer,40.0,39.715990146121584,1.5751628611466477,True,404
referral_app (n=4000),paper mode,20,direct,12.0,14.181363165633426,1.266916199466437,True,345
referral_app (n=4000),paper mode,20,peer,40.0,38.74639976919024,2.33817775364159,True,345
"paper eq. 38, ER n=3000","default (IV-type, buffered, 2 hops)",20,direct,10.0,9.861241040919209,0.08475516198676104,True,692
"paper eq. 38, ER n=3000","default (IV-type, buffered, 2 hops)",20,peer,5.0,5.005842883988739,0.05822165392393908,True,692
"paper eq. 38, ER n=3000",partialling-out score,20,direct,10.0,9.674597508167377,0.1292337387780585,False,692
"paper eq. 38, ER n=3000",partialling-out score,20,peer,5.0,4.901518223270459,0.10566283147931292,True,692
"paper eq. 38, ER n=3000",focal-only training,20,direct,10.0,9.882735505391462,0.08807314278180854,True,692
"paper eq. 38, ER n=3000",focal-only training,20,peer,5.0,4.945409288763719,0.0665930378270808,True,692
"paper eq. 38, ER n=3000",1-hop features,20,direct,10.0,9.876032791857465,0.08281291919252877,True,692
"paper eq. 38, ER n=3000",1-hop features,20,peer,5.0,5.021308631904963,0.0560873974477441,True,692
"paper eq. 38, ER n=3000",partialling-out + 1-hop,20,direct,10.0,9.736641720389176,0.12148493439363532,False,692
"paper eq. 38, ER n=3000",partialling-out + 1-hop,20,peer,5.0,4.933220017671513,0.09714109471362214,True,692
"paper eq. 38, ER n=3000",paper mode,20,direct,10.0,9.550428988336405,0.36132216654602944,True,547
"paper eq. 38, ER n=3000",paper mode,20,peer,5.0,4.890126866845837,0.3034110770845315,True,547
"paper eq. 39, ER n=3000","default (IV-type, buffered, 2 hops)",20,direct,20.0,19.926129782976474,0.08734084006220724,True,692
"paper eq. 39, ER n=3000","default (IV-type, buffered, 2 hops)",20,peer,5.0,4.955050846793404,0.06107112329328515,True,692
"paper eq. 39, ER n=3000",partialling-out score,20,direct,20.0,19.33568522845848,0.1676022103546369,False,692
"paper eq. 39, ER n=3000",partialling-out score,20,peer,5.0,4.809094624501053,0.13268937559957172,True,692
"paper eq. 39, ER n=3000",focal-only training,20,direct,20.0,19.921467513878902,0.08467175137105015,True,692
"paper eq. 39, ER n=3000",focal-only training,20,peer,5.0,4.993592784567074,0.06951347695641762,True,692
"paper eq. 39, ER n=3000",1-hop features,20,direct,20.0,19.926976298942968,0.0825059949920838,True,692
"paper eq. 39, ER n=3000",1-hop features,20,peer,5.0,4.961126590359889,0.05714487617216788,True,692
"paper eq. 39, ER n=3000",partialling-out + 1-hop,20,direct,20.0,19.45057174613873,0.17127578547456682,False,692
"paper eq. 39, ER n=3000",partialling-out + 1-hop,20,peer,5.0,4.86263540084064,0.13112319547160536,True,692
"paper eq. 39, ER n=3000",paper mode,20,direct,20.0,19.91704540414041,0.40579862461519195,True,547
"paper eq. 39, ER n=3000",paper mode,20,peer,5.0,4.607025262263232,0.3447729268699547,True,547
flu_town (n=3000),"default (IV-type, buffered, 2 hops)",21,direct,-2.0,-2.1959413775980616,0.16929898847433397,True,467
flu_town (n=3000),"default (IV-type, buffered, 2 hops)",21,peer,-0.5,-0.4441181229769381,0.07703478708080788,True,467
flu_town (n=3000),partialling-out score,21,direct,-2.0,-2.1702092176780203,0.18446017599460718,True,467
flu_town (n=3000),partialling-out score,21,peer,-0.5,-0.3908465505484987,0.08357676244672978,True,467
flu_town (n=3000),focal-only training,21,direct,-2.0,-2.239374767147463,0.20949381442235687,True,467
flu_town (n=3000),focal-only training,21,peer,-0.5,-0.47502205117681573,0.100238278094958,True,467
flu_town (n=3000),1-hop features,21,direct,-2.0,-2.255043033748717,0.16927894971824442,True,467
flu_town (n=3000),1-hop features,21,peer,-0.5,-0.41951717269756555,0.07756673446820912,True,467
flu_town (n=3000),partialling-out + 1-hop,21,direct,-2.0,-2.1964330141800494,0.1861474948345056,True,467
flu_town (n=3000),partialling-out + 1-hop,21,peer,-0.5,-0.39801765866756794,0.08589330292045856,True,467
flu_town (n=3000),paper mode,21,direct,-2.0,-2.0543502330887367,0.2254131410239095,True,401
flu_town (n=3000),paper mode,21,peer,-0.5,-0.6441945578119488,0.1074649620399385,True,401
referral_app (n=4000),"default (IV-type, buffered, 2 hops)",21,direct,12.0,12.188821686921697,1.0186225600887537,True,396
referral_app (n=4000),"default (IV-type, buffered, 2 hops)",21,peer,40.0,39.756692536309636,1.735216619670378,True,396
referral_app (n=4000),partialling-out score,21,direct,12.0,12.610991814473259,1.0483465596304435,True,396
referral_app (n=4000),partialling-out score,21,peer,40.0,37.09677918816578,1.819274198468543,True,396
referral_app (n=4000),focal-only training,21,direct,12.0,13.04679494281166,1.1154282262336999,True,396
referral_app (n=4000),focal-only training,21,peer,40.0,37.6317351163775,1.988479212929051,True,396
referral_app (n=4000),1-hop features,21,direct,12.0,11.874394454709432,0.9993565396678985,True,396
referral_app (n=4000),1-hop features,21,peer,40.0,39.741611356015966,1.6464420917538667,True,396
referral_app (n=4000),partialling-out + 1-hop,21,direct,12.0,12.119334823506883,1.053495466168803,True,396
referral_app (n=4000),partialling-out + 1-hop,21,peer,40.0,37.21008772410206,1.72804398189922,True,396
referral_app (n=4000),paper mode,21,direct,12.0,12.271966683276917,1.4103512718046307,True,356
referral_app (n=4000),paper mode,21,peer,40.0,32.944084426558334,2.5895383180720546,False,356
"paper eq. 38, ER n=3000","default (IV-type, buffered, 2 hops)",21,direct,10.0,9.914466678563334,0.08310471951995695,True,706
"paper eq. 38, ER n=3000","default (IV-type, buffered, 2 hops)",21,peer,5.0,4.899528036934176,0.05712146394330131,True,706
"paper eq. 38, ER n=3000",partialling-out score,21,direct,10.0,9.897577945184857,0.1324053517689349,True,706
"paper eq. 38, ER n=3000",partialling-out score,21,peer,5.0,4.967122265093554,0.10380425926072757,True,706
"paper eq. 38, ER n=3000",focal-only training,21,direct,10.0,9.920867916689499,0.08965436464010172,True,706
"paper eq. 38, ER n=3000",focal-only training,21,peer,5.0,4.806975059271125,0.06531722973421931,False,706
"paper eq. 38, ER n=3000",1-hop features,21,direct,10.0,9.928924096637449,0.08173262847914567,True,706
"paper eq. 38, ER n=3000",1-hop features,21,peer,5.0,4.900750210673559,0.05581340177830213,True,706
"paper eq. 38, ER n=3000",partialling-out + 1-hop,21,direct,10.0,9.847797692758647,0.12436007387964332,True,706
"paper eq. 38, ER n=3000",partialling-out + 1-hop,21,peer,5.0,4.916609336494346,0.09938514581909486,True,706
"paper eq. 38, ER n=3000",paper mode,21,direct,10.0,9.62342176415394,0.3504906465292233,True,563
"paper eq. 38, ER n=3000",paper mode,21,peer,5.0,5.271077416767215,0.3314490017667368,True,563
"paper eq. 39, ER n=3000","default (IV-type, buffered, 2 hops)",21,direct,20.0,19.98418512696757,0.07752975713554275,True,706
"paper eq. 39, ER n=3000","default (IV-type, buffered, 2 hops)",21,peer,5.0,4.972227299085116,0.05524166256292431,True,706
"paper eq. 39, ER n=3000",partialling-out score,21,direct,20.0,19.804229063857655,0.17585213750033105,True,706
"paper eq. 39, ER n=3000",partialling-out score,21,peer,5.0,5.016393616065419,0.12288305116090631,True,706
"paper eq. 39, ER n=3000",focal-only training,21,direct,20.0,19.981385723831362,0.07862748800811015,True,706
"paper eq. 39, ER n=3000",focal-only training,21,peer,5.0,4.934126826457193,0.05523372023932994,True,706
"paper eq. 39, ER n=3000",1-hop features,21,direct,20.0,20.011410500412627,0.07680159633855459,True,706
"paper eq. 39, ER n=3000",1-hop features,21,peer,5.0,4.959466568286381,0.05368223121749025,True,706
"paper eq. 39, ER n=3000",partialling-out + 1-hop,21,direct,20.0,19.858644433028047,0.17325359616794683,True,706
"paper eq. 39, ER n=3000",partialling-out + 1-hop,21,peer,5.0,4.961441150497167,0.12282869543770843,True,706
"paper eq. 39, ER n=3000",paper mode,21,direct,20.0,19.81578556079189,0.38232810600062134,True,563
"paper eq. 39, ER n=3000",paper mode,21,peer,5.0,4.783141649476474,0.3231811202821046,True,563
flu_town (n=3000),"default (IV-type, buffered, 2 hops)",22,direct,-2.0,-2.2029594293926302,0.17388342999359713,True,456
flu_town (n=3000),"default (IV-type, buffered, 2 hops)",22,peer,-0.5,-0.43219714205052884,0.0705239831361752,True,456
flu_town (n=3000),partialling-out score,22,direct,-2.0,-2.043955807693224,0.1770438393439109,True,456
flu_town (n=3000),partialling-out score,22,peer,-0.5,-0.4556496791918164,0.08453804784900637,True,456
flu_town (n=3000),focal-only training,22,direct,-2.0,-2.1711623294922258,0.177633150321637,True,456
flu_town (n=3000),focal-only training,22,peer,-0.5,-0.4733110907603697,0.06265090909670523,True,456
flu_town (n=3000),1-hop features,22,direct,-2.0,-2.168718350972311,0.1632605154864114,True,456
flu_town (n=3000),1-hop features,22,peer,-0.5,-0.3893301590621799,0.0685192421414304,True,456
flu_town (n=3000),partialling-out + 1-hop,22,direct,-2.0,-2.0280803858844036,0.16671607271051295,True,456
flu_town (n=3000),partialling-out + 1-hop,22,peer,-0.5,-0.4014700622162876,0.08198192874111117,True,456
flu_town (n=3000),paper mode,22,direct,-2.0,-1.5278475349140752,0.2181442956742386,False,391
flu_town (n=3000),paper mode,22,peer,-0.5,-0.6000161785705023,0.10628206565337876,True,391
referral_app (n=4000),"default (IV-type, buffered, 2 hops)",22,direct,12.0,12.02754723858051,0.9394727591289743,True,397
referral_app (n=4000),"default (IV-type, buffered, 2 hops)",22,peer,40.0,40.05932994313279,1.6006938787319107,True,397
referral_app (n=4000),partialling-out score,22,direct,12.0,11.74815184841041,1.0849805167759252,True,397
referral_app (n=4000),partialling-out score,22,peer,40.0,40.64883977980561,1.7225763681426978,True,397
referral_app (n=4000),focal-only training,22,direct,12.0,12.069409489714195,1.0712973407056603,True,397
referral_app (n=4000),focal-only training,22,peer,40.0,41.41389680038087,2.45156620180921,True,397
referral_app (n=4000),1-hop features,22,direct,12.0,12.5144985003209,0.9172961309193061,True,397
referral_app (n=4000),1-hop features,22,peer,40.0,39.64174085504817,1.649324003524779,True,397
referral_app (n=4000),partialling-out + 1-hop,22,direct,12.0,11.748390981549719,1.0748941814951076,True,397
referral_app (n=4000),partialling-out + 1-hop,22,peer,40.0,38.41395141223722,1.731521807399243,True,397
referral_app (n=4000),paper mode,22,direct,12.0,11.000872145484566,1.2864105869985947,True,347
referral_app (n=4000),paper mode,22,peer,40.0,36.06254430499246,1.9634643151103692,False,347
"paper eq. 38, ER n=3000","default (IV-type, buffered, 2 hops)",22,direct,10.0,10.07438562558471,0.08850201801580565,True,681
"paper eq. 38, ER n=3000","default (IV-type, buffered, 2 hops)",22,peer,5.0,5.079160722657901,0.07165799135077723,True,681
"paper eq. 38, ER n=3000",partialling-out score,22,direct,10.0,9.789268504412355,0.1375475571747015,True,681
"paper eq. 38, ER n=3000",partialling-out score,22,peer,5.0,5.036756539756542,0.1088256225071972,True,681
"paper eq. 38, ER n=3000",focal-only training,22,direct,10.0,10.108202368517189,0.09312495997274921,True,681
"paper eq. 38, ER n=3000",focal-only training,22,peer,5.0,5.045632934409148,0.06946451752983471,True,681
"paper eq. 38, ER n=3000",1-hop features,22,direct,10.0,10.067562370353926,0.0874563402435643,True,681
"paper eq. 38, ER n=3000",1-hop features,22,peer,5.0,5.084917683537521,0.0719082804747645,True,681
"paper eq. 38, ER n=3000",partialling-out + 1-hop,22,direct,10.0,9.88108189123401,0.1314101520740443,True,681
"paper eq. 38, ER n=3000",partialling-out + 1-hop,22,peer,5.0,5.0272945987348,0.10203105726772506,True,681
"paper eq. 38, ER n=3000",paper mode,22,direct,10.0,10.152687006812053,0.37576137284576117,True,565
"paper eq. 38, ER n=3000",paper mode,22,peer,5.0,4.87993843398843,0.29428362343546555,True,565
"paper eq. 39, ER n=3000","default (IV-type, buffered, 2 hops)",22,direct,20.0,20.098609103922247,0.08028222892279102,True,681
"paper eq. 39, ER n=3000","default (IV-type, buffered, 2 hops)",22,peer,5.0,5.038136293428353,0.05993293775905928,True,681
"paper eq. 39, ER n=3000",partialling-out score,22,direct,20.0,19.95580564224395,0.17422824304289072,True,681
"paper eq. 39, ER n=3000",partialling-out score,22,peer,5.0,5.202936838302353,0.12049722134694438,True,681
"paper eq. 39, ER n=3000",focal-only training,22,direct,20.0,20.101139469940026,0.08174945871345628,True,681
"paper eq. 39, ER n=3000",focal-only training,22,peer,5.0,5.021464392274204,0.0585365854678863,True,681
"paper eq. 39, ER n=3000",1-hop features,22,direct,20.0,20.101357931943742,0.08036698676359949,True,681
"paper eq. 39, ER n=3000",1-hop features,22,peer,5.0,5.04574727830817,0.059401451969915434,True,681
"paper eq. 39, ER n=3000",partialling-out + 1-hop,22,direct,20.0,19.981535985379484,0.1707957020024088,True,681
"paper eq. 39, ER n=3000",partialling-out + 1-hop,22,peer,5.0,5.151819456580243,0.12152205585950952,True,681
"paper eq. 39, ER n=3000",paper mode,22,direct,20.0,20.031427253241144,0.37897773172096655,True,565
"paper eq. 39, ER n=3000",paper mode,22,peer,5.0,4.910087214938674,0.3128582979777672,True,565
flu_town (n=3000),"default (IV-type, buffered, 2 hops)",23,direct,-2.0,-2.127411895980693,0.17922076140042367,True,472
flu_town (n=3000),"default (IV-type, buffered, 2 hops)",23,peer,-0.5,-0.5975543580417744,0.0841888750494358,True,472
flu_town (n=3000),partialling-out score,23,direct,-2.0,-2.079208494506097,0.17447923656390726,True,472
flu_town (n=3000),partialling-out score,23,peer,-0.5,-0.5924613900706794,0.09502381613423451,True,472
flu_town (n=3000),focal-only training,23,direct,-2.0,-2.242431127954526,0.17132249352035842,True,472
flu_town (n=3000),focal-only training,23,peer,-0.5,-0.5211455343811053,0.07490524451740473,True,472
flu_town (n=3000),1-hop features,23,direct,-2.0,-2.2058420355845407,0.1757587773300434,True,472
flu_town (n=3000),1-hop features,23,peer,-0.5,-0.6258376261275864,0.08517288282018341,True,472
flu_town (n=3000),partialling-out + 1-hop,23,direct,-2.0,-2.192700971744922,0.17296350741115332,True,472
flu_town (n=3000),partialling-out + 1-hop,23,peer,-0.5,-0.5535348536328241,0.09173249346852808,True,472
flu_town (n=3000),paper mode,23,direct,-2.0,-1.7604121168814848,0.23617308648615676,True,402
flu_town (n=3000),paper mode,23,peer,-0.5,-0.4896131747147461,0.10342900804452929,True,402
referral_app (n=4000),"default (IV-type, buffered, 2 hops)",23,direct,12.0,11.945679850639777,0.9837779260828677,True,407
referral_app (n=4000),"default (IV-type, buffered, 2 hops)",23,peer,40.0,39.84183031685521,1.5201115370885074,True,407
referral_app (n=4000),partialling-out score,23,direct,12.0,11.424658607246213,1.043430648167373,True,407
referral_app (n=4000),partialling-out score,23,peer,40.0,38.06212806580357,1.6921284366802827,True,407
referral_app (n=4000),focal-only training,23,direct,12.0,12.717365601992555,1.0401230843940468,True,407
referral_app (n=4000),focal-only training,23,peer,40.0,41.90522697548368,2.0076340885457338,True,407
referral_app (n=4000),1-hop features,23,direct,12.0,11.680050048467699,0.9678334313410261,True,407
referral_app (n=4000),1-hop features,23,peer,40.0,39.83299575409516,1.5425796530648275,True,407
referral_app (n=4000),partialling-out + 1-hop,23,direct,12.0,11.33011541191602,1.065176352155072,True,407
referral_app (n=4000),partialling-out + 1-hop,23,peer,40.0,38.28676540397761,1.7422331459740352,True,407
referral_app (n=4000),paper mode,23,direct,12.0,12.286798750131766,1.2377115465022512,True,359
referral_app (n=4000),paper mode,23,peer,40.0,36.904869720887426,2.2665754143730146,True,359
"paper eq. 38, ER n=3000","default (IV-type, buffered, 2 hops)",23,direct,10.0,9.951286813302866,0.08768848471493247,True,672
"paper eq. 38, ER n=3000","default (IV-type, buffered, 2 hops)",23,peer,5.0,4.947831236802327,0.06313437359389762,True,672
"paper eq. 38, ER n=3000",partialling-out score,23,direct,10.0,9.84253449554047,0.13703562947296163,True,672
"paper eq. 38, ER n=3000",partialling-out score,23,peer,5.0,4.7779012098013975,0.10593619732379957,False,672
"paper eq. 38, ER n=3000",focal-only training,23,direct,10.0,9.971659151153558,0.0970735629695139,True,672
"paper eq. 38, ER n=3000",focal-only training,23,peer,5.0,4.944400793163163,0.0768794271547257,True,672
"paper eq. 38, ER n=3000",1-hop features,23,direct,10.0,9.957024972591979,0.08816989956232486,True,672
"paper eq. 38, ER n=3000",1-hop features,23,peer,5.0,4.94591024506743,0.0639043877900502,True,672
"paper eq. 38, ER n=3000",partialling-out + 1-hop,23,direct,10.0,9.895805453529327,0.13350114344841668,True,672
"paper eq. 38, ER n=3000",partialling-out + 1-hop,23,peer,5.0,4.754681043581393,0.10149800942109134,False,672
"paper eq. 38, ER n=3000",paper mode,23,direct,10.0,10.382598685869583,0.3795466807864626,True,544
"paper eq. 38, ER n=3000",paper mode,23,peer,5.0,4.88344882832427,0.29505888257922686,True,544
"paper eq. 39, ER n=3000","default (IV-type, buffered, 2 hops)",23,direct,20.0,19.940442966116304,0.08455920858439944,True,672
"paper eq. 39, ER n=3000","default (IV-type, buffered, 2 hops)",23,peer,5.0,5.036150141310364,0.06266845487806007,True,672
"paper eq. 39, ER n=3000",partialling-out score,23,direct,20.0,19.585834081434445,0.19235709879428659,False,672
"paper eq. 39, ER n=3000",partialling-out score,23,peer,5.0,4.96979133948388,0.13700457280921338,True,672
"paper eq. 39, ER n=3000",focal-only training,23,direct,20.0,19.955052728934866,0.08277323116679858,True,672
"paper eq. 39, ER n=3000",focal-only training,23,peer,5.0,4.996761714182943,0.06701536169525656,True,672
"paper eq. 39, ER n=3000",1-hop features,23,direct,20.0,19.918273120668022,0.08419802686898856,True,672
"paper eq. 39, ER n=3000",1-hop features,23,peer,5.0,5.021946556750271,0.0613036241426635,True,672
"paper eq. 39, ER n=3000",partialling-out + 1-hop,23,direct,20.0,19.831679942806165,0.18098456832718343,True,672
"paper eq. 39, ER n=3000",partialling-out + 1-hop,23,peer,5.0,4.80671305524701,0.1279702909763683,True,672
"paper eq. 39, ER n=3000",paper mode,23,direct,20.0,20.130586711294274,0.36396038197925923,True,544
"paper eq. 39, ER n=3000",paper mode,23,peer,5.0,4.9279785891452725,0.2611263450985354,True,544
flu_town (n=3000),"default (IV-type, buffered, 2 hops)",24,direct,-2.0,-2.0239956330215056,0.1783123792965591,True,474
flu_town (n=3000),"default (IV-type, buffered, 2 hops)",24,peer,-0.5,-0.46524162329100344,0.0954516553896396,True,474
flu_town (n=3000),partialling-out score,24,direct,-2.0,-1.9322103281682084,0.17815108350306685,True,474
flu_town (n=3000),partialling-out score,24,peer,-0.5,-0.44231195482817715,0.09582234021008013,True,474
flu_town (n=3000),focal-only training,24,direct,-2.0,-1.8992661852003838,0.17484641512719964,True,474
flu_town (n=3000),focal-only training,24,peer,-0.5,-0.5147322745579298,0.08079501724831034,True,474
flu_town (n=3000),1-hop features,24,direct,-2.0,-1.97235478608648,0.170150102385724,True,474
flu_town (n=3000),1-hop features,24,peer,-0.5,-0.45288444022303254,0.09465705773635139,True,474
flu_town (n=3000),partialling-out + 1-hop,24,direct,-2.0,-1.9086556698378798,0.1741579873466012,True,474
flu_town (n=3000),partialling-out + 1-hop,24,peer,-0.5,-0.44821533451041295,0.09510457154304583,True,474
flu_town (n=3000),paper mode,24,direct,-2.0,-1.7874263760230482,0.23251199598129088,True,403
flu_town (n=3000),paper mode,24,peer,-0.5,-0.6282304649198323,0.10182956426838571,True,403
referral_app (n=4000),"default (IV-type, buffered, 2 hops)",24,direct,12.0,11.99799027937965,0.8961931521889086,True,404
referral_app (n=4000),"default (IV-type, buffered, 2 hops)",24,peer,40.0,40.52022795806623,1.5425253770901988,True,404
referral_app (n=4000),partialling-out score,24,direct,12.0,12.399991201142388,1.0091391463357036,True,404
referral_app (n=4000),partialling-out score,24,peer,40.0,39.771710667421594,1.7185699433174155,True,404
referral_app (n=4000),focal-only training,24,direct,12.0,13.58133231729921,0.9859180182869807,True,404
referral_app (n=4000),focal-only training,24,peer,40.0,41.190356555223644,1.781771219807737,True,404
referral_app (n=4000),1-hop features,24,direct,12.0,12.071591331488195,0.8872281683652461,True,404
referral_app (n=4000),1-hop features,24,peer,40.0,40.77306758388727,1.5252167227830604,True,404
referral_app (n=4000),partialling-out + 1-hop,24,direct,12.0,12.49472435153096,1.041059889863012,True,404
referral_app (n=4000),partialling-out + 1-hop,24,peer,40.0,40.407988608099195,1.7213104851611671,True,404
referral_app (n=4000),paper mode,24,direct,12.0,11.494964818681618,1.2987640543673011,True,344
referral_app (n=4000),paper mode,24,peer,40.0,42.1548355826042,2.782895481552273,True,344
"paper eq. 38, ER n=3000","default (IV-type, buffered, 2 hops)",24,direct,10.0,10.120434650343318,0.08405493409919201,True,696
"paper eq. 38, ER n=3000","default (IV-type, buffered, 2 hops)",24,peer,5.0,4.9282090625698025,0.07056622285576994,True,696
"paper eq. 38, ER n=3000",partialling-out score,24,direct,10.0,10.10870292975517,0.13067369939450105,True,696
"paper eq. 38, ER n=3000",partialling-out score,24,peer,5.0,4.8334690357852725,0.10160843898005871,True,696
"paper eq. 38, ER n=3000",focal-only training,24,direct,10.0,10.101712423638347,0.09551957939153709,True,696
"paper eq. 38, ER n=3000",focal-only training,24,peer,5.0,4.952039330659695,0.09701451273815158,True,696
"paper eq. 38, ER n=3000",1-hop features,24,direct,10.0,10.114722311643863,0.08268116492977902,True,696
"paper eq. 38, ER n=3000",1-hop features,24,peer,5.0,4.914988915469071,0.07077584414144215,True,696
"paper eq. 38, ER n=3000",partialling-out + 1-hop,24,direct,10.0,10.134982332556964,0.1257677403506529,True,696
"paper eq. 38, ER n=3000",partialling-out + 1-hop,24,peer,5.0,4.8450196960995395,0.100905709197917,True,696
"paper eq. 38, ER n=3000",paper mode,24,direct,10.0,9.782019376831464,0.369134119209529,True,573
"paper eq. 38, ER n=3000",paper mode,24,peer,5.0,4.074524169701625,0.32141613646941125,False,573
"paper eq. 39, ER n=3000","default (IV-type, buffered, 2 hops)",24,direct,20.0,20.06923279489489,0.07731894849100304,True,696
"paper eq. 39, ER n=3000","default (IV-type, buffered, 2 hops)",24,peer,5.0,4.950079467663297,0.06020331941902646,True,696
"paper eq. 39, ER n=3000",partialling-out score,24,direct,20.0,20.068819030782556,0.15881962540821432,True,696
"paper eq. 39, ER n=3000",partialling-out score,24,peer,5.0,4.905784038065549,0.1217550238965731,True,696
"paper eq. 39, ER n=3000",focal-only training,24,direct,20.0,20.06996901525986,0.08060348164818922,True,696
"paper eq. 39, ER n=3000",focal-only training,24,peer,5.0,5.01014055908459,0.08203591374817625,True,696
"paper eq. 39, ER n=3000",1-hop features,24,direct,20.0,20.05715615885134,0.07674751709537529,True,696
"paper eq. 39, ER n=3000",1-hop features,24,peer,5.0,4.933053133384569,0.05980027464176391,True,696
"paper eq. 39, ER n=3000",partialling-out + 1-hop,24,direct,20.0,20.01320241004,0.15322467702434378,True,696
"paper eq. 39, ER n=3000",partialling-out + 1-hop,24,peer,5.0,4.854013947120622,0.11493774181111892,True,696
"paper eq. 39, ER n=3000",paper mode,24,direct,20.0,19.73475634384895,0.3931436152190773,True,573
"paper eq. 39, ER n=3000",paper mode,24,peer,5.0,4.429686492821538,0.3203737514847426,True,573
flu_town (n=3000),"default (IV-type, buffered, 2 hops)",25,direct,-2.0,-1.7523479924050511,0.2011989712423201,True,471
flu_town (n=3000),"default (IV-type, buffered, 2 hops)",25,peer,-0.5,-0.3710800162941227,0.08537338280701502,True,471
flu_town (n=3000),partialling-out score,25,direct,-2.0,-1.7071849806677242,0.19348632132606577,True,471
flu_town (n=3000),partialling-out score,25,peer,-0.5,-0.3837886700913504,0.09944992114464352,True,471
flu_town (n=3000),focal-only training,25,direct,-2.0,-1.707553794869066,0.19821337152329782,True,471
flu_town (n=3000),focal-only training,25,peer,-0.5,-0.44424015746916723,0.06368341910961456,True,471
flu_town (n=3000),1-hop features,25,direct,-2.0,-1.744007454998695,0.1927712670392427,True,471
flu_town (n=3000),1-hop features,25,peer,-0.5,-0.35193270115024206,0.07912816378310904,True,471
flu_town (n=3000),partialling-out + 1-hop,25,direct,-2.0,-1.6347438028360304,0.18480413282674452,False,471
flu_town (n=3000),partialling-out + 1-hop,25,peer,-0.5,-0.33797747840422554,0.09763666333149286,True,471
flu_town (n=3000),paper mode,25,direct,-2.0,-2.1237952502268804,0.21302368565360758,True,401
flu_town (n=3000),paper mode,25,peer,-0.5,-0.4251467818158428,0.09900985498300076,True,401
referral_app (n=4000),"default (IV-type, buffered, 2 hops)",25,direct,12.0,11.762956278013254,0.9194795000161332,True,380
referral_app (n=4000),"default (IV-type, buffered, 2 hops)",25,peer,40.0,36.349839332055886,1.5864808033314035,False,380
referral_app (n=4000),partialling-out score,25,direct,12.0,10.842056259613296,1.0116055679340954,True,380
referral_app (n=4000),partialling-out score,25,peer,40.0,35.16514791611328,1.8554618597478734,False,380
referral_app (n=4000),focal-only training,25,direct,12.0,12.753854147498327,1.055590487221452,True,380
referral_app (n=4000),focal-only training,25,peer,40.0,35.79691988895409,1.7824160314449073,False,380
referral_app (n=4000),1-hop features,25,direct,12.0,11.908836345705664,0.9172407745678671,True,380
referral_app (n=4000),1-hop features,25,peer,40.0,36.196033006601084,1.653983576080505,False,380
referral_app (n=4000),partialling-out + 1-hop,25,direct,12.0,11.406705176382472,0.9920707984539956,True,380
referral_app (n=4000),partialling-out + 1-hop,25,peer,40.0,34.5808221150164,1.875896831615863,False,380
referral_app (n=4000),paper mode,25,direct,12.0,10.415061083507961,1.2826127857667362,True,339
referral_app (n=4000),paper mode,25,peer,40.0,35.55190305353861,2.3660480835578426,True,339
"paper eq. 38, ER n=3000","default (IV-type, buffered, 2 hops)",25,direct,10.0,9.887305782502956,0.07934090467181812,True,678
"paper eq. 38, ER n=3000","default (IV-type, buffered, 2 hops)",25,peer,5.0,4.991030361637868,0.058339719374635945,True,678
"paper eq. 38, ER n=3000",partialling-out score,25,direct,10.0,9.83455587803311,0.1388705563806579,True,678
"paper eq. 38, ER n=3000",partialling-out score,25,peer,5.0,4.975165821292687,0.10362656610746293,True,678
"paper eq. 38, ER n=3000",focal-only training,25,direct,10.0,9.897990840846122,0.09206328973007938,True,678
"paper eq. 38, ER n=3000",focal-only training,25,peer,5.0,5.0096833328988595,0.07679226909778224,True,678
"paper eq. 38, ER n=3000",1-hop features,25,direct,10.0,9.895648561188798,0.07764988443950518,True,678
"paper eq. 38, ER n=3000",1-hop features,25,peer,5.0,4.97528242824372,0.05973956536101858,True,678
"paper eq. 38, ER n=3000",partialling-out + 1-hop,25,direct,10.0,9.91656015206106,0.12946309353502894,True,678
"paper eq. 38, ER n=3000",partialling-out + 1-hop,25,peer,5.0,5.121390697842516,0.09521744193469023,True,678
"paper eq. 38, ER n=3000",paper mode,25,direct,10.0,9.944438194699861,0.3892337350132565,True,544
"paper eq. 38, ER n=3000",paper mode,25,peer,5.0,4.492455373075706,0.31470909755785553,True,544
"paper eq. 39, ER n=3000","default (IV-type, buffered, 2 hops)",25,direct,20.0,19.91897205527089,0.07589830227330609,True,678
"paper eq. 39, ER n=3000","default (IV-type, buffered, 2 hops)",25,peer,5.0,4.98464171243563,0.05343493879933685,True,678
"paper eq. 39, ER n=3000",partialling-out score,25,direct,20.0,19.61145777714309,0.1823026647644854,False,678
"paper eq. 39, ER n=3000",partialling-out score,25,peer,5.0,5.025751873317514,0.13626247733354294,True,678
"paper eq. 39, ER n=3000",focal-only training,25,direct,20.0,19.913229464254478,0.08023542286302922,True,678
"paper eq. 39, ER n=3000",focal-only training,25,peer,5.0,5.014691395122075,0.06255413924736594,True,678
"paper eq. 39, ER n=3000",1-hop features,25,direct,20.0,19.918198613661847,0.07441811287834789,True,678
"paper eq. 39, ER n=3000",1-hop features,25,peer,5.0,4.991525939503806,0.0549911272584675,True,678
"paper eq. 39, ER n=3000",partialling-out + 1-hop,25,direct,20.0,19.825805625758793,0.16914295138224614,True,678
"paper eq. 39, ER n=3000",partialling-out + 1-hop,25,peer,5.0,5.054636982232324,0.13522162823813602,True,678
"paper eq. 39, ER n=3000",paper mode,25,direct,20.0,19.702550116907773,0.3761891309441193,True,544
"paper eq. 39, ER n=3000",paper mode,25,peer,5.0,4.862680127873479,0.3045946894296545,True,544
flu_town (n=3000),"default (IV-type, buffered, 2 hops)",26,direct,-2.0,-2.040117090343736,0.1773021649992567,True,480
flu_town (n=3000),"default (IV-type, buffered, 2 hops)",26,peer,-0.5,-0.34655380803165825,0.08680144376708694,True,480
flu_town (n=3000),partialling-out score,26,direct,-2.0,-2.012095037959215,0.17339351201730288,True,480
flu_town (n=3000),partialling-out score,26,peer,-0.5,-0.34251615834133964,0.0739465102966491,False,480
flu_town (n=3000),focal-only training,26,direct,-2.0,-2.04433868319139,0.16894029088145512,True,480
flu_town (n=3000),focal-only training,26,peer,-0.5,-0.35007931218323524,0.06502400770653058,False,480
flu_town (n=3000),1-hop features,26,direct,-2.0,-2.041423974590887,0.16801712342401842,True,480
flu_town (n=3000),1-hop features,26,peer,-0.5,-0.3563110100385746,0.08196885476989389,True,480
flu_town (n=3000),partialling-out + 1-hop,26,direct,-2.0,-1.956384710409699,0.1669256171157352,True,480
flu_town (n=3000),partialling-out + 1-hop,26,peer,-0.5,-0.3546949601027103,0.07646852029033586,True,480
flu_town (n=3000),paper mode,26,direct,-2.0,-2.180858863868048,0.20340508201628463,True,398
flu_town (n=3000),paper mode,26,peer,-0.5,-0.4110377702838018,0.09587034737499749,True,398
referral_app (n=4000),"default (IV-type, buffered, 2 hops)",26,direct,12.0,12.007783440994444,1.0004962338616892,True,398
referral_app (n=4000),"default (IV-type, buffered, 2 hops)",26,peer,40.0,39.59481214434267,1.599019992158415,True,398
referral_app (n=4000),partialling-out score,26,direct,12.0,11.625941670433225,1.0253805258745923,True,398
referral_app (n=4000),partialling-out score,26,peer,40.0,38.297162176034654,1.7269277380353236,True,398
referral_app (n=4000),focal-only training,26,direct,12.0,12.381721840624872,1.0628425584819927,True,398
referral_app (n=4000),focal-only training,26,peer,40.0,39.41973288042954,1.629186864969007,True,398
referral_app (n=4000),1-hop features,26,direct,12.0,12.042255111077788,0.985631509220538,True,398
referral_app (n=4000),1-hop features,26,peer,40.0,40.11390380831714,1.664470247863396,True,398
referral_app (n=4000),partialling-out + 1-hop,26,direct,12.0,11.847043035084228,1.0112583073910562,True,398
referral_app (n=4000),partialling-out + 1-hop,26,peer,40.0,38.502598563295,1.6415279840658712,True,398
referral_app (n=4000),paper mode,26,direct,12.0,11.753426138615955,1.2466547100254597,True,357
referral_app (n=4000),paper mode,26,peer,40.0,39.52180994411827,2.1528908486462797,True,357
"paper eq. 38, ER n=3000","default (IV-type, buffered, 2 hops)",26,direct,10.0,10.067130438873676,0.08575383402561713,True,677
"paper eq. 38, ER n=3000","default (IV-type, buffered, 2 hops)",26,peer,5.0,5.07545170995841,0.062409995817046,True,677
"paper eq. 38, ER n=3000",partialling-out score,26,direct,10.0,9.862316686512427,0.14363792078229393,True,677
"paper eq. 38, ER n=3000",partialling-out score,26,peer,5.0,5.086115630967967,0.11448929236515105,True,677
"paper eq. 38, ER n=3000",focal-only training,26,direct,10.0,10.116270852867762,0.0919978574994035,True,677
"paper eq. 38, ER n=3000",focal-only training,26,peer,5.0,5.098512481437486,0.06706386261701304,True,677
"paper eq. 38, ER n=3000",1-hop features,26,direct,10.0,10.06081637752206,0.08488607320059212,True,677
"paper eq. 38, ER n=3000",1-hop features,26,peer,5.0,5.069700728844547,0.06178777864725514,True,677
"paper eq. 38, ER n=3000",partialling-out + 1-hop,26,direct,10.0,9.879942405395111,0.13663222139317405,True,677
"paper eq. 38, ER n=3000",partialling-out + 1-hop,26,peer,5.0,5.082082314924332,0.10907352427455014,True,677
"paper eq. 38, ER n=3000",paper mode,26,direct,10.0,9.594905389315613,0.3829695345785469,True,541
"paper eq. 38, ER n=3000",paper mode,26,peer,5.0,4.578514908571255,0.30584220685981967,True,541
"paper eq. 39, ER n=3000","default (IV-type, buffered, 2 hops)",26,direct,20.0,20.135461156806883,0.08300253316224593,True,677
"paper eq. 39, ER n=3000","default (IV-type, buffered, 2 hops)",26,peer,5.0,5.036818535263032,0.05873134913597014,True,677
"paper eq. 39, ER n=3000",partialling-out score,26,direct,20.0,19.848429379074823,0.193593161855324,True,677
"paper eq. 39, ER n=3000",partialling-out score,26,peer,5.0,4.903982067276218,0.1458815784393997,True,677
"paper eq. 39, ER n=3000",focal-only training,26,direct,20.0,20.137679840659718,0.08001195331717552,True,677
"paper eq. 39, ER n=3000",focal-only training,26,peer,5.0,5.081671303879221,0.052834720482444385,True,677
"paper eq. 39, ER n=3000",1-hop features,26,direct,20.0,20.1398523724366,0.08041657712853414,True,677
"paper eq. 39, ER n=3000",1-hop features,26,peer,5.0,5.046407787845335,0.05688831584742912,True,677
"paper eq. 39, ER n=3000",partialling-out + 1-hop,26,direct,20.0,19.91708119338744,0.17916790471299088,True,677
"paper eq. 39, ER n=3000",partialling-out + 1-hop,26,peer,5.0,4.967875479722968,0.13540350383410485,True,677
"paper eq. 39, ER n=3000",paper mode,26,direct,20.0,19.81458048350713,0.37817766942741965,True,541
"paper eq. 39, ER n=3000",paper mode,26,peer,5.0,5.156447387789968,0.29889091630396497,True,541
flu_town (n=3000),"default (IV-type, buffered, 2 hops)",27,direct,-2.0,-2.048357130664899,0.1543079441704453,True,462
flu_town (n=3000),"default (IV-type, buffered, 2 hops)",27,peer,-0.5,-0.5613056886755509,0.10496647822420228,True,462
flu_town (n=3000),partialling-out score,27,direct,-2.0,-1.9188121793847874,0.17140872543361885,True,462
flu_town (n=3000),partialling-out score,27,peer,-0.5,-0.541870738041794,0.09284597579642831,True,462
flu_town (n=3000),focal-only training,27,direct,-2.0,-1.883375597516577,0.2653494362873276,True,462
flu_town (n=3000),focal-only training,27,peer,-0.5,-1.4005147341533146,0.9251483066184857,True,462
flu_town (n=3000),1-hop features,27,direct,-2.0,-2.006579590553801,0.1612826297069951,True,462
flu_town (n=3000),1-hop features,27,peer,-0.5,-0.5730181814992183,0.11348812924774512,True,462
flu_town (n=3000),partialling-out + 1-hop,27,direct,-2.0,-1.8850948171034283,0.17222324434896413,True,462
flu_town (n=3000),partialling-out + 1-hop,27,peer,-0.5,-0.5826071115970867,0.09634314156373441,True,462
flu_town (n=3000),paper mode,27,direct,-2.0,-1.5807085443001905,0.2388473334458064,True,395
flu_town (n=3000),paper mode,27,peer,-0.5,-0.5510196793264471,0.12124093330613045,True,395
referral_app (n=4000),"default (IV-type, buffered, 2 hops)",27,direct,12.0,10.969121275108174,0.9521811215397585,True,398
referral_app (n=4000),"default (IV-type, buffered, 2 hops)",27,peer,40.0,38.681470797387554,1.9774662581682345,True,398
referral_app (n=4000),partialling-out score,27,direct,12.0,10.669914760790414,1.046875710150146,True,398
referral_app (n=4000),partialling-out score,27,peer,40.0,37.536044194882884,1.8821067797438908,True,398
referral_app (n=4000),focal-only training,27,direct,12.0,13.173078619620211,1.0350966165743885,True,398
referral_app (n=4000),focal-only training,27,peer,40.0,39.94214911517218,2.210251939532558,True,398
referral_app (n=4000),1-hop features,27,direct,12.0,10.781992121054847,0.9664298965945655,True,398
referral_app (n=4000),1-hop features,27,peer,40.0,39.46794389287486,1.971865471596569,True,398
referral_app (n=4000),partialling-out + 1-hop,27,direct,12.0,10.932763046397294,1.071664982129185,True,398
referral_app (n=4000),partialling-out + 1-hop,27,peer,40.0,39.527706972348696,1.9859212862654942,True,398
referral_app (n=4000),paper mode,27,direct,12.0,12.82646793555836,1.473386028127231,True,351
referral_app (n=4000),paper mode,27,peer,40.0,36.53774371331659,2.7893620499549723,True,351
"paper eq. 38, ER n=3000","default (IV-type, buffered, 2 hops)",27,direct,10.0,10.060230700633335,0.0892139447292965,True,682
"paper eq. 38, ER n=3000","default (IV-type, buffered, 2 hops)",27,peer,5.0,4.893428350841646,0.06935089219437784,True,682
"paper eq. 38, ER n=3000",partialling-out score,27,direct,10.0,9.924870172303836,0.14011669572533345,True,682
"paper eq. 38, ER n=3000",partialling-out score,27,peer,5.0,4.749795118543769,0.10331005081872975,False,682
"paper eq. 38, ER n=3000",focal-only training,27,direct,10.0,10.08857127186991,0.08984066457659533,True,682
"paper eq. 38, ER n=3000",focal-only training,27,peer,5.0,4.846568743202816,0.07427823264968472,False,682
"paper eq. 38, ER n=3000",1-hop features,27,direct,10.0,10.038760977366886,0.08751233418406577,True,682
"paper eq. 38, ER n=3000",1-hop features,27,peer,5.0,4.8664379369389605,0.06859423806478182,True,682
"paper eq. 38, ER n=3000",partialling-out + 1-hop,27,direct,10.0,9.917176775174822,0.13736382413824907,True,682
"paper eq. 38, ER n=3000",partialling-out + 1-hop,27,peer,5.0,4.793901719998578,0.09833148762619653,False,682
"paper eq. 38, ER n=3000",paper mode,27,direct,10.0,9.752061610288429,0.3534199744867959,True,554
"paper eq. 38, ER n=3000",paper mode,27,peer,5.0,5.620863856659386,0.31334670225534966,False,554
"paper eq. 39, ER n=3000","default (IV-type, buffered, 2 hops)",27,direct,20.0,20.02832065702171,0.08383714356999028,True,682
"paper eq. 39, ER n=3000","default (IV-type, buffered, 2 hops)",27,peer,5.0,4.926697796646236,0.06567093353638681,True,682
"paper eq. 39, ER n=3000",partialling-out score,27,direct,20.0,19.76688431522088,0.18696944565315993,True,682
"paper eq. 39, ER n=3000",partialling-out score,27,peer,5.0,4.859912696646719,0.13934206769931665,True,682
"paper eq. 39, ER n=3000",focal-only training,27,direct,20.0,20.018563374776036,0.08074411749185827,True,682
"paper eq. 39, ER n=3000",focal-only training,27,peer,5.0,4.919831197613077,0.06037302751841941,True,682
"paper eq. 39, ER n=3000",1-hop features,27,direct,20.0,20.01097493646146,0.08324832519309339,True,682
"paper eq. 39, ER n=3000",1-hop features,27,peer,5.0,4.931764199651264,0.06449607929426186,True,682
"paper eq. 39, ER n=3000",partialling-out + 1-hop,27,direct,20.0,19.81959861240179,0.19838986135504855,True,682
"paper eq. 39, ER n=3000",partialling-out + 1-hop,27,peer,5.0,4.865956888169427,0.14999484363715948,True,682
"paper eq. 39, ER n=3000",paper mode,27,direct,20.0,20.003349555855593,0.39503736090082153,True,554
"paper eq. 39, ER n=3000",paper mode,27,peer,5.0,5.527822628013021,0.34936467710129643,True,554
flu_town (n=3000),"default (IV-type, buffered, 2 hops)",28,direct,-2.0,-1.661561619040255,0.18483252749224222,True,473
flu_town (n=3000),"default (IV-type, buffered, 2 hops)",28,peer,-0.5,-0.370147853279474,0.07421602758861569,True,473
flu_town (n=3000),partialling-out score,28,direct,-2.0,-1.621613993949363,0.18328567152839886,False,473
flu_town (n=3000),partialling-out score,28,peer,-0.5,-0.3481693783784488,0.09494209597120867,True,473
flu_town (n=3000),focal-only training,28,direct,-2.0,-1.7606486666943715,0.18412493663801466,True,473
flu_town (n=3000),focal-only training,28,peer,-0.5,-0.4571968549639013,0.0807983782764634,True,473
flu_town (n=3000),1-hop features,28,direct,-2.0,-1.6990659983262384,0.18263173799944343,True,473
flu_town (n=3000),1-hop features,28,peer,-0.5,-0.3381458037372929,0.07368829535507515,False,473
flu_town (n=3000),partialling-out + 1-hop,28,direct,-2.0,-1.6253958493091119,0.17870870107185133,False,473
flu_town (n=3000),partialling-out + 1-hop,28,peer,-0.5,-0.32245503213490356,0.09489703019522623,True,473
flu_town (n=3000),paper mode,28,direct,-2.0,-1.8716295147013813,0.23928276852640876,True,405
flu_town (n=3000),paper mode,28,peer,-0.5,-0.45363413484417103,0.11089210874739473,True,405
referral_app (n=4000),"default (IV-type, buffered, 2 hops)",28,direct,12.0,13.858691451880377,0.9752913458312094,True,391
referral_app (n=4000),"default (IV-type, buffered, 2 hops)",28,peer,40.0,42.72700364704409,1.527997524436114,True,391
referral_app (n=4000),partialling-out score,28,direct,12.0,12.982550513655491,1.0052912890526609,True,391
referral_app (n=4000),partialling-out score,28,peer,40.0,41.90280767572482,1.8358063295930778,True,391
referral_app (n=4000),focal-only training,28,direct,12.0,15.252347591537053,1.037279775749048,False,391
referral_app (n=4000),focal-only training,28,peer,40.0,42.696976568590756,1.6196933882488824,True,391
referral_app (n=4000),1-hop features,28,direct,12.0,13.99017069526561,0.9639994653920917,False,391
referral_app (n=4000),1-hop features,28,peer,40.0,43.23480172416061,1.5365112481227676,False,391
referral_app (n=4000),partialling-out + 1-hop,28,direct,12.0,13.482084463144474,1.0037910310753628,True,391
referral_app (n=4000),partialling-out + 1-hop,28,peer,40.0,42.419475498091394,1.7952264034763334,True,391
referral_app (n=4000),paper mode,28,direct,12.0,13.81415645689493,1.3580982091499383,True,346
referral_app (n=4000),paper mode,28,peer,40.0,40.76371137946658,2.4013939469290917,True,346
"paper eq. 38, ER n=3000","default (IV-type, buffered, 2 hops)",28,direct,10.0,9.904252244059066,0.08532804091183263,True,667
"paper eq. 38, ER n=3000","default (IV-type, buffered, 2 hops)",28,peer,5.0,4.9694593226746635,0.053729884518139245,True,667
"paper eq. 38, ER n=3000",partialling-out score,28,direct,10.0,9.907948447946795,0.13742975861134357,True,667
"paper eq. 38, ER n=3000",partialling-out score,28,peer,5.0,5.017025384777764,0.10241394928092891,True,667
"paper eq. 38, ER n=3000",focal-only training,28,direct,10.0,9.877708183124252,0.09255314288324841,True,667
"paper eq. 38, ER n=3000",focal-only training,28,peer,5.0,4.9754590176758855,0.05954915419584942,True,667
"paper eq. 38, ER n=3000",1-hop features,28,direct,10.0,9.904804370358718,0.0854363242751282,True,667
"paper eq. 38, ER n=3000",1-hop features,28,peer,5.0,4.952863905948116,0.05251657344985166,True,667
"paper eq. 38, ER n=3000",partialling-out + 1-hop,28,direct,10.0,9.850452751035323,0.13564326535146212,True,667
"paper eq. 38, ER n=3000",partialling-out + 1-hop,28,peer,5.0,4.963790685695223,0.0997770299151853,True,667
"paper eq. 38, ER n=3000",paper mode,28,direct,10.0,10.224041552827673,0.34670788902309285,True,553
"paper eq. 38, ER n=3000",paper mode,28,peer,5.0,5.2097071060008275,0.2638688179584788,True,553
"paper eq. 39, ER n=3000","default (IV-type, buffered, 2 hops)",28,direct,20.0,19.933995761127868,0.08424789114839297,True,667
"paper eq. 39, ER n=3000","default (IV-type, buffered, 2 hops)",28,peer,5.0,4.953346445072337,0.05899230616311001,True,667
"paper eq. 39, ER n=3000",partialling-out score,28,direct,20.0,19.87289400784119,0.17872133115998062,True,667
"paper eq. 39, ER n=3000",partialling-out score,28,peer,5.0,4.9654872375427,0.13582677212201721,True,667
"paper eq. 39, ER n=3000",focal-only training,28,direct,20.0,19.902962461784785,0.08599948615516746,True,667
"paper eq. 39, ER n=3000",focal-only training,28,peer,5.0,4.925155364088436,0.05491079459850867,True,667
"paper eq. 39, ER n=3000",1-hop features,28,direct,20.0,19.926466450020246,0.08406730785594478,True,667
"paper eq. 39, ER n=3000",1-hop features,28,peer,5.0,4.970521989420921,0.059599305421905904,True,667
"paper eq. 39, ER n=3000",partialling-out + 1-hop,28,direct,20.0,19.75052041146637,0.17439719477930588,True,667
"paper eq. 39, ER n=3000",partialling-out + 1-hop,28,peer,5.0,5.0122762602333895,0.13838942490272776,True,667
"paper eq. 39, ER n=3000",paper mode,28,direct,20.0,21.093102660378147,0.37570872582420195,False,553
"paper eq. 39, ER n=3000",paper mode,28,peer,5.0,4.731694827717786,0.27151524509373465,True,553
flu_town (n=3000),"default (IV-type, buffered, 2 hops)",29,direct,-2.0,-1.9761566016437233,0.1590927448710483,True,483
flu_town (n=3000),"default (IV-type, buffered, 2 hops)",29,peer,-0.5,-0.563737613741983,0.077296574799591,True,483
flu_town (n=3000),partialling-out score,29,direct,-2.0,-1.911953275524118,0.16654971691903367,True,483
flu_town (n=3000),partialling-out score,29,peer,-0.5,-0.541988450180834,0.09337734599387053,True,483
flu_town (n=3000),focal-only training,29,direct,-2.0,-2.032788857210427,0.1694795515935256,True,483
flu_town (n=3000),focal-only training,29,peer,-0.5,-0.584752828922629,0.0711862598233792,True,483
flu_town (n=3000),1-hop features,29,direct,-2.0,-2.0424451258820486,0.16105669324162433,True,483
flu_town (n=3000),1-hop features,29,peer,-0.5,-0.5772165634523149,0.07857037787656501,True,483
flu_town (n=3000),partialling-out + 1-hop,29,direct,-2.0,-2.0123985623357616,0.15902238706552435,True,483
flu_town (n=3000),partialling-out + 1-hop,29,peer,-0.5,-0.5221412687168738,0.09195654461516263,True,483
flu_town (n=3000),paper mode,29,direct,-2.0,-2.0350275541509153,0.22406566958435584,True,398
flu_town (n=3000),paper mode,29,peer,-0.5,-0.3976999357425836,0.10276704258361388,True,398
referral_app (n=4000),"default (IV-type, buffered, 2 hops)",29,direct,12.0,12.914303045930382,0.9825414655971765,True,391
referral_app (n=4000),"default (IV-type, buffered, 2 hops)",29,peer,40.0,41.15215185993172,1.774762125695339,True,391
referral_app (n=4000),partialling-out score,29,direct,12.0,12.621239976372383,0.9859558945698521,True,391
referral_app (n=4000),partialling-out score,29,peer,40.0,40.87296038120684,1.8057278223569124,True,391
referral_app (n=4000),focal-only training,29,direct,12.0,13.673700475046559,0.9889787125952565,True,391
referral_app (n=4000),focal-only training,29,peer,40.0,39.50305634128907,1.2399804423903078,True,391
referral_app (n=4000),1-hop features,29,direct,12.0,12.728453999408636,0.9320621394982143,True,391
referral_app (n=4000),1-hop features,29,peer,40.0,41.558223251253686,1.652253166148118,True,391
referral_app (n=4000),partialling-out + 1-hop,29,direct,12.0,12.20963453115837,0.9992903837756605,True,391
referral_app (n=4000),partialling-out + 1-hop,29,peer,40.0,40.92246466600127,1.7312070897582674,True,391
referral_app (n=4000),paper mode,29,direct,12.0,11.904950229736604,1.3232450312340904,True,361
referral_app (n=4000),paper mode,29,peer,40.0,43.50584323267484,2.5529308785401525,True,361
"paper eq. 38, ER n=3000","default (IV-type, buffered, 2 hops)",29,direct,10.0,10.15747873936504,0.08504999496931546,True,671
"paper eq. 38, ER n=3000","default (IV-type, buffered, 2 hops)",29,peer,5.0,5.026345581910053,0.06169120286497257,True,671
"paper eq. 38, ER n=3000",partialling-out score,29,direct,10.0,10.241073478015219,0.13898355743787494,True,671
"paper eq. 38, ER n=3000",partialling-out score,29,peer,5.0,4.89793119320876,0.10645634937482669,True,671
"paper eq. 38, ER n=3000",focal-only training,29,direct,10.0,10.154048656994329,0.0961232738855134,True,671
"paper eq. 38, ER n=3000",focal-only training,29,peer,5.0,4.981545976651616,0.06766872893944967,True,671
"paper eq. 38, ER n=3000",1-hop features,29,direct,10.0,10.15247262304322,0.08340471424052923,True,671
"paper eq. 38, ER n=3000",1-hop features,29,peer,5.0,5.034330098526053,0.06158318518701453,True,671
"paper eq. 38, ER n=3000",partialling-out + 1-hop,29,direct,10.0,10.035384806938168,0.14043807852149837,True,671
"paper eq. 38, ER n=3000",partialling-out + 1-hop,29,peer,5.0,5.014662448349063,0.10897225601106657,True,671
"paper eq. 38, ER n=3000",paper mode,29,direct,10.0,10.035029526687316,0.3739363475472982,True,544
"paper eq. 38, ER n=3000",paper mode,29,peer,5.0,4.656013693437266,0.35787460085403316,True,544
"paper eq. 39, ER n=3000","default (IV-type, buffered, 2 hops)",29,direct,20.0,20.12549191755582,0.07937413099526638,True,671
"paper eq. 39, ER n=3000","default (IV-type, buffered, 2 hops)",29,peer,5.0,5.022567090671681,0.05704360959548477,True,671
"paper eq. 39, ER n=3000",partialling-out score,29,direct,20.0,20.38051747097012,0.17194356250255668,False,671
"paper eq. 39, ER n=3000",partialling-out score,29,peer,5.0,4.927889633504572,0.12008607190768912,True,671
"paper eq. 39, ER n=3000",focal-only training,29,direct,20.0,20.15173691135488,0.08511776228949727,True,671
"paper eq. 39, ER n=3000",focal-only training,29,peer,5.0,5.024624866341,0.06423819651888787,True,671
"paper eq. 39, ER n=3000",1-hop features,29,direct,20.0,20.11694275975969,0.07862044377932106,True,671
"paper eq. 39, ER n=3000",1-hop features,29,peer,5.0,5.0422427157552425,0.05685377843060662,True,671
"paper eq. 39, ER n=3000",partialling-out + 1-hop,29,direct,20.0,20.25199595491605,0.17123674221321133,True,671
"paper eq. 39, ER n=3000",partialling-out + 1-hop,29,peer,5.0,5.057258212724236,0.1324400829942103,True,671
"paper eq. 39, ER n=3000",paper mode,29,direct,20.0,20.3678353108665,0.39252712222345165,True,544
"paper eq. 39, ER n=3000",paper mode,29,peer,5.0,5.2278370898257585,0.336435983590723,True,544
flu_town (n=3000),"default (IV-type, buffered, 2 hops)",30,direct,-2.0,-2.017087154803075,0.1652411983483704,True,479
flu_town (n=3000),"default (IV-type, buffered, 2 hops)",30,peer,-0.5,-0.551465408257239,0.07475311432155443,True,479
flu_town (n=3000),partialling-out score,30,direct,-2.0,-2.0068136923939126,0.16344091506174166,True,479
flu_town (n=3000),partialling-out score,30,peer,-0.5,-0.5175963768862546,0.08804940879416277,True,479
flu_town (n=3000),focal-only training,30,direct,-2.0,-2.0644824840587046,0.16827837276823882,True,479
flu_town (n=3000),focal-only training,30,peer,-0.5,-0.5426079525537374,0.10756724773058929,True,479
flu_town (n=3000),1-hop features,30,direct,-2.0,-2.0380171600802326,0.17282259146799786,True,479
flu_town (n=3000),1-hop features,30,peer,-0.5,-0.5505056341594583,0.07758160915201455,True,479
flu_town (n=3000),partialling-out + 1-hop,30,direct,-2.0,-1.9277853804935154,0.1669389620717949,True,479
flu_town (n=3000),partialling-out + 1-hop,30,peer,-0.5,-0.5235365656564349,0.0869577507810755,True,479
flu_town (n=3000),paper mode,30,direct,-2.0,-2.013797906044373,0.2265087135788981,True,398
flu_town (n=3000),paper mode,30,peer,-0.5,-0.4284937101621922,0.09087931245808693,True,398
referral_app (n=4000),"default (IV-type, buffered, 2 hops)",30,direct,12.0,12.512658226820989,1.015653018735703,True,387
referral_app (n=4000),"default (IV-type, buffered, 2 hops)",30,peer,40.0,38.66406901780978,1.4938735317601097,True,387
referral_app (n=4000),partialling-out score,30,direct,12.0,12.655905992970542,1.0592251924903808,True,387
referral_app (n=4000),partialling-out score,30,peer,40.0,37.3588885759412,1.8373337452123495,True,387
referral_app (n=4000),focal-only training,30,direct,12.0,13.641520160383571,1.0993593319846326,True,387
referral_app (n=4000),focal-only training,30,peer,40.0,36.046466065116306,1.3018105281352326,False,387
referral_app (n=4000),1-hop features,30,direct,12.0,12.793188792164662,1.039510495733344,True,387
referral_app (n=4000),1-hop features,30,peer,40.0,38.411727871484366,1.4993851226632597,True,387
referral_app (n=4000),partialling-out + 1-hop,30,direct,12.0,12.332025597681094,1.0310143182641829,True,387
referral_app (n=4000),partialling-out + 1-hop,30,peer,40.0,36.52788034222284,1.8490955008506451,True,387
referral_app (n=4000),paper mode,30,direct,12.0,16.94943775266242,1.390769918593788,False,330
referral_app (n=4000),paper mode,30,peer,40.0,37.512934619240745,2.3912983471566385,True,330
"paper eq. 38, ER n=3000","default (IV-type, buffered, 2 hops)",30,direct,10.0,9.989390399599296,0.07799117213145258,True,671
"paper eq. 38, ER n=3000","default (IV-type, buffered, 2 hops)",30,peer,5.0,4.952590429704808,0.0651627005664641,True,671
"paper eq. 38, ER n=3000",partialling-out score,30,direct,10.0,9.860103432060964,0.1556922556817205,True,671
"paper eq. 38, ER n=3000",partialling-out score,30,peer,5.0,4.96313526625011,0.12354342399416789,True,671
"paper eq. 38, ER n=3000",focal-only training,30,direct,10.0,10.030660583968123,0.09321380521651687,True,671
"paper eq. 38, ER n=3000",focal-only training,30,peer,5.0,4.915712397011601,0.09772171090505131,True,671
"paper eq. 38, ER n=3000",1-hop features,30,direct,10.0,9.983403557251867,0.07741553941046476,True,671
"paper eq. 38, ER n=3000",1-hop features,30,peer,5.0,4.959033900285006,0.06503618984242426,True,671
"paper eq. 38, ER n=3000",partialling-out + 1-hop,30,direct,10.0,9.815226051564196,0.15723426532554843,True,671
"paper eq. 38, ER n=3000",partialling-out + 1-hop,30,peer,5.0,4.9111701227253555,0.12317970152573769,True,671
"paper eq. 38, ER n=3000",paper mode,30,direct,10.0,9.863422061727052,0.37266036657616014,True,542
"paper eq. 38, ER n=3000",paper mode,30,peer,5.0,4.457675857155493,0.3779402709874384,True,542
"paper eq. 39, ER n=3000","default (IV-type, buffered, 2 hops)",30,direct,20.0,19.93820432752831,0.07875290683386234,True,671
"paper eq. 39, ER n=3000","default (IV-type, buffered, 2 hops)",30,peer,5.0,4.840089229818888,0.05985340972988128,False,671
"paper eq. 39, ER n=3000",partialling-out score,30,direct,20.0,19.659184860264364,0.20724871517540186,True,671
"paper eq. 39, ER n=3000",partialling-out score,30,peer,5.0,4.7172521808495835,0.15788801936188007,True,671
"paper eq. 39, ER n=3000",focal-only training,30,direct,20.0,19.97400145787227,0.08394774916326926,True,671
"paper eq. 39, ER n=3000",focal-only training,30,peer,5.0,4.834816735435125,0.05890162892708228,False,671
"paper eq. 39, ER n=3000",1-hop features,30,direct,20.0,19.933921618606245,0.08481665530809498,True,671
"paper eq. 39, ER n=3000",1-hop features,30,peer,5.0,4.842606634853434,0.06407634409248973,False,671
"paper eq. 39, ER n=3000",partialling-out + 1-hop,30,direct,20.0,19.662931781016173,0.19612516193412302,True,671
"paper eq. 39, ER n=3000",partialling-out + 1-hop,30,peer,5.0,4.550222885825888,0.13901266355470765,False,671
"paper eq. 39, ER n=3000",paper mode,30,direct,20.0,19.950299107163577,0.40604725515656537,True,542
"paper eq. 39, ER n=3000",paper mode,30,peer,5.0,4.245437010170172,0.38570633002695104,True,542
flu_town (n=3000),"default (IV-type, buffered, 2 hops)",31,direct,-2.0,-2.186059652144227,0.1694577051827045,True,465
flu_town (n=3000),"default (IV-type, buffered, 2 hops)",31,peer,-0.5,-0.5825082626652344,0.08651529130560576,True,465
flu_town (n=3000),partialling-out score,31,direct,-2.0,-2.0733317570824696,0.16362276821987218,True,465
flu_town (n=3000),partialling-out score,31,peer,-0.5,-0.5690918356845832,0.09475781797923996,True,465
flu_town (n=3000),focal-only training,31,direct,-2.0,-2.2153532892837213,0.1824187690140987,True,465
flu_town (n=3000),focal-only training,31,peer,-0.5,-0.5831099877873335,0.11607559585594282,True,465
flu_town (n=3000),1-hop features,31,direct,-2.0,-2.198272377570785,0.15729985163752935,True,465
flu_town (n=3000),1-hop features,31,peer,-0.5,-0.6010694216887069,0.08380291913066576,True,465
flu_town (n=3000),partialling-out + 1-hop,31,direct,-2.0,-2.1854793177909917,0.16262350543544987,True,465
flu_town (n=3000),partialling-out + 1-hop,31,peer,-0.5,-0.5772479314730646,0.09340463295488996,True,465
flu_town (n=3000),paper mode,31,direct,-2.0,-2.195501378179465,0.22178817651952568,True,396
flu_town (n=3000),paper mode,31,peer,-0.5,-0.498659635714189,0.09620510208872268,True,396
referral_app (n=4000),"default (IV-type, buffered, 2 hops)",31,direct,12.0,11.516117227732455,0.9989582923526024,True,396
referral_app (n=4000),"default (IV-type, buffered, 2 hops)",31,peer,40.0,39.05937656029348,1.5254706272983094,True,396
referral_app (n=4000),partialling-out score,31,direct,12.0,11.64405733903883,1.0470679246430878,True,396
referral_app (n=4000),partialling-out score,31,peer,40.0,38.4686362776306,1.5971677946046958,True,396
referral_app (n=4000),focal-only training,31,direct,12.0,12.736511347537814,1.050675489746215,True,396
referral_app (n=4000),focal-only training,31,peer,40.0,40.1929209546422,1.498430088387724,True,396
referral_app (n=4000),1-hop features,31,direct,12.0,11.250954633520854,1.0059685485710976,True,396
referral_app (n=4000),1-hop features,31,peer,40.0,39.267917550392966,1.501433592506603,True,396
referral_app (n=4000),partialling-out + 1-hop,31,direct,12.0,11.612749697451092,1.052870025814902,True,396
referral_app (n=4000),partialling-out + 1-hop,31,peer,40.0,39.495246723705726,1.5837352877726287,True,396
referral_app (n=4000),paper mode,31,direct,12.0,12.282076866053535,1.2212079320258256,True,336
referral_app (n=4000),paper mode,31,peer,40.0,39.04998497679771,2.5524076251669774,True,336
"paper eq. 38, ER n=3000","default (IV-type, buffered, 2 hops)",31,direct,10.0,9.942882522145675,0.08484042976250344,True,713
"paper eq. 38, ER n=3000","default (IV-type, buffered, 2 hops)",31,peer,5.0,4.887389901637449,0.06544734728066794,True,713
"paper eq. 38, ER n=3000",partialling-out score,31,direct,10.0,10.07109209367736,0.13669735925692272,True,713
"paper eq. 38, ER n=3000",partialling-out score,31,peer,5.0,4.860194767616048,0.11210447633262467,True,713
"paper eq. 38, ER n=3000",focal-only training,31,direct,10.0,9.933606331590694,0.0864800593703968,True,713
"paper eq. 38, ER n=3000",focal-only training,31,peer,5.0,4.822380697006031,0.0630514171214054,False,713
"paper eq. 38, ER n=3000",1-hop features,31,direct,10.0,9.941809246414383,0.08317129908522725,True,713
"paper eq. 38, ER n=3000",1-hop features,31,peer,5.0,4.898525128205628,0.06394622611158035,True,713
"paper eq. 38, ER n=3000",partialling-out + 1-hop,31,direct,10.0,9.96395859843927,0.12635721350964674,True,713
"paper eq. 38, ER n=3000",partialling-out + 1-hop,31,peer,5.0,4.898928984584962,0.10046542316374958,True,713
"paper eq. 38, ER n=3000",paper mode,31,direct,10.0,9.734236370794191,0.3720509112346698,True,562
"paper eq. 38, ER n=3000",paper mode,31,peer,5.0,5.116878222802501,0.26797523678849267,True,562
"paper eq. 39, ER n=3000","default (IV-type, buffered, 2 hops)",31,direct,20.0,19.897181802943628,0.07943879122668071,True,713
"paper eq. 39, ER n=3000","default (IV-type, buffered, 2 hops)",31,peer,5.0,4.873232464413671,0.06092968823130047,False,713
"paper eq. 39, ER n=3000",partialling-out score,31,direct,20.0,20.08303559103566,0.1733489855963618,True,713
"paper eq. 39, ER n=3000",partialling-out score,31,peer,5.0,4.7592064281614,0.13307235643912949,True,713
"paper eq. 39, ER n=3000",focal-only training,31,direct,20.0,19.900984774622614,0.07844633082058809,True,713
"paper eq. 39, ER n=3000",focal-only training,31,peer,5.0,4.88312892792714,0.05724195714699039,False,713
"paper eq. 39, ER n=3000",1-hop features,31,direct,20.0,19.909401714380362,0.08204024074094256,True,713
"paper eq. 39, ER n=3000",1-hop features,31,peer,5.0,4.884343148198026,0.06592595867948436,True,713
"paper eq. 39, ER n=3000",partialling-out + 1-hop,31,direct,20.0,19.786986426791657,0.16856153332611382,True,713
"paper eq. 39, ER n=3000",partialling-out + 1-hop,31,peer,5.0,4.7129787572890836,0.13902176310570255,False,713
"paper eq. 39, ER n=3000",paper mode,31,direct,20.0,19.534860346666566,0.3839559033981933,True,562
"paper eq. 39, ER n=3000",paper mode,31,peer,5.0,4.960452718504318,0.278473690952818,True,562
flu_town (n=3000),"default (IV-type, buffered, 2 hops)",32,direct,-2.0,-1.888833278205586,0.1698650154820862,True,482
flu_town (n=3000),"default (IV-type, buffered, 2 hops)",32,peer,-0.5,-0.5235282312395353,0.09004614830385849,True,482
flu_town (n=3000),partialling-out score,32,direct,-2.0,-1.738635046158041,0.1660291110544387,True,482
flu_town (n=3000),partialling-out score,32,peer,-0.5,-0.5015168120997108,0.09618905722173672,True,482
flu_town (n=3000),focal-only training,32,direct,-2.0,-1.9150739818837177,0.18951122652862293,True,482
flu_town (n=3000),focal-only training,32,peer,-0.5,-0.5829316257930159,0.08467210769744839,True,482
flu_town (n=3000),1-hop features,32,direct,-2.0,-1.802118935686056,0.17282132440363712,True,482
flu_town (n=3000),1-hop features,32,peer,-0.5,-0.5029440009674857,0.0861008167323412,True,482
flu_town (n=3000),partialling-out + 1-hop,32,direct,-2.0,-1.6957250001688589,0.16926870274322134,True,482
flu_town (n=3000),partialling-out + 1-hop,32,peer,-0.5,-0.4640801038354434,0.09432002694904783,True,482
flu_town (n=3000),paper mode,32,direct,-2.0,-1.9005922299193694,0.213560549028556,True,408
flu_town (n=3000),paper mode,32,peer,-0.5,-0.35931902912639996,0.1048573634678317,True,408
referral_app (n=4000),"default (IV-type, buffered, 2 hops)",32,direct,12.0,12.712016735686921,0.9727369584910733,True,392
referral_app (n=4000),"default (IV-type, buffered, 2 hops)",32,peer,40.0,40.513743525566994,1.6173564153044633,True,392
referral_app (n=4000),partialling-out score,32,direct,12.0,12.547923386727,0.9619765789389666,True,392
referral_app (n=4000),partialling-out score,32,peer,40.0,40.17509205774411,1.703765894752551,True,392
referral_app (n=4000),focal-only training,32,direct,12.0,13.872678705603475,1.0627708147392998,True,392
referral_app (n=4000),focal-only training,32,peer,40.0,40.23122620396912,1.845138832014454,True,392
referral_app (n=4000),1-hop features,32,direct,12.0,12.716230065312985,0.9595549438443416,True,392
referral_app (n=4000),1-hop features,32,peer,40.0,40.625076111205594,1.5852456458941495,True,392
referral_app (n=4000),partialling-out + 1-hop,32,direct,12.0,12.322046278399506,0.9751891932572979,True,392
referral_app (n=4000),partialling-out + 1-hop,32,peer,40.0,40.12002441530467,1.6225010422599875,True,392
referral_app (n=4000),paper mode,32,direct,12.0,13.538779654139164,1.2442851220507292,True,351
referral_app (n=4000),paper mode,32,peer,40.0,35.817223447356945,2.0365983194506825,False,351
"paper eq. 38, ER n=3000","default (IV-type, buffered, 2 hops)",32,direct,10.0,9.912803213269916,0.08099874046590883,True,680
"paper eq. 38, ER n=3000","default (IV-type, buffered, 2 hops)",32,peer,5.0,4.973444192931713,0.05899485033517959,True,680
"paper eq. 38, ER n=3000",partialling-out score,32,direct,10.0,10.032188259355022,0.12635147412819459,True,680
"paper eq. 38, ER n=3000",partialling-out score,32,peer,5.0,4.878238569568237,0.09721630230715378,True,680
"paper eq. 38, ER n=3000",focal-only training,32,direct,10.0,9.940001055550997,0.089635892340618,True,680
"paper eq. 38, ER n=3000",focal-only training,32,peer,5.0,4.9758169075432255,0.07781200278284253,True,680
"paper eq. 38, ER n=3000",1-hop features,32,direct,10.0,9.927488812609894,0.08143977685859599,True,680
"paper eq. 38, ER n=3000",1-hop features,32,peer,5.0,4.955977257580959,0.059203294176068774,True,680
"paper eq. 38, ER n=3000",partialling-out + 1-hop,32,direct,10.0,10.022883186031336,0.1341572944338851,True,680
"paper eq. 38, ER n=3000",partialling-out + 1-hop,32,peer,5.0,4.799456172845474,0.09848428774994056,False,680
"paper eq. 38, ER n=3000",paper mode,32,direct,10.0,10.393440283946711,0.3622962094619422,True,540
"paper eq. 38, ER n=3000",paper mode,32,peer,5.0,5.231588277350628,0.25700229512840134,True,540
"paper eq. 39, ER n=3000","default (IV-type, buffered, 2 hops)",32,direct,20.0,19.949372858100133,0.07478685357237783,True,680
"paper eq. 39, ER n=3000","default (IV-type, buffered, 2 hops)",32,peer,5.0,4.966912820368945,0.058881964838336215,True,680
"paper eq. 39, ER n=3000",partialling-out score,32,direct,20.0,19.84573551936302,0.17357745321016677,True,680
"paper eq. 39, ER n=3000",partialling-out score,32,peer,5.0,4.91800688006318,0.13231538588581615,True,680
"paper eq. 39, ER n=3000",focal-only training,32,direct,20.0,19.95815454655396,0.07848666443859761,True,680
"paper eq. 39, ER n=3000",focal-only training,32,peer,5.0,4.975742155056545,0.07432871157824208,True,680
"paper eq. 39, ER n=3000",1-hop features,32,direct,20.0,19.951505666787874,0.07693474225698312,True,680
"paper eq. 39, ER n=3000",1-hop features,32,peer,5.0,4.957470786460333,0.060336429859988,True,680
"paper eq. 39, ER n=3000",partialling-out + 1-hop,32,direct,20.0,19.735098607718662,0.1649697786670916,True,680
"paper eq. 39, ER n=3000",partialling-out + 1-hop,32,peer,5.0,4.886375292726024,0.12246547084293621,True,680
"paper eq. 39, ER n=3000",paper mode,32,direct,20.0,20.5053857738658,0.40041174847892447,True,540
"paper eq. 39, ER n=3000",paper mode,32,peer,5.0,4.679667433204958,0.28244379934973707,True,540
flu_town (n=3000),"default (IV-type, buffered, 2 hops)",33,direct,-2.0,-2.025455168323264,0.15783929909715838,True,465
flu_town (n=3000),"default (IV-type, buffered, 2 hops)",33,peer,-0.5,-0.5142818016103872,0.09220869867849892,True,465
flu_town (n=3000),partialling-out score,33,direct,-2.0,-1.9155622602861422,0.1702566540855876,True,465
flu_town (n=3000),partialling-out score,33,peer,-0.5,-0.45360475015893503,0.09571620520873075,True,465
flu_town (n=3000),focal-only training,33,direct,-2.0,-1.9652820601813548,0.164437632175288,True,465
flu_town (n=3000),focal-only training,33,peer,-0.5,-0.5412548435223756,0.08684428078212449,True,465
flu_town (n=3000),1-hop features,33,direct,-2.0,-2.068652885518066,0.15739039894153395,True,465
flu_town (n=3000),1-hop features,33,peer,-0.5,-0.5213785956604341,0.0913240295151722,True,465
flu_town (n=3000),partialling-out + 1-hop,33,direct,-2.0,-2.0469981178546055,0.15996659591482226,True,465
flu_town (n=3000),partialling-out + 1-hop,33,peer,-0.5,-0.4621111629261474,0.09465793280877936,True,465
flu_town (n=3000),paper mode,33,direct,-2.0,-1.8278251424171834,0.2322637788567291,True,394
flu_town (n=3000),paper mode,33,peer,-0.5,-0.5409751029237767,0.10760705863029343,True,394
referral_app (n=4000),"default (IV-type, buffered, 2 hops)",33,direct,12.0,10.919159966120606,0.9084267490697648,True,390
referral_app (n=4000),"default (IV-type, buffered, 2 hops)",33,peer,40.0,43.13861009481687,1.8349786772211085,True,390
referral_app (n=4000),partialling-out score,33,direct,12.0,10.560013945606542,0.9500665509039974,True,390
referral_app (n=4000),partialling-out score,33,peer,40.0,42.485052081411865,1.726939117028203,True,390
referral_app (n=4000),focal-only training,33,direct,12.0,12.845650989859067,0.9423137293695584,True,390
referral_app (n=4000),focal-only training,33,peer,40.0,43.45657315220559,1.8338090356907155,True,390
referral_app (n=4000),1-hop features,33,direct,12.0,11.095417342355812,0.9025736254152904,True,390
referral_app (n=4000),1-hop features,33,peer,40.0,42.89672872092514,1.7932001682722671,True,390
referral_app (n=4000),partialling-out + 1-hop,33,direct,12.0,10.813089784088051,0.9655151055940755,True,390
referral_app (n=4000),partialling-out + 1-hop,33,peer,40.0,42.75560360997586,1.7099326624863882,True,390
referral_app (n=4000),paper mode,33,direct,12.0,13.861868743387587,1.2404416225686365,True,367
referral_app (n=4000),paper mode,33,peer,40.0,36.898855109839296,2.117305384530659,True,367
"paper eq. 38, ER n=3000","default (IV-type, buffered, 2 hops)",33,direct,10.0,10.185605288044098,0.07784871012551817,False,695
"paper eq. 38, ER n=3000","default (IV-type, buffered, 2 hops)",33,peer,5.0,4.92349375999773,0.0616122429022319,True,695
"paper eq. 38, ER n=3000",partialling-out score,33,direct,10.0,10.228638089002454,0.12432047541951488,True,695
"paper eq. 38, ER n=3000",partialling-out score,33,peer,5.0,5.00936081043408,0.08566921657929445,True,695
"paper eq. 38, ER n=3000",focal-only training,33,direct,10.0,10.20808245199242,0.08307440322510509,False,695
"paper eq. 38, ER n=3000",focal-only training,33,peer,5.0,4.8947349493245795,0.07096858674085109,True,695
"paper eq. 38, ER n=3000",1-hop features,33,direct,10.0,10.193201239069502,0.07706794640830535,False,695
"paper eq. 38, ER n=3000",1-hop features,33,peer,5.0,4.907681970670278,0.061541108667568144,True,695
"paper eq. 38, ER n=3000",partialling-out + 1-hop,33,direct,10.0,10.17528737735814,0.12155429637732793,True,695
"paper eq. 38, ER n=3000",partialling-out + 1-hop,33,peer,5.0,5.01362512872732,0.08896871311601123,True,695
"paper eq. 38, ER n=3000",paper mode,33,direct,10.0,9.932584529281648,0.37676180125023534,True,528
"paper eq. 38, ER n=3000",paper mode,33,peer,5.0,3.898842244927865,0.29208380663604255,False,528
"paper eq. 39, ER n=3000","default (IV-type, buffered, 2 hops)",33,direct,20.0,20.16317497292994,0.07402940605484812,False,695
"paper eq. 39, ER n=3000","default (IV-type, buffered, 2 hops)",33,peer,5.0,4.970197123896894,0.05016824776330723,True,695
"paper eq. 39, ER n=3000",partialling-out score,33,direct,20.0,19.987564527185754,0.16717266930646188,True,695
"paper eq. 39, ER n=3000",partialling-out score,33,peer,5.0,4.992322740723119,0.12525218101708852,True,695
"paper eq. 39, ER n=3000",focal-only training,33,direct,20.0,20.19303950677051,0.07388826085864926,False,695
"paper eq. 39, ER n=3000",focal-only training,33,peer,5.0,4.9584149532731185,0.04846962856833723,True,695
"paper eq. 39, ER n=3000",1-hop features,33,direct,20.0,20.185780495334747,0.07581991650042146,False,695
"paper eq. 39, ER n=3000",1-hop features,33,peer,5.0,4.9550199458537065,0.05141102560917834,True,695
"paper eq. 39, ER n=3000",partialling-out + 1-hop,33,direct,20.0,20.038440664039264,0.1608109946475864,True,695
"paper eq. 39, ER n=3000",partialling-out + 1-hop,33,peer,5.0,4.8287869141963675,0.11724771717963622,True,695
"paper eq. 39, ER n=3000",paper mode,33,direct,20.0,20.52566895683497,0.4003120832364755,True,528
"paper eq. 39, ER n=3000",paper mode,33,peer,5.0,4.7274579751635,0.3178626942662958,True,528
flu_town (n=3000),"default (IV-type, buffered, 2 hops)",34,direct,-2.0,-1.8225308757337038,0.1661139248677878,True,467
flu_town (n=3000),"default (IV-type, buffered, 2 hops)",34,peer,-0.5,-0.5763202566753451,0.08538711324420906,True,467
flu_town (n=3000),partialling-out score,34,direct,-2.0,-1.6657828657206823,0.186837502711346,True,467
flu_town (n=3000),partialling-out score,34,peer,-0.5,-0.5378682642552387,0.08808009185325766,True,467
flu_town (n=3000),focal-only training,34,direct,-2.0,-1.9264271010467913,0.23831166125524614,True,467
flu_town (n=3000),focal-only training,34,peer,-0.5,-1.031922844280095,0.5398931694365955,True,467
flu_town (n=3000),1-hop features,34,direct,-2.0,-1.7936322061735976,0.16209060815762785,True,467
flu_town (n=3000),1-hop features,34,peer,-0.5,-0.5386351993532728,0.0819080985744944,True,467
flu_town (n=3000),partialling-out + 1-hop,34,direct,-2.0,-1.7096112689593126,0.18229094085113148,True,467
flu_town (n=3000),partialling-out + 1-hop,34,peer,-0.5,-0.5237469583549378,0.08651436226577047,True,467
flu_town (n=3000),paper mode,34,direct,-2.0,-1.9493756634834065,0.22271323346700875,True,400
flu_town (n=3000),paper mode,34,peer,-0.5,-0.3151290330208041,0.0969709350516748,True,400
referral_app (n=4000),"default (IV-type, buffered, 2 hops)",34,direct,12.0,11.34847394859078,0.8694534059394909,True,390
referral_app (n=4000),"default (IV-type, buffered, 2 hops)",34,peer,40.0,41.02785897294248,1.8367519227203695,True,390
referral_app (n=4000),partialling-out score,34,direct,12.0,11.704549995221615,1.0034341958829747,True,390
referral_app (n=4000),partialling-out score,34,peer,40.0,40.21801906853692,1.7989043557166868,True,390
referral_app (n=4000),focal-only training,34,direct,12.0,11.43099026187487,0.9890201220609541,True,390
referral_app (n=4000),focal-only training,34,peer,40.0,43.576946342044906,3.583800436017599,True,390
referral_app (n=4000),1-hop features,34,direct,12.0,11.414013107346186,0.8385113729746911,True,390
referral_app (n=4000),1-hop features,34,peer,40.0,40.86943905040285,1.7777148353090646,True,390
referral_app (n=4000),partialling-out + 1-hop,34,direct,12.0,11.960313014180256,0.9678809545046461,True,390
referral_app (n=4000),partialling-out + 1-hop,34,peer,40.0,40.61063000509626,1.776828889492513,True,390
referral_app (n=4000),paper mode,34,direct,12.0,13.63924358568719,1.317877117199142,True,330
referral_app (n=4000),paper mode,34,peer,40.0,37.86610180153341,2.052890845718658,True,330
"paper eq. 38, ER n=3000","default (IV-type, buffered, 2 hops)",34,direct,10.0,9.918234864993666,0.08143918943475428,True,708
"paper eq. 38, ER n=3000","default (IV-type, buffered, 2 hops)",34,peer,5.0,4.905205616441237,0.06041551854485511,True,708
"paper eq. 38, ER n=3000",partialling-out score,34,direct,10.0,9.908353612384074,0.13818059684484332,True,708
"paper eq. 38, ER n=3000",partialling-out score,34,peer,5.0,4.78507567708028,0.10903911678606815,False,708
"paper eq. 38, ER n=3000",focal-only training,34,direct,10.0,9.940230866078283,0.0828155449121137,True,708
"paper eq. 38, ER n=3000",focal-only training,34,peer,5.0,4.954291453895528,0.06428729532073772,True,708
"paper eq. 38, ER n=3000",1-hop features,34,direct,10.0,9.929581091318987,0.08001894739976881,True,708
"paper eq. 38, ER n=3000",1-hop features,34,peer,5.0,4.917048338265213,0.061426056699457054,True,708
"paper eq. 38, ER n=3000",partialling-out + 1-hop,34,direct,10.0,9.986350096308348,0.13734219124793134,True,708
"paper eq. 38, ER n=3000",partialling-out + 1-hop,34,peer,5.0,4.82120450121487,0.11128708322063303,True,708
"paper eq. 38, ER n=3000",paper mode,34,direct,10.0,10.404476948131835,0.3341334075522027,True,576
"paper eq. 38, ER n=3000",paper mode,34,peer,5.0,4.496232158509941,0.2621432917351123,True,576
"paper eq. 39, ER n=3000","default (IV-type, buffered, 2 hops)",34,direct,20.0,19.964884868468285,0.07674349988577342,True,708
"paper eq. 39, ER n=3000","default (IV-type, buffered, 2 hops)",34,peer,5.0,5.00828915096102,0.058685549002108955,True,708
"paper eq. 39, ER n=3000",partialling-out score,34,direct,20.0,20.162670215227667,0.1643575522056025,True,708
"paper eq. 39, ER n=3000",partialling-out score,34,peer,5.0,5.0805812328220386,0.135243025031952,True,708
"paper eq. 39, ER n=3000",focal-only training,34,direct,20.0,19.965137609551448,0.07330059856511077,True,708
"paper eq. 39, ER n=3000",focal-only training,34,peer,5.0,4.984228661766965,0.0513806909277207,True,708
"paper eq. 39, ER n=3000",1-hop features,34,direct,20.0,19.982200819915835,0.07554821665695596,True,708
"paper eq. 39, ER n=3000",1-hop features,34,peer,5.0,5.004206230016848,0.05816048432795765,True,708
"paper eq. 39, ER n=3000",partialling-out + 1-hop,34,direct,20.0,20.134062994491487,0.1656363143546427,True,708
"paper eq. 39, ER n=3000",partialling-out + 1-hop,34,peer,5.0,5.046727140798324,0.13112033969554113,True,708
"paper eq. 39, ER n=3000",paper mode,34,direct,20.0,20.07387674581688,0.3420945333482063,True,576
"paper eq. 39, ER n=3000",paper mode,34,peer,5.0,4.441742438958754,0.23873338232589958,False,576
flu_town (n=3000),"default (IV-type, buffered, 2 hops)",35,direct,-2.0,-1.9197431855153546,0.17415296573677355,True,479
flu_town (n=3000),"default (IV-type, buffered, 2 hops)",35,peer,-0.5,-0.39464146566749453,0.07568152948764845,True,479
flu_town (n=3000),partialling-out score,35,direct,-2.0,-1.9803436970581243,0.1690784117848212,True,479
flu_town (n=3000),partialling-out score,35,peer,-0.5,-0.3120022465966914,0.08517738637871698,False,479
flu_town (n=3000),focal-only training,35,direct,-2.0,-1.8667308952768322,0.16399162113940627,True,479
flu_town (n=3000),focal-only training,35,peer,-0.5,-0.3186434495420965,0.07633261459459259,False,479
flu_town (n=3000),1-hop features,35,direct,-2.0,-1.973705334046922,0.17099522659804428,True,479
flu_town (n=3000),1-hop features,35,peer,-0.5,-0.3946849906500443,0.07221173910217818,True,479
flu_town (n=3000),partialling-out + 1-hop,35,direct,-2.0,-1.9884772067653969,0.16550885787146583,True,479
flu_town (n=3000),partialling-out + 1-hop,35,peer,-0.5,-0.323258427678738,0.07878818424828826,False,479
flu_town (n=3000),paper mode,35,direct,-2.0,-1.7947466705856634,0.21934792048103063,True,403
flu_town (n=3000),paper mode,35,peer,-0.5,-0.527693801863213,0.09755187745110473,True,403
referral_app (n=4000),"default (IV-type, buffered, 2 hops)",35,direct,12.0,13.931764876752709,1.0169108288275464,True,399
referral_app (n=4000),"default (IV-type, buffered, 2 hops)",35,peer,40.0,43.21358987205251,1.7781782301389504,True,399
referral_app (n=4000),partialling-out score,35,direct,12.0,13.953267006968744,1.1224456963811158,True,399
referral_app (n=4000),partialling-out score,35,peer,40.0,41.683834338048136,1.9080812821629098,True,399
referral_app (n=4000),focal-only training,35,direct,12.0,15.358873340325651,1.0803237198809614,False,399
referral_app (n=4000),focal-only training,35,peer,40.0,41.8699292800531,2.181286381656651,True,399
referral_app (n=4000),1-hop features,35,direct,12.0,14.208987589324712,0.9969560518633902,False,399
referral_app (n=4000),1-hop features,35,peer,40.0,43.6432345598474,1.8270207831020064,False,399
referral_app (n=4000),partialling-out + 1-hop,35,direct,12.0,13.830017911286582,1.0951507040553046,True,399
referral_app (n=4000),partialling-out + 1-hop,35,peer,40.0,42.402972074191915,1.9106065578619609,True,399
referral_app (n=4000),paper mode,35,direct,12.0,15.33582884759158,1.3732105080939503,False,354
referral_app (n=4000),paper mode,35,peer,40.0,47.827227095922716,2.4853957079361275,False,354
"paper eq. 38, ER n=3000","default (IV-type, buffered, 2 hops)",35,direct,10.0,10.001514774082535,0.08625735193684503,True,679
"paper eq. 38, ER n=3000","default (IV-type, buffered, 2 hops)",35,peer,5.0,5.059954155545332,0.06455576375611852,True,679
"paper eq. 38, ER n=3000",partialling-out score,35,direct,10.0,9.880639706880608,0.12541936890406374,True,679
"paper eq. 38, ER n=3000",partialling-out score,35,peer,5.0,5.1081384730240025,0.09594002335353287,True,679
"paper eq. 38, ER n=3000",focal-only training,35,direct,10.0,9.960831709591703,0.09244074721015279,True,679
"paper eq. 38, ER n=3000",focal-only training,35,peer,5.0,5.040203156035468,0.07131310002345274,True,679
"paper eq. 38, ER n=3000",1-hop features,35,direct,10.0,10.006608353896716,0.08688668967542712,True,679
"paper eq. 38, ER n=3000",1-hop features,35,peer,5.0,5.034114941035453,0.06487097613990261,True,679
"paper eq. 38, ER n=3000",partialling-out + 1-hop,35,direct,10.0,9.787624967384833,0.12758444742893152,True,679
"paper eq. 38, ER n=3000",partialling-out + 1-hop,35,peer,5.0,5.028565634136302,0.09288785253908241,True,679
"paper eq. 38, ER n=3000",paper mode,35,direct,10.0,9.420411466232473,0.33845625036034277,True,531
"paper eq. 38, ER n=3000",paper mode,35,peer,5.0,5.36677560465763,0.2525600971496579,True,531
"paper eq. 39, ER n=3000","default (IV-type, buffered, 2 hops)",35,direct,20.0,19.993569036117812,0.08242772699256054,True,679
"paper eq. 39, ER n=3000","default (IV-type, buffered, 2 hops)",35,peer,5.0,5.0273252840207,0.0522219479888608,True,679
"paper eq. 39, ER n=3000",partialling-out score,35,direct,20.0,20.107260724537163,0.16493281716016317,True,679
"paper eq. 39, ER n=3000",partialling-out score,35,peer,5.0,5.047418130336704,0.1268917718039883,True,679
"paper eq. 39, ER n=3000",focal-only training,35,direct,20.0,19.97306220401567,0.08313127090127323,True,679
"paper eq. 39, ER n=3000",focal-only training,35,peer,5.0,5.036512694369305,0.050229490906822945,True,679
"paper eq. 39, ER n=3000",1-hop features,35,direct,20.0,19.989126937948694,0.08493189138272295,True,679
"paper eq. 39, ER n=3000",1-hop features,35,peer,5.0,5.037223528178172,0.05377053676225161,True,679
"paper eq. 39, ER n=3000",partialling-out + 1-hop,35,direct,20.0,20.163749004041666,0.15931510850509015,True,679
"paper eq. 39, ER n=3000",partialling-out + 1-hop,35,peer,5.0,5.179467273747415,0.10916345965416305,True,679
"paper eq. 39, ER n=3000",paper mode,35,direct,20.0,19.95021424801938,0.36001030129312617,True,531
"paper eq. 39, ER n=3000",paper mode,35,peer,5.0,5.3447250026619555,0.300725903345664,True,531
flu_town (n=3000),"default (IV-type, buffered, 2 hops)",36,direct,-2.0,-2.237039436166108,0.1742456582190704,True,467
flu_town (n=3000),"default (IV-type, buffered, 2 hops)",36,peer,-0.5,-0.4479858430668278,0.09698327593019945,True,467
flu_town (n=3000),partialling-out score,36,direct,-2.0,-2.1386513698171696,0.18228381391589132,True,467
flu_town (n=3000),partialling-out score,36,peer,-0.5,-0.4604445688630498,0.098991044812417,True,467
flu_town (n=3000),focal-only training,36,direct,-2.0,-2.2427388460458393,0.1851604038679909,True,467
flu_town (n=3000),focal-only training,36,peer,-0.5,-0.3898730378431365,0.08349488559354593,True,467
flu_town (n=3000),1-hop features,36,direct,-2.0,-2.22995034821724,0.18188260407085222,True,467
flu_town (n=3000),1-hop features,36,peer,-0.5,-0.5137986831916712,0.09953988306989793,True,467
flu_town (n=3000),partialling-out + 1-hop,36,direct,-2.0,-2.1733036658708405,0.1837331563002639,True,467
flu_town (n=3000),partialling-out + 1-hop,36,peer,-0.5,-0.45571650918532786,0.09909830281891874,True,467
flu_town (n=3000),paper mode,36,direct,-2.0,-1.8972386647390753,0.23169945779156836,True,407
flu_town (n=3000),paper mode,36,peer,-0.5,-0.48583203013666076,0.09431333056615691,True,407
referral_app (n=4000),"default (IV-type, buffered, 2 hops)",36,direct,12.0,10.733109819360015,0.9029840846654649,True,403
referral_app (n=4000),"default (IV-type, buffered, 2 hops)",36,peer,40.0,40.386929215757796,1.7612985160460124,True,403
referral_app (n=4000),partialling-out score,36,direct,12.0,10.978066094214357,1.0092613691490437,True,403
referral_app (n=4000),partialling-out score,36,peer,40.0,39.13017891975893,1.8673908323595252,True,403
referral_app (n=4000),focal-only training,36,direct,12.0,12.293967472575098,1.0268067513205943,True,403
referral_app (n=4000),focal-only training,36,peer,40.0,40.92635118869864,1.7133826115123978,True,403
referral_app (n=4000),1-hop features,36,direct,12.0,10.823181422675686,0.8814179229891301,True,403
referral_app (n=4000),1-hop features,36,peer,40.0,40.47777843936362,1.7094313557071799,True,403
referral_app (n=4000),partialling-out + 1-hop,36,direct,12.0,11.410441103742547,1.0350276157780853,True,403
referral_app (n=4000),partialling-out + 1-hop,36,peer,40.0,39.36310380210255,1.939414883179416,True,403
referral_app (n=4000),paper mode,36,direct,12.0,12.73837693070175,1.2640120503488865,True,344
referral_app (n=4000),paper mode,36,peer,40.0,37.966260861735236,2.187045246485547,True,344
"paper eq. 38, ER n=3000","default (IV-type, buffered, 2 hops)",36,direct,10.0,9.956980630547495,0.08942656872045962,True,682
"paper eq. 38, ER n=3000","default (IV-type, buffered, 2 hops)",36,peer,5.0,4.9491951878190426,0.07079625531611168,True,682
"paper eq. 38, ER n=3000",partialling-out score,36,direct,10.0,9.850014323772044,0.14291748801436446,True,682
"paper eq. 38, ER n=3000",partialling-out score,36,peer,5.0,5.023238716095314,0.1157179839575694,True,682
"paper eq. 38, ER n=3000",focal-only training,36,direct,10.0,10.010719105744618,0.09719033269297087,True,682
"paper eq. 38, ER n=3000",focal-only training,36,peer,5.0,4.952433175538942,0.07802210013306418,True,682
"paper eq. 38, ER n=3000",1-hop features,36,direct,10.0,9.93421085201967,0.08905636108777557,True,682
"paper eq. 38, ER n=3000",1-hop features,36,peer,5.0,4.959684597516813,0.07012114579536032,True,682
"paper eq. 38, ER n=3000",partialling-out + 1-hop,36,direct,10.0,10.029675177155912,0.13349489006511384,True,682
"paper eq. 38, ER n=3000",partialling-out + 1-hop,36,peer,5.0,4.937898247087378,0.1021326926894036,True,682
"paper eq. 38, ER n=3000",paper mode,36,direct,10.0,10.244427130579853,0.3545127797302216,True,542
"paper eq. 38, ER n=3000",paper mode,36,peer,5.0,4.869327691352926,0.27095831843607837,True,542
"paper eq. 39, ER n=3000","default (IV-type, buffered, 2 hops)",36,direct,20.0,19.974884249851925,0.08190213334127791,True,682
"paper eq. 39, ER n=3000","default (IV-type, buffered, 2 hops)",36,peer,5.0,5.026311855084991,0.06505122600526381,True,682
"paper eq. 39, ER n=3000",partialling-out score,36,direct,20.0,19.95116394418409,0.19011245925348202,True,682
"paper eq. 39, ER n=3000",partialling-out score,36,peer,5.0,5.071438721723438,0.14353448259364268,True,682
"paper eq. 39, ER n=3000",focal-only training,36,direct,20.0,19.997734923528927,0.08338903376301988,True,682
"paper eq. 39, ER n=3000",focal-only training,36,peer,5.0,5.038160514390701,0.06392752911125228,True,682
"paper eq. 39, ER n=3000",1-hop features,36,direct,20.0,19.94344015428514,0.08161387133288747,True,682
"paper eq. 39, ER n=3000",1-hop features,36,peer,5.0,5.017374294178326,0.06451931913100617,True,682
"paper eq. 39, ER n=3000",partialling-out + 1-hop,36,direct,20.0,20.110825307892693,0.1768605277617823,True,682
"paper eq. 39, ER n=3000",partialling-out + 1-hop,36,peer,5.0,5.0315242381750656,0.1260460954622102,True,682
"paper eq. 39, ER n=3000",paper mode,36,direct,20.0,20.11242755164219,0.36675471670953397,True,542
"paper eq. 39, ER n=3000",paper mode,36,peer,5.0,4.673756134437513,0.27490585841091975,True,542
flu_town (n=3000),"default (IV-type, buffered, 2 hops)",37,direct,-2.0,-2.0757378511041993,0.16511503747431586,True,465
flu_town (n=3000),"default (IV-type, buffered, 2 hops)",37,peer,-0.5,-0.6292101482970067,0.09806520240571082,True,465
flu_town (n=3000),partialling-out score,37,direct,-2.0,-2.0190370412377705,0.186038656085778,True,465
flu_town (n=3000),partialling-out score,37,peer,-0.5,-0.559570866503743,0.09783194714368623,True,465
flu_town (n=3000),focal-only training,37,direct,-2.0,-2.2292488730774385,0.19851652438253092,True,465
flu_town (n=3000),focal-only training,37,peer,-0.5,-0.712190991576543,0.13171458233051928,True,465
flu_town (n=3000),1-hop features,37,direct,-2.0,-2.0731678072200577,0.17342423255353073,True,465
flu_town (n=3000),1-hop features,37,peer,-0.5,-0.658759185618294,0.09994099348794284,True,465
flu_town (n=3000),partialling-out + 1-hop,37,direct,-2.0,-1.9373940045865123,0.18156570933469418,True,465
flu_town (n=3000),partialling-out + 1-hop,37,peer,-0.5,-0.5697545571279766,0.09364494100242118,True,465
flu_town (n=3000),paper mode,37,direct,-2.0,-1.8241253333262726,0.22761906899385248,True,401
flu_town (n=3000),paper mode,37,peer,-0.5,-0.46942874934672424,0.0963063815154463,True,401
referral_app (n=4000),"default (IV-type, buffered, 2 hops)",37,direct,12.0,12.313736251751287,0.9507978227560939,True,395
referral_app (n=4000),"default (IV-type, buffered, 2 hops)",37,peer,40.0,38.4958442151391,1.7849034118394116,True,395
referral_app (n=4000),partialling-out score,37,direct,12.0,12.508910830174203,1.0203707173584138,True,395
referral_app (n=4000),partialling-out score,37,peer,40.0,36.50990505507384,1.924415806352578,True,395
referral_app (n=4000),focal-only training,37,direct,12.0,12.671246159700026,1.0094542577243635,True,395
referral_app (n=4000),focal-only training,37,peer,40.0,37.738980445207936,2.087355353297485,True,395
referral_app (n=4000),1-hop features,37,direct,12.0,12.464025648203293,0.9255577760608267,True,395
referral_app (n=4000),1-hop features,37,peer,40.0,38.976556507757564,1.7333075962648221,True,395
referral_app (n=4000),partialling-out + 1-hop,37,direct,12.0,12.209652184277497,0.9918068461992683,True,395
referral_app (n=4000),partialling-out + 1-hop,37,peer,40.0,37.535184736842844,1.8555617815865804,True,395
referral_app (n=4000),paper mode,37,direct,12.0,13.761660494232276,1.2083045626829083,True,349
referral_app (n=4000),paper mode,37,peer,40.0,41.01042593031077,2.3175786041332653,True,349
"paper eq. 38, ER n=3000","default (IV-type, buffered, 2 hops)",37,direct,10.0,9.963205274189026,0.08823906691059565,True,693
"paper eq. 38, ER n=3000","default (IV-type, buffered, 2 hops)",37,peer,5.0,5.07000427489332,0.06919568170547392,True,693
"paper eq. 38, ER n=3000",partialling-out score,37,direct,10.0,9.936061212927312,0.13686086232725864,True,693
"paper eq. 38, ER n=3000",partialling-out score,37,peer,5.0,5.014623490897611,0.10598448293221704,True,693
"paper eq. 38, ER n=3000",focal-only training,37,direct,10.0,9.882639216237994,0.09119308481708151,True,693
"paper eq. 38, ER n=3000",focal-only training,37,peer,5.0,5.08071882542017,0.07937587302062493,True,693
"paper eq. 38, ER n=3000",1-hop features,37,direct,10.0,9.975419989858157,0.08692023942775493,True,693
"paper eq. 38, ER n=3000",1-hop features,37,peer,5.0,5.0723057110913805,0.06838896318815403,True,693
"paper eq. 38, ER n=3000",partialling-out + 1-hop,37,direct,10.0,9.914592850644901,0.1271567643289835,True,693
"paper eq. 38, ER n=3000",partialling-out + 1-hop,37,peer,5.0,5.142125257812961,0.09889289805107494,True,693
"paper eq. 38, ER n=3000",paper mode,37,direct,10.0,10.025915941067517,0.3567552221295612,True,555
"paper eq. 38, ER n=3000",paper mode,37,peer,5.0,4.953551872078712,0.2770364967531827,True,555
"paper eq. 39, ER n=3000","default (IV-type, buffered, 2 hops)",37,direct,20.0,19.97289623761062,0.08147919988850547,True,693
"paper eq. 39, ER n=3000","default (IV-type, buffered, 2 hops)",37,peer,5.0,4.970030774671831,0.06744699400236702,True,693
"paper eq. 39, ER n=3000",partialling-out score,37,direct,20.0,19.79460639323372,0.17527108853479156,True,693
"paper eq. 39, ER n=3000",partialling-out score,37,peer,5.0,5.1121514730806865,0.1284936999289331,True,693
"paper eq. 39, ER n=3000",focal-only training,37,direct,20.0,19.991468490220676,0.0832927758037903,True,693
"paper eq. 39, ER n=3000",focal-only training,37,peer,5.0,5.000523928690359,0.07263517910988863,True,693
"paper eq. 39, ER n=3000",1-hop features,37,direct,20.0,19.971715852693414,0.0831757849028006,True,693
"paper eq. 39, ER n=3000",1-hop features,37,peer,5.0,4.99088990371717,0.0666136682659391,True,693
"paper eq. 39, ER n=3000",partialling-out + 1-hop,37,direct,20.0,19.754900558404955,0.16739940788793198,True,693
"paper eq. 39, ER n=3000",partialling-out + 1-hop,37,peer,5.0,4.922877784401105,0.12051702871539124,True,693
"paper eq. 39, ER n=3000",paper mode,37,direct,20.0,20.128632691853845,0.3769295117042356,True,555
"paper eq. 39, ER n=3000",paper mode,37,peer,5.0,4.349832354231616,0.28326087573365244,False,555
flu_town (n=3000),"default (IV-type, buffered, 2 hops)",38,direct,-2.0,-1.9026040641680524,0.16743074388140503,True,469
flu_town (n=3000),"default (IV-type, buffered, 2 hops)",38,peer,-0.5,-0.5593108195450711,0.08681663969594815,True,469
flu_town (n=3000),partialling-out score,38,direct,-2.0,-1.8338271721347115,0.17412513149055986,True,469
flu_town (n=3000),partialling-out score,38,peer,-0.5,-0.4959235896631681,0.07754846505766319,True,469
flu_town (n=3000),focal-only training,38,direct,-2.0,-1.6431669868718726,0.23071150203828572,True,469
flu_town (n=3000),focal-only training,38,peer,-0.5,-0.961589045591135,0.7168354208725214,True,469
flu_town (n=3000),1-hop features,38,direct,-2.0,-1.839420646812058,0.16687179422299767,True,469
flu_town (n=3000),1-hop features,38,peer,-0.5,-0.5465904049585086,0.08915382922794171,True,469
flu_town (n=3000),partialling-out + 1-hop,38,direct,-2.0,-1.83899410411019,0.16943210171163695,True,469
flu_town (n=3000),partialling-out + 1-hop,38,peer,-0.5,-0.47062770905625556,0.08064398395738885,True,469
flu_town (n=3000),paper mode,38,direct,-2.0,-1.976678831707335,0.21183174097836077,True,399
flu_town (n=3000),paper mode,38,peer,-0.5,-0.7060008244032557,0.09510833647831811,False,399
referral_app (n=4000),"default (IV-type, buffered, 2 hops)",38,direct,12.0,11.924608910976893,0.8574599430625817,True,395
referral_app (n=4000),"default (IV-type, buffered, 2 hops)",38,peer,40.0,41.83582380220019,1.8415906681557546,True,395
referral_app (n=4000),partialling-out score,38,direct,12.0,11.483183431865381,0.926402219990562,True,395
referral_app (n=4000),partialling-out score,38,peer,40.0,42.17163255987729,1.9147350405063415,True,395
referral_app (n=4000),focal-only training,38,direct,12.0,12.300225990162483,1.0256866402724174,True,395
referral_app (n=4000),focal-only training,38,peer,40.0,41.725283113134424,2.408964033963981,True,395
referral_app (n=4000),1-hop features,38,direct,12.0,12.031901424419074,0.8547870482908343,True,395
referral_app (n=4000),1-hop features,38,peer,40.0,41.494911722696735,1.7966144659595518,True,395
referral_app (n=4000),partialling-out + 1-hop,38,direct,12.0,11.88327820123087,0.9476532958863857,True,395
referral_app (n=4000),partialling-out + 1-hop,38,peer,40.0,41.24450888530947,1.9592782999365683,True,395
referral_app (n=4000),paper mode,38,direct,12.0,14.781102590013637,1.1335072765947118,False,360
referral_app (n=4000),paper mode,38,peer,40.0,34.842191676691805,1.9812229117611126,False,360
"paper eq. 38, ER n=3000","default (IV-type, buffered, 2 hops)",38,direct,10.0,10.147591385143965,0.08500936052099455,True,688
"paper eq. 38, ER n=3000","default (IV-type, buffered, 2 hops)",38,peer,5.0,5.019156859917737,0.07382327801534082,True,688
"paper eq. 38, ER n=3000",partialling-out score,38,direct,10.0,10.147652367626124,0.1358480168239833,True,688
"paper eq. 38, ER n=3000",partialling-out score,38,peer,5.0,4.936205847201281,0.10327471901435167,True,688
"paper eq. 38, ER n=3000",focal-only training,38,direct,10.0,10.198539431736291,0.09654361850562122,False,688
"paper eq. 38, ER n=3000",focal-only training,38,peer,5.0,5.1214062619215355,0.09303096655881182,True,688
"paper eq. 38, ER n=3000",1-hop features,38,direct,10.0,10.1342172893739,0.08588298733684534,True,688
"paper eq. 38, ER n=3000",1-hop features,38,peer,5.0,4.967145663984428,0.07466056733624254,True,688
"paper eq. 38, ER n=3000",partialling-out + 1-hop,38,direct,10.0,10.058262027926292,0.1334813437528272,True,688
"paper eq. 38, ER n=3000",partialling-out + 1-hop,38,peer,5.0,5.088787295432562,0.1074032818631798,True,688
"paper eq. 38, ER n=3000",paper mode,38,direct,10.0,10.293783937769026,0.344405315009369,True,556
"paper eq. 38, ER n=3000",paper mode,38,peer,5.0,5.148649948524507,0.26184728799899565,True,556
"paper eq. 39, ER n=3000","default (IV-type, buffered, 2 hops)",38,direct,20.0,20.137265320640992,0.0788478339793658,True,688
"paper eq. 39, ER n=3000","default (IV-type, buffered, 2 hops)",38,peer,5.0,4.978866196571799,0.07087506098093806,True,688
"paper eq. 39, ER n=3000",partialling-out score,38,direct,20.0,20.091664926818495,0.18242757527856537,True,688
"paper eq. 39, ER n=3000",partialling-out score,38,peer,5.0,5.025982380197536,0.1330418796615831,True,688
"paper eq. 39, ER n=3000",focal-only training,38,direct,20.0,20.130526232275116,0.08768615060095204,True,688
"paper eq. 39, ER n=3000",focal-only training,38,peer,5.0,5.093375271679085,0.09428302012771486,True,688
"paper eq. 39, ER n=3000",1-hop features,38,direct,20.0,20.14688468313722,0.08047100367284246,True,688
"paper eq. 39, ER n=3000",1-hop features,38,peer,5.0,4.9700852311553225,0.07158740544657795,True,688
"paper eq. 39, ER n=3000",partialling-out + 1-hop,38,direct,20.0,20.015658973448602,0.1736701990805641,True,688
"paper eq. 39, ER n=3000",partialling-out + 1-hop,38,peer,5.0,5.154420839477712,0.1301379365941215,True,688
"paper eq. 39, ER n=3000",paper mode,38,direct,20.0,20.128221746407707,0.3466460899788758,True,556
"paper eq. 39, ER n=3000",paper mode,38,peer,5.0,5.110626225483151,0.2827958531238531,True,556
flu_town (n=3000),"default (IV-type, buffered, 2 hops)",39,direct,-2.0,-2.056137391338201,0.17543753702630907,True,471
flu_town (n=3000),"default (IV-type, buffered, 2 hops)",39,peer,-0.5,-0.5746417921711141,0.08074814996355827,True,471
flu_town (n=3000),partialling-out score,39,direct,-2.0,-1.894456173082874,0.17764674906805025,True,471
flu_town (n=3000),partialling-out score,39,peer,-0.5,-0.5834836806566353,0.08619474940234646,True,471
flu_town (n=3000),focal-only training,39,direct,-2.0,-1.9468726829759897,0.1864388813268809,True,471
flu_town (n=3000),focal-only training,39,peer,-0.5,-0.5589570049803023,0.07402396628349535,True,471
flu_town (n=3000),1-hop features,39,direct,-2.0,-1.9637188522192095,0.18900317922691556,True,471
flu_town (n=3000),1-hop features,39,peer,-0.5,-0.5885319647742101,0.0863566086417064,True,471
flu_town (n=3000),partialling-out + 1-hop,39,direct,-2.0,-1.8487359228629205,0.18344250556261213,True,471
flu_town (n=3000),partialling-out + 1-hop,39,peer,-0.5,-0.5325772036370681,0.0928100778177242,True,471
flu_town (n=3000),paper mode,39,direct,-2.0,-2.0314027638081646,0.20937122022370375,True,403
flu_town (n=3000),paper mode,39,peer,-0.5,-0.41164010063324413,0.09668634019380806,True,403
referral_app (n=4000),"default (IV-type, buffered, 2 hops)",39,direct,12.0,13.755090148929888,0.9276757511055255,True,381
referral_app (n=4000),"default (IV-type, buffered, 2 hops)",39,peer,40.0,40.16772972849558,1.550626851405437,True,381
referral_app (n=4000),partialling-out score,39,direct,12.0,13.811737791113933,0.9528214350444214,True,381
referral_app (n=4000),partialling-out score,39,peer,40.0,39.22393312785442,1.6813031225261386,True,381
referral_app (n=4000),focal-only training,39,direct,12.0,15.07741151725603,1.134540651468007,False,381
referral_app (n=4000),focal-only training,39,peer,40.0,38.95821008942262,1.4253670908966642,True,381
referral_app (n=4000),1-hop features,39,direct,12.0,13.424336816842729,0.9132667398345524,True,381
referral_app (n=4000),1-hop features,39,peer,40.0,39.69406727039993,1.5547681043960278,True,381
referral_app (n=4000),partialling-out + 1-hop,39,direct,12.0,13.09357538618277,1.011574555347992,True,381
referral_app (n=4000),partialling-out + 1-hop,39,peer,40.0,38.36853240316607,1.8040692275961412,True,381
referral_app (n=4000),paper mode,39,direct,12.0,11.5877323870918,1.1678594730642549,True,331
referral_app (n=4000),paper mode,39,peer,40.0,42.93170694366277,2.2719816776536197,True,331
"paper eq. 38, ER n=3000","default (IV-type, buffered, 2 hops)",39,direct,10.0,9.899760068167613,0.0815164703100489,True,680
"paper eq. 38, ER n=3000","default (IV-type, buffered, 2 hops)",39,peer,5.0,5.050378078740112,0.05710414581668587,True,680
"paper eq. 38, ER n=3000",partialling-out score,39,direct,10.0,9.866081247162553,0.13815874186760513,True,680
"paper eq. 38, ER n=3000",partialling-out score,39,peer,5.0,5.051882827909178,0.10452061562422785,True,680
"paper eq. 38, ER n=3000",focal-only training,39,direct,10.0,9.924983916583681,0.09358078246310515,True,680
"paper eq. 38, ER n=3000",focal-only training,39,peer,5.0,5.072420961535989,0.07851611022817746,True,680
"paper eq. 38, ER n=3000",1-hop features,39,direct,10.0,9.905474084192058,0.08245283178397404,True,680
"paper eq. 38, ER n=3000",1-hop features,39,peer,5.0,5.024071008948363,0.05784490969572972,True,680
"paper eq. 38, ER n=3000",partialling-out + 1-hop,39,direct,10.0,9.63702761400202,0.13676929767806537,False,680
"paper eq. 38, ER n=3000",partialling-out + 1-hop,39,peer,5.0,4.968470942328167,0.09645120499567272,True,680
"paper eq. 38, ER n=3000",paper mode,39,direct,10.0,9.587251615935182,0.3707757949190454,True,546
"paper eq. 38, ER n=3000",paper mode,39,peer,5.0,4.524209484900812,0.285778165381397,True,546
"paper eq. 39, ER n=3000","default (IV-type, buffered, 2 hops)",39,direct,20.0,19.95746618123509,0.07591616974519835,True,680
"paper eq. 39, ER n=3000","default (IV-type, buffered, 2 hops)",39,peer,5.0,4.999297196296761,0.05270676775828475,True,680
"paper eq. 39, ER n=3000",partialling-out score,39,direct,20.0,19.76998349586672,0.18717599720939726,True,680
"paper eq. 39, ER n=3000",partialling-out score,39,peer,5.0,5.08293182174518,0.1189774902301192,True,680
"paper eq. 39, ER n=3000",focal-only training,39,direct,20.0,19.92414611867146,0.08068079876801776,True,680
"paper eq. 39, ER n=3000",focal-only training,39,peer,5.0,5.006748316797953,0.06426018618338945,True,680
"paper eq. 39, ER n=3000",1-hop features,39,direct,20.0,19.94506060395508,0.07606104223859986,True,680
"paper eq. 39, ER n=3000",1-hop features,39,peer,5.0,4.9906913375937565,0.05354498447246789,True,680
"paper eq. 39, ER n=3000",partialling-out + 1-hop,39,direct,20.0,19.709366951667175,0.18562823480882634,True,680
"paper eq. 39, ER n=3000",partialling-out + 1-hop,39,peer,5.0,5.00091103858226,0.12287292630413871,True,680
"paper eq. 39, ER n=3000",paper mode,39,direct,20.0,19.494184397328056,0.38408319481283365,True,546
"paper eq. 39, ER n=3000",paper mode,39,peer,5.0,4.75674023200959,0.2844050071882915,True,546
flu_town (n=3000),"default (IV-type, buffered, 2 hops)",40,direct,-2.0,-1.9393900629230036,0.16214470334360281,True,476
flu_town (n=3000),"default (IV-type, buffered, 2 hops)",40,peer,-0.5,-0.4808912777599651,0.06516072920563477,True,476
flu_town (n=3000),partialling-out score,40,direct,-2.0,-1.8210225504731083,0.170769830839721,True,476
flu_town (n=3000),partialling-out score,40,peer,-0.5,-0.4439728360735943,0.07229900710584591,True,476
flu_town (n=3000),focal-only training,40,direct,-2.0,-1.9785464006516882,0.16423704302280664,True,476
flu_town (n=3000),focal-only training,40,peer,-0.5,-0.49278814870362936,0.06654373737527924,True,476
flu_town (n=3000),1-hop features,40,direct,-2.0,-1.88510614528943,0.1602874008823928,True,476
flu_town (n=3000),1-hop features,40,peer,-0.5,-0.47854237014714973,0.060898618205136736,True,476
flu_town (n=3000),partialling-out + 1-hop,40,direct,-2.0,-1.779153219389992,0.16703722139685098,True,476
flu_town (n=3000),partialling-out + 1-hop,40,peer,-0.5,-0.47009035027992746,0.07098823425268852,True,476
flu_town (n=3000),paper mode,40,direct,-2.0,-2.1859351262683977,0.23071446754659855,True,398
flu_town (n=3000),paper mode,40,peer,-0.5,-0.4495922456581478,0.0987362154133871,True,398
referral_app (n=4000),"default (IV-type, buffered, 2 hops)",40,direct,12.0,11.513869224177922,0.8950999779818218,True,387
referral_app (n=4000),"default (IV-type, buffered, 2 hops)",40,peer,40.0,37.75270627647634,1.7028668855299258,True,387
referral_app (n=4000),partialling-out score,40,direct,12.0,10.712776996019894,0.9718234963418032,True,387
referral_app (n=4000),partialling-out score,40,peer,40.0,37.400333251559495,1.8538554346001581,True,387
referral_app (n=4000),focal-only training,40,direct,12.0,13.558155364528915,1.1043969746398958,True,387
referral_app (n=4000),focal-only training,40,peer,40.0,39.206848178287856,2.3994984438498883,True,387
referral_app (n=4000),1-hop features,40,direct,12.0,11.546237825273415,0.9045488110849367,True,387
referral_app (n=4000),1-hop features,40,peer,40.0,37.60530824158423,1.7466649896355217,True,387
referral_app (n=4000),partialling-out + 1-hop,40,direct,12.0,11.517135145337281,1.0144418275172722,True,387
referral_app (n=4000),partialling-out + 1-hop,40,peer,40.0,37.495778494243105,1.8882708229010017,True,387
referral_app (n=4000),paper mode,40,direct,12.0,11.706181851729331,1.2870649937031966,True,326
referral_app (n=4000),paper mode,40,peer,40.0,36.72104765442145,2.1901433618838824,True,326
"paper eq. 38, ER n=3000","default (IV-type, buffered, 2 hops)",40,direct,10.0,10.111086546385451,0.08833719947064364,True,658
"paper eq. 38, ER n=3000","default (IV-type, buffered, 2 hops)",40,peer,5.0,5.003476937054145,0.06032993468983321,True,658
"paper eq. 38, ER n=3000",partialling-out score,40,direct,10.0,10.0581125278098,0.1495370267685373,True,658
"paper eq. 38, ER n=3000",partialling-out score,40,peer,5.0,4.8853385471645785,0.12005959448569219,True,658
"paper eq. 38, ER n=3000",focal-only training,40,direct,10.0,10.093254751504693,0.09645661398709653,True,658
"paper eq. 38, ER n=3000",focal-only training,40,peer,5.0,4.99871443225956,0.0613826106152581,True,658
"paper eq. 38, ER n=3000",1-hop features,40,direct,10.0,10.06943627871284,0.08561797352151954,True,658
"paper eq. 38, ER n=3000",1-hop features,40,peer,5.0,4.997379146176231,0.05952544147036321,True,658
"paper eq. 38, ER n=3000",partialling-out + 1-hop,40,direct,10.0,10.161415753268681,0.14256713347193684,True,658
"paper eq. 38, ER n=3000",partialling-out + 1-hop,40,peer,5.0,4.911639786869451,0.11069754833335223,True,658
"paper eq. 38, ER n=3000",paper mode,40,direct,10.0,9.866024646303975,0.36554105784177365,True,531
"paper eq. 38, ER n=3000",paper mode,40,peer,5.0,5.567820794161548,0.26666334482589327,False,531
"paper eq. 39, ER n=3000","default (IV-type, buffered, 2 hops)",40,direct,20.0,20.07316252782143,0.07891500229554121,True,658
"paper eq. 39, ER n=3000","default (IV-type, buffered, 2 hops)",40,peer,5.0,5.055371175526634,0.056383500475717434,True,658
"paper eq. 39, ER n=3000",partialling-out score,40,direct,20.0,19.91632243655235,0.18308215156671276,True,658
"paper eq. 39, ER n=3000",partialling-out score,40,peer,5.0,5.102707085532131,0.1334679982222522,True,658
"paper eq. 39, ER n=3000",focal-only training,40,direct,20.0,20.072437787829816,0.08133585726011443,True,658
"paper eq. 39, ER n=3000",focal-only training,40,peer,5.0,5.063085965625014,0.05589029237142952,True,658
"paper eq. 39, ER n=3000",1-hop features,40,direct,20.0,20.06315315951869,0.0797250769701082,True,658
"paper eq. 39, ER n=3000",1-hop features,40,peer,5.0,5.052553220067892,0.057519263600949645,True,658
"paper eq. 39, ER n=3000",partialling-out + 1-hop,40,direct,20.0,20.070157093842376,0.18498617229019534,True,658
"paper eq. 39, ER n=3000",partialling-out + 1-hop,40,peer,5.0,5.110712366191855,0.1405303497300348,True,658
"paper eq. 39, ER n=3000",paper mode,40,direct,20.0,19.70105495745156,0.3756227373876639,True,531
"paper eq. 39, ER n=3000",paper mode,40,peer,5.0,5.352671540258105,0.3071025546959115,True,531
flu_town (n=3000),"default (IV-type, buffered, 2 hops)",41,direct,-2.0,-1.8399333468341994,0.15439193418579247,True,479
flu_town (n=3000),"default (IV-type, buffered, 2 hops)",41,peer,-0.5,-0.5547341422270131,0.10401527588002803,True,479
flu_town (n=3000),partialling-out score,41,direct,-2.0,-1.7973426331500373,0.16741907572645143,True,479
flu_town (n=3000),partialling-out score,41,peer,-0.5,-0.5189055225685911,0.08783154807878586,True,479
flu_town (n=3000),focal-only training,41,direct,-2.0,-1.8576409199763808,0.18799189571808614,True,479
flu_town (n=3000),focal-only training,41,peer,-0.5,-0.5145731706963382,0.15922946549267,True,479
flu_town (n=3000),1-hop features,41,direct,-2.0,-1.8235548995950268,0.15716157666354366,True,479
flu_town (n=3000),1-hop features,41,peer,-0.5,-0.5370263850357156,0.10765960858444076,True,479
flu_town (n=3000),partialling-out + 1-hop,41,direct,-2.0,-1.7812610176411587,0.1701421438374515,True,479
flu_town (n=3000),partialling-out + 1-hop,41,peer,-0.5,-0.5513467843322064,0.08839284041904992,True,479
flu_town (n=3000),paper mode,41,direct,-2.0,-2.1660130502369093,0.2211686556995842,True,396
flu_town (n=3000),paper mode,41,peer,-0.5,-0.6205726891484645,0.09787391085733586,True,396
referral_app (n=4000),"default (IV-type, buffered, 2 hops)",41,direct,12.0,12.015316860273341,0.8888150708060665,True,399
referral_app (n=4000),"default (IV-type, buffered, 2 hops)",41,peer,40.0,39.17705928702021,1.8556914000239184,True,399
referral_app (n=4000),partialling-out score,41,direct,12.0,11.848292039681294,0.9384954831735239,True,399
referral_app (n=4000),partialling-out score,41,peer,40.0,39.493895968521485,1.8739967128963109,True,399
referral_app (n=4000),focal-only training,41,direct,12.0,12.797852760972992,1.032045058933709,True,399
referral_app (n=4000),focal-only training,41,peer,40.0,41.43309993558314,2.9273596686482217,True,399
referral_app (n=4000),1-hop features,41,direct,12.0,12.297538058353375,0.9177857822808757,True,399
referral_app (n=4000),1-hop features,41,peer,40.0,39.00669535741521,1.8911104210035388,True,399
referral_app (n=4000),partialling-out + 1-hop,41,direct,12.0,11.338175621559865,0.9504189727895327,True,399
referral_app (n=4000),partialling-out + 1-hop,41,peer,40.0,39.34839255237919,1.852513405138731,True,399
referral_app (n=4000),paper mode,41,direct,12.0,14.174200488272959,1.3508754801586134,True,329
referral_app (n=4000),paper mode,41,peer,40.0,38.14735874907628,2.3348255361619894,True,329
"paper eq. 38, ER n=3000","default (IV-type, buffered, 2 hops)",41,direct,10.0,9.821028187195092,0.08941121545115338,False,677
"paper eq. 38, ER n=3000","default (IV-type, buffered, 2 hops)",41,peer,5.0,5.031798495052295,0.07425854675503445,True,677
"paper eq. 38, ER n=3000",partialling-out score,41,direct,10.0,9.496042194271512,0.15164403681042607,False,677
"paper eq. 38, ER n=3000",partialling-out score,41,peer,5.0,5.018666996944198,0.10716609099390373,True,677
"paper eq. 38, ER n=3000",focal-only training,41,direct,10.0,9.864124545548217,0.09913895123504192,True,677
"paper eq. 38, ER n=3000",focal-only training,41,peer,5.0,5.14827510971868,0.091158499150254,True,677
"paper eq. 38, ER n=3000",1-hop features,41,direct,10.0,9.822498736814728,0.08937919967355423,False,677
"paper eq. 38, ER n=3000",1-hop features,41,peer,5.0,5.047582201074326,0.07697406343309392,True,677
"paper eq. 38, ER n=3000",partialling-out + 1-hop,41,direct,10.0,9.57196291362,0.1479860752538928,False,677
"paper eq. 38, ER n=3000",partialling-out + 1-hop,41,peer,5.0,4.871346050932105,0.10286903593565028,True,677
"paper eq. 38, ER n=3000",paper mode,41,direct,10.0,9.361452130939204,0.32880342194259315,True,538
"paper eq. 38, ER n=3000",paper mode,41,peer,5.0,5.091449194337569,0.24237867099752652,True,538
"paper eq. 39, ER n=3000","default (IV-type, buffered, 2 hops)",41,direct,20.0,19.871845054558367,0.08815605134612381,True,677
"paper eq. 39, ER n=3000","default (IV-type, buffered, 2 hops)",41,peer,5.0,4.995942959755084,0.06665386882390906,True,677
"paper eq. 39, ER n=3000",partialling-out score,41,direct,20.0,19.615225716772507,0.19683170362234084,True,677
"paper eq. 39, ER n=3000",partialling-out score,41,peer,5.0,4.846281649994656,0.13266134373796482,True,677
"paper eq. 39, ER n=3000",focal-only training,41,direct,20.0,19.83342270078307,0.08788481848124631,True,677
"paper eq. 39, ER n=3000",focal-only training,41,peer,5.0,4.997200351397079,0.06670403739627048,True,677
"paper eq. 39, ER n=3000",1-hop features,41,direct,20.0,19.87197656736351,0.08878868931541621,True,677
"paper eq. 39, ER n=3000",1-hop features,41,peer,5.0,5.0054204472748784,0.06831081509427271,True,677
"paper eq. 39, ER n=3000",partialling-out + 1-hop,41,direct,20.0,19.62170508457374,0.1804526802180554,False,677
"paper eq. 39, ER n=3000",partialling-out + 1-hop,41,peer,5.0,4.772390076714333,0.12242182979752435,True,677
"paper eq. 39, ER n=3000",paper mode,41,direct,20.0,19.236191863396407,0.3826374407355592,False,538
"paper eq. 39, ER n=3000",paper mode,41,peer,5.0,4.617247873702319,0.3286405403555703,True,538
flu_town (n=3000),"default (IV-type, buffered, 2 hops)",42,direct,-2.0,-1.9551212068458292,0.1750497279556271,True,472
flu_town (n=3000),"default (IV-type, buffered, 2 hops)",42,peer,-0.5,-0.5673451759142865,0.09426653442908653,True,472
flu_town (n=3000),partialling-out score,42,direct,-2.0,-1.8658621171023773,0.16562251193770988,True,472
flu_town (n=3000),partialling-out score,42,peer,-0.5,-0.5217685991748909,0.09935853956286367,True,472
flu_town (n=3000),focal-only training,42,direct,-2.0,-1.9434020737390791,0.1649722919521484,True,472
flu_town (n=3000),focal-only training,42,peer,-0.5,-0.580412710909449,0.0668019524264824,True,472
flu_town (n=3000),1-hop features,42,direct,-2.0,-1.982163374476723,0.16693972107375654,True,472
flu_town (n=3000),1-hop features,42,peer,-0.5,-0.5639539492215927,0.08545054632351627,True,472
flu_town (n=3000),partialling-out + 1-hop,42,direct,-2.0,-1.922292016189297,0.16387894755053428,True,472
flu_town (n=3000),partialling-out + 1-hop,42,peer,-0.5,-0.5236915809060968,0.09728139126813491,True,472
flu_town (n=3000),paper mode,42,direct,-2.0,-2.0674215729585192,0.2381627529123724,True,398
flu_town (n=3000),paper mode,42,peer,-0.5,-0.5839296513248399,0.10562474939171407,True,398
referral_app (n=4000),"default (IV-type, buffered, 2 hops)",42,direct,12.0,11.110576519101878,0.8650335237337787,True,386
referral_app (n=4000),"default (IV-type, buffered, 2 hops)",42,peer,40.0,43.023243007491274,1.6289145820797672,True,386
referral_app (n=4000),partialling-out score,42,direct,12.0,11.656931414650348,0.9190238092294768,True,386
referral_app (n=4000),partialling-out score,42,peer,40.0,43.453197399446374,1.669274706966183,False,386
referral_app (n=4000),focal-only training,42,direct,12.0,11.992447763056965,1.056992462507421,True,386
referral_app (n=4000),focal-only training,42,peer,40.0,46.77782990611064,2.9047330330638625,False,386
referral_app (n=4000),1-hop features,42,direct,12.0,11.498937120450803,0.8683780874392152,True,386
referral_app (n=4000),1-hop features,42,peer,40.0,43.42369717434192,1.5930915351755233,False,386
referral_app (n=4000),partialling-out + 1-hop,42,direct,12.0,11.38580138291434,0.8725923485852946,True,386
referral_app (n=4000),partialling-out + 1-hop,42,peer,40.0,43.560618851227815,1.674333767686482,False,386
referral_app (n=4000),paper mode,42,direct,12.0,13.182286606405617,1.407071355318132,True,341
referral_app (n=4000),paper mode,42,peer,40.0,35.6362084769775,2.515128748167448,True,341
"paper eq. 38, ER n=3000","default (IV-type, buffered, 2 hops)",42,direct,10.0,10.036644577328707,0.09216314175578551,True,689
"paper eq. 38, ER n=3000","default (IV-type, buffered, 2 hops)",42,peer,5.0,5.112451095348798,0.07172874320023605,True,689
"paper eq. 38, ER n=3000",partialling-out score,42,direct,10.0,10.077264318319548,0.1371720923998268,True,689
"paper eq. 38, ER n=3000",partialling-out score,42,peer,5.0,4.972908908490957,0.10185163867749218,True,689
"paper eq. 38, ER n=3000",focal-only training,42,direct,10.0,9.983959152459963,0.09071275024380117,True,689
"paper eq. 38, ER n=3000",focal-only training,42,peer,5.0,5.130472101891859,0.06340802421849392,False,689
"paper eq. 38, ER n=3000",1-hop features,42,direct,10.0,10.032471079552867,0.09183870199107,True,689
"paper eq. 38, ER n=3000",1-hop features,42,peer,5.0,5.100027013509182,0.07231941765205836,True,689
"paper eq. 38, ER n=3000",partialling-out + 1-hop,42,direct,10.0,10.061080527172882,0.13525990054764583,True,689
"paper eq. 38, ER n=3000",partialling-out + 1-hop,42,peer,5.0,4.973031657964789,0.10345089228297963,True,689
"paper eq. 38, ER n=3000",paper mode,42,direct,10.0,9.944788718420439,0.35733972909713524,True,543
"paper eq. 38, ER n=3000",paper mode,42,peer,5.0,5.163746608247192,0.31141622318169043,True,543
"paper eq. 39, ER n=3000","default (IV-type, buffered, 2 hops)",42,direct,20.0,19.945972081427687,0.08480376082916966,True,689
"paper eq. 39, ER n=3000","default (IV-type, buffered, 2 hops)",42,peer,5.0,5.042512879432217,0.06918536076994998,True,689
"paper eq. 39, ER n=3000",partialling-out score,42,direct,20.0,20.01598657674756,0.1785000697052113,True,689
"paper eq. 39, ER n=3000",partialling-out score,42,peer,5.0,5.002462629796611,0.14482075149452667,True,689
"paper eq. 39, ER n=3000",focal-only training,42,direct,20.0,19.95572330588975,0.08834544924993618,True,689
"paper eq. 39, ER n=3000",focal-only training,42,peer,5.0,5.036958594273224,0.07363106275967932,True,689
"paper eq. 39, ER n=3000",1-hop features,42,direct,20.0,19.955564182524746,0.08533374167850379,True,689
"paper eq. 39, ER n=3000",1-hop features,42,peer,5.0,5.045956836904399,0.07008282812406706,True,689
"paper eq. 39, ER n=3000",partialling-out + 1-hop,42,direct,20.0,20.14471016793431,0.16083625664090048,True,689
"paper eq. 39, ER n=3000",partialling-out + 1-hop,42,peer,5.0,4.913427148842228,0.13242082726401347,True,689
"paper eq. 39, ER n=3000",paper mode,42,direct,20.0,20.08614362611447,0.3893749946753076,True,543
"paper eq. 39, ER n=3000",paper mode,42,peer,5.0,4.689696283803667,0.3470697400817911,True,543
flu_town (n=3000),"default (IV-type, buffered, 2 hops)",43,direct,-2.0,-1.8646475301896237,0.16007617883713085,True,476
flu_town (n=3000),"default (IV-type, buffered, 2 hops)",43,peer,-0.5,-0.5404393026694022,0.09842562875183015,True,476
flu_town (n=3000),partialling-out score,43,direct,-2.0,-1.8602303634486639,0.16283225604991827,True,476
flu_town (n=3000),partialling-out score,43,peer,-0.5,-0.44312515914347544,0.09854917282956965,True,476
flu_town (n=3000),focal-only training,43,direct,-2.0,-2.0177415066791125,0.16275067425567388,True,476
flu_town (n=3000),focal-only training,43,peer,-0.5,-0.527195686815045,0.09301733591320921,True,476
flu_town (n=3000),1-hop features,43,direct,-2.0,-1.8780420852422288,0.1584261235330604,True,476
flu_town (n=3000),1-hop features,43,peer,-0.5,-0.4802904430517886,0.0971104566556732,True,476
flu_town (n=3000),partialling-out + 1-hop,43,direct,-2.0,-1.8481748089874006,0.1618199548958318,True,476
flu_town (n=3000),partialling-out + 1-hop,43,peer,-0.5,-0.43114612087357945,0.10092975885638096,True,476
flu_town (n=3000),paper mode,43,direct,-2.0,-2.3184116298858197,0.25182223853003055,True,392
flu_town (n=3000),paper mode,43,peer,-0.5,-0.45311900474707617,0.10361910135999791,True,392
referral_app (n=4000),"default (IV-type, buffered, 2 hops)",43,direct,12.0,12.109064148508045,0.9833593856337831,True,399
referral_app (n=4000),"default (IV-type, buffered, 2 hops)",43,peer,40.0,41.16665211496201,1.6790857391761356,True,399
referral_app (n=4000),partialling-out score,43,direct,12.0,12.41380632259229,1.0556190209932566,True,399
referral_app (n=4000),partialling-out score,43,peer,40.0,40.68226242831255,1.8227595333850675,True,399
referral_app (n=4000),focal-only training,43,direct,12.0,12.310157436092306,1.021177599268236,True,399
referral_app (n=4000),focal-only training,43,peer,40.0,42.568010231385664,2.3570848063640164,True,399
referral_app (n=4000),1-hop features,43,direct,12.0,11.82687061813874,0.9866501537313798,True,399
referral_app (n=4000),1-hop features,43,peer,40.0,41.02915680256835,1.710176732055897,True,399
referral_app (n=4000),partialling-out + 1-hop,43,direct,12.0,11.712622061223268,1.0953729078353212,True,399
referral_app (n=4000),partialling-out + 1-hop,43,peer,40.0,39.6462155588055,1.8048041448811092,True,399
referral_app (n=4000),paper mode,43,direct,12.0,16.13997500684231,1.3753113958441059,False,354
referral_app (n=4000),paper mode,43,peer,40.0,39.920795667259796,2.187303541219494,True,354
"paper eq. 38, ER n=3000","default (IV-type, buffered, 2 hops)",43,direct,10.0,9.9596653534155,0.08038341617506158,True,695
"paper eq. 38, ER n=3000","default (IV-type, buffered, 2 hops)",43,peer,5.0,5.068469739749354,0.06219017371462603,True,695
"paper eq. 38, ER n=3000",partialling-out score,43,direct,10.0,9.591614608266275,0.13422084890433536,False,695
"paper eq. 38, ER n=3000",partialling-out score,43,peer,5.0,5.068440945531784,0.09527840088050156,True,695
"paper eq. 38, ER n=3000",focal-only training,43,direct,10.0,9.995135653212884,0.0886683131446408,True,695
"paper eq. 38, ER n=3000",focal-only training,43,peer,5.0,5.110416693289438,0.07607918576016584,True,695
"paper eq. 38, ER n=3000",1-hop features,43,direct,10.0,9.976384385239015,0.07794611451216409,True,695
"paper eq. 38, ER n=3000",1-hop features,43,peer,5.0,5.0712394401812055,0.06159653351890644,True,695
"paper eq. 38, ER n=3000",partialling-out + 1-hop,43,direct,10.0,9.85061289903681,0.12495222623333685,True,695
"paper eq. 38, ER n=3000",partialling-out + 1-hop,43,peer,5.0,5.0454790780745995,0.09111708315985348,True,695
"paper eq. 38, ER n=3000",paper mode,43,direct,10.0,10.24099964576322,0.3529679279088169,True,578
"paper eq. 38, ER n=3000",paper mode,43,peer,5.0,5.140164325212877,0.32378220146519154,True,578
"paper eq. 39, ER n=3000","default (IV-type, buffered, 2 hops)",43,direct,20.0,19.94539374423899,0.07402584135653807,True,695
"paper eq. 39, ER n=3000","default (IV-type, buffered, 2 hops)",43,peer,5.0,5.061310785086477,0.0510039651602103,True,695
"paper eq. 39, ER n=3000",partialling-out score,43,direct,20.0,19.700847025156875,0.18736736393406578,True,695
"paper eq. 39, ER n=3000",partialling-out score,43,peer,5.0,5.0671669235224694,0.12795345328710084,True,695
"paper eq. 39, ER n=3000",focal-only training,43,direct,20.0,19.928780051078878,0.07630430919393438,True,695
"paper eq. 39, ER n=3000",focal-only training,43,peer,5.0,5.0447377202875145,0.056217686770436544,True,695
"paper eq. 39, ER n=3000",1-hop features,43,direct,20.0,19.949222218673313,0.07302531211910844,True,695
"paper eq. 39, ER n=3000",1-hop features,43,peer,5.0,5.063800259925493,0.05143442615927751,True,695
"paper eq. 39, ER n=3000",partialling-out + 1-hop,43,direct,20.0,19.989240931059324,0.1730909685806338,True,695
"paper eq. 39, ER n=3000",partialling-out + 1-hop,43,peer,5.0,5.066264880680902,0.11834546726233273,True,695
"paper eq. 39, ER n=3000",paper mode,43,direct,20.0,19.850880432487134,0.3563082954149963,True,578
"paper eq. 39, ER n=3000",paper mode,43,peer,5.0,4.929738993186564,0.2844698536954475,True,578
flu_town (n=3000),"default (IV-type, buffered, 2 hops)",44,direct,-2.0,-2.000994596666307,0.19876654633995483,True,466
flu_town (n=3000),"default (IV-type, buffered, 2 hops)",44,peer,-0.5,-0.3470234883931026,0.0892739860002628,True,466
flu_town (n=3000),partialling-out score,44,direct,-2.0,-2.0394920920297515,0.18106651526342424,True,466
flu_town (n=3000),partialling-out score,44,peer,-0.5,-0.34373379753512057,0.09474986104677306,True,466
flu_town (n=3000),focal-only training,44,direct,-2.0,-2.0395848008323862,0.19168636225527616,True,466
flu_town (n=3000),focal-only training,44,peer,-0.5,-0.48907095569286346,0.08144344877750277,True,466
flu_town (n=3000),1-hop features,44,direct,-2.0,-2.082830902144219,0.18932620810020367,True,466
flu_town (n=3000),1-hop features,44,peer,-0.5,-0.35267341654852613,0.08868249800028837,True,466
flu_town (n=3000),partialling-out + 1-hop,44,direct,-2.0,-2.0262938541687054,0.1696747528565104,True,466
flu_town (n=3000),partialling-out + 1-hop,44,peer,-0.5,-0.34073267578472555,0.0873795580469911,True,466
flu_town (n=3000),paper mode,44,direct,-2.0,-1.693726739831806,0.22643244915817531,True,398
flu_town (n=3000),paper mode,44,peer,-0.5,-0.5930659542954372,0.10619513907573953,True,398
referral_app (n=4000),"default (IV-type, buffered, 2 hops)",44,direct,12.0,12.338452172453408,0.8774330084292443,True,393
referral_app (n=4000),"default (IV-type, buffered, 2 hops)",44,peer,40.0,42.18731788625959,1.7179658434988707,True,393
referral_app (n=4000),partialling-out score,44,direct,12.0,11.858011336933114,0.9813051658503619,True,393
referral_app (n=4000),partialling-out score,44,peer,40.0,42.12721468269212,1.7064289136350173,True,393
referral_app (n=4000),focal-only training,44,direct,12.0,13.996060990285896,0.999111565485763,False,393
referral_app (n=4000),focal-only training,44,peer,40.0,43.155612014716084,2.13304500098843,True,393
referral_app (n=4000),1-hop features,44,direct,12.0,12.26761876373976,0.8892636178567539,True,393
referral_app (n=4000),1-hop features,44,peer,40.0,41.904386260922166,1.7480853141970123,True,393
referral_app (n=4000),partialling-out + 1-hop,44,direct,12.0,11.35811218597224,1.010518822235057,True,393
referral_app (n=4000),partialling-out + 1-hop,44,peer,40.0,42.81703830028458,1.69415005004171,True,393
referral_app (n=4000),paper mode,44,direct,12.0,12.48166557875462,1.3439226744579431,True,344
referral_app (n=4000),paper mode,44,peer,40.0,40.91972479036248,2.465999923505632,True,344
"paper eq. 38, ER n=3000","default (IV-type, buffered, 2 hops)",44,direct,10.0,9.834780812795847,0.08800838127179693,True,681
"paper eq. 38, ER n=3000","default (IV-type, buffered, 2 hops)",44,peer,5.0,5.00261396950501,0.06667257930206269,True,681
"paper eq. 38, ER n=3000",partialling-out score,44,direct,10.0,9.691732055689853,0.14668021049715232,False,681
"paper eq. 38, ER n=3000",partialling-out score,44,peer,5.0,5.049160146932915,0.10535114487113874,True,681
"paper eq. 38, ER n=3000",focal-only training,44,direct,10.0,9.915168401533704,0.09550267503643056,True,681
"paper eq. 38, ER n=3000",focal-only training,44,peer,5.0,5.045040530849761,0.07289799562446524,True,681
"paper eq. 38, ER n=3000",1-hop features,44,direct,10.0,9.827863525566032,0.08724723274671846,False,681
"paper eq. 38, ER n=3000",1-hop features,44,peer,5.0,4.992618668081406,0.06660902189656895,True,681
"paper eq. 38, ER n=3000",partialling-out + 1-hop,44,direct,10.0,9.630551327054732,0.1386170374244166,False,681
"paper eq. 38, ER n=3000",partialling-out + 1-hop,44,peer,5.0,5.096142245280367,0.09636090846141683,True,681
"paper eq. 38, ER n=3000",paper mode,44,direct,10.0,9.5236708728945,0.31051638059950337,True,574
"paper eq. 38, ER n=3000",paper mode,44,peer,5.0,4.733612243247897,0.25572163358277894,True,574
"paper eq. 39, ER n=3000","default (IV-type, buffered, 2 hops)",44,direct,20.0,19.90977239644046,0.08337639098172968,True,681
"paper eq. 39, ER n=3000","default (IV-type, buffered, 2 hops)",44,peer,5.0,5.012952447838076,0.06377872291255322,True,681
"paper eq. 39, ER n=3000",partialling-out score,44,direct,20.0,19.371166378423155,0.18953606443780951,False,681
"paper eq. 39, ER n=3000",partialling-out score,44,peer,5.0,4.987445249892459,0.14749316935173404,True,681
"paper eq. 39, ER n=3000",focal-only training,44,direct,20.0,19.94467341927734,0.08628156475044628,True,681
"paper eq. 39, ER n=3000",focal-only training,44,peer,5.0,5.023820688723785,0.06706721524049646,True,681
"paper eq. 39, ER n=3000",1-hop features,44,direct,20.0,19.897501332322673,0.08145385317188808,True,681
"paper eq. 39, ER n=3000",1-hop features,44,peer,5.0,4.996890524740946,0.0627795410195947,True,681
"paper eq. 39, ER n=3000",partialling-out + 1-hop,44,direct,20.0,19.49627004429378,0.17329280427760235,False,681
"paper eq. 39, ER n=3000",partialling-out + 1-hop,44,peer,5.0,5.0050608319750625,0.12983730995691012,True,681
"paper eq. 39, ER n=3000",paper mode,44,direct,20.0,19.61652157256454,0.33762265670445973,True,574
"paper eq. 39, ER n=3000",paper mode,44,peer,5.0,4.989381838372062,0.29178513143844065,True,574
flu_town (n=3000),"default (IV-type, buffered, 2 hops)",45,direct,-2.0,-2.216994523229947,0.16685986739259875,True,484
flu_town (n=3000),"default (IV-type, buffered, 2 hops)",45,peer,-0.5,-0.5947739554114927,0.09012157352039157,True,484
flu_town (n=3000),partialling-out score,45,direct,-2.0,-2.1347598462824355,0.17237710653192095,True,484
flu_town (n=3000),partialling-out score,45,peer,-0.5,-0.5706306644854345,0.08420022497627837,True,484
flu_town (n=3000),focal-only training,45,direct,-2.0,-2.3717793830747937,0.1832149215085686,False,484
flu_town (n=3000),focal-only training,45,peer,-0.5,-0.6704465509345414,0.12253410277999752,True,484
flu_town (n=3000),1-hop features,45,direct,-2.0,-2.2791817170451654,0.16614025433908455,True,484
flu_town (n=3000),1-hop features,45,peer,-0.5,-0.5688445645300503,0.08781726768005096,True,484
flu_town (n=3000),partialling-out + 1-hop,45,direct,-2.0,-2.222964923740774,0.16884139285739108,True,484
flu_town (n=3000),partialling-out + 1-hop,45,peer,-0.5,-0.5129666711381132,0.08055335786045922,True,484
flu_town (n=3000),paper mode,45,direct,-2.0,-2.45112200530353,0.2275048090644342,False,394
flu_town (n=3000),paper mode,45,peer,-0.5,-0.546992498215221,0.1047390390954165,True,394
referral_app (n=4000),"default (IV-type, buffered, 2 hops)",45,direct,12.0,13.732996675141585,0.9413537540336756,True,399
referral_app (n=4000),"default (IV-type, buffered, 2 hops)",45,peer,40.0,40.91202365544114,1.5896283418405954,True,399
referral_app (n=4000),partialling-out score,45,direct,12.0,12.735704579192246,0.9536760581153669,True,399
referral_app (n=4000),partialling-out score,45,peer,40.0,41.009664300053394,1.6360419077745685,True,399
referral_app (n=4000),focal-only training,45,direct,12.0,13.415566601800737,0.9492179632330909,True,399
referral_app (n=4000),focal-only training,45,peer,40.0,41.45844309733623,1.6063745643637026,True,399
referral_app (n=4000),1-hop features,45,direct,12.0,13.269433235142872,0.9543760798238808,True,399
referral_app (n=4000),1-hop features,45,peer,40.0,41.487203623637456,1.6567546062989957,True,399
referral_app (n=4000),partialling-out + 1-hop,45,direct,12.0,12.68699749456504,0.9988930620985983,True,399
referral_app (n=4000),partialling-out + 1-hop,45,peer,40.0,40.152966173705416,1.6929720453314026,True,399
referral_app (n=4000),paper mode,45,direct,12.0,15.100826125921591,1.2371756671462708,False,351
referral_app (n=4000),paper mode,45,peer,40.0,39.23129505945493,2.028921159205079,True,351
"paper eq. 38, ER n=3000","default (IV-type, buffered, 2 hops)",45,direct,10.0,10.017880606197366,0.09016517275286882,True,640
"paper eq. 38, ER n=3000","default (IV-type, buffered, 2 hops)",45,peer,5.0,4.939991232230684,0.05705336951740015,True,640
"paper eq. 38, ER n=3000",partialling-out score,45,direct,10.0,10.015816674964647,0.146302223049641,True,640
"paper eq. 38, ER n=3000",partialling-out score,45,peer,5.0,4.951680452937057,0.09865744887636062,True,640
"paper eq. 38, ER n=3000",focal-only training,45,direct,10.0,10.011181667913483,0.09365229040794185,True,640
"paper eq. 38, ER n=3000",focal-only training,45,peer,5.0,4.93833528746198,0.05744126577465372,True,640
"paper eq. 38, ER n=3000",1-hop features,45,direct,10.0,10.004411783871321,0.08870160029257701,True,640
"paper eq. 38, ER n=3000",1-hop features,45,peer,5.0,4.938898803660541,0.05597781755575923,True,640
"paper eq. 38, ER n=3000",partialling-out + 1-hop,45,direct,10.0,10.060324324640735,0.13557463616511267,True,640
"paper eq. 38, ER n=3000",partialling-out + 1-hop,45,peer,5.0,4.926660468341111,0.09210425718931728,True,640
"paper eq. 38, ER n=3000",paper mode,45,direct,10.0,9.524508152803778,0.3800944683033307,True,490
"paper eq. 38, ER n=3000",paper mode,45,peer,5.0,4.6756522418569135,0.2523719156271524,True,490
"paper eq. 39, ER n=3000","default (IV-type, buffered, 2 hops)",45,direct,20.0,20.123083961910307,0.08573893992263493,True,640
"paper eq. 39, ER n=3000","default (IV-type, buffered, 2 hops)",45,peer,5.0,4.930689833671844,0.051205673493628964,True,640
"paper eq. 39, ER n=3000",partialling-out score,45,direct,20.0,19.98584320738203,0.1797068082884487,True,640
"paper eq. 39, ER n=3000",partialling-out score,45,peer,5.0,4.937897322320146,0.11803397898543938,True,640
"paper eq. 39, ER n=3000",focal-only training,45,direct,20.0,20.079679873830642,0.08208486967102005,True,640
"paper eq. 39, ER n=3000",focal-only training,45,peer,5.0,4.92480411141368,0.042569677433952895,True,640
"paper eq. 39, ER n=3000",1-hop features,45,direct,20.0,20.073765936967224,0.08618615192826223,True,640
"paper eq. 39, ER n=3000",1-hop features,45,peer,5.0,4.927646244716883,0.052283971504459605,True,640
"paper eq. 39, ER n=3000",partialling-out + 1-hop,45,direct,20.0,19.96276066056577,0.17124389481908528,True,640
"paper eq. 39, ER n=3000",partialling-out + 1-hop,45,peer,5.0,4.989385877096087,0.11556947572937556,True,640
"paper eq. 39, ER n=3000",paper mode,45,direct,20.0,19.917928953528705,0.3931845833898342,True,490
"paper eq. 39, ER n=3000",paper mode,45,peer,5.0,4.634525239081689,0.2827255769009063,True,490
flu_town (n=3000),"default (IV-type, buffered, 2 hops)",46,direct,-2.0,-2.017756792531001,0.1733426798124849,True,472
flu_town (n=3000),"default (IV-type, buffered, 2 hops)",46,peer,-0.5,-0.5181976759837569,0.0934030078386838,True,472
flu_town (n=3000),partialling-out score,46,direct,-2.0,-2.022106000190587,0.17317258485690482,True,472
flu_town (n=3000),partialling-out score,46,peer,-0.5,-0.46821610955199,0.10097452593311416,True,472
flu_town (n=3000),focal-only training,46,direct,-2.0,-2.041237434130785,0.1910762910474956,True,472
flu_town (n=3000),focal-only training,46,peer,-0.5,-0.42677644922324076,0.12832352443664885,True,472
flu_town (n=3000),1-hop features,46,direct,-2.0,-2.054701752703792,0.17157891531587985,True,472
flu_town (n=3000),1-hop features,46,peer,-0.5,-0.4604953575562105,0.09188830437944834,True,472
flu_town (n=3000),partialling-out + 1-hop,46,direct,-2.0,-2.0474408347819884,0.17253484451431156,True,472
flu_town (n=3000),partialling-out + 1-hop,46,peer,-0.5,-0.4225484498070308,0.10004889490884003,True,472
flu_town (n=3000),paper mode,46,direct,-2.0,-1.7793223483688585,0.21014855290852663,True,395
flu_town (n=3000),paper mode,46,peer,-0.5,-0.7159034787543167,0.09097606283100207,False,395
referral_app (n=4000),"default (IV-type, buffered, 2 hops)",46,direct,12.0,13.99550834592903,0.959401673948252,False,398
referral_app (n=4000),"default (IV-type, buffered, 2 hops)",46,peer,40.0,40.50508330684853,1.6765516115023207,True,398
referral_app (n=4000),partialling-out score,46,direct,12.0,13.713732495908985,0.9552517163963267,True,398
referral_app (n=4000),partialling-out score,46,peer,40.0,40.15576478674321,1.593955494197187,True,398
referral_app (n=4000),focal-only training,46,direct,12.0,14.28038896711854,1.0235001908579928,False,398
referral_app (n=4000),focal-only training,46,peer,40.0,40.2217072721916,1.4982793286889238,True,398
referral_app (n=4000),1-hop features,46,direct,12.0,13.840548501042273,0.9839705967880212,True,398
referral_app (n=4000),1-hop features,46,peer,40.0,39.73180382517707,1.671932787378726,True,398
referral_app (n=4000),partialling-out + 1-hop,46,direct,12.0,13.768829681842012,0.9662815170948331,True,398
referral_app (n=4000),partialling-out + 1-hop,46,peer,40.0,40.19591654683776,1.5704187323695626,True,398
referral_app (n=4000),paper mode,46,direct,12.0,13.894540165513014,1.310881779721555,True,354
referral_app (n=4000),paper mode,46,peer,40.0,40.96572223253941,2.130964687288646,True,354
"paper eq. 38, ER n=3000","default (IV-type, buffered, 2 hops)",46,direct,10.0,9.965190827829757,0.08325037384343306,True,703
"paper eq. 38, ER n=3000","default (IV-type, buffered, 2 hops)",46,peer,5.0,5.014686147820478,0.05935756815614947,True,703
"paper eq. 38, ER n=3000",partialling-out score,46,direct,10.0,9.884226994125292,0.13500001476028972,True,703
"paper eq. 38, ER n=3000",partialling-out score,46,peer,5.0,4.893822352551699,0.10562102310073677,True,703
"paper eq. 38, ER n=3000",focal-only training,46,direct,10.0,9.959344012258564,0.09031879901054367,True,703
"paper eq. 38, ER n=3000",focal-only training,46,peer,5.0,5.018849681637229,0.06448683401170367,True,703
"paper eq. 38, ER n=3000",1-hop features,46,direct,10.0,9.972217208396776,0.08216771339969037,True,703
"paper eq. 38, ER n=3000",1-hop features,46,peer,5.0,5.01164084222666,0.05739074305406764,True,703
"paper eq. 38, ER n=3000",partialling-out + 1-hop,46,direct,10.0,9.97864002020175,0.13562748692614215,True,703
"paper eq. 38, ER n=3000",partialling-out + 1-hop,46,peer,5.0,5.092975496621699,0.1101265649839825,True,703
"paper eq. 38, ER n=3000",paper mode,46,direct,10.0,9.581950210305594,0.3451278545463782,True,563
"paper eq. 38, ER n=3000",paper mode,46,peer,5.0,5.310277823603526,0.2920280117600882,True,563
"paper eq. 39, ER n=3000","default (IV-type, buffered, 2 hops)",46,direct,20.0,19.995377066731518,0.079338414697903,True,703
"paper eq. 39, ER n=3000","default (IV-type, buffered, 2 hops)",46,peer,5.0,5.050421742618639,0.05531685923649481,True,703
"paper eq. 39, ER n=3000",partialling-out score,46,direct,20.0,19.917206835496327,0.17843428694490884,True,703
"paper eq. 39, ER n=3000",partialling-out score,46,peer,5.0,5.034609649278681,0.1431272663595756,True,703
"paper eq. 39, ER n=3000",focal-only training,46,direct,20.0,19.991797318396188,0.07815759036877563,True,703
"paper eq. 39, ER n=3000",focal-only training,46,peer,5.0,5.034712354145728,0.05146335127507242,True,703
"paper eq. 39, ER n=3000",1-hop features,46,direct,20.0,20.006754816809583,0.07949765263065739,True,703
"paper eq. 39, ER n=3000",1-hop features,46,peer,5.0,5.064354931184297,0.055216851053535236,True,703
"paper eq. 39, ER n=3000",partialling-out + 1-hop,46,direct,20.0,20.033390717656985,0.16406146400552568,True,703
"paper eq. 39, ER n=3000",partialling-out + 1-hop,46,peer,5.0,5.021874293792565,0.1272987101206745,True,703
"paper eq. 39, ER n=3000",paper mode,46,direct,20.0,19.49043004838488,0.38106939023241015,True,563
"paper eq. 39, ER n=3000",paper mode,46,peer,5.0,5.270479524061838,0.3421316193206442,True,563
flu_town (n=3000),"default (IV-type, buffered, 2 hops)",47,direct,-2.0,-2.48087082437866,0.15872461046801897,False,464
flu_town (n=3000),"default (IV-type, buffered, 2 hops)",47,peer,-0.5,-0.5461548753340523,0.09806222189046435,True,464
flu_town (n=3000),partialling-out score,47,direct,-2.0,-2.3675067602046935,0.18286566681177363,False,464
flu_town (n=3000),partialling-out score,47,peer,-0.5,-0.5018951834176743,0.09896122239155498,True,464
flu_town (n=3000),focal-only training,47,direct,-2.0,-2.6492687614267645,0.19353354320688718,False,464
flu_town (n=3000),focal-only training,47,peer,-0.5,-0.6176885308332547,0.1971744169848163,True,464
flu_town (n=3000),1-hop features,47,direct,-2.0,-2.470486745895587,0.15706228569338682,False,464
flu_town (n=3000),1-hop features,47,peer,-0.5,-0.5453535064915392,0.10351894967497875,True,464
flu_town (n=3000),partialling-out + 1-hop,47,direct,-2.0,-2.431674742069473,0.18208046088724628,False,464
flu_town (n=3000),partialling-out + 1-hop,47,peer,-0.5,-0.4702471235647114,0.10142491544560167,True,464
flu_town (n=3000),paper mode,47,direct,-2.0,-2.1147507347662824,0.228753492354281,True,393
flu_town (n=3000),paper mode,47,peer,-0.5,-0.590002578962664,0.1046043063500882,True,393
referral_app (n=4000),"default (IV-type, buffered, 2 hops)",47,direct,12.0,11.222355298463402,1.0276861186556856,True,387
referral_app (n=4000),"default (IV-type, buffered, 2 hops)",47,peer,40.0,42.15146508860395,1.5323049520765055,True,387
referral_app (n=4000),partialling-out score,47,direct,12.0,11.441529149111721,1.0699427523273413,True,387
referral_app (n=4000),partialling-out score,47,peer,40.0,42.212480853477636,1.7604224683210783,True,387
referral_app (n=4000),focal-only training,47,direct,12.0,12.323287737937738,1.0452417254384034,True,387
referral_app (n=4000),focal-only training,47,peer,40.0,42.5087253337663,1.6621646103629226,True,387
referral_app (n=4000),1-hop features,47,direct,12.0,11.000191542391878,1.0688947100124557,True,387
referral_app (n=4000),1-hop features,47,peer,40.0,42.55896845443157,1.5513599526350481,True,387
referral_app (n=4000),partialling-out + 1-hop,47,direct,12.0,12.161386921732474,1.0736344563046019,True,387
referral_app (n=4000),partialling-out + 1-hop,47,peer,40.0,41.309477598999536,1.7947403321369413,True,387
referral_app (n=4000),paper mode,47,direct,12.0,13.599002073567272,1.275872754779954,True,326
referral_app (n=4000),paper mode,47,peer,40.0,35.88398957787495,2.1388092364985405,True,326
"paper eq. 38, ER n=3000","default (IV-type, buffered, 2 hops)",47,direct,10.0,9.89139104902397,0.08339730965200551,True,699
"paper eq. 38, ER n=3000","default (IV-type, buffered, 2 hops)",47,peer,5.0,5.0247968244604975,0.0577122050733185,True,699
"paper eq. 38, ER n=3000",partialling-out score,47,direct,10.0,9.980510096266288,0.13375460792344626,True,699
"paper eq. 38, ER n=3000",partialling-out score,47,peer,5.0,4.9205984855850735,0.1003123412912239,True,699
"paper eq. 38, ER n=3000",focal-only training,47,direct,10.0,9.921334581586516,0.08241253615256626,True,699
"paper eq. 38, ER n=3000",focal-only training,47,peer,5.0,5.004023244350828,0.05667919293600188,True,699
"paper eq. 38, ER n=3000",1-hop features,47,direct,10.0,9.926378954016187,0.08515693604053377,True,699
"paper eq. 38, ER n=3000",1-hop features,47,peer,5.0,4.9980288863310305,0.057864328876528225,True,699
"paper eq. 38, ER n=3000",partialling-out + 1-hop,47,direct,10.0,9.779782096773776,0.13386128728336094,True,699
"paper eq. 38, ER n=3000",partialling-out + 1-hop,47,peer,5.0,4.900572586283258,0.10127576320067681,True,699
"paper eq. 38, ER n=3000",paper mode,47,direct,10.0,10.106214134848416,0.3319528865934554,True,572
"paper eq. 38, ER n=3000",paper mode,47,peer,5.0,4.914902551675076,0.30449395764134074,True,572
"paper eq. 39, ER n=3000","default (IV-type, buffered, 2 hops)",47,direct,20.0,19.88541162173106,0.07919935454692269,True,699
"paper eq. 39, ER n=3000","default (IV-type, buffered, 2 hops)",47,peer,5.0,4.983399371600492,0.05137272165058861,True,699
"paper eq. 39, ER n=3000",partialling-out score,47,direct,20.0,20.13420580911854,0.1585709235446915,True,699
"paper eq. 39, ER n=3000",partialling-out score,47,peer,5.0,5.050239073305629,0.12270096153039022,True,699
"paper eq. 39, ER n=3000",focal-only training,47,direct,20.0,19.894319285182053,0.07306792657556611,True,699
"paper eq. 39, ER n=3000",focal-only training,47,peer,5.0,5.033790084353029,0.041977134977676925,True,699
"paper eq. 39, ER n=3000",1-hop features,47,direct,20.0,19.92767446863307,0.07846253208697407,True,699
"paper eq. 39, ER n=3000",1-hop features,47,peer,5.0,4.981798391306043,0.05224844823073905,True,699
"paper eq. 39, ER n=3000",partialling-out + 1-hop,47,direct,20.0,19.839693665537656,0.1542793604724164,True,699
"paper eq. 39, ER n=3000",partialling-out + 1-hop,47,peer,5.0,4.992876766733608,0.11220720910758036,True,699
"paper eq. 39, ER n=3000",paper mode,47,direct,20.0,19.857897908109262,0.3304217444812191,True,572
"paper eq. 39, ER n=3000",paper mode,47,peer,5.0,5.105260901354285,0.28195626651119415,True,572
flu_town (n=3000),"default (IV-type, buffered, 2 hops)",48,direct,-2.0,-2.122118870226035,0.17793362800274276,True,468
flu_town (n=3000),"default (IV-type, buffered, 2 hops)",48,peer,-0.5,-0.4138049823222316,0.07832482118931704,True,468
flu_town (n=3000),partialling-out score,48,direct,-2.0,-2.040530933820395,0.1895135438141628,True,468
flu_town (n=3000),partialling-out score,48,peer,-0.5,-0.4059811420316258,0.08976418245390959,True,468
flu_town (n=3000),focal-only training,48,direct,-2.0,-2.112342212072822,0.2022731402796863,True,468
flu_town (n=3000),focal-only training,48,peer,-0.5,-0.5217842061505181,0.10173718160592542,True,468
flu_town (n=3000),1-hop features,48,direct,-2.0,-2.1463169443760823,0.1731200293500875,True,468
flu_town (n=3000),1-hop features,48,peer,-0.5,-0.3913741066183344,0.07776425272288034,True,468
flu_town (n=3000),partialling-out + 1-hop,48,direct,-2.0,-2.055782785100004,0.18342935814825354,True,468
flu_town (n=3000),partialling-out + 1-hop,48,peer,-0.5,-0.37496512769820284,0.09145997486965032,True,468
flu_town (n=3000),paper mode,48,direct,-2.0,-1.758023801563871,0.22024993646213284,True,407
flu_town (n=3000),paper mode,48,peer,-0.5,-0.5126840234706314,0.10096208036247202,True,407
referral_app (n=4000),"default (IV-type, buffered, 2 hops)",48,direct,12.0,13.205760497339037,0.9886460773675917,True,400
referral_app (n=4000),"default (IV-type, buffered, 2 hops)",48,peer,40.0,41.73918987182316,1.595099026912465,True,400
referral_app (n=4000),partialling-out score,48,direct,12.0,12.127919249017692,0.9487659834384671,True,400
referral_app (n=4000),partialling-out score,48,peer,40.0,40.22116285618029,1.5749510869470333,True,400
referral_app (n=4000),focal-only training,48,direct,12.0,13.866886889119247,0.996004313897456,True,400
referral_app (n=4000),focal-only training,48,peer,40.0,41.711142977917156,1.6459405593500909,True,400
referral_app (n=4000),1-hop features,48,direct,12.0,12.676039085367458,0.9805400001211627,True,400
referral_app (n=4000),1-hop features,48,peer,40.0,41.58284660882002,1.5984732583168524,True,400
referral_app (n=4000),partialling-out + 1-hop,48,direct,12.0,11.734979467758608,0.9749439289674909,True,400
referral_app (n=4000),partialling-out + 1-hop,48,peer,40.0,39.38781147191301,1.5863774053667392,True,400
referral_app (n=4000),paper mode,48,direct,12.0,15.058044206338403,1.3113286223711,False,367
referral_app (n=4000),paper mode,48,peer,40.0,39.13874563767171,2.532996539486992,True,367
"paper eq. 38, ER n=3000","default (IV-type, buffered, 2 hops)",48,direct,10.0,9.777684007645334,0.09574004302711607,False,705
"paper eq. 38, ER n=3000","default (IV-type, buffered, 2 hops)",48,peer,5.0,5.126699953316287,0.0687842398134691,True,705
"paper eq. 38, ER n=3000",partialling-out score,48,direct,10.0,10.007563230856212,0.13263993902963517,True,705
"paper eq. 38, ER n=3000",partialling-out score,48,peer,5.0,5.310622353126046,0.10390887974943777,False,705
"paper eq. 38, ER n=3000",focal-only training,48,direct,10.0,9.830799263428538,0.08901170887925484,True,705
"paper eq. 38, ER n=3000",focal-only training,48,peer,5.0,5.1729243319342615,0.05723561771793829,False,705
"paper eq. 38, ER n=3000",1-hop features,48,direct,10.0,9.792876175619329,0.09421287032686368,False,705
"paper eq. 38, ER n=3000",1-hop features,48,peer,5.0,5.123564306530245,0.067454464312433,True,705
"paper eq. 38, ER n=3000",partialling-out + 1-hop,48,direct,10.0,9.985018514414362,0.13543115647476028,True,705
"paper eq. 38, ER n=3000",partialling-out + 1-hop,48,peer,5.0,5.2859702076611015,0.10263946122124615,False,705
"paper eq. 38, ER n=3000",paper mode,48,direct,10.0,9.873681777655706,0.35492628303104085,True,554
"paper eq. 38, ER n=3000",paper mode,48,peer,5.0,5.237497213182369,0.25933834904654407,True,554
"paper eq. 39, ER n=3000","default (IV-type, buffered, 2 hops)",48,direct,20.0,19.89023500142336,0.0863963462562031,True,705
"paper eq. 39, ER n=3000","default (IV-type, buffered, 2 hops)",48,peer,5.0,5.001385592134868,0.06274594736423318,True,705
"paper eq. 39, ER n=3000",partialling-out score,48,direct,20.0,20.351144787918493,0.15752170893710582,False,705
"paper eq. 39, ER n=3000",partialling-out score,48,peer,5.0,4.957739903834075,0.1132804195898192,True,705
"paper eq. 39, ER n=3000",focal-only training,48,direct,20.0,19.92310100902819,0.0787974919395049,True,705
"paper eq. 39, ER n=3000",focal-only training,48,peer,5.0,5.0050008827493215,0.052913898491941336,True,705
"paper eq. 39, ER n=3000",1-hop features,48,direct,20.0,19.875861353786423,0.08941283416086557,True,705
"paper eq. 39, ER n=3000",1-hop features,48,peer,5.0,4.988508704804489,0.06521311909215606,True,705
"paper eq. 39, ER n=3000",partialling-out + 1-hop,48,direct,20.0,20.207721467014824,0.16002958210233645,True,705
"paper eq. 39, ER n=3000",partialling-out + 1-hop,48,peer,5.0,5.113241413071052,0.11683037196072132,True,705
"paper eq. 39, ER n=3000",paper mode,48,direct,20.0,19.961630125170853,0.36288076270911296,True,554
"paper eq. 39, ER n=3000",paper mode,48,peer,5.0,5.061390981917458,0.2601518156413681,True,554
flu_town (n=3000),"default (IV-type, buffered, 2 hops)",49,direct,-2.0,-1.9072467928446655,0.18566373337517442,True,463
flu_town (n=3000),"default (IV-type, buffered, 2 hops)",49,peer,-0.5,-0.5709919843773958,0.07336816985720843,True,463
flu_town (n=3000),partialling-out score,49,direct,-2.0,-1.8654292411331772,0.16233232403339504,True,463
flu_town (n=3000),partialling-out score,49,peer,-0.5,-0.5481124211887157,0.08921720671369324,True,463
flu_town (n=3000),focal-only training,49,direct,-2.0,-2.0122304343955384,0.17185132771665768,True,463
flu_town (n=3000),focal-only training,49,peer,-0.5,-0.5161362403185976,0.06337588945589451,True,463
flu_town (n=3000),1-hop features,49,direct,-2.0,-1.8792556202580806,0.18507029238998604,True,463
flu_town (n=3000),1-hop features,49,peer,-0.5,-0.5633511649627884,0.07696116888553453,True,463
flu_town (n=3000),partialling-out + 1-hop,49,direct,-2.0,-1.8822890735961864,0.16114626035165916,True,463
flu_town (n=3000),partialling-out + 1-hop,49,peer,-0.5,-0.49460655112029756,0.09446363388195188,True,463
flu_town (n=3000),paper mode,49,direct,-2.0,-2.3283123500172445,0.23044989158336024,True,384
flu_town (n=3000),paper mode,49,peer,-0.5,-0.3124910008517065,0.09916974631759173,True,384
referral_app (n=4000),"default (IV-type, buffered, 2 hops)",49,direct,12.0,12.054143813280087,0.7841179057270077,True,414
referral_app (n=4000),"default (IV-type, buffered, 2 hops)",49,peer,40.0,37.203777356331,1.5914329252204193,True,414
referral_app (n=4000),partialling-out score,49,direct,12.0,11.646347299551909,0.9370480565124489,True,414
referral_app (n=4000),partialling-out score,49,peer,40.0,37.0987308843013,1.6106513847437989,True,414
referral_app (n=4000),focal-only training,49,direct,12.0,13.029023514113321,0.9507801707703795,True,414
referral_app (n=4000),focal-only training,49,peer,40.0,38.972497449889076,2.212713424504389,True,414
referral_app (n=4000),1-hop features,49,direct,12.0,11.98597965807024,0.7951191426337958,True,414
referral_app (n=4000),1-hop features,49,peer,40.0,37.532023527691734,1.606959774605359,True,414
referral_app (n=4000),partialling-out + 1-hop,49,direct,12.0,12.094539157673715,0.9749585426231945,True,414
referral_app (n=4000),partialling-out + 1-hop,49,peer,40.0,35.26877605142342,1.630664985046077,False,414
referral_app (n=4000),paper mode,49,direct,12.0,13.480386844529548,1.209512075290896,True,342
referral_app (n=4000),paper mode,49,peer,40.0,36.10583581828141,2.1402551244320307,True,342
"paper eq. 38, ER n=3000","default (IV-type, buffered, 2 hops)",49,direct,10.0,9.983779740135343,0.08487373127159017,True,673
"paper eq. 38, ER n=3000","default (IV-type, buffered, 2 hops)",49,peer,5.0,5.053329337577007,0.05427503144044667,True,673
"paper eq. 38, ER n=3000",partialling-out score,49,direct,10.0,10.252491186044859,0.14360588060606233,True,673
"paper eq. 38, ER n=3000",partialling-out score,49,peer,5.0,4.927581144538983,0.11026765084143819,True,673
"paper eq. 38, ER n=3000",focal-only training,49,direct,10.0,10.010469859532725,0.09168985954846696,True,673
"paper eq. 38, ER n=3000",focal-only training,49,peer,5.0,4.985947473422605,0.07021137180460364,True,673
"paper eq. 38, ER n=3000",1-hop features,49,direct,10.0,10.000595342449877,0.08590732347779827,True,673
"paper eq. 38, ER n=3000",1-hop features,49,peer,5.0,5.056815060448328,0.054645639113068356,True,673
"paper eq. 38, ER n=3000",partialling-out + 1-hop,49,direct,10.0,10.277640734675105,0.13150511885143978,False,673
"paper eq. 38, ER n=3000",partialling-out + 1-hop,49,peer,5.0,4.926941581039895,0.09890538701110618,True,673
"paper eq. 38, ER n=3000",paper mode,49,direct,10.0,9.495899982695313,0.39340817142620155,True,537
"paper eq. 38, ER n=3000",paper mode,49,peer,5.0,4.455464138540442,0.29700105267404164,True,537
"paper eq. 39, ER n=3000","default (IV-type, buffered, 2 hops)",49,direct,20.0,20.029311162692597,0.08210804819952862,True,673
"paper eq. 39, ER n=3000","default (IV-type, buffered, 2 hops)",49,peer,5.0,5.033651215322433,0.05960391645098821,True,673
"paper eq. 39, ER n=3000",partialling-out score,49,direct,20.0,20.30270794042363,0.18560432284617182,True,673
"paper eq. 39, ER n=3000",partialling-out score,49,peer,5.0,4.788531751550199,0.1360700049925622,True,673
"paper eq. 39, ER n=3000",focal-only training,49,direct,20.0,20.034895984697968,0.08456332909913286,True,673
"paper eq. 39, ER n=3000",focal-only training,49,peer,5.0,5.0755531162620855,0.07173382608557163,True,673
"paper eq. 39, ER n=3000",1-hop features,49,direct,20.0,20.044081173528483,0.08133013281230175,True,673
"paper eq. 39, ER n=3000",1-hop features,49,peer,5.0,5.038871711130761,0.05828907979315939,True,673
"paper eq. 39, ER n=3000",partialling-out + 1-hop,49,direct,20.0,20.418733111452802,0.16602669208319942,False,673
"paper eq. 39, ER n=3000",partialling-out + 1-hop,49,peer,5.0,4.8781240264413475,0.11985514395273944,True,673
"paper eq. 39, ER n=3000",paper mode,49,direct,20.0,19.90428521116418,0.4000887446875816,True,537
"paper eq. 39, ER n=3000",paper mode,49,peer,5.0,4.6529143867815,0.2773101921301817,True,537
flu_town (n=3000),"default (IV-type, buffered, 2 hops)",50,direct,-2.0,-2.135187270761109,0.151203469370931,True,458
flu_town (n=3000),"default (IV-type, buffered, 2 hops)",50,peer,-0.5,-0.4776166649491052,0.08318759840602327,True,458
flu_town (n=3000),partialling-out score,50,direct,-2.0,-1.9507825599743367,0.17274841148225836,True,458
flu_town (n=3000),partialling-out score,50,peer,-0.5,-0.47671466490917097,0.09076009222076382,True,458
flu_town (n=3000),focal-only training,50,direct,-2.0,-2.1672163228732355,0.1891857091020221,True,458
flu_town (n=3000),focal-only training,50,peer,-0.5,-0.65301725511515,0.12514183246331992,True,458
flu_town (n=3000),1-hop features,50,direct,-2.0,-2.104004058308422,0.15384495792326194,True,458
flu_town (n=3000),1-hop features,50,peer,-0.5,-0.4977898485221098,0.08112717028778896,True,458
flu_town (n=3000),partialling-out + 1-hop,50,direct,-2.0,-1.9801616586728064,0.17577448605105078,True,458
flu_town (n=3000),partialling-out + 1-hop,50,peer,-0.5,-0.4706858566347953,0.08721176674474321,True,458
flu_town (n=3000),paper mode,50,direct,-2.0,-2.0550800722859797,0.24462745049327497,True,395
flu_town (n=3000),paper mode,50,peer,-0.5,-0.5496587673949959,0.10670521476332182,True,395
referral_app (n=4000),"default (IV-type, buffered, 2 hops)",50,direct,12.0,12.32800072026966,0.9289649234899096,True,395
referral_app (n=4000),"default (IV-type, buffered, 2 hops)",50,peer,40.0,39.90431077698183,1.6628306154474541,True,395
referral_app (n=4000),partialling-out score,50,direct,12.0,12.449122004176598,1.0780457838371784,True,395
referral_app (n=4000),partialling-out score,50,peer,40.0,38.435382390242395,1.6898768166490408,True,395
referral_app (n=4000),focal-only training,50,direct,12.0,14.138975915455395,1.0203332326893964,False,395
referral_app (n=4000),focal-only training,50,peer,40.0,40.72816487694271,1.96152159425244,True,395
referral_app (n=4000),1-hop features,50,direct,12.0,12.298293578335592,0.9273240387504195,True,395
referral_app (n=4000),1-hop features,50,peer,40.0,39.68512255147265,1.6577193777814339,True,395
referral_app (n=4000),partialling-out + 1-hop,50,direct,12.0,12.821005746438985,1.1141660841513095,True,395
referral_app (n=4000),partialling-out + 1-hop,50,peer,40.0,38.26438606383757,1.723929935646768,True,395
referral_app (n=4000),paper mode,50,direct,12.0,13.428289548435933,1.3861220307192197,True,336
referral_app (n=4000),paper mode,50,peer,40.0,40.07338699797892,2.3047251521022494,True,336
"paper eq. 38, ER n=3000","default (IV-type, buffered, 2 hops)",50,direct,10.0,9.993471588349813,0.08026744374579609,True,685
"paper eq. 38, ER n=3000","default (IV-type, buffered, 2 hops)",50,peer,5.0,4.962370830572069,0.06279604490123629,True,685
"paper eq. 38, ER n=3000",partialling-out score,50,direct,10.0,9.750043997108746,0.14396801317474486,True,685
"paper eq. 38, ER n=3000",partialling-out score,50,peer,5.0,4.940400268898623,0.10821468098213943,True,685
"paper eq. 38, ER n=3000",focal-only training,50,direct,10.0,10.002349092701865,0.09330368857093853,True,685
"paper eq. 38, ER n=3000",focal-only training,50,peer,5.0,4.977847005240294,0.07688839794928858,True,685
"paper eq. 38, ER n=3000",1-hop features,50,direct,10.0,10.010605815692141,0.07946949351877626,True,685
"paper eq. 38, ER n=3000",1-hop features,50,peer,5.0,4.956806819810993,0.062013231595762615,True,685
"paper eq. 38, ER n=3000",partialling-out + 1-hop,50,direct,10.0,10.025005274153575,0.1353410179570001,True,685
"paper eq. 38, ER n=3000",partialling-out + 1-hop,50,peer,5.0,4.896694157611782,0.10008088245022223,True,685
"paper eq. 38, ER n=3000",paper mode,50,direct,10.0,9.91067411032204,0.43093598386763127,True,539
"paper eq. 38, ER n=3000",paper mode,50,peer,5.0,4.692153262292684,0.36342928117154516,True,539
"paper eq. 39, ER n=3000","default (IV-type, buffered, 2 hops)",50,direct,20.0,19.9976303314817,0.07672671241138089,True,685
"paper eq. 39, ER n=3000","default (IV-type, buffered, 2 hops)",50,peer,5.0,4.9753576656197085,0.054657287867233194,True,685
"paper eq. 39, ER n=3000",partialling-out score,50,direct,20.0,19.78125433170752,0.2005184733345109,True,685
"paper eq. 39, ER n=3000",partialling-out score,50,peer,5.0,5.0783838624907585,0.15837584524685183,True,685
"paper eq. 39, ER n=3000",focal-only training,50,direct,20.0,20.014541770764893,0.08466631772366977,True,685
"paper eq. 39, ER n=3000",focal-only training,50,peer,5.0,5.012708503485338,0.06712824340675448,True,685
"paper eq. 39, ER n=3000",1-hop features,50,direct,20.0,20.008032771978502,0.07566605100742742,True,685
"paper eq. 39, ER n=3000",1-hop features,50,peer,5.0,4.967012552444531,0.050814477838391055,True,685
"paper eq. 39, ER n=3000",partialling-out + 1-hop,50,direct,20.0,20.06758830253414,0.18994147720625212,True,685
"paper eq. 39, ER n=3000",partialling-out + 1-hop,50,peer,5.0,4.863535554227952,0.1707167550588121,True,685
"paper eq. 39, ER n=3000",paper mode,50,direct,20.0,19.80665431437252,0.4443289050800046,True,539
"paper eq. 39, ER n=3000",paper mode,50,peer,5.0,4.15429374731702,0.3257526026952202,False,539
flu_town (n=3000),"default (IV-type, buffered, 2 hops)",51,direct,-2.0,-2.050812329031793,0.17777769638465785,True,470
flu_town (n=3000),"default (IV-type, buffered, 2 hops)",51,peer,-0.5,-0.6472326913615476,0.10900626779516247,True,470
flu_town (n=3000),partialling-out score,51,direct,-2.0,-2.064651813609624,0.18463086931240238,True,470
flu_town (n=3000),partialling-out score,51,peer,-0.5,-0.5870200068329543,0.09606048000649273,True,470
flu_town (n=3000),focal-only training,51,direct,-2.0,-2.133098136688932,0.17861693388775282,True,470
flu_town (n=3000),focal-only training,51,peer,-0.5,-0.6424340419892609,0.10482132330406235,True,470
flu_town (n=3000),1-hop features,51,direct,-2.0,-2.044315497317937,0.1780164763157293,True,470
flu_town (n=3000),1-hop features,51,peer,-0.5,-0.6408683084358835,0.1162624719419601,True,470
flu_town (n=3000),partialling-out + 1-hop,51,direct,-2.0,-2.004495744798418,0.1855333543880213,True,470
flu_town (n=3000),partialling-out + 1-hop,51,peer,-0.5,-0.6250167242611059,0.09796353784457859,True,470
flu_town (n=3000),paper mode,51,direct,-2.0,-2.2643473803849603,0.25522109293120154,True,393
flu_town (n=3000),paper mode,51,peer,-0.5,-0.4121306780226129,0.1232085202681111,True,393
referral_app (n=4000),"default (IV-type, buffered, 2 hops)",51,direct,12.0,11.005235789571834,0.8931589409572258,True,379
referral_app (n=4000),"default (IV-type, buffered, 2 hops)",51,peer,40.0,39.221579060308606,1.653637269543561,True,379
referral_app (n=4000),partialling-out score,51,direct,12.0,11.253520329348563,1.0346430115295921,True,379
referral_app (n=4000),partialling-out score,51,peer,40.0,38.98790828615084,1.82313967311614,True,379
referral_app (n=4000),focal-only training,51,direct,12.0,12.743076657365622,1.2060931019028358,True,379
referral_app (n=4000),focal-only training,51,peer,40.0,38.15977187294129,3.2368394238049487,True,379
referral_app (n=4000),1-hop features,51,direct,12.0,11.110155793580956,0.9112061441803462,True,379
referral_app (n=4000),1-hop features,51,peer,40.0,39.71183923313207,1.6798845879624478,True,379
referral_app (n=4000),partialling-out + 1-hop,51,direct,12.0,11.081409847088926,1.07312600898013,True,379
referral_app (n=4000),partialling-out + 1-hop,51,peer,40.0,40.22302533283329,1.8955557035496708,True,379
referral_app (n=4000),paper mode,51,direct,12.0,14.896607251268138,1.410269061285088,False,331
referral_app (n=4000),paper mode,51,peer,40.0,34.33793561447978,2.6316250789815596,False,331
"paper eq. 38, ER n=3000","default (IV-type, buffered, 2 hops)",51,direct,10.0,9.941085834877592,0.08812565826698655,True,650
"paper eq. 38, ER n=3000","default (IV-type, buffered, 2 hops)",51,peer,5.0,4.945119334173861,0.06064350190386945,True,650
"paper eq. 38, ER n=3000",partialling-out score,51,direct,10.0,9.885608529159578,0.14524089426284992,True,650
"paper eq. 38, ER n=3000",partialling-out score,51,peer,5.0,5.079369133408907,0.10618055473980903,True,650
"paper eq. 38, ER n=3000",focal-only training,51,direct,10.0,9.938116275898789,0.09938906971782847,True,650
"paper eq. 38, ER n=3000",focal-only training,51,peer,5.0,4.9558159087329114,0.06552427255706468,True,650
"paper eq. 38, ER n=3000",1-hop features,51,direct,10.0,9.938807563982046,0.08797813587436497,True,650
"paper eq. 38, ER n=3000",1-hop features,51,peer,5.0,4.946460255453525,0.0607104981582237,True,650
"paper eq. 38, ER n=3000",partialling-out + 1-hop,51,direct,10.0,9.870867450584663,0.13759568305309952,True,650
"paper eq. 38, ER n=3000",partialling-out + 1-hop,51,peer,5.0,5.025567122512169,0.10673341886203594,True,650
"paper eq. 38, ER n=3000",paper mode,51,direct,10.0,9.696064608629305,0.3598187103514291,True,532
"paper eq. 38, ER n=3000",paper mode,51,peer,5.0,4.792093836955858,0.2533137673513102,True,532
"paper eq. 39, ER n=3000","default (IV-type, buffered, 2 hops)",51,direct,20.0,19.956797390355792,0.08575133737251887,True,650
"paper eq. 39, ER n=3000","default (IV-type, buffered, 2 hops)",51,peer,5.0,4.972570255738303,0.057859258932909,True,650
"paper eq. 39, ER n=3000",partialling-out score,51,direct,20.0,19.818649414057283,0.178232937040381,True,650
"paper eq. 39, ER n=3000",partialling-out score,51,peer,5.0,4.90450428255467,0.12430809047970862,True,650
"paper eq. 39, ER n=3000",focal-only training,51,direct,20.0,19.9566252639446,0.08511818019694924,True,650
"paper eq. 39, ER n=3000",focal-only training,51,peer,5.0,4.986369182578503,0.0621401792583768,True,650
"paper eq. 39, ER n=3000",1-hop features,51,direct,20.0,19.9437234900031,0.08390103342970331,True,650
"paper eq. 39, ER n=3000",1-hop features,51,peer,5.0,4.962358892429659,0.05746798265424983,True,650
"paper eq. 39, ER n=3000",partialling-out + 1-hop,51,direct,20.0,19.901794073587887,0.17927777541643625,True,650
"paper eq. 39, ER n=3000",partialling-out + 1-hop,51,peer,5.0,4.917637357503019,0.12871899437051834,True,650
"paper eq. 39, ER n=3000",paper mode,51,direct,20.0,19.180852494960195,0.3663556212160789,False,532
"paper eq. 39, ER n=3000",paper mode,51,peer,5.0,4.582567276135296,0.2436450375238625,True,532
flu_town (n=3000),"default (IV-type, buffered, 2 hops)",52,direct,-2.0,-1.8114319168383182,0.18887487418239274,True,471
flu_town (n=3000),"default (IV-type, buffered, 2 hops)",52,peer,-0.5,-0.6799327288873431,0.07464932489258722,False,471
flu_town (n=3000),partialling-out score,52,direct,-2.0,-1.6542831094189994,0.1780145042921114,True,471
flu_town (n=3000),partialling-out score,52,peer,-0.5,-0.6583227702639256,0.09365018892206217,True,471
flu_town (n=3000),focal-only training,52,direct,-2.0,-1.7780928873286868,0.18938799807871237,True,471
flu_town (n=3000),focal-only training,52,peer,-0.5,-0.6533662966286856,0.06995883775735481,False,471
flu_town (n=3000),1-hop features,52,direct,-2.0,-1.8012604331868236,0.18020398597246018,True,471
flu_town (n=3000),1-hop features,52,peer,-0.5,-0.6599740363779437,0.07579252057813919,False,471
flu_town (n=3000),partialling-out + 1-hop,52,direct,-2.0,-1.8187335774985298,0.1763881292669187,True,471
flu_town (n=3000),partialling-out + 1-hop,52,peer,-0.5,-0.5980639777964663,0.09515805021561884,True,471
flu_town (n=3000),paper mode,52,direct,-2.0,-2.0865108886707713,0.2280106617023601,True,398
flu_town (n=3000),paper mode,52,peer,-0.5,-0.6564955182291946,0.10551324457081067,True,398
referral_app (n=4000),"default (IV-type, buffered, 2 hops)",52,direct,12.0,11.331248603936613,0.9880364825837642,True,399
referral_app (n=4000),"default (IV-type, buffered, 2 hops)",52,peer,40.0,40.3776062362803,1.657691995325926,True,399
referral_app (n=4000),partialling-out score,52,direct,12.0,11.323163538555281,1.0088234356306935,True,399
referral_app (n=4000),partialling-out score,52,peer,40.0,36.77430281971662,1.7407562563004162,True,399
referral_app (n=4000),focal-only training,52,direct,12.0,11.107039701769732,1.0300095640106088,True,399
referral_app (n=4000),focal-only training,52,peer,40.0,39.25858587961844,1.6314177120104538,True,399
referral_app (n=4000),1-hop features,52,direct,12.0,11.061872451979756,0.9494748788455086,True,399
referral_app (n=4000),1-hop features,52,peer,40.0,40.21598086693913,1.5616574003495838,True,399
referral_app (n=4000),partialling-out + 1-hop,52,direct,12.0,10.50545671481355,1.0106698944550292,True,399
referral_app (n=4000),partialling-out + 1-hop,52,peer,40.0,37.94624780422928,1.8191984228639775,True,399
referral_app (n=4000),paper mode,52,direct,12.0,13.748210696770693,1.2504363065382484,True,338
referral_app (n=4000),paper mode,52,peer,40.0,34.5837228334695,2.428789477625823,False,338
"paper eq. 38, ER n=3000","default (IV-type, buffered, 2 hops)",52,direct,10.0,10.124271335082481,0.07833762785561829,True,681
"paper eq. 38, ER n=3000","default (IV-type, buffered, 2 hops)",52,peer,5.0,4.993944291019659,0.05844365126414842,True,681
"paper eq. 38, ER n=3000",partialling-out score,52,direct,10.0,10.235266106782337,0.13962979242847753,True,681
"paper eq. 38, ER n=3000",partialling-out score,52,peer,5.0,4.96737569997658,0.10377477014153492,True,681
"paper eq. 38, ER n=3000",focal-only training,52,direct,10.0,10.212776624971424,0.0871128177287125,False,681
"paper eq. 38, ER n=3000",focal-only training,52,peer,5.0,5.032631697511589,0.08163223900034909,True,681
"paper eq. 38, ER n=3000",1-hop features,52,direct,10.0,10.134110301876225,0.07847597070085902,True,681
"paper eq. 38, ER n=3000",1-hop features,52,peer,5.0,5.000363870674637,0.05728375502836706,True,681
"paper eq. 38, ER n=3000",partialling-out + 1-hop,52,direct,10.0,10.233705495410277,0.13687686690622966,True,681
"paper eq. 38, ER n=3000",partialling-out + 1-hop,52,peer,5.0,4.889453712464511,0.10040880807621307,True,681
"paper eq. 38, ER n=3000",paper mode,52,direct,10.0,10.469200166376194,0.3609584217897196,True,543
"paper eq. 38, ER n=3000",paper mode,52,peer,5.0,4.508789939430734,0.26658831465630284,True,543
"paper eq. 39, ER n=3000","default (IV-type, buffered, 2 hops)",52,direct,20.0,20.083429327076637,0.08036086975123911,True,681
"paper eq. 39, ER n=3000","default (IV-type, buffered, 2 hops)",52,peer,5.0,5.026866021124231,0.05638534661492133,True,681
"paper eq. 39, ER n=3000",partialling-out score,52,direct,20.0,19.76180325349745,0.1824178687052492,True,681
"paper eq. 39, ER n=3000",partialling-out score,52,peer,5.0,4.923433219276976,0.13441658964696568,True,681
"paper eq. 39, ER n=3000",focal-only training,52,direct,20.0,20.125184112953107,0.08483238944655787,True,681
"paper eq. 39, ER n=3000",focal-only training,52,peer,5.0,5.108853413836243,0.07180718180848156,True,681
"paper eq. 39, ER n=3000",1-hop features,52,direct,20.0,20.07600381593897,0.08039429896438373,True,681
"paper eq. 39, ER n=3000",1-hop features,52,peer,5.0,5.014262136200384,0.056465638374412624,True,681
"paper eq. 39, ER n=3000",partialling-out + 1-hop,52,direct,20.0,19.893762971194036,0.18020880815571197,True,681
"paper eq. 39, ER n=3000",partialling-out + 1-hop,52,peer,5.0,4.851285491590492,0.1259695466186688,True,681
"paper eq. 39, ER n=3000",paper mode,52,direct,20.0,20.15576435971417,0.38401074048622247,True,543
"paper eq. 39, ER n=3000",paper mode,52,peer,5.0,4.294746359512002,0.2992232078707816,False,543
flu_town (n=3000),"default (IV-type, buffered, 2 hops)",53,direct,-2.0,-2.1409871074163376,0.18255013859985167,True,467
flu_town (n=3000),"default (IV-type, buffered, 2 hops)",53,peer,-0.5,-0.4506867019126334,0.07180277790623799,True,467
flu_town (n=3000),partialling-out score,53,direct,-2.0,-2.0364406996387485,0.17896723911812212,True,467
flu_town (n=3000),partialling-out score,53,peer,-0.5,-0.41930597166359584,0.10361163178383694,True,467
flu_town (n=3000),focal-only training,53,direct,-2.0,-2.141556166640529,0.1830834194284576,True,467
flu_town (n=3000),focal-only training,53,peer,-0.5,-0.5360025325155459,0.07451285815282495,True,467
flu_town (n=3000),1-hop features,53,direct,-2.0,-2.1792471379564686,0.17869358173839398,True,467
flu_town (n=3000),1-hop features,53,peer,-0.5,-0.47007400926712045,0.07037151127211842,True,467
flu_town (n=3000),partialling-out + 1-hop,53,direct,-2.0,-2.097085944147989,0.17941081349265978,True,467
flu_town (n=3000),partialling-out + 1-hop,53,peer,-0.5,-0.44678664027212406,0.1019621910421392,True,467
flu_town (n=3000),paper mode,53,direct,-2.0,-2.1091521062797436,0.2315632379774765,True,402
flu_town (n=3000),paper mode,53,peer,-0.5,-0.614848536196221,0.10770307375996438,True,402
referral_app (n=4000),"default (IV-type, buffered, 2 hops)",53,direct,12.0,10.00323898494185,0.9012570491964257,False,386
referral_app (n=4000),"default (IV-type, buffered, 2 hops)",53,peer,40.0,41.026571923300764,1.8860398311828315,True,386
referral_app (n=4000),partialling-out score,53,direct,12.0,9.770236456730018,1.0009988382161672,False,386
referral_app (n=4000),partialling-out score,53,peer,40.0,39.33358970466811,1.8580074453655906,True,386
referral_app (n=4000),focal-only training,53,direct,12.0,10.186367868377491,1.0138742548118893,True,386
referral_app (n=4000),focal-only training,53,peer,40.0,41.4838214338569,2.6395809060784203,True,386
referral_app (n=4000),1-hop features,53,direct,12.0,9.749460167053146,0.8920344526808912,False,386
referral_app (n=4000),1-hop features,53,peer,40.0,41.74579044213375,1.9183847407929682,True,386
referral_app (n=4000),partialling-out + 1-hop,53,direct,12.0,9.758671015780548,1.0664487053740617,False,386
referral_app (n=4000),partialling-out + 1-hop,53,peer,40.0,39.07893184633293,1.9348991435099894,True,386
referral_app (n=4000),paper mode,53,direct,12.0,14.685006988902643,1.3829957797228662,True,333
referral_app (n=4000),paper mode,53,peer,40.0,38.509443605023925,2.6119301844700744,True,333
"paper eq. 38, ER n=3000","default (IV-type, buffered, 2 hops)",53,direct,10.0,9.892375695472687,0.07978350139545935,True,664
"paper eq. 38, ER n=3000","default (IV-type, buffered, 2 hops)",53,peer,5.0,4.937343228355485,0.06540287855868349,True,664
"paper eq. 38, ER n=3000",partialling-out score,53,direct,10.0,9.897055609795316,0.14381514045370458,True,664
"paper eq. 38, ER n=3000",partialling-out score,53,peer,5.0,4.95716221288994,0.10409733443565414,True,664
"paper eq. 38, ER n=3000",focal-only training,53,direct,10.0,9.921609633421431,0.08960800217314557,True,664
"paper eq. 38, ER n=3000",focal-only training,53,peer,5.0,4.920284192520624,0.08015099557088509,True,664
"paper eq. 38, ER n=3000",1-hop features,53,direct,10.0,9.904099127972824,0.07904488775078583,True,664
"paper eq. 38, ER n=3000",1-hop features,53,peer,5.0,4.948913539772739,0.06383735758616015,True,664
"paper eq. 38, ER n=3000",partialling-out + 1-hop,53,direct,10.0,10.015047663444122,0.13024037794011545,True,664
"paper eq. 38, ER n=3000",partialling-out + 1-hop,53,peer,5.0,4.92710759064806,0.09536790413949713,True,664
"paper eq. 38, ER n=3000",paper mode,53,direct,10.0,10.384040049489888,0.3648295526496617,True,542
"paper eq. 38, ER n=3000",paper mode,53,peer,5.0,4.676074370446929,0.28861662732218624,True,542
"paper eq. 39, ER n=3000","default (IV-type, buffered, 2 hops)",53,direct,20.0,19.86427521854811,0.0738910495886941,True,664
"paper eq. 39, ER n=3000","default (IV-type, buffered, 2 hops)",53,peer,5.0,5.0545500755691135,0.05846283906310583,True,664
"paper eq. 39, ER n=3000",partialling-out score,53,direct,20.0,19.575200643913035,0.20397187272463743,False,664
"paper eq. 39, ER n=3000",partialling-out score,53,peer,5.0,5.128810637912661,0.14032817364313668,True,664
"paper eq. 39, ER n=3000",focal-only training,53,direct,20.0,19.859575461390452,0.08198069522805862,True,664
"paper eq. 39, ER n=3000",focal-only training,53,peer,5.0,5.057404989494212,0.07371321422036077,True,664
"paper eq. 39, ER n=3000",1-hop features,53,direct,20.0,19.84533389388463,0.07436957053148247,False,664
"paper eq. 39, ER n=3000",1-hop features,53,peer,5.0,5.032063827758498,0.05937957526056655,True,664
"paper eq. 39, ER n=3000",partialling-out + 1-hop,53,direct,20.0,19.851130103351004,0.17479236724455707,True,664
"paper eq. 39, ER n=3000",partialling-out + 1-hop,53,peer,5.0,5.053777427345363,0.12574404698231004,True,664
"paper eq. 39, ER n=3000",paper mode,53,direct,20.0,20.513754992069718,0.36689635357975303,True,542
"paper eq. 39, ER n=3000",paper mode,53,peer,5.0,4.864997412071934,0.28374129635744155,True,542
flu_town (n=3000),"default (IV-type, buffered, 2 hops)",54,direct,-2.0,-1.8069880281544755,0.17518479561832048,True,471
flu_town (n=3000),"default (IV-type, buffered, 2 hops)",54,peer,-0.5,-0.3773971569614092,0.09401627124274851,True,471
flu_town (n=3000),partialling-out score,54,direct,-2.0,-1.7383795123330714,0.18154966165176742,True,471
flu_town (n=3000),partialling-out score,54,peer,-0.5,-0.35762064798075305,0.09605035293571275,True,471
flu_town (n=3000),focal-only training,54,direct,-2.0,-1.7698091073455573,0.18511089298999245,True,471
flu_town (n=3000),focal-only training,54,peer,-0.5,-0.3251076891029142,0.07454019054111873,False,471
flu_town (n=3000),1-hop features,54,direct,-2.0,-1.7906445812226064,0.1754810801907661,True,471
flu_town (n=3000),1-hop features,54,peer,-0.5,-0.394961133278081,0.09014913721586808,True,471
flu_town (n=3000),partialling-out + 1-hop,54,direct,-2.0,-1.6975908465521894,0.1766611707706108,True,471
flu_town (n=3000),partialling-out + 1-hop,54,peer,-0.5,-0.3901829215749169,0.08971676973661752,True,471
flu_town (n=3000),paper mode,54,direct,-2.0,-2.3058906908505232,0.20258398077967352,True,395
flu_town (n=3000),paper mode,54,peer,-0.5,-0.4391596276040888,0.09084445587080013,True,395
referral_app (n=4000),"default (IV-type, buffered, 2 hops)",54,direct,12.0,11.950567246533161,0.8497302895239598,True,405
referral_app (n=4000),"default (IV-type, buffered, 2 hops)",54,peer,40.0,39.59051024532034,1.5984679811961364,True,405
referral_app (n=4000),partialling-out score,54,direct,12.0,11.840914876519626,0.9490754007521052,True,405
referral_app (n=4000),partialling-out score,54,peer,40.0,37.42229519236666,1.5085722768592067,True,405
referral_app (n=4000),focal-only training,54,direct,12.0,12.222327768013848,0.9078402911631424,True,405
referral_app (n=4000),focal-only training,54,peer,40.0,39.156449395803975,1.7632144686747444,True,405
referral_app (n=4000),1-hop features,54,direct,12.0,11.779342535068283,0.8429603223643718,True,405
referral_app (n=4000),1-hop features,54,peer,40.0,39.41765460156412,1.5957850024869467,True,405
referral_app (n=4000),partialling-out + 1-hop,54,direct,12.0,12.01999659746277,0.953267148021735,True,405
referral_app (n=4000),partialling-out + 1-hop,54,peer,40.0,37.117723807522964,1.5577364952408146,True,405
referral_app (n=4000),paper mode,54,direct,12.0,14.798459438766857,1.278515116617913,False,357
referral_app (n=4000),paper mode,54,peer,40.0,38.50254256555934,2.2703952687356135,True,357
"paper eq. 38, ER n=3000","default (IV-type, buffered, 2 hops)",54,direct,10.0,10.056172211040552,0.08382532012086548,True,676
"paper eq. 38, ER n=3000","default (IV-type, buffered, 2 hops)",54,peer,5.0,5.1171501079593815,0.06282652767225219,True,676
"paper eq. 38, ER n=3000",partialling-out score,54,direct,10.0,9.944504394323214,0.14721705622652115,True,676
"paper eq. 38, ER n=3000",partialling-out score,54,peer,5.0,5.202496262079379,0.10516866652787889,True,676
"paper eq. 38, ER n=3000",focal-only training,54,direct,10.0,10.079354903333932,0.08781233443048335,True,676
"paper eq. 38, ER n=3000",focal-only training,54,peer,5.0,5.1180948681539205,0.06445706976403186,True,676
"paper eq. 38, ER n=3000",1-hop features,54,direct,10.0,10.057489158727853,0.08325551097883772,True,676
"paper eq. 38, ER n=3000",1-hop features,54,peer,5.0,5.1016281708772215,0.06225707462241867,True,676
"paper eq. 38, ER n=3000",partialling-out + 1-hop,54,direct,10.0,9.921616165517108,0.14348069077325662,True,676
"paper eq. 38, ER n=3000",partialling-out + 1-hop,54,peer,5.0,5.1538205161075625,0.10492522685412306,True,676
"paper eq. 38, ER n=3000",paper mode,54,direct,10.0,9.877823013425761,0.3799995097826143,True,531
"paper eq. 38, ER n=3000",paper mode,54,peer,5.0,4.070974141802153,0.23783735375527537,False,531
"paper eq. 39, ER n=3000","default (IV-type, buffered, 2 hops)",54,direct,20.0,20.070894172332892,0.07800456981341508,True,676
"paper eq. 39, ER n=3000","default (IV-type, buffered, 2 hops)",54,peer,5.0,5.041753116801876,0.06789467766707656,True,676
"paper eq. 39, ER n=3000",partialling-out score,54,direct,20.0,19.97407118576338,0.19213619526192366,True,676
"paper eq. 39, ER n=3000",partialling-out score,54,peer,5.0,5.004684463442268,0.13604539615515876,True,676
"paper eq. 39, ER n=3000",focal-only training,54,direct,20.0,20.082152627228627,0.0852384904328877,True,676
"paper eq. 39, ER n=3000",focal-only training,54,peer,5.0,5.067309848322964,0.08170308831143899,True,676
"paper eq. 39, ER n=3000",1-hop features,54,direct,20.0,20.08154700926175,0.0762464480467062,True,676
"paper eq. 39, ER n=3000",1-hop features,54,peer,5.0,5.01500490883429,0.06504870537720506,True,676
"paper eq. 39, ER n=3000",partialling-out + 1-hop,54,direct,20.0,20.17434933263704,0.19184783832236652,True,676
"paper eq. 39, ER n=3000",partialling-out + 1-hop,54,peer,5.0,5.043366310491877,0.1373763672198451,True,676
"paper eq. 39, ER n=3000",paper mode,54,direct,20.0,19.666177596158107,0.41684106868930354,True,531
"paper eq. 39, ER n=3000",paper mode,54,peer,5.0,4.379289528457018,0.2604639843591071,False,531
flu_town (n=3000),"default (IV-type, buffered, 2 hops)",55,direct,-2.0,-2.0591417804999743,0.1582461344732145,True,469
flu_town (n=3000),"default (IV-type, buffered, 2 hops)",55,peer,-0.5,-0.42121865092228566,0.09382106437495626,True,469
flu_town (n=3000),partialling-out score,55,direct,-2.0,-1.8892755352694164,0.17442351949439072,True,469
flu_town (n=3000),partialling-out score,55,peer,-0.5,-0.4380001318519198,0.0944888538118105,True,469
flu_town (n=3000),focal-only training,55,direct,-2.0,-2.0447140158842663,0.18636181901163074,True,469
flu_town (n=3000),focal-only training,55,peer,-0.5,-0.5018508706890403,0.1032048707277663,True,469
flu_town (n=3000),1-hop features,55,direct,-2.0,-2.023655349883874,0.15305030510762296,True,469
flu_town (n=3000),1-hop features,55,peer,-0.5,-0.4620001082389959,0.093789259733186,True,469
flu_town (n=3000),partialling-out + 1-hop,55,direct,-2.0,-1.8586381130300853,0.17176013759643535,True,469
flu_town (n=3000),partialling-out + 1-hop,55,peer,-0.5,-0.4472083240378062,0.0915372110604798,True,469
flu_town (n=3000),paper mode,55,direct,-2.0,-1.8714039675625258,0.22927090216316676,True,394
flu_town (n=3000),paper mode,55,peer,-0.5,-0.4907690766581767,0.10818689852520562,True,394
referral_app (n=4000),"default (IV-type, buffered, 2 hops)",55,direct,12.0,12.325893355319963,0.9200121754595648,True,392
referral_app (n=4000),"default (IV-type, buffered, 2 hops)",55,peer,40.0,40.21736758122927,1.5785557726644368,True,392
referral_app (n=4000),partialling-out score,55,direct,12.0,12.317884921888284,1.007970848215951,True,392
referral_app (n=4000),partialling-out score,55,peer,40.0,38.165950048203676,1.6349546053906523,True,392
referral_app (n=4000),focal-only training,55,direct,12.0,13.1710535265823,0.9648916172730833,True,392
referral_app (n=4000),focal-only training,55,peer,40.0,39.21463822072252,1.740887661893714,True,392
referral_app (n=4000),1-hop features,55,direct,12.0,12.200293504404971,0.9216615695578131,True,392
referral_app (n=4000),1-hop features,55,peer,40.0,39.754204081364875,1.5614854788687431,True,392
referral_app (n=4000),partialling-out + 1-hop,55,direct,12.0,12.66540105092399,1.0337287346498623,True,392
referral_app (n=4000),partialling-out + 1-hop,55,peer,40.0,38.59443527797684,1.6031975818348834,True,392
referral_app (n=4000),paper mode,55,direct,12.0,12.85386392583627,1.3684529308393574,True,338
referral_app (n=4000),paper mode,55,peer,40.0,36.1108080990325,2.522497620968433,True,338
"paper eq. 38, ER n=3000","default (IV-type, buffered, 2 hops)",55,direct,10.0,9.987304563852618,0.0807711336198278,True,717
"paper eq. 38, ER n=3000","default (IV-type, buffered, 2 hops)",55,peer,5.0,5.023184366341279,0.06123012467724754,True,717
"paper eq. 38, ER n=3000",partialling-out score,55,direct,10.0,9.993640881816647,0.12685682408510413,True,717
"paper eq. 38, ER n=3000",partialling-out score,55,peer,5.0,4.924517203948959,0.10230174989810142,True,717
"paper eq. 38, ER n=3000",focal-only training,55,direct,10.0,9.992006305101503,0.08641363358721303,True,717
"paper eq. 38, ER n=3000",focal-only training,55,peer,5.0,5.011172622341722,0.05791520015099785,True,717
"paper eq. 38, ER n=3000",1-hop features,55,direct,10.0,9.999744679419841,0.07892672446745903,True,717
"paper eq. 38, ER n=3000",1-hop features,55,peer,5.0,5.008338973786482,0.06121274121799045,True,717
"paper eq. 38, ER n=3000",partialling-out + 1-hop,55,direct,10.0,9.906634852703709,0.12852397517616745,True,717
"paper eq. 38, ER n=3000",partialling-out + 1-hop,55,peer,5.0,4.97891454782081,0.10347457316031546,True,717
"paper eq. 38, ER n=3000",paper mode,55,direct,10.0,10.338313606532017,0.33064516970626145,True,571
"paper eq. 38, ER n=3000",paper mode,55,peer,5.0,4.777760587031225,0.30131889397812206,True,571
"paper eq. 39, ER n=3000","default (IV-type, buffered, 2 hops)",55,direct,20.0,19.98240318660872,0.07635178644028051,True,717
"paper eq. 39, ER n=3000","default (IV-type, buffered, 2 hops)",55,peer,5.0,4.989677406296233,0.05759392948400391,True,717
"paper eq. 39, ER n=3000",partialling-out score,55,direct,20.0,20.152397215899835,0.15880689994916852,True,717
"paper eq. 39, ER n=3000",partialling-out score,55,peer,5.0,4.979188849307983,0.12794051260892678,True,717
"paper eq. 39, ER n=3000",focal-only training,55,direct,20.0,19.994947522689767,0.07773947835406889,True,717
"paper eq. 39, ER n=3000",focal-only training,55,peer,5.0,4.959650779105211,0.053938314552964446,True,717
"paper eq. 39, ER n=3000",1-hop features,55,direct,20.0,19.974223002619095,0.07675420238060154,True,717
"paper eq. 39, ER n=3000",1-hop features,55,peer,5.0,4.995690794138894,0.05866136028003402,True,717
"paper eq. 39, ER n=3000",partialling-out + 1-hop,55,direct,20.0,20.242268981612288,0.15613681981296132,True,717
"paper eq. 39, ER n=3000",partialling-out + 1-hop,55,peer,5.0,5.030815249282542,0.13308180401142206,True,717
"paper eq. 39, ER n=3000",paper mode,55,direct,20.0,20.396289367033415,0.32875673584769244,True,571
"paper eq. 39, ER n=3000",paper mode,55,peer,5.0,4.839273360846481,0.24964610958352101,True,571
flu_town (n=3000),"default (IV-type, buffered, 2 hops)",56,direct,-2.0,-2.2285523615336182,0.186892849836665,True,461
flu_town (n=3000),"default (IV-type, buffered, 2 hops)",56,peer,-0.5,-0.3943476526673285,0.09090173899023665,True,461
flu_town (n=3000),partialling-out score,56,direct,-2.0,-2.2782919343817487,0.1829916851622335,True,461
flu_town (n=3000),partialling-out score,56,peer,-0.5,-0.39132348561724783,0.10368474974213976,True,461
flu_town (n=3000),focal-only training,56,direct,-2.0,-2.0490168906020325,0.17611091478242008,True,461
flu_town (n=3000),focal-only training,56,peer,-0.5,-0.36693811602194715,0.11891751258830445,True,461
flu_town (n=3000),1-hop features,56,direct,-2.0,-2.2010793831332194,0.18881860665159658,True,461
flu_town (n=3000),1-hop features,56,peer,-0.5,-0.4275736782941257,0.08741012783768767,True,461
flu_town (n=3000),partialling-out + 1-hop,56,direct,-2.0,-2.236551100254469,0.18446415293242785,True,461
flu_town (n=3000),partialling-out + 1-hop,56,peer,-0.5,-0.44743793503278906,0.09709844796310993,True,461
flu_town (n=3000),paper mode,56,direct,-2.0,-1.7355952346821713,0.2262083861435178,True,387
flu_town (n=3000),paper mode,56,peer,-0.5,-0.3603456766165169,0.09734712604434884,True,387
referral_app (n=4000),"default (IV-type, buffered, 2 hops)",56,direct,12.0,11.985916257956832,0.8869364988686121,True,404
referral_app (n=4000),"default (IV-type, buffered, 2 hops)",56,peer,40.0,39.53546551625022,1.6450307189417182,True,404
referral_app (n=4000),partialling-out score,56,direct,12.0,11.61634678353158,0.9615296880221328,True,404
referral_app (n=4000),partialling-out score,56,peer,40.0,38.47086495086712,1.6117494135115127,True,404
referral_app (n=4000),focal-only training,56,direct,12.0,13.59324152298923,0.9762874588439027,True,404
referral_app (n=4000),focal-only training,56,peer,40.0,40.14414125520872,1.8426966975533376,True,404
referral_app (n=4000),1-hop features,56,direct,12.0,11.98060708530445,0.8727033539266745,True,404
referral_app (n=4000),1-hop features,56,peer,40.0,40.29680214602258,1.585381110414281,True,404
referral_app (n=4000),partialling-out + 1-hop,56,direct,12.0,11.723004532828279,0.9535277107929573,True,404
referral_app (n=4000),partialling-out + 1-hop,56,peer,40.0,38.540306684197,1.6122103233852818,True,404
referral_app (n=4000),paper mode,56,direct,12.0,14.078416401394184,1.335798320361067,True,351
referral_app (n=4000),paper mode,56,peer,40.0,39.16496995602804,2.2792970174469165,True,351
"paper eq. 38, ER n=3000","default (IV-type, buffered, 2 hops)",56,direct,10.0,9.982859452797916,0.08758086049817491,True,659
"paper eq. 38, ER n=3000","default (IV-type, buffered, 2 hops)",56,peer,5.0,4.9688634869696475,0.058281541890986235,True,659
"paper eq. 38, ER n=3000",partialling-out score,56,direct,10.0,10.200568703248706,0.1385953601239555,True,659
"paper eq. 38, ER n=3000",partialling-out score,56,peer,5.0,4.929018635015611,0.10139508751941104,True,659
"paper eq. 38, ER n=3000",focal-only training,56,direct,10.0,10.041014661358558,0.09197566347673146,True,659
"paper eq. 38, ER n=3000",focal-only training,56,peer,5.0,4.962907340302168,0.05921582396557797,True,659
"paper eq. 38, ER n=3000",1-hop features,56,direct,10.0,10.003051101748099,0.08506941709449777,True,659
"paper eq. 38, ER n=3000",1-hop features,56,peer,5.0,4.954226522744337,0.057292243420835366,True,659
"paper eq. 38, ER n=3000",partialling-out + 1-hop,56,direct,10.0,9.990481327470604,0.14801014630094034,True,659
"paper eq. 38, ER n=3000",partialling-out + 1-hop,56,peer,5.0,4.907282199092848,0.11217008350962543,True,659
"paper eq. 38, ER n=3000",paper mode,56,direct,10.0,10.061076433338199,0.41978302385499094,True,509
"paper eq. 38, ER n=3000",paper mode,56,peer,5.0,4.135738212585861,0.34721909589707506,False,509
"paper eq. 39, ER n=3000","default (IV-type, buffered, 2 hops)",56,direct,20.0,20.070476535283568,0.08519015681042291,True,659
"paper eq. 39, ER n=3000","default (IV-type, buffered, 2 hops)",56,peer,5.0,5.002646866931823,0.0598653404199298,True,659
"paper eq. 39, ER n=3000",partialling-out score,56,direct,20.0,20.133494241092883,0.186455124462701,True,659
"paper eq. 39, ER n=3000",partialling-out score,56,peer,5.0,4.904217090422964,0.14404807350054952,True,659
"paper eq. 39, ER n=3000",focal-only training,56,direct,20.0,20.067365620992323,0.08160041801877732,True,659
"paper eq. 39, ER n=3000",focal-only training,56,peer,5.0,5.025675447035604,0.0526657431079357,True,659
"paper eq. 39, ER n=3000",1-hop features,56,direct,20.0,20.060632172240027,0.08407145275559587,True,659
"paper eq. 39, ER n=3000",1-hop features,56,peer,5.0,5.002789136082758,0.06021556617456404,True,659
"paper eq. 39, ER n=3000",partialling-out + 1-hop,56,direct,20.0,20.048710895159548,0.1807553863745864,True,659
"paper eq. 39, ER n=3000",partialling-out + 1-hop,56,peer,5.0,5.086257066299909,0.1437036556250303,True,659
"paper eq. 39, ER n=3000",paper mode,56,direct,20.0,20.604679907291597,0.4261363543821032,True,509
"paper eq. 39, ER n=3000",paper mode,56,peer,5.0,4.553226779355732,0.33545587116135683,True,509
flu_town (n=3000),"default (IV-type, buffered, 2 hops)",57,direct,-2.0,-1.9796060885691227,0.2121223278031857,True,481
flu_town (n=3000),"default (IV-type, buffered, 2 hops)",57,peer,-0.5,-0.44021904507942655,0.08499337230548988,True,481
flu_town (n=3000),partialling-out score,57,direct,-2.0,-1.883515848474196,0.19082511581977032,True,481
flu_town (n=3000),partialling-out score,57,peer,-0.5,-0.43118714114399215,0.09289638582625682,True,481
flu_town (n=3000),focal-only training,57,direct,-2.0,-1.9729972626739771,0.19687177249886015,True,481
flu_town (n=3000),focal-only training,57,peer,-0.5,-0.40868609475523265,0.06881960555040749,True,481
flu_town (n=3000),1-hop features,57,direct,-2.0,-2.021742767940442,0.21342284194460065,True,481
flu_town (n=3000),1-hop features,57,peer,-0.5,-0.4367851153546501,0.08091189476644217,True,481
flu_town (n=3000),partialling-out + 1-hop,57,direct,-2.0,-1.930925239261694,0.19729753737809083,True,481
flu_town (n=3000),partialling-out + 1-hop,57,peer,-0.5,-0.40593952979417236,0.0933758116728743,True,481
flu_town (n=3000),paper mode,57,direct,-2.0,-2.0763404428258334,0.20623652270035586,True,399
flu_town (n=3000),paper mode,57,peer,-0.5,-0.31526544462448175,0.09335014944079022,False,399
referral_app (n=4000),"default (IV-type, buffered, 2 hops)",57,direct,12.0,11.43427332013492,0.8509765256118076,True,376
referral_app (n=4000),"default (IV-type, buffered, 2 hops)",57,peer,40.0,39.71479202819237,1.7556550311026868,True,376
referral_app (n=4000),partialling-out score,57,direct,12.0,12.083749538837669,0.9446329163771938,True,376
referral_app (n=4000),partialling-out score,57,peer,40.0,38.98161129843546,1.759000201005478,True,376
referral_app (n=4000),focal-only training,57,direct,12.0,12.197495362711523,0.8691465343927709,True,376
referral_app (n=4000),focal-only training,57,peer,40.0,40.62368372541408,1.8007054134618756,True,376
referral_app (n=4000),1-hop features,57,direct,12.0,11.656387945173972,0.837905887245172,True,376
referral_app (n=4000),1-hop features,57,peer,40.0,39.76961766920421,1.767959822271123,True,376
referral_app (n=4000),partialling-out + 1-hop,57,direct,12.0,11.736092890459455,0.9388244191805272,True,376
referral_app (n=4000),partialling-out + 1-hop,57,peer,40.0,39.51896981828027,1.7217994090125925,True,376
referral_app (n=4000),paper mode,57,direct,12.0,12.935880766485704,1.1857015507425464,True,341
referral_app (n=4000),paper mode,57,peer,40.0,38.55522282841756,2.2917979197107443,True,341
"paper eq. 38, ER n=3000","default (IV-type, buffered, 2 hops)",57,direct,10.0,9.977932889207574,0.08223578243570996,True,684
"paper eq. 38, ER n=3000","default (IV-type, buffered, 2 hops)",57,peer,5.0,4.947488583839177,0.05920406992062651,True,684
"paper eq. 38, ER n=3000",partialling-out score,57,direct,10.0,10.065369442684382,0.12729866701692208,True,684
"paper eq. 38, ER n=3000",partialling-out score,57,peer,5.0,4.935467655442729,0.09172294275534094,True,684
"paper eq. 38, ER n=3000",focal-only training,57,direct,10.0,10.01152586351731,0.08624375133806372,True,684
"paper eq. 38, ER n=3000",focal-only training,57,peer,5.0,5.01384417690366,0.06166503938419658,True,684
"paper eq. 38, ER n=3000",1-hop features,57,direct,10.0,10.000283281490216,0.08168842059331866,True,684
"paper eq. 38, ER n=3000",1-hop features,57,peer,5.0,4.957704509949482,0.06042757367839972,True,684
"paper eq. 38, ER n=3000",partialling-out + 1-hop,57,direct,10.0,9.96087968041913,0.12584953284567404,True,684
"paper eq. 38, ER n=3000",partialling-out + 1-hop,57,peer,5.0,4.904088335378269,0.10040730340274925,True,684
"paper eq. 38, ER n=3000",paper mode,57,direct,10.0,10.443062456513813,0.39016524793131613,True,553
"paper eq. 38, ER n=3000",paper mode,57,peer,5.0,3.8859550303598045,0.3002714878901714,False,553
"paper eq. 39, ER n=3000","default (IV-type, buffered, 2 hops)",57,direct,20.0,20.050651817282432,0.07943813768260408,True,684
"paper eq. 39, ER n=3000","default (IV-type, buffered, 2 hops)",57,peer,5.0,4.987134119372421,0.055986615967495455,True,684
"paper eq. 39, ER n=3000",partialling-out score,57,direct,20.0,20.115976417685506,0.1794386982883124,True,684
"paper eq. 39, ER n=3000",partialling-out score,57,peer,5.0,4.964207445020884,0.13341538454693203,True,684
"paper eq. 39, ER n=3000",focal-only training,57,direct,20.0,20.0625833018525,0.07740778206518015,True,684
"paper eq. 39, ER n=3000",focal-only training,57,peer,5.0,4.9675479671368965,0.0522794250994663,True,684
"paper eq. 39, ER n=3000",1-hop features,57,direct,20.0,20.043687132537496,0.07912207459934763,True,684
"paper eq. 39, ER n=3000",1-hop features,57,peer,5.0,4.971905077504272,0.056207405964284286,True,684
"paper eq. 39, ER n=3000",partialling-out + 1-hop,57,direct,20.0,20.241039612143087,0.17360534203285333,True,684
"paper eq. 39, ER n=3000",partialling-out + 1-hop,57,peer,5.0,4.931609491145711,0.1307993131860133,True,684
"paper eq. 39, ER n=3000",paper mode,57,direct,20.0,19.873678799444573,0.3792658789721548,True,553
"paper eq. 39, ER n=3000",paper mode,57,peer,5.0,4.514157396396999,0.2599282399851077,True,553
flu_town (n=3000),"default (IV-type, buffered, 2 hops)",58,direct,-2.0,-1.6887235151663222,0.1646910716224521,True,463
flu_town (n=3000),"default (IV-type, buffered, 2 hops)",58,peer,-0.5,-0.6986220294513912,0.08688044703658987,False,463
flu_town (n=3000),partialling-out score,58,direct,-2.0,-1.6597205995559572,0.1655413101888973,False,463
flu_town (n=3000),partialling-out score,58,peer,-0.5,-0.6677629427159825,0.09185737017847627,True,463
flu_town (n=3000),focal-only training,58,direct,-2.0,-1.748960450841575,0.18468312583817192,True,463
flu_town (n=3000),focal-only training,58,peer,-0.5,-0.681688466869116,0.0851541583152852,False,463
flu_town (n=3000),1-hop features,58,direct,-2.0,-1.7031605590434131,0.16484040546642129,True,463
flu_town (n=3000),1-hop features,58,peer,-0.5,-0.6929069175333205,0.09027040032242882,False,463
flu_town (n=3000),partialling-out + 1-hop,58,direct,-2.0,-1.7109607282990607,0.17235627998036568,True,463
flu_town (n=3000),partialling-out + 1-hop,58,peer,-0.5,-0.6174710129611086,0.09155686587181325,True,463
flu_town (n=3000),paper mode,58,direct,-2.0,-1.8911440191362354,0.22485951709923843,True,405
flu_town (n=3000),paper mode,58,peer,-0.5,-0.49656606270181053,0.095140055003028,True,405
referral_app (n=4000),"default (IV-type, buffered, 2 hops)",58,direct,12.0,13.630570020298524,1.0469048484410777,True,382
referral_app (n=4000),"default (IV-type, buffered, 2 hops)",58,peer,40.0,43.66656875358424,1.6341639291804149,False,382
referral_app (n=4000),partialling-out score,58,direct,12.0,12.859744979868227,1.0812605630762873,True,382
referral_app (n=4000),partialling-out score,58,peer,40.0,42.91661624599483,1.8671553674475423,True,382
referral_app (n=4000),focal-only training,58,direct,12.0,14.70280258969237,1.0892029596767734,False,382
referral_app (n=4000),focal-only training,58,peer,40.0,45.669648202558115,1.8314453395618548,False,382
referral_app (n=4000),1-hop features,58,direct,12.0,13.477361344983196,1.0673634895308721,True,382
referral_app (n=4000),1-hop features,58,peer,40.0,43.42091985697476,1.6928806316066511,False,382
referral_app (n=4000),partialling-out + 1-hop,58,direct,12.0,12.682710651727014,1.0763664681770855,True,382
referral_app (n=4000),partialling-out + 1-hop,58,peer,40.0,43.61633562876564,1.9407301242818207,True,382
referral_app (n=4000),paper mode,58,direct,12.0,13.39359868146011,1.176587292081224,True,360
referral_app (n=4000),paper mode,58,peer,40.0,39.64415196612823,2.1898948628244166,True,360
"paper eq. 38, ER n=3000","default (IV-type, buffered, 2 hops)",58,direct,10.0,10.075192729775548,0.0779425551931234,True,686
"paper eq. 38, ER n=3000","default (IV-type, buffered, 2 hops)",58,peer,5.0,5.006463764279271,0.05398442708733552,True,686
"paper eq. 38, ER n=3000",partialling-out score,58,direct,10.0,10.057850839625857,0.14189789245695067,True,686
"paper eq. 38, ER n=3000",partialling-out score,58,peer,5.0,5.090642599298386,0.10893587356054679,True,686
"paper eq. 38, ER n=3000",focal-only training,58,direct,10.0,10.056384848581935,0.087957212362068,True,686
"paper eq. 38, ER n=3000",focal-only training,58,peer,5.0,5.026988826020576,0.06602649921430793,True,686
"paper eq. 38, ER n=3000",1-hop features,58,direct,10.0,10.06466088559916,0.07765406043981406,True,686
"paper eq. 38, ER n=3000",1-hop features,58,peer,5.0,5.014122079838181,0.05343385802818833,True,686
"paper eq. 38, ER n=3000",partialling-out + 1-hop,58,direct,10.0,10.101484158039153,0.13256937922661086,True,686
"paper eq. 38, ER n=3000",partialling-out + 1-hop,58,peer,5.0,5.0400227033359,0.10006653138577074,True,686
"paper eq. 38, ER n=3000",paper mode,58,direct,10.0,9.256207532488547,0.3549284084167183,False,564
"paper eq. 38, ER n=3000",paper mode,58,peer,5.0,5.174301786918147,0.273764206802155,True,564
"paper eq. 39, ER n=3000","default (IV-type, buffered, 2 hops)",58,direct,20.0,19.942040010554283,0.07293991190538057,True,686
"paper eq. 39, ER n=3000","default (IV-type, buffered, 2 hops)",58,peer,5.0,4.962505120445501,0.052306100705135514,True,686
"paper eq. 39, ER n=3000",partialling-out score,58,direct,20.0,19.902793542445103,0.1862434564570349,True,686
"paper eq. 39, ER n=3000",partialling-out score,58,peer,5.0,4.99859907192898,0.1295602322478618,True,686
"paper eq. 39, ER n=3000",focal-only training,58,direct,20.0,19.960668001039412,0.0775911760371631,True,686
"paper eq. 39, ER n=3000",focal-only training,58,peer,5.0,4.99323669166358,0.05834614683788788,True,686
"paper eq. 39, ER n=3000",1-hop features,58,direct,20.0,19.92065813026066,0.07362482760677899,True,686
"paper eq. 39, ER n=3000",1-hop features,58,peer,5.0,4.9726706284370925,0.050469908830107116,True,686
"paper eq. 39, ER n=3000",partialling-out + 1-hop,58,direct,20.0,19.959724182843935,0.17753360968003967,True,686
"paper eq. 39, ER n=3000",partialling-out + 1-hop,58,peer,5.0,4.851476454209201,0.13050395900041442,True,686
"paper eq. 39, ER n=3000",paper mode,58,direct,20.0,19.083958154540184,0.3631633027272415,False,564
"paper eq. 39, ER n=3000",paper mode,58,peer,5.0,4.745429603160162,0.2912640999647814,True,564
flu_town (n=3000),"default (IV-type, buffered, 2 hops)",59,direct,-2.0,-1.854714865573268,0.1859921149549902,True,483
flu_town (n=3000),"default (IV-type, buffered, 2 hops)",59,peer,-0.5,-0.5187080354048567,0.1037030792472117,True,483
flu_town (n=3000),partialling-out score,59,direct,-2.0,-1.850220183670977,0.18308652750054627,True,483
flu_town (n=3000),partialling-out score,59,peer,-0.5,-0.4902902575759157,0.10541921964753402,True,483
flu_town (n=3000),focal-only training,59,direct,-2.0,-1.8172962564749038,0.18899794183197557,True,483
flu_town (n=3000),focal-only training,59,peer,-0.5,-0.42462012015673584,0.0877394832078238,True,483
flu_town (n=3000),1-hop features,59,direct,-2.0,-1.9096099881483033,0.1857906679204488,True,483
flu_town (n=3000),1-hop features,59,peer,-0.5,-0.475975419603401,0.09981712726440467,True,483
flu_town (n=3000),partialling-out + 1-hop,59,direct,-2.0,-1.8603315874420414,0.1805567462605167,True,483
flu_town (n=3000),partialling-out + 1-hop,59,peer,-0.5,-0.4517232180202298,0.09761591287998536,True,483
flu_town (n=3000),paper mode,59,direct,-2.0,-2.0876375435573777,0.21436213548812869,True,405
flu_town (n=3000),paper mode,59,peer,-0.5,-0.4152848546330426,0.11616589189324124,True,405
referral_app (n=4000),"default (IV-type, buffered, 2 hops)",59,direct,12.0,13.237754508355371,1.018156112142827,True,399
referral_app (n=4000),"default (IV-type, buffered, 2 hops)",59,peer,40.0,41.04703861779145,1.617431748125255,True,399
referral_app (n=4000),partialling-out score,59,direct,12.0,13.043524736171046,1.009852214331629,True,399
referral_app (n=4000),partialling-out score,59,peer,40.0,40.19282064889504,1.7218275243208163,True,399
referral_app (n=4000),focal-only training,59,direct,12.0,13.811689270735066,1.0473781377538096,True,399
referral_app (n=4000),focal-only training,59,peer,40.0,40.531036402110075,1.291310167998595,True,399
referral_app (n=4000),1-hop features,59,direct,12.0,12.856240702066788,0.9949098648541007,True,399
referral_app (n=4000),1-hop features,59,peer,40.0,40.79147139745287,1.6264094861519616,True,399
referral_app (n=4000),partialling-out + 1-hop,59,direct,12.0,12.939362891297913,0.9792612858069304,True,399
referral_app (n=4000),partialling-out + 1-hop,59,peer,40.0,39.31994076951892,1.6653533868001054,True,399
referral_app (n=4000),paper mode,59,direct,12.0,13.95620537577574,1.263621198803362,True,353
referral_app (n=4000),paper mode,59,peer,40.0,42.40883089928678,2.1310640323047516,True,353
"paper eq. 38, ER n=3000","default (IV-type, buffered, 2 hops)",59,direct,10.0,10.144154309883486,0.0869094115784482,True,667
"paper eq. 38, ER n=3000","default (IV-type, buffered, 2 hops)",59,peer,5.0,5.0020215705078135,0.06404723904328191,True,667
"paper eq. 38, ER n=3000",partialling-out score,59,direct,10.0,10.216018098377171,0.1438562914712356,True,667
"paper eq. 38, ER n=3000",partialling-out score,59,peer,5.0,4.922119685491368,0.1018801723232007,True,667
"paper eq. 38, ER n=3000",focal-only training,59,direct,10.0,10.17224742753395,0.08973006873867782,True,667
"paper eq. 38, ER n=3000",focal-only training,59,peer,5.0,4.955908820025821,0.06246794745292241,True,667
"paper eq. 38, ER n=3000",1-hop features,59,direct,10.0,10.168019559015985,0.08574401965942897,True,667
"paper eq. 38, ER n=3000",1-hop features,59,peer,5.0,4.9966150196542864,0.06267125401074622,True,667
"paper eq. 38, ER n=3000",partialling-out + 1-hop,59,direct,10.0,10.130996576264433,0.13379051198147987,True,667
"paper eq. 38, ER n=3000",partialling-out + 1-hop,59,peer,5.0,4.97949151088075,0.09877500338832393,True,667
"paper eq. 38, ER n=3000",paper mode,59,direct,10.0,10.085442155495898,0.3315065072879364,True,529
"paper eq. 38, ER n=3000",paper mode,59,peer,5.0,4.539263926318596,0.2112409189907956,False,529
"paper eq. 39, ER n=3000","default (IV-type, buffered, 2 hops)",59,direct,20.0,20.110833810505817,0.07961666395669482,True,667
"paper eq. 39, ER n=3000","default (IV-type, buffered, 2 hops)",59,peer,5.0,5.003718431669396,0.05386328010701495,True,667
"paper eq. 39, ER n=3000",partialling-out score,59,direct,20.0,19.90955068287612,0.18753645194977406,True,667
"paper eq. 39, ER n=3000",partialling-out score,59,peer,5.0,4.961779473806745,0.13247991647124543,True,667
"paper eq. 39, ER n=3000",focal-only training,59,direct,20.0,20.108114927160653,0.0783699572251574,True,667
"paper eq. 39, ER n=3000",focal-only training,59,peer,5.0,5.00299100720156,0.053277762573485155,True,667
"paper eq. 39, ER n=3000",1-hop features,59,direct,20.0,20.115805178340295,0.08048128097468149,True,667
"paper eq. 39, ER n=3000",1-hop features,59,peer,5.0,5.000636878415715,0.05588820223970678,True,667
"paper eq. 39, ER n=3000",partialling-out + 1-hop,59,direct,20.0,19.955668451204552,0.1703828943669661,True,667
"paper eq. 39, ER n=3000",partialling-out + 1-hop,59,peer,5.0,4.824425307917188,0.11531645676716736,True,667
"paper eq. 39, ER n=3000",paper mode,59,direct,20.0,20.020141344020743,0.3395179935633556,True,529
"paper eq. 39, ER n=3000",paper mode,59,peer,5.0,4.665578055774518,0.22714633134465614,True,529
flu_town (n=3000),"default (IV-type, buffered, 2 hops)",60,direct,-2.0,-2.0366108447215923,0.17882068799330653,True,476
flu_town (n=3000),"default (IV-type, buffered, 2 hops)",60,peer,-0.5,-0.399188844487039,0.07799851636198504,True,476
flu_town (n=3000),partialling-out score,60,direct,-2.0,-1.9192099358692836,0.17762501997187338,True,476
flu_town (n=3000),partialling-out score,60,peer,-0.5,-0.4202192802574837,0.0883473267144581,True,476
flu_town (n=3000),focal-only training,60,direct,-2.0,-2.132317935368029,0.18163692935509868,True,476
flu_town (n=3000),focal-only training,60,peer,-0.5,-0.43755820408873314,0.06841917916011678,True,476
flu_town (n=3000),1-hop features,60,direct,-2.0,-2.0950291349910994,0.17884435357637965,True,476
flu_town (n=3000),1-hop features,60,peer,-0.5,-0.4124103503674777,0.07790024077725403,True,476
flu_town (n=3000),partialling-out + 1-hop,60,direct,-2.0,-1.9934569094752592,0.17500295992824108,True,476
flu_town (n=3000),partialling-out + 1-hop,60,peer,-0.5,-0.4384565292602561,0.0858552361181298,True,476
flu_town (n=3000),paper mode,60,direct,-2.0,-1.5216586257324527,0.21752934010697714,False,389
flu_town (n=3000),paper mode,60,peer,-0.5,-0.46693541392269183,0.09663212710143271,True,389
referral_app (n=4000),"default (IV-type, buffered, 2 hops)",60,direct,12.0,12.465923113667143,0.8287781092879665,True,390
referral_app (n=4000),"default (IV-type, buffered, 2 hops)",60,peer,40.0,39.015145963169935,1.7535116673558644,True,390
referral_app (n=4000),partialling-out score,60,direct,12.0,12.12506006521287,1.0152052779070366,True,390
referral_app (n=4000),partialling-out score,60,peer,40.0,36.719386534504515,1.614148248061849,False,390
referral_app (n=4000),focal-only training,60,direct,12.0,14.462683335689794,1.0925580902411767,False,390
referral_app (n=4000),focal-only training,60,peer,40.0,38.116009669352884,3.8757601563499766,True,390
referral_app (n=4000),1-hop features,60,direct,12.0,12.79894670251626,0.8099117937058151,True,390
referral_app (n=4000),1-hop features,60,peer,40.0,39.05486962434792,1.7215685577906854,True,390
referral_app (n=4000),partialling-out + 1-hop,60,direct,12.0,12.411030143429944,1.028690922306909,True,390
referral_app (n=4000),partialling-out + 1-hop,60,peer,40.0,38.36914131629355,1.5635048506468197,True,390
referral_app (n=4000),paper mode,60,direct,12.0,13.862551226011027,1.2778381176038227,True,331
referral_app (n=4000),paper mode,60,peer,40.0,40.550121625508,2.507532597503092,True,331
"paper eq. 38, ER n=3000","default (IV-type, buffered, 2 hops)",60,direct,10.0,9.964392492113213,0.08264243049309906,True,686
"paper eq. 38, ER n=3000","default (IV-type, buffered, 2 hops)",60,peer,5.0,5.006583047040631,0.06514759451269778,True,686
"paper eq. 38, ER n=3000",partialling-out score,60,direct,10.0,10.037137397992987,0.12719246241501642,True,686
"paper eq. 38, ER n=3000",partialling-out score,60,peer,5.0,4.910945268343651,0.09623460855378987,True,686
"paper eq. 38, ER n=3000",focal-only training,60,direct,10.0,10.003014187165583,0.0875051666816204,True,686
"paper eq. 38, ER n=3000",focal-only training,60,peer,5.0,5.050840595172801,0.07396700424183096,True,686
"paper eq. 38, ER n=3000",1-hop features,60,direct,10.0,9.995972734066141,0.08351495947929193,True,686
"paper eq. 38, ER n=3000",1-hop features,60,peer,5.0,4.9787444367456475,0.06667587022648136,True,686
"paper eq. 38, ER n=3000",partialling-out + 1-hop,60,direct,10.0,10.056738006599582,0.12213286146289257,True,686
"paper eq. 38, ER n=3000",partialling-out + 1-hop,60,peer,5.0,4.817602366965928,0.09687774581070513,True,686
"paper eq. 38, ER n=3000",paper mode,60,direct,10.0,9.928214787739565,0.3975858391855401,True,537
"paper eq. 38, ER n=3000",paper mode,60,peer,5.0,4.572167021449054,0.28540442734682414,True,537
"paper eq. 39, ER n=3000","default (IV-type, buffered, 2 hops)",60,direct,20.0,20.000900019447908,0.07960331724236057,True,686
"paper eq. 39, ER n=3000","default (IV-type, buffered, 2 hops)",60,peer,5.0,4.9840068244835525,0.056759998073925795,True,686
"paper eq. 39, ER n=3000",partialling-out score,60,direct,20.0,20.086690939310916,0.17034107344386298,True,686
"paper eq. 39, ER n=3000",partialling-out score,60,peer,5.0,4.795458596167795,0.11652619611822553,True,686
"paper eq. 39, ER n=3000",focal-only training,60,direct,20.0,19.997228980804305,0.08118309558940387,True,686
"paper eq. 39, ER n=3000",focal-only training,60,peer,5.0,4.996602044180041,0.05689116465078027,True,686
"paper eq. 39, ER n=3000",1-hop features,60,direct,20.0,20.010566827750235,0.07859728981628272,True,686
"paper eq. 39, ER n=3000",1-hop features,60,peer,5.0,4.96766627343057,0.05608299290170341,True,686
"paper eq. 39, ER n=3000",partialling-out + 1-hop,60,direct,20.0,20.308931052274758,0.16736930043472498,True,686
"paper eq. 39, ER n=3000",partialling-out + 1-hop,60,peer,5.0,4.852730998091785,0.11523985664455232,True,686
"paper eq. 39, ER n=3000",paper mode,60,direct,20.0,19.656069338354502,0.3913867796545465,True,537
"paper eq. 39, ER n=3000",paper mode,60,peer,5.0,4.46968481235051,0.2937485403099453,True,537
flu_town (n=3000),"default (IV-type, buffered, 2 hops)",61,direct,-2.0,-1.975528814189881,0.1758181397543596,True,472
flu_town (n=3000),"default (IV-type, buffered, 2 hops)",61,peer,-0.5,-0.4986481460103513,0.09483187161896453,True,472
flu_town (n=3000),partialling-out score,61,direct,-2.0,-1.9223263848940502,0.15944378326080044,True,472
flu_town (n=3000),partialling-out score,61,peer,-0.5,-0.48981982389520295,0.10177953268459573,True,472
flu_town (n=3000),focal-only training,61,direct,-2.0,-2.0627544985169304,0.17164831807971045,True,472
flu_town (n=3000),focal-only training,61,peer,-0.5,-0.5014610717427329,0.0778587234168914,True,472
flu_town (n=3000),1-hop features,61,direct,-2.0,-1.9994618668717743,0.17745860636090838,True,472
flu_town (n=3000),1-hop features,61,peer,-0.5,-0.47420952936433974,0.0901228921036543,True,472
flu_town (n=3000),partialling-out + 1-hop,61,direct,-2.0,-1.9387623140337227,0.1580733513104482,True,472
flu_town (n=3000),partialling-out + 1-hop,61,peer,-0.5,-0.4656329690889046,0.1025873746700018,True,472
flu_town (n=3000),paper mode,61,direct,-2.0,-2.446003944196075,0.22908208329991167,True,402
flu_town (n=3000),paper mode,61,peer,-0.5,-0.557780371508399,0.10874516296564428,True,402
referral_app (n=4000),"default (IV-type, buffered, 2 hops)",61,direct,12.0,12.532519563165756,0.9714823615122864,True,381
referral_app (n=4000),"default (IV-type, buffered, 2 hops)",61,peer,40.0,41.80037097867937,1.5720657067008936,True,381
referral_app (n=4000),partialling-out score,61,direct,12.0,12.843892892680664,1.0987588476394021,True,381
referral_app (n=4000),partialling-out score,61,peer,40.0,41.26795432712789,1.842424053608562,True,381
referral_app (n=4000),focal-only training,61,direct,12.0,14.107818180501077,1.0309807121549708,False,381
referral_app (n=4000),focal-only training,61,peer,40.0,41.920518265898714,1.3114408685335595,True,381
referral_app (n=4000),1-hop features,61,direct,12.0,12.323064418727924,0.9584081129105505,True,381
referral_app (n=4000),1-hop features,61,peer,40.0,42.647912412026564,1.516242971628569,True,381
referral_app (n=4000),partialling-out + 1-hop,61,direct,12.0,12.958797923142084,1.114758011475882,True,381
referral_app (n=4000),partialling-out + 1-hop,61,peer,40.0,41.222649529404215,1.9283394661154565,True,381
referral_app (n=4000),paper mode,61,direct,12.0,16.021244015070934,1.1619948913793863,False,333
referral_app (n=4000),paper mode,61,peer,40.0,41.003267382908035,2.3351776062831906,True,333
"paper eq. 38, ER n=3000","default (IV-type, buffered, 2 hops)",61,direct,10.0,9.999132325410693,0.08379581997803195,True,691
"paper eq. 38, ER n=3000","default (IV-type, buffered, 2 hops)",61,peer,5.0,5.0649979257413245,0.05860122868052485,True,691
"paper eq. 38, ER n=3000",partialling-out score,61,direct,10.0,10.045438416628917,0.13262218772713044,True,691
"paper eq. 38, ER n=3000",partialling-out score,61,peer,5.0,5.070122208642002,0.10073177867826635,True,691
"paper eq. 38, ER n=3000",focal-only training,61,direct,10.0,9.979365334658285,0.08791155808547824,True,691
"paper eq. 38, ER n=3000",focal-only training,61,peer,5.0,5.1048446534399945,0.05662844541481461,True,691
"paper eq. 38, ER n=3000",1-hop features,61,direct,10.0,10.005127023855213,0.08357016258734512,True,691
"paper eq. 38, ER n=3000",1-hop features,61,peer,5.0,5.0740775387427695,0.058803271184562904,True,691
"paper eq. 38, ER n=3000",partialling-out + 1-hop,61,direct,10.0,10.0231168190526,0.12808576715993197,True,691
"paper eq. 38, ER n=3000",partialling-out + 1-hop,61,peer,5.0,5.073616035492414,0.10205771914654992,True,691
"paper eq. 38, ER n=3000",paper mode,61,direct,10.0,10.334510927265399,0.3485897570394665,True,580
"paper eq. 38, ER n=3000",paper mode,61,peer,5.0,4.69789542516343,0.2876617467638385,True,580
"paper eq. 39, ER n=3000","default (IV-type, buffered, 2 hops)",61,direct,20.0,20.028630953680576,0.07836598583731202,True,691
"paper eq. 39, ER n=3000","default (IV-type, buffered, 2 hops)",61,peer,5.0,5.026748624198609,0.05711472574706644,True,691
"paper eq. 39, ER n=3000",partialling-out score,61,direct,20.0,19.7564844426952,0.1849863934782576,True,691
"paper eq. 39, ER n=3000",partialling-out score,61,peer,5.0,5.044921870087015,0.14342165566449364,True,691
"paper eq. 39, ER n=3000",focal-only training,61,direct,20.0,20.010091598475398,0.08031297137487353,True,691
"paper eq. 39, ER n=3000",focal-only training,61,peer,5.0,5.030704745106628,0.052795098944054236,True,691
"paper eq. 39, ER n=3000",1-hop features,61,direct,20.0,20.034049843799064,0.07871756872886373,True,691
"paper eq. 39, ER n=3000",1-hop features,61,peer,5.0,5.034054278175565,0.05661205467156903,True,691
"paper eq. 39, ER n=3000",partialling-out + 1-hop,61,direct,20.0,20.065728152969143,0.16378500633811638,True,691
"paper eq. 39, ER n=3000",partialling-out + 1-hop,61,peer,5.0,4.934851756094138,0.13288487641496935,True,691
"paper eq. 39, ER n=3000",paper mode,61,direct,20.0,20.0636223998906,0.3328455560304438,True,580
"paper eq. 39, ER n=3000",paper mode,61,peer,5.0,5.020408920954643,0.23324863560836495,True,580
flu_town (n=3000),"default (IV-type, buffered, 2 hops)",62,direct,-2.0,-2.0339930550230383,0.17468060749681644,True,479
flu_town (n=3000),"default (IV-type, buffered, 2 hops)",62,peer,-0.5,-0.6182181804801732,0.1054655709538618,True,479
flu_town (n=3000),partialling-out score,62,direct,-2.0,-1.9387479024465384,0.1762971774117122,True,479
flu_town (n=3000),partialling-out score,62,peer,-0.5,-0.5401630173391326,0.09427160172584134,True,479
flu_town (n=3000),focal-only training,62,direct,-2.0,-1.6820804314400482,0.17387978414350402,True,479
flu_town (n=3000),focal-only training,62,peer,-0.5,-0.40104312609687337,0.092887045930241,True,479
flu_town (n=3000),1-hop features,62,direct,-2.0,-1.9640759849281906,0.17215310183785862,True,479
flu_town (n=3000),1-hop features,62,peer,-0.5,-0.5875951216820127,0.11091447034264046,True,479
flu_town (n=3000),partialling-out + 1-hop,62,direct,-2.0,-1.891167651092399,0.17142360662301917,True,479
flu_town (n=3000),partialling-out + 1-hop,62,peer,-0.5,-0.5377613186394918,0.09437688418221162,True,479
flu_town (n=3000),paper mode,62,direct,-2.0,-1.7676096234258445,0.2191598034181711,True,403
flu_town (n=3000),paper mode,62,peer,-0.5,-0.2736025049454502,0.09530978798775097,False,403
referral_app (n=4000),"default (IV-type, buffered, 2 hops)",62,direct,12.0,12.730118644379953,0.9558671288473788,True,392
referral_app (n=4000),"default (IV-type, buffered, 2 hops)",62,peer,40.0,38.49302405269221,1.49615753237205,True,392
referral_app (n=4000),partialling-out score,62,direct,12.0,12.288527099620707,1.104440340150611,True,392
referral_app (n=4000),partialling-out score,62,peer,40.0,38.24996250444313,1.7490261649898549,True,392
referral_app (n=4000),focal-only training,62,direct,12.0,13.904197956255565,1.0279942674801055,True,392
referral_app (n=4000),focal-only training,62,peer,40.0,41.20012673491426,1.799182678497179,True,392
referral_app (n=4000),1-hop features,62,direct,12.0,12.762434111339923,0.9385897154481567,True,392
referral_app (n=4000),1-hop features,62,peer,40.0,38.30572637035618,1.5211026109056165,True,392
referral_app (n=4000),partialling-out + 1-hop,62,direct,12.0,11.658791579101575,1.1221989056078685,True,392
referral_app (n=4000),partialling-out + 1-hop,62,peer,40.0,36.99256305241604,1.8000278658361628,True,392
referral_app (n=4000),paper mode,62,direct,12.0,10.593967056840745,1.4926500112414194,True,324
referral_app (n=4000),paper mode,62,peer,40.0,38.105323455756206,2.431169358659449,True,324
"paper eq. 38, ER n=3000","default (IV-type, buffered, 2 hops)",62,direct,10.0,10.094680433990993,0.08117406756863756,True,687
"paper eq. 38, ER n=3000","default (IV-type, buffered, 2 hops)",62,peer,5.0,5.1106987629567495,0.06379564446543937,True,687
"paper eq. 38, ER n=3000",partialling-out score,62,direct,10.0,10.259888311542984,0.13441788565943336,True,687
"paper eq. 38, ER n=3000",partialling-out score,62,peer,5.0,5.058898569942161,0.09846274742860225,True,687
"paper eq. 38, ER n=3000",focal-only training,62,direct,10.0,10.123760658908685,0.0886167725069669,True,687
"paper eq. 38, ER n=3000",focal-only training,62,peer,5.0,5.181518744665149,0.07978260937245323,False,687
"paper eq. 38, ER n=3000",1-hop features,62,direct,10.0,10.10014019391004,0.0818856012026548,True,687
"paper eq. 38, ER n=3000",1-hop features,62,peer,5.0,5.120220409669642,0.061632988994713894,True,687
"paper eq. 38, ER n=3000",partialling-out + 1-hop,62,direct,10.0,10.079616822274014,0.13296414130420406,True,687
"paper eq. 38, ER n=3000",partialling-out + 1-hop,62,peer,5.0,5.01993010425826,0.10241439839147659,True,687
"paper eq. 38, ER n=3000",paper mode,62,direct,10.0,9.393264865425449,0.3746026684105027,True,559
"paper eq. 38, ER n=3000",paper mode,62,peer,5.0,4.473799402433098,0.30021870747475576,True,559
"paper eq. 39, ER n=3000","default (IV-type, buffered, 2 hops)",62,direct,20.0,20.146269574492262,0.07959640354600918,True,687
"paper eq. 39, ER n=3000","default (IV-type, buffered, 2 hops)",62,peer,5.0,5.085794192439523,0.057761428924850526,True,687
"paper eq. 39, ER n=3000",partialling-out score,62,direct,20.0,20.082310008053252,0.17063935590556903,True,687
"paper eq. 39, ER n=3000",partialling-out score,62,peer,5.0,5.210977832962186,0.13415856647206428,True,687
"paper eq. 39, ER n=3000",focal-only training,62,direct,20.0,20.150229630049814,0.07884585121273127,True,687
"paper eq. 39, ER n=3000",focal-only training,62,peer,5.0,5.074716834926591,0.05440405016478279,True,687
"paper eq. 39, ER n=3000",1-hop features,62,direct,20.0,20.157755551624906,0.07993522704642202,False,687
"paper eq. 39, ER n=3000",1-hop features,62,peer,5.0,5.078823927786185,0.05716240232294197,True,687
"paper eq. 39, ER n=3000",partialling-out + 1-hop,62,direct,20.0,20.086773019707977,0.17423711197808386,True,687
"paper eq. 39, ER n=3000",partialling-out + 1-hop,62,peer,5.0,5.062976274453722,0.13411441950412195,True,687
"paper eq. 39, ER n=3000",paper mode,62,direct,20.0,19.13908381959618,0.36333636048371704,False,559
"paper eq. 39, ER n=3000",paper mode,62,peer,5.0,5.028785125003402,0.2858630202631108,True,559
flu_town (n=3000),"default (IV-type, buffered, 2 hops)",63,direct,-2.0,-2.012455481660005,0.1767753354643798,True,464
flu_town (n=3000),"default (IV-type, buffered, 2 hops)",63,peer,-0.5,-0.5067272435804503,0.09988504616874293,True,464
flu_town (n=3000),partialling-out score,63,direct,-2.0,-1.9954165551890632,0.176242903035407,True,464
flu_town (n=3000),partialling-out score,63,peer,-0.5,-0.5062011262809925,0.09312677883655507,True,464
flu_town (n=3000),focal-only training,63,direct,-2.0,-1.9405335226318778,0.17944925300602638,True,464
flu_town (n=3000),focal-only training,63,peer,-0.5,-0.6073081080866867,0.1073616484834649,True,464
flu_town (n=3000),1-hop features,63,direct,-2.0,-2.012364380682624,0.18278008798502224,True,464
flu_town (n=3000),1-hop features,63,peer,-0.5,-0.6019493412843419,0.10378621051728117,True,464
flu_town (n=3000),partialling-out + 1-hop,63,direct,-2.0,-1.8832513482267366,0.1745432661828833,True,464
flu_town (n=3000),partialling-out + 1-hop,63,peer,-0.5,-0.556571988881523,0.09432907042327207,True,464
flu_town (n=3000),paper mode,63,direct,-2.0,-1.8800508998401957,0.21674797725236108,True,397
flu_town (n=3000),paper mode,63,peer,-0.5,-0.6346976088417221,0.12190064549041331,True,397
referral_app (n=4000),"default (IV-type, buffered, 2 hops)",63,direct,12.0,13.790270518558664,0.8738472941833229,False,402
referral_app (n=4000),"default (IV-type, buffered, 2 hops)",63,peer,40.0,37.280646012132934,1.3625273845355743,False,402
referral_app (n=4000),partialling-out score,63,direct,12.0,13.006324301452679,0.9541507062412187,True,402
referral_app (n=4000),partialling-out score,63,peer,40.0,36.33111309158978,1.5879347613816377,False,402
referral_app (n=4000),focal-only training,63,direct,12.0,14.263273676701054,0.9498687388791375,False,402
referral_app (n=4000),focal-only training,63,peer,40.0,36.58845130644761,1.5130609946504114,False,402
referral_app (n=4000),1-hop features,63,direct,12.0,13.335479284732767,0.8749034099518866,True,402
referral_app (n=4000),1-hop features,63,peer,40.0,37.21752116147617,1.3976239436907065,False,402
referral_app (n=4000),partialling-out + 1-hop,63,direct,12.0,12.52907418754105,0.9810645431836605,True,402
referral_app (n=4000),partialling-out + 1-hop,63,peer,40.0,35.970049579823375,1.6055139695247025,False,402
referral_app (n=4000),paper mode,63,direct,12.0,14.126786587730379,1.2118802579964238,True,352
referral_app (n=4000),paper mode,63,peer,40.0,40.04329901640812,2.228851818448718,True,352
"paper eq. 38, ER n=3000","default (IV-type, buffered, 2 hops)",63,direct,10.0,9.993975088637821,0.09046787916573847,True,665
"paper eq. 38, ER n=3000","default (IV-type, buffered, 2 hops)",63,peer,5.0,4.931714450244037,0.0636932146876224,True,665
"paper eq. 38, ER n=3000",partialling-out score,63,direct,10.0,9.8661382264081,0.14074921733644258,True,665
"paper eq. 38, ER n=3000",partialling-out score,63,peer,5.0,4.91058533413629,0.1067156566426796,True,665
"paper eq. 38, ER n=3000",focal-only training,63,direct,10.0,10.047637132792191,0.09457711279373614,True,665
"paper eq. 38, ER n=3000",focal-only training,63,peer,5.0,4.951580725742092,0.0651962155660812,True,665
"paper eq. 38, ER n=3000",1-hop features,63,direct,10.0,9.982967670596656,0.09034962701631322,True,665
"paper eq. 38, ER n=3000",1-hop features,63,peer,5.0,4.911067853412542,0.06173502297301369,True,665
"paper eq. 38, ER n=3000",partialling-out + 1-hop,63,direct,10.0,9.987050355388972,0.1373198156196201,True,665
"paper eq. 38, ER n=3000",partialling-out + 1-hop,63,peer,5.0,4.977451562772216,0.10264411534728694,True,665
"paper eq. 38, ER n=3000",paper mode,63,direct,10.0,10.55717934948103,0.38104885200346217,True,533
"paper eq. 38, ER n=3000",paper mode,63,peer,5.0,5.113050630084235,0.28378320302649906,True,533
"paper eq. 39, ER n=3000","default (IV-type, buffered, 2 hops)",63,direct,20.0,19.94135698174253,0.08274085241284765,True,665
"paper eq. 39, ER n=3000","default (IV-type, buffered, 2 hops)",63,peer,5.0,5.010756935082602,0.05731810704020218,True,665
"paper eq. 39, ER n=3000",partialling-out score,63,direct,20.0,19.73806211271082,0.19071958257109448,True,665
"paper eq. 39, ER n=3000",partialling-out score,63,peer,5.0,5.122293225762802,0.14281590081828333,True,665
"paper eq. 39, ER n=3000",focal-only training,63,direct,20.0,19.950967546721383,0.08341341594881105,True,665
"paper eq. 39, ER n=3000",focal-only training,63,peer,5.0,5.0289749547307645,0.0530239640900779,True,665
"paper eq. 39, ER n=3000",1-hop features,63,direct,20.0,19.92584729223631,0.08355061978761043,True,665
"paper eq. 39, ER n=3000",1-hop features,63,peer,5.0,5.017156264688344,0.057146817283527086,True,665
"paper eq. 39, ER n=3000",partialling-out + 1-hop,63,direct,20.0,19.779744158172583,0.17408826620067275,True,665
"paper eq. 39, ER n=3000",partialling-out + 1-hop,63,peer,5.0,5.204917924755305,0.12259407520322413,True,665
"paper eq. 39, ER n=3000",paper mode,63,direct,20.0,20.58493045297477,0.3986125534893113,True,533
"paper eq. 39, ER n=3000",paper mode,63,peer,5.0,5.504930578070961,0.285274001405303,True,533
flu_town (n=3000),"default (IV-type, buffered, 2 hops)",64,direct,-2.0,-2.2081541774313966,0.17012357522510524,True,478
flu_town (n=3000),"default (IV-type, buffered, 2 hops)",64,peer,-0.5,-0.5874258876866378,0.09783495732150854,True,478
flu_town (n=3000),partialling-out score,64,direct,-2.0,-2.1110226442691613,0.17589175572094568,True,478
flu_town (n=3000),partialling-out score,64,peer,-0.5,-0.6059896511755565,0.10152865989180133,True,478
flu_town (n=3000),focal-only training,64,direct,-2.0,-2.0887688512856277,0.17710702738606587,True,478
flu_town (n=3000),focal-only training,64,peer,-0.5,-0.7034711827296471,0.15807623333756723,True,478
flu_town (n=3000),1-hop features,64,direct,-2.0,-2.1604902191494526,0.16830723981631074,True,478
flu_town (n=3000),1-hop features,64,peer,-0.5,-0.602054352394958,0.09504257168045312,True,478
flu_town (n=3000),partialling-out + 1-hop,64,direct,-2.0,-1.9922403912059061,0.17654252905300521,True,478
flu_town (n=3000),partialling-out + 1-hop,64,peer,-0.5,-0.6289905226131128,0.09750691591678554,True,478
flu_town (n=3000),paper mode,64,direct,-2.0,-2.2960368128708493,0.2220988509124941,True,400
flu_town (n=3000),paper mode,64,peer,-0.5,-0.5979669938338136,0.10013121276107752,True,400
referral_app (n=4000),"default (IV-type, buffered, 2 hops)",64,direct,12.0,11.087908378337255,0.9911988240222996,True,389
referral_app (n=4000),"default (IV-type, buffered, 2 hops)",64,peer,40.0,39.69467012259765,1.6565079945816301,True,389
referral_app (n=4000),partialling-out score,64,direct,12.0,11.306903735215835,1.0732761286614467,True,389
referral_app (n=4000),partialling-out score,64,peer,40.0,38.987380627045304,1.7963969379705973,True,389
referral_app (n=4000),focal-only training,64,direct,12.0,12.87240310950236,1.019861574931635,True,389
referral_app (n=4000),focal-only training,64,peer,40.0,38.676219164234716,1.7057310113070971,True,389
referral_app (n=4000),1-hop features,64,direct,12.0,10.456269259186598,0.9636594211668187,True,389
referral_app (n=4000),1-hop features,64,peer,40.0,39.247065441744866,1.6045951929169153,True,389
referral_app (n=4000),partialling-out + 1-hop,64,direct,12.0,10.56691583589804,1.0306543776341064,True,389
referral_app (n=4000),partialling-out + 1-hop,64,peer,40.0,38.9209690260205,1.7881404617190093,True,389
referral_app (n=4000),paper mode,64,direct,12.0,15.936829285396499,1.2530705986101867,False,345
referral_app (n=4000),paper mode,64,peer,40.0,39.59430789523407,2.160339598414013,True,345
"paper eq. 38, ER n=3000","default (IV-type, buffered, 2 hops)",64,direct,10.0,10.097007634334625,0.08389940058856753,True,680
"paper eq. 38, ER n=3000","default (IV-type, buffered, 2 hops)",64,peer,5.0,5.032441534304119,0.07185097859464816,True,680
"paper eq. 38, ER n=3000",partialling-out score,64,direct,10.0,10.17325013742476,0.13563630017970155,True,680
"paper eq. 38, ER n=3000",partialling-out score,64,peer,5.0,4.975809630288231,0.10587664830545683,True,680
"paper eq. 38, ER n=3000",focal-only training,64,direct,10.0,10.112480535632583,0.09458947006713105,True,680
"paper eq. 38, ER n=3000",focal-only training,64,peer,5.0,5.071221359016261,0.10278132463917058,True,680
"paper eq. 38, ER n=3000",1-hop features,64,direct,10.0,10.103823903275853,0.08436308723794148,True,680
"paper eq. 38, ER n=3000",1-hop features,64,peer,5.0,5.031951362963548,0.07259592039065749,True,680
"paper eq. 38, ER n=3000",partialling-out + 1-hop,64,direct,10.0,10.226787143222596,0.1400011085160363,True,680
"paper eq. 38, ER n=3000",partialling-out + 1-hop,64,peer,5.0,5.0382167012044965,0.11469703208708222,True,680
"paper eq. 38, ER n=3000",paper mode,64,direct,10.0,9.647704526236566,0.36088129643855,True,558
"paper eq. 38, ER n=3000",paper mode,64,peer,5.0,5.164998804681271,0.32991530772604505,True,558
"paper eq. 39, ER n=3000","default (IV-type, buffered, 2 hops)",64,direct,20.0,20.1274347084234,0.07938527538945526,True,680
"paper eq. 39, ER n=3000","default (IV-type, buffered, 2 hops)",64,peer,5.0,5.004648567081721,0.06645276163044825,True,680
"paper eq. 39, ER n=3000",partialling-out score,64,direct,20.0,20.06995933101319,0.19092496685335072,True,680
"paper eq. 39, ER n=3000",partialling-out score,64,peer,5.0,4.9127754577708,0.14013865536319692,True,680
"paper eq. 39, ER n=3000",focal-only training,64,direct,20.0,20.119313791267846,0.09870532395317404,True,680
"paper eq. 39, ER n=3000",focal-only training,64,peer,5.0,5.102967633803335,0.09006043858603434,True,680
"paper eq. 39, ER n=3000",1-hop features,64,direct,20.0,20.12388414537034,0.08034806790415576,True,680
"paper eq. 39, ER n=3000",1-hop features,64,peer,5.0,4.998959820975956,0.06523601307043453,True,680
"paper eq. 39, ER n=3000",partialling-out + 1-hop,64,direct,20.0,20.274630352605616,0.1812471203137485,True,680
"paper eq. 39, ER n=3000",partialling-out + 1-hop,64,peer,5.0,4.829234154074533,0.13299350452607633,True,680
"paper eq. 39, ER n=3000",paper mode,64,direct,20.0,19.927571040002178,0.3842860258666429,True,558
"paper eq. 39, ER n=3000",paper mode,64,peer,5.0,5.431553737712015,0.35734489867758606,True,558
flu_town (n=3000),"default (IV-type, buffered, 2 hops)",65,direct,-2.0,-2.2107252404115383,0.20393012612685188,True,474
flu_town (n=3000),"default (IV-type, buffered, 2 hops)",65,peer,-0.5,-0.527649657840571,0.10011735977152743,True,474
flu_town (n=3000),partialling-out score,65,direct,-2.0,-2.2027317992691455,0.1969943655639732,True,474
flu_town (n=3000),partialling-out score,65,peer,-0.5,-0.44399618858397266,0.09981192569094637,True,474
flu_town (n=3000),focal-only training,65,direct,-2.0,-2.2347932616370154,0.19247669427721584,True,474
flu_town (n=3000),focal-only training,65,peer,-0.5,-0.5328045188522157,0.09162267049708975,True,474
flu_town (n=3000),1-hop features,65,direct,-2.0,-2.1850799167598973,0.20384321352854798,True,474
flu_town (n=3000),1-hop features,65,peer,-0.5,-0.5227713841315128,0.09910026272022683,True,474
flu_town (n=3000),partialling-out + 1-hop,65,direct,-2.0,-2.259994787444335,0.20032991479451767,True,474
flu_town (n=3000),partialling-out + 1-hop,65,peer,-0.5,-0.45536528346922267,0.09591449160191835,True,474
flu_town (n=3000),paper mode,65,direct,-2.0,-1.8995483632935504,0.235128606453326,True,400
flu_town (n=3000),paper mode,65,peer,-0.5,-0.3527595854266834,0.09453118166840559,True,400
referral_app (n=4000),"default (IV-type, buffered, 2 hops)",65,direct,12.0,12.314937853700751,0.8719177975427865,True,402
referral_app (n=4000),"default (IV-type, buffered, 2 hops)",65,peer,40.0,42.57991517056111,1.8466347877891787,True,402
referral_app (n=4000),partialling-out score,65,direct,12.0,11.240252954519274,0.9939166705338914,True,402
referral_app (n=4000),partialling-out score,65,peer,40.0,42.51073984010997,1.8510864558496152,True,402
referral_app (n=4000),focal-only training,65,direct,12.0,12.739926582132906,1.0264107506807414,True,402
referral_app (n=4000),focal-only training,65,peer,40.0,43.171876536482515,2.999832496109721,True,402
referral_app (n=4000),1-hop features,65,direct,12.0,12.115020637674224,0.8824472691381035,True,402
referral_app (n=4000),1-hop features,65,peer,40.0,42.97244696423906,1.8130774559075964,True,402
referral_app (n=4000),partialling-out + 1-hop,65,direct,12.0,11.37671323523128,1.024490024834216,True,402
referral_app (n=4000),partialling-out + 1-hop,65,peer,40.0,42.67637454795205,1.8522697504608776,True,402
referral_app (n=4000),paper mode,65,direct,12.0,13.871638704935629,1.2173169961009849,True,365
referral_app (n=4000),paper mode,65,peer,40.0,42.07087113720047,2.471542074185654,True,365
"paper eq. 38, ER n=3000","default (IV-type, buffered, 2 hops)",65,direct,10.0,9.995011753315726,0.08015813858367944,True,666
"paper eq. 38, ER n=3000","default (IV-type, buffered, 2 hops)",65,peer,5.0,4.933319640180779,0.05867839096986929,True,666
"paper eq. 38, ER n=3000",partialling-out score,65,direct,10.0,9.958960182184889,0.13252222834294133,True,666
"paper eq. 38, ER n=3000",partialling-out score,65,peer,5.0,4.994549971247564,0.09245244962264791,True,666
"paper eq. 38, ER n=3000",focal-only training,65,direct,10.0,9.97323848733955,0.09141483517355493,True,666
"paper eq. 38, ER n=3000",focal-only training,65,peer,5.0,5.01885241677693,0.0824115184091102,True,666
"paper eq. 38, ER n=3000",1-hop features,65,direct,10.0,9.99664137847026,0.08035439629673297,True,666
"paper eq. 38, ER n=3000",1-hop features,65,peer,5.0,4.941909996629027,0.059721116803928935,True,666
"paper eq. 38, ER n=3000",partialling-out + 1-hop,65,direct,10.0,9.919649403776829,0.13243073373267564,True,666
"paper eq. 38, ER n=3000",partialling-out + 1-hop,65,peer,5.0,4.886546171125074,0.09659648753598638,True,666
"paper eq. 38, ER n=3000",paper mode,65,direct,10.0,9.604979138251231,0.3869983418012079,True,537
"paper eq. 38, ER n=3000",paper mode,65,peer,5.0,4.44699904685193,0.3221185354697126,True,537
"paper eq. 39, ER n=3000","default (IV-type, buffered, 2 hops)",65,direct,20.0,20.045453246343214,0.07815654726411031,True,666
"paper eq. 39, ER n=3000","default (IV-type, buffered, 2 hops)",65,peer,5.0,5.00478233331283,0.05591322447351437,True,666
"paper eq. 39, ER n=3000",partialling-out score,65,direct,20.0,19.92486452102757,0.17417565940033194,True,666
"paper eq. 39, ER n=3000",partialling-out score,65,peer,5.0,5.212565705041029,0.12906250428077828,True,666
"paper eq. 39, ER n=3000",focal-only training,65,direct,20.0,20.00442411184797,0.08015952679649789,True,666
"paper eq. 39, ER n=3000",focal-only training,65,peer,5.0,5.017255210985132,0.06033248562446805,True,666
"paper eq. 39, ER n=3000",1-hop features,65,direct,20.0,20.030696093233527,0.07598753961489442,True,666
"paper eq. 39, ER n=3000",1-hop features,65,peer,5.0,4.9947622505337375,0.055205758491361695,True,666
"paper eq. 39, ER n=3000",partialling-out + 1-hop,65,direct,20.0,19.900573049783247,0.18095962800191778,True,666
"paper eq. 39, ER n=3000",partialling-out + 1-hop,65,peer,5.0,5.017278204890881,0.12765047774684557,True,666
"paper eq. 39, ER n=3000",paper mode,65,direct,20.0,19.31659249577383,0.3864785441708328,True,537
"paper eq. 39, ER n=3000",paper mode,65,peer,5.0,4.872870713284438,0.2869024867157135,True,537
flu_town (n=3000),"default (IV-type, buffered, 2 hops)",66,direct,-2.0,-2.1047559292276374,0.17712445532754745,True,479
flu_town (n=3000),"default (IV-type, buffered, 2 hops)",66,peer,-0.5,-0.36458285344638786,0.12020425902941381,True,479
flu_town (n=3000),partialling-out score,66,direct,-2.0,-2.14571172683609,0.18506699242362873,True,479
flu_town (n=3000),partialling-out score,66,peer,-0.5,-0.30604530892192244,0.10327783589552107,True,479
flu_town (n=3000),focal-only training,66,direct,-2.0,-2.171085130243271,0.17868566675974917,True,479
flu_town (n=3000),focal-only training,66,peer,-0.5,-0.4542774809852138,0.17679051170319435,True,479
flu_town (n=3000),1-hop features,66,direct,-2.0,-2.1446943410280235,0.1698354945058714,True,479
flu_town (n=3000),1-hop features,66,peer,-0.5,-0.38144307824739637,0.11432458708525502,True,479
flu_town (n=3000),partialling-out + 1-hop,66,direct,-2.0,-2.1648344717806283,0.18335446183940743,True,479
flu_town (n=3000),partialling-out + 1-hop,66,peer,-0.5,-0.3429674748109658,0.10631023210931496,True,479
flu_town (n=3000),paper mode,66,direct,-2.0,-1.7603679790644484,0.23873416044441514,True,394
flu_town (n=3000),paper mode,66,peer,-0.5,-0.3070213164742647,0.11858382684697734,True,394
referral_app (n=4000),"default (IV-type, buffered, 2 hops)",66,direct,12.0,11.897445022467519,0.8616933025724658,True,401
referral_app (n=4000),"default (IV-type, buffered, 2 hops)",66,peer,40.0,38.648789347744525,1.744093591832215,True,401
referral_app (n=4000),partialling-out score,66,direct,12.0,11.990558074346318,1.0216827684540835,True,401
referral_app (n=4000),partialling-out score,66,peer,40.0,37.7194025444293,1.9545640431899558,True,401
referral_app (n=4000),focal-only training,66,direct,12.0,12.983935398166038,0.9735540659886278,True,401
referral_app (n=4000),focal-only training,66,peer,40.0,40.42499919101802,2.2117419137029626,True,401
referral_app (n=4000),1-hop features,66,direct,12.0,11.854212504880735,0.8537235690367181,True,401
referral_app (n=4000),1-hop features,66,peer,40.0,39.018824513440585,1.7501822336479322,True,401
referral_app (n=4000),partialling-out + 1-hop,66,direct,12.0,11.765357293095558,0.9887643159458679,True,401
referral_app (n=4000),partialling-out + 1-hop,66,peer,40.0,37.89168940655236,1.8539752681319555,True,401
referral_app (n=4000),paper mode,66,direct,12.0,12.560088153581304,1.3319827406326932,True,349
referral_app (n=4000),paper mode,66,peer,40.0,37.95800250696377,2.602113178266606,True,349
"paper eq. 38, ER n=3000","default (IV-type, buffered, 2 hops)",66,direct,10.0,9.877104467940129,0.08134027084059045,True,677
"paper eq. 38, ER n=3000","default (IV-type, buffered, 2 hops)",66,peer,5.0,4.914909296263329,0.05458986232284755,True,677
"paper eq. 38, ER n=3000",partialling-out score,66,direct,10.0,9.874113706666249,0.13471596772139172,True,677
"paper eq. 38, ER n=3000",partialling-out score,66,peer,5.0,4.945134506467818,0.09530738222255829,True,677
"paper eq. 38, ER n=3000",focal-only training,66,direct,10.0,9.879778134393117,0.08626365440227675,True,677
"paper eq. 38, ER n=3000",focal-only training,66,peer,5.0,4.8925249273355025,0.0654988442520974,True,677
"paper eq. 38, ER n=3000",1-hop features,66,direct,10.0,9.851513669891048,0.07984223914955495,True,677
"paper eq. 38, ER n=3000",1-hop features,66,peer,5.0,4.912592921410806,0.052719469193054036,True,677
"paper eq. 38, ER n=3000",partialling-out + 1-hop,66,direct,10.0,9.877252446592125,0.1299500608016053,True,677
"paper eq. 38, ER n=3000",partialling-out + 1-hop,66,peer,5.0,4.88543111256491,0.0917443169249044,True,677
"paper eq. 38, ER n=3000",paper mode,66,direct,10.0,10.7919255659217,0.3694527167847029,False,556
"paper eq. 38, ER n=3000",paper mode,66,peer,5.0,4.470337363321778,0.3214012468148157,True,556
"paper eq. 39, ER n=3000","default (IV-type, buffered, 2 hops)",66,direct,20.0,19.80430996921114,0.07662897402692354,False,677
"paper eq. 39, ER n=3000","default (IV-type, buffered, 2 hops)",66,peer,5.0,4.9592998698481585,0.05131714143740509,True,677
"paper eq. 39, ER n=3000",partialling-out score,66,direct,20.0,19.694309289473455,0.16283547293951012,True,677
"paper eq. 39, ER n=3000",partialling-out score,66,peer,5.0,5.059950652766773,0.1266013353137234,True,677
"paper eq. 39, ER n=3000",focal-only training,66,direct,20.0,19.81745678348995,0.07548412006145057,False,677
"paper eq. 39, ER n=3000",focal-only training,66,peer,5.0,4.964775026439852,0.04991952502507317,True,677
"paper eq. 39, ER n=3000",1-hop features,66,direct,20.0,19.810749006397568,0.07554427514139246,False,677
"paper eq. 39, ER n=3000",1-hop features,66,peer,5.0,4.961512564960439,0.05021757383344257,True,677
"paper eq. 39, ER n=3000",partialling-out + 1-hop,66,direct,20.0,19.769564370953145,0.16290698312634191,True,677
"paper eq. 39, ER n=3000",partialling-out + 1-hop,66,peer,5.0,4.982580197392138,0.12751791487677064,True,677
"paper eq. 39, ER n=3000",paper mode,66,direct,20.0,20.044072050451287,0.36433288784989465,True,556
"paper eq. 39, ER n=3000",paper mode,66,peer,5.0,4.8953778719877645,0.26101426004695255,True,556
flu_town (n=3000),"default (IV-type, buffered, 2 hops)",67,direct,-2.0,-1.9675117364169723,0.1573455551136755,True,458
flu_town (n=3000),"default (IV-type, buffered, 2 hops)",67,peer,-0.5,-0.47592681781954815,0.08932534896743836,True,458
flu_town (n=3000),partialling-out score,67,direct,-2.0,-1.9232357822181614,0.1642942293066436,True,458
flu_town (n=3000),partialling-out score,67,peer,-0.5,-0.4695363305598137,0.09384534473732765,True,458
flu_town (n=3000),focal-only training,67,direct,-2.0,-1.9026682809875655,0.2035911011559619,True,458
flu_town (n=3000),focal-only training,67,peer,-0.5,-0.521802720907849,0.14191887152026092,True,458
flu_town (n=3000),1-hop features,67,direct,-2.0,-1.8982754392438976,0.15541714216072777,True,458
flu_town (n=3000),1-hop features,67,peer,-0.5,-0.4886674979590654,0.08574471816103198,True,458
flu_town (n=3000),partialling-out + 1-hop,67,direct,-2.0,-1.8897393241228544,0.16548640158436534,True,458
flu_town (n=3000),partialling-out + 1-hop,67,peer,-0.5,-0.4735864129681919,0.09512874430765632,True,458
flu_town (n=3000),paper mode,67,direct,-2.0,-1.886696190707038,0.22075639397819122,True,389
flu_town (n=3000),paper mode,67,peer,-0.5,-0.42754800387468367,0.09593493205747836,True,389
referral_app (n=4000),"default (IV-type, buffered, 2 hops)",67,direct,12.0,11.480271159134684,1.1714738203375916,True,393
referral_app (n=4000),"default (IV-type, buffered, 2 hops)",67,peer,40.0,38.858691504789206,1.8907294581723917,True,393
referral_app (n=4000),partialling-out score,67,direct,12.0,10.350573559676935,1.0293255954150287,True,393
referral_app (n=4000),partialling-out score,67,peer,40.0,39.47718502949073,1.7849142009238763,True,393
referral_app (n=4000),focal-only training,67,direct,12.0,12.544257633993968,1.0007910432678875,True,393
referral_app (n=4000),focal-only training,67,peer,40.0,40.358060321497405,1.6433938412984836,True,393
referral_app (n=4000),1-hop features,67,direct,12.0,11.619748438800238,1.1580211782628087,True,393
referral_app (n=4000),1-hop features,67,peer,40.0,39.64792284389953,1.8128096988936053,True,393
referral_app (n=4000),partialling-out + 1-hop,67,direct,12.0,10.327961297896454,1.0284623267246231,True,393
referral_app (n=4000),partialling-out + 1-hop,67,peer,40.0,39.82217657964937,1.8156462986979152,True,393
referral_app (n=4000),paper mode,67,direct,12.0,12.352847096511733,1.2278714336570702,True,328
referral_app (n=4000),paper mode,67,peer,40.0,39.55109596465161,2.1674553943250774,True,328
"paper eq. 38, ER n=3000","default (IV-type, buffered, 2 hops)",67,direct,10.0,10.015050489319574,0.08932826355022559,True,683
"paper eq. 38, ER n=3000","default (IV-type, buffered, 2 hops)",67,peer,5.0,5.054324897539017,0.08016864754112671,True,683
"paper eq. 38, ER n=3000",partialling-out score,67,direct,10.0,10.031065670686,0.13710827232139355,True,683
"paper eq. 38, ER n=3000",partialling-out score,67,peer,5.0,5.056467609902229,0.10740334661548312,True,683
"paper eq. 38, ER n=3000",focal-only training,67,direct,10.0,10.030563681578048,0.09544286462748494,True,683
"paper eq. 38, ER n=3000",focal-only training,67,peer,5.0,5.097300120375882,0.08575884152873754,True,683
"paper eq. 38, ER n=3000",1-hop features,67,direct,10.0,10.029498205748505,0.08875101608610798,True,683
"paper eq. 38, ER n=3000",1-hop features,67,peer,5.0,5.074823640739953,0.08242739276684061,True,683
"paper eq. 38, ER n=3000",partialling-out + 1-hop,67,direct,10.0,10.039865953438369,0.13294598975392224,True,683
"paper eq. 38, ER n=3000",partialling-out + 1-hop,67,peer,5.0,5.137296693450805,0.10345820908602577,True,683
"paper eq. 38, ER n=3000",paper mode,67,direct,10.0,10.327677113987123,0.37733949706706754,True,532
"paper eq. 38, ER n=3000",paper mode,67,peer,5.0,4.710758656135038,0.2692910048326053,True,532
"paper eq. 39, ER n=3000","default (IV-type, buffered, 2 hops)",67,direct,20.0,20.10064838646276,0.08329273934037448,True,683
"paper eq. 39, ER n=3000","default (IV-type, buffered, 2 hops)",67,peer,5.0,5.071290692544742,0.07030665037872876,True,683
"paper eq. 39, ER n=3000",partialling-out score,67,direct,20.0,20.14261313707731,0.17193596731401167,True,683
"paper eq. 39, ER n=3000",partialling-out score,67,peer,5.0,4.851061076017547,0.12548917521650307,True,683
"paper eq. 39, ER n=3000",focal-only training,67,direct,20.0,20.105802281117917,0.08020728606271847,True,683
"paper eq. 39, ER n=3000",focal-only training,67,peer,5.0,5.064605108963978,0.06728583233527045,True,683
"paper eq. 39, ER n=3000",1-hop features,67,direct,20.0,20.09179305478424,0.0889877080755871,True,683
"paper eq. 39, ER n=3000",1-hop features,67,peer,5.0,5.085605546085184,0.07437540730804358,True,683
"paper eq. 39, ER n=3000",partialling-out + 1-hop,67,direct,20.0,19.988598827585008,0.17240244306418828,True,683
"paper eq. 39, ER n=3000",partialling-out + 1-hop,67,peer,5.0,4.76176644942963,0.1327896763883613,True,683
"paper eq. 39, ER n=3000",paper mode,67,direct,20.0,20.623559897268585,0.3926996383334884,True,532
"paper eq. 39, ER n=3000",paper mode,67,peer,5.0,4.482033811386079,0.27909188982994426,True,532
flu_town (n=3000),"default (IV-type, buffered, 2 hops)",68,direct,-2.0,-1.8472803335849837,0.16135064162936807,True,484
flu_town (n=3000),"default (IV-type, buffered, 2 hops)",68,peer,-0.5,-0.31976736855263715,0.08035410471892783,False,484
flu_town (n=3000),partialling-out score,68,direct,-2.0,-1.7982417720708241,0.1749227565456463,True,484
flu_town (n=3000),partialling-out score,68,peer,-0.5,-0.3050042838291903,0.101040900573942,True,484
flu_town (n=3000),focal-only training,68,direct,-2.0,-1.9216750506733957,0.19165325785915188,True,484
flu_town (n=3000),focal-only training,68,peer,-0.5,-0.4898792597534332,0.21454439420816043,True,484
flu_town (n=3000),1-hop features,68,direct,-2.0,-1.9086149473743597,0.15771350164716097,True,484
flu_town (n=3000),1-hop features,68,peer,-0.5,-0.3363136076067668,0.08207877979947212,False,484
flu_town (n=3000),partialling-out + 1-hop,68,direct,-2.0,-1.863514175484365,0.1749029930801562,True,484
flu_town (n=3000),partialling-out + 1-hop,68,peer,-0.5,-0.33508270597752504,0.1014811532046977,True,484
flu_town (n=3000),paper mode,68,direct,-2.0,-2.2528225470384977,0.20433866221219107,True,400
flu_town (n=3000),paper mode,68,peer,-0.5,-0.436305741235457,0.08860119494691478,True,400
referral_app (n=4000),"default (IV-type, buffered, 2 hops)",68,direct,12.0,11.971329874111644,0.980673165576707,True,401
referral_app (n=4000),"default (IV-type, buffered, 2 hops)",68,peer,40.0,39.777156402015535,1.9970476619764692,True,401
referral_app (n=4000),partialling-out score,68,direct,12.0,11.808137106460947,1.0995979291023226,True,401
referral_app (n=4000),partialling-out score,68,peer,40.0,39.04030215172682,2.0454962159995245,True,401
referral_app (n=4000),focal-only training,68,direct,12.0,12.407428658965532,1.0062402147664937,True,401
referral_app (n=4000),focal-only training,68,peer,40.0,41.315147550811524,2.2502859607915426,True,401
referral_app (n=4000),1-hop features,68,direct,12.0,12.0796539857474,1.0023991498977949,True,401
referral_app (n=4000),1-hop features,68,peer,40.0,39.933707637292194,1.9893547375981284,True,401
referral_app (n=4000),partialling-out + 1-hop,68,direct,12.0,12.31076915694901,1.0868139718602587,True,401
referral_app (n=4000),partialling-out + 1-hop,68,peer,40.0,38.86684328876132,1.979881780055071,True,401
referral_app (n=4000),paper mode,68,direct,12.0,13.719698748712226,1.2441127093310107,True,344
referral_app (n=4000),paper mode,68,peer,40.0,38.99579091643094,2.3606412350312347,True,344
"paper eq. 38, ER n=3000","default (IV-type, buffered, 2 hops)",68,direct,10.0,9.898200899295086,0.0825429193250244,True,689
"paper eq. 38, ER n=3000","default (IV-type, buffered, 2 hops)",68,peer,5.0,5.104042744581926,0.06336684255808163,True,689
"paper eq. 38, ER n=3000",partialling-out score,68,direct,10.0,9.93768869794613,0.14639142426545082,True,689
"paper eq. 38, ER n=3000",partialling-out score,68,peer,5.0,5.101406785292885,0.106912662289614,True,689
"paper eq. 38, ER n=3000",focal-only training,68,direct,10.0,9.919118231857537,0.09707273234165581,True,689
"paper eq. 38, ER n=3000",focal-only training,68,peer,5.0,5.188693066439008,0.07680596671623996,False,689
"paper eq. 38, ER n=3000",1-hop features,68,direct,10.0,9.901139887548139,0.080620040082225,True,689
"paper eq. 38, ER n=3000",1-hop features,68,peer,5.0,5.1062241882741795,0.061291108368774265,True,689
"paper eq. 38, ER n=3000",partialling-out + 1-hop,68,direct,10.0,9.8844921332957,0.13628909685557003,True,689
"paper eq. 38, ER n=3000",partialling-out + 1-hop,68,peer,5.0,5.1153863093555145,0.09886163490624714,True,689
"paper eq. 38, ER n=3000",paper mode,68,direct,10.0,9.864619936055261,0.3719118434330962,True,536
"paper eq. 38, ER n=3000",paper mode,68,peer,5.0,4.976622270761481,0.27091755711699883,True,536
"paper eq. 39, ER n=3000","default (IV-type, buffered, 2 hops)",68,direct,20.0,19.982442562119093,0.08005522299327983,True,689
"paper eq. 39, ER n=3000","default (IV-type, buffered, 2 hops)",68,peer,5.0,5.074037625106039,0.05418498201109908,True,689
"paper eq. 39, ER n=3000",partialling-out score,68,direct,20.0,20.01326232394142,0.18607804364777633,True,689
"paper eq. 39, ER n=3000",partialling-out score,68,peer,5.0,4.992552867192209,0.14561459490863035,True,689
"paper eq. 39, ER n=3000",focal-only training,68,direct,20.0,19.97518072515939,0.07906070858199493,True,689
"paper eq. 39, ER n=3000",focal-only training,68,peer,5.0,5.069396856785266,0.04825993878465764,True,689
"paper eq. 39, ER n=3000",1-hop features,68,direct,20.0,19.998007530103234,0.07972552846209299,True,689
"paper eq. 39, ER n=3000",1-hop features,68,peer,5.0,5.067038119237386,0.055050332880237175,True,689
"paper eq. 39, ER n=3000",partialling-out + 1-hop,68,direct,20.0,19.90522697810922,0.17196977441362488,True,689
"paper eq. 39, ER n=3000",partialling-out + 1-hop,68,peer,5.0,5.0018686081970625,0.12690589499815522,True,689
"paper eq. 39, ER n=3000",paper mode,68,direct,20.0,19.68779130480685,0.3745030624899764,True,536
"paper eq. 39, ER n=3000",paper mode,68,peer,5.0,4.936655800511215,0.25776620053091204,True,536
flu_town (n=3000),"default (IV-type, buffered, 2 hops)",69,direct,-2.0,-2.010372686117486,0.17194174388879382,True,463
flu_town (n=3000),"default (IV-type, buffered, 2 hops)",69,peer,-0.5,-0.45996043065306763,0.09101108755454848,True,463
flu_town (n=3000),partialling-out score,69,direct,-2.0,-2.0110286073627672,0.16221702699834942,True,463
flu_town (n=3000),partialling-out score,69,peer,-0.5,-0.47714505660183176,0.08953836372915953,True,463
flu_town (n=3000),focal-only training,69,direct,-2.0,-1.9528664600987118,0.1660899689213179,True,463
flu_town (n=3000),focal-only training,69,peer,-0.5,-0.5033662998426216,0.08475199232648485,True,463
flu_town (n=3000),1-hop features,69,direct,-2.0,-2.021103786900315,0.1683876719144556,True,463
flu_town (n=3000),1-hop features,69,peer,-0.5,-0.4855435865764754,0.09108436065347689,True,463
flu_town (n=3000),partialling-out + 1-hop,69,direct,-2.0,-1.9916421563996694,0.1659698217185365,True,463
flu_town (n=3000),partialling-out + 1-hop,69,peer,-0.5,-0.47042509770044294,0.09251071346139708,True,463
flu_town (n=3000),paper mode,69,direct,-2.0,-1.8862248382415736,0.22494553435391212,True,392
flu_town (n=3000),paper mode,69,peer,-0.5,-0.3903031281622255,0.1054700198965478,True,392
referral_app (n=4000),"default (IV-type, buffered, 2 hops)",69,direct,12.0,12.254953802472999,0.8908468510379701,True,401
referral_app (n=4000),"default (IV-type, buffered, 2 hops)",69,peer,40.0,40.351030578681325,1.8146770612452177,True,401
referral_app (n=4000),partialling-out score,69,direct,12.0,12.3966810574691,0.9692790998110966,True,401
referral_app (n=4000),partialling-out score,69,peer,40.0,39.28570398310985,1.7233294633610303,True,401
referral_app (n=4000),focal-only training,69,direct,12.0,13.531910352845417,1.0385341730919626,True,401
referral_app (n=4000),focal-only training,69,peer,40.0,40.611417186831005,1.803025084864718,True,401
referral_app (n=4000),1-hop features,69,direct,12.0,12.094876390979232,0.8911183438155001,True,401
referral_app (n=4000),1-hop features,69,peer,40.0,40.02316716041384,1.8344565960080188,True,401
referral_app (n=4000),partialling-out + 1-hop,69,direct,12.0,11.855797207033147,0.9222350886152776,True,401
referral_app (n=4000),partialling-out + 1-hop,69,peer,40.0,40.86134068804119,1.6467147605857355,True,401
referral_app (n=4000),paper mode,69,direct,12.0,13.573822202590783,1.211263224745983,True,351
referral_app (n=4000),paper mode,69,peer,40.0,39.99945332372581,2.093731518542608,True,351
"paper eq. 38, ER n=3000","default (IV-type, buffered, 2 hops)",69,direct,10.0,10.115648061441723,0.08923110987690121,True,684
"paper eq. 38, ER n=3000","default (IV-type, buffered, 2 hops)",69,peer,5.0,4.987066582077148,0.07218577446907463,True,684
"paper eq. 38, ER n=3000",partialling-out score,69,direct,10.0,9.885908909169652,0.13882492336614732,True,684
"paper eq. 38, ER n=3000",partialling-out score,69,peer,5.0,4.72580336724875,0.10261604815099348,False,684
"paper eq. 38, ER n=3000",focal-only training,69,direct,10.0,10.072813850879665,0.0944800244677779,True,684
"paper eq. 38, ER n=3000",focal-only training,69,peer,5.0,5.015441874697066,0.0827744030582596,True,684
"paper eq. 38, ER n=3000",1-hop features,69,direct,10.0,10.08312982799122,0.08356709797862782,True,684
"paper eq. 38, ER n=3000",1-hop features,69,peer,5.0,4.963001752526999,0.06760529838419702,True,684
"paper eq. 38, ER n=3000",partialling-out + 1-hop,69,direct,10.0,9.918865274223908,0.1336258613884786,True,684
"paper eq. 38, ER n=3000",partialling-out + 1-hop,69,peer,5.0,4.806925729306379,0.09569437676589641,False,684
"paper eq. 38, ER n=3000",paper mode,69,direct,10.0,9.799139847743952,0.3389880588712779,True,555
"paper eq. 38, ER n=3000",paper mode,69,peer,5.0,4.999834297856137,0.2377161818177714,True,555
"paper eq. 39, ER n=3000","default (IV-type, buffered, 2 hops)",69,direct,20.0,20.02431506618993,0.0802056098686077,True,684
"paper eq. 39, ER n=3000","default (IV-type, buffered, 2 hops)",69,peer,5.0,5.066734221760228,0.0593149381253799,True,684
"paper eq. 39, ER n=3000",partialling-out score,69,direct,20.0,19.781291244296156,0.18497406003402986,True,684
"paper eq. 39, ER n=3000",partialling-out score,69,peer,5.0,4.943810709649433,0.15371719236282383,True,684
"paper eq. 39, ER n=3000",focal-only training,69,direct,20.0,20.019799192702923,0.07835458538678704,True,684
"paper eq. 39, ER n=3000",focal-only training,69,peer,5.0,5.0790521194059846,0.05845595498343707,True,684
"paper eq. 39, ER n=3000",1-hop features,69,direct,20.0,20.027985489699514,0.08069929221053582,True,684
"paper eq. 39, ER n=3000",1-hop features,69,peer,5.0,5.049151127168604,0.058318098001808046,True,684
"paper eq. 39, ER n=3000",partialling-out + 1-hop,69,direct,20.0,19.871891122892304,0.18305687959507325,True,684
"paper eq. 39, ER n=3000",partialling-out + 1-hop,69,peer,5.0,4.868112247651431,0.15301490157806721,True,684
"paper eq. 39, ER n=3000",paper mode,69,direct,20.0,19.907441094996845,0.37058264708257893,True,555
"paper eq. 39, ER n=3000",paper mode,69,peer,5.0,5.07783620831188,0.2903961555290128,True,555
flu_town (n=3000),"default (IV-type, buffered, 2 hops)",70,direct,-2.0,-2.073040686446194,0.1674134129198334,True,472
flu_town (n=3000),"default (IV-type, buffered, 2 hops)",70,peer,-0.5,-0.5787355440108789,0.07714285525713056,True,472
flu_town (n=3000),partialling-out score,70,direct,-2.0,-2.0649176940498637,0.15672645009872646,True,472
flu_town (n=3000),partialling-out score,70,peer,-0.5,-0.5430759654964064,0.08331609066606185,True,472
flu_town (n=3000),focal-only training,70,direct,-2.0,-1.94708618285075,0.19061550682830056,True,472
flu_town (n=3000),focal-only training,70,peer,-0.5,-0.5855258311116812,0.07383061133015155,True,472
flu_town (n=3000),1-hop features,70,direct,-2.0,-2.0770699273742386,0.1733127507636549,True,472
flu_town (n=3000),1-hop features,70,peer,-0.5,-0.5720462158480394,0.07816707457808432,True,472
flu_town (n=3000),partialling-out + 1-hop,70,direct,-2.0,-2.0981166208782702,0.1660312274944861,True,472
flu_town (n=3000),partialling-out + 1-hop,70,peer,-0.5,-0.4987124795229685,0.08476869364003445,True,472
flu_town (n=3000),paper mode,70,direct,-2.0,-2.3640923390771733,0.23715096457296878,True,392
flu_town (n=3000),paper mode,70,peer,-0.5,-0.40827398698912093,0.10996070427917821,True,392
referral_app (n=4000),"default (IV-type, buffered, 2 hops)",70,direct,12.0,12.211606056876496,0.9345748899389877,True,397
referral_app (n=4000),"default (IV-type, buffered, 2 hops)",70,peer,40.0,38.94489808153343,1.6181448972947854,True,397
referral_app (n=4000),partialling-out score,70,direct,12.0,11.211344386458187,1.0705218222037414,True,397
referral_app (n=4000),partialling-out score,70,peer,40.0,38.36436013811142,1.8475338216043644,True,397
referral_app (n=4000),focal-only training,70,direct,12.0,13.392542900088886,1.0159169117849227,True,397
referral_app (n=4000),focal-only training,70,peer,40.0,38.43444304523581,1.6048821061219294,True,397
referral_app (n=4000),1-hop features,70,direct,12.0,12.12584431100261,0.9170968267923657,True,397
referral_app (n=4000),1-hop features,70,peer,40.0,39.09303552820807,1.6056696352179833,True,397
referral_app (n=4000),partialling-out + 1-hop,70,direct,12.0,11.447559939122106,1.0274481171105692,True,397
referral_app (n=4000),partialling-out + 1-hop,70,peer,40.0,39.27245595530667,1.9284608250212425,True,397
referral_app (n=4000),paper mode,70,direct,12.0,14.046628833284148,1.2473019246955794,True,363
referral_app (n=4000),paper mode,70,peer,40.0,39.89863861751848,2.4565758796300234,True,363
"paper eq. 38, ER n=3000","default (IV-type, buffered, 2 hops)",70,direct,10.0,9.92790377302333,0.08255541353709653,True,677
"paper eq. 38, ER n=3000","default (IV-type, buffered, 2 hops)",70,peer,5.0,4.934224371498193,0.06385135689934919,True,677
"paper eq. 38, ER n=3000",partialling-out score,70,direct,10.0,10.065306797061282,0.14304500377604684,True,677
"paper eq. 38, ER n=3000",partialling-out score,70,peer,5.0,5.0261482146622765,0.1058122386560961,True,677
"paper eq. 38, ER n=3000",focal-only training,70,direct,10.0,9.907491493721325,0.0869810152245725,True,677
"paper eq. 38, ER n=3000",focal-only training,70,peer,5.0,4.919968726240487,0.07278958369675399,True,677
"paper eq. 38, ER n=3000",1-hop features,70,direct,10.0,9.913638474528486,0.08242577554725072,True,677
"paper eq. 38, ER n=3000",1-hop features,70,peer,5.0,4.963702854124143,0.06464596812565847,True,677
"paper eq. 38, ER n=3000",partialling-out + 1-hop,70,direct,10.0,10.131676078899291,0.13255159161897462,True,677
"paper eq. 38, ER n=3000",partialling-out + 1-hop,70,peer,5.0,5.0789958116328995,0.09786228100791221,True,677
"paper eq. 38, ER n=3000",paper mode,70,direct,10.0,10.063116540781486,0.37209688808998953,True,549
"paper eq. 38, ER n=3000",paper mode,70,peer,5.0,5.032212722900279,0.2976739173368108,True,549
"paper eq. 39, ER n=3000","default (IV-type, buffered, 2 hops)",70,direct,20.0,19.933337270782744,0.07812338536395566,True,677
"paper eq. 39, ER n=3000","default (IV-type, buffered, 2 hops)",70,peer,5.0,4.994171451678929,0.05325810859839818,True,677
"paper eq. 39, ER n=3000",partialling-out score,70,direct,20.0,20.195009967665086,0.19451546396026553,True,677
"paper eq. 39, ER n=3000",partialling-out score,70,peer,5.0,5.055753960465102,0.13451360593180312,True,677
"paper eq. 39, ER n=3000",focal-only training,70,direct,20.0,19.918559007978082,0.07749328883112852,True,677
"paper eq. 39, ER n=3000",focal-only training,70,peer,5.0,4.995437137753156,0.053750175029843666,True,677
"paper eq. 39, ER n=3000",1-hop features,70,direct,20.0,19.927521172691204,0.0757786025510662,True,677
"paper eq. 39, ER n=3000",1-hop features,70,peer,5.0,5.004971272276186,0.05143978360070239,True,677
"paper eq. 39, ER n=3000",partialling-out + 1-hop,70,direct,20.0,20.052167131582674,0.1740394464687235,True,677
"paper eq. 39, ER n=3000",partialling-out + 1-hop,70,peer,5.0,4.922777585263109,0.11544228308178062,True,677
"paper eq. 39, ER n=3000",paper mode,70,direct,20.0,20.306001298130855,0.369699668249172,True,549
"paper eq. 39, ER n=3000",paper mode,70,peer,5.0,4.853424969987821,0.2839024693159621,True,549
flu_town (n=3000),"default (IV-type, buffered, 2 hops)",71,direct,-2.0,-2.114137720969331,0.1996299580821975,True,471
flu_town (n=3000),"default (IV-type, buffered, 2 hops)",71,peer,-0.5,-0.5750230407982014,0.0983607121553524,True,471
flu_town (n=3000),partialling-out score,71,direct,-2.0,-2.0546242395877656,0.18922672197255155,True,471
flu_town (n=3000),partialling-out score,71,peer,-0.5,-0.5725885559916978,0.09587986663887224,True,471
flu_town (n=3000),focal-only training,71,direct,-2.0,-2.024571398101117,0.19856318215991908,True,471
flu_town (n=3000),focal-only training,71,peer,-0.5,-0.6121374992536194,0.09602512119642619,True,471
flu_town (n=3000),1-hop features,71,direct,-2.0,-2.117592542207825,0.19892511225031115,True,471
flu_town (n=3000),1-hop features,71,peer,-0.5,-0.5670565158317883,0.10478834010001703,True,471
flu_town (n=3000),partialling-out + 1-hop,71,direct,-2.0,-2.0283374598179607,0.18701428760513253,True,471
flu_town (n=3000),partialling-out + 1-hop,71,peer,-0.5,-0.5655021744618227,0.09744871303413226,True,471
flu_town (n=3000),paper mode,71,direct,-2.0,-1.7596008990584273,0.21099084584893776,True,394
flu_town (n=3000),paper mode,71,peer,-0.5,-0.38335614814479807,0.09673730079356749,True,394
referral_app (n=4000),"default (IV-type, buffered, 2 hops)",71,direct,12.0,13.386431887594723,0.9684228846975893,True,400
referral_app (n=4000),"default (IV-type, buffered, 2 hops)",71,peer,40.0,38.34340722948337,1.4823153164713192,True,400
referral_app (n=4000),partialling-out score,71,direct,12.0,12.872277345750664,1.0265775641041415,True,400
referral_app (n=4000),partialling-out score,71,peer,40.0,38.965550112410995,1.7343687484794985,True,400
referral_app (n=4000),focal-only training,71,direct,12.0,14.136527378150785,0.9712929136205767,False,400
referral_app (n=4000),focal-only training,71,peer,40.0,39.50822636867123,1.5857194193703796,True,400
referral_app (n=4000),1-hop features,71,direct,12.0,13.739723520758565,0.9489041931563383,True,400
referral_app (n=4000),1-hop features,71,peer,40.0,38.9013797418799,1.4318168401106504,True,400
referral_app (n=4000),partialling-out + 1-hop,71,direct,12.0,12.79915152993064,1.019945637949949,True,400
referral_app (n=4000),partialling-out + 1-hop,71,peer,40.0,39.18742596774161,1.713316339256247,True,400
referral_app (n=4000),paper mode,71,direct,12.0,15.101013159936715,1.2524748974910627,False,346
referral_app (n=4000),paper mode,71,peer,40.0,35.76051991393543,2.290348753452159,True,346
"paper eq. 38, ER n=3000","default (IV-type, buffered, 2 hops)",71,direct,10.0,9.853964092545088,0.08200758549425037,True,687
"paper eq. 38, ER n=3000","default (IV-type, buffered, 2 hops)",71,peer,5.0,4.984807999999926,0.0582936178558057,True,687
"paper eq. 38, ER n=3000",partialling-out score,71,direct,10.0,9.685680063518815,0.14079454772542566,False,687
"paper eq. 38, ER n=3000",partialling-out score,71,peer,5.0,5.068559589409462,0.10780419560543483,True,687
"paper eq. 38, ER n=3000",focal-only training,71,direct,10.0,9.879468027180037,0.08800012856080214,True,687
"paper eq. 38, ER n=3000",focal-only training,71,peer,5.0,4.997694058966182,0.06914808436287184,True,687
"paper eq. 38, ER n=3000",1-hop features,71,direct,10.0,9.85144035973616,0.082341804135298,True,687
"paper eq. 38, ER n=3000",1-hop features,71,peer,5.0,4.987809756100878,0.061455879872110084,True,687
"paper eq. 38, ER n=3000",partialling-out + 1-hop,71,direct,10.0,9.738070350073498,0.13497778593561607,True,687
"paper eq. 38, ER n=3000",partialling-out + 1-hop,71,peer,5.0,5.112474646436517,0.10202497760146464,True,687
"paper eq. 38, ER n=3000",paper mode,71,direct,10.0,10.013922913123858,0.4062469979390572,True,552
"paper eq. 38, ER n=3000",paper mode,71,peer,5.0,4.234827743970981,0.3008189214646177,False,552
"paper eq. 39, ER n=3000","default (IV-type, buffered, 2 hops)",71,direct,20.0,19.938454276539204,0.07654257293031487,True,687
"paper eq. 39, ER n=3000","default (IV-type, buffered, 2 hops)",71,peer,5.0,5.002924949072163,0.058894850564603106,True,687
"paper eq. 39, ER n=3000",partialling-out score,71,direct,20.0,19.683525783563965,0.18157692753741983,True,687
"paper eq. 39, ER n=3000",partialling-out score,71,peer,5.0,4.965287943445699,0.1410579855021918,True,687
"paper eq. 39, ER n=3000",focal-only training,71,direct,20.0,19.96249897227119,0.08520445811514504,True,687
"paper eq. 39, ER n=3000",focal-only training,71,peer,5.0,5.020090392767141,0.07032019060867385,True,687
"paper eq. 39, ER n=3000",1-hop features,71,direct,20.0,19.93193438793288,0.07565667908842362,True,687
"paper eq. 39, ER n=3000",1-hop features,71,peer,5.0,5.009302100077957,0.058860086391428604,True,687
"paper eq. 39, ER n=3000",partialling-out + 1-hop,71,direct,20.0,19.741611343151053,0.16648535550747395,True,687
"paper eq. 39, ER n=3000",partialling-out + 1-hop,71,peer,5.0,5.028355837377367,0.12958300318430893,True,687
"paper eq. 39, ER n=3000",paper mode,71,direct,20.0,19.811922486644217,0.4439742892919758,True,552
"paper eq. 39, ER n=3000",paper mode,71,peer,5.0,3.918413446736148,0.3544419384781857,False,552
flu_town (n=3000),"default (IV-type, buffered, 2 hops)",72,direct,-2.0,-1.919686299968221,0.1865052889862761,True,476
flu_town (n=3000),"default (IV-type, buffered, 2 hops)",72,peer,-0.5,-0.44663088560520925,0.07411542270396626,True,476
flu_town (n=3000),partialling-out score,72,direct,-2.0,-1.8719444777216674,0.18708641478513252,True,476
flu_town (n=3000),partialling-out score,72,peer,-0.5,-0.3864312514063384,0.08759479725462851,True,476
flu_town (n=3000),focal-only training,72,direct,-2.0,-1.9279015542182516,0.20259240041177876,True,476
flu_town (n=3000),focal-only training,72,peer,-0.5,-0.5332564668640424,0.0672501768083839,True,476
flu_town (n=3000),1-hop features,72,direct,-2.0,-1.967746112206653,0.18004464834240083,True,476
flu_town (n=3000),1-hop features,72,peer,-0.5,-0.5334979102519384,0.07296470190531225,True,476
flu_town (n=3000),partialling-out + 1-hop,72,direct,-2.0,-1.8898224655277287,0.19217212782432547,True,476
flu_town (n=3000),partialling-out + 1-hop,72,peer,-0.5,-0.47337440535708514,0.08521353613667193,True,476
flu_town (n=3000),paper mode,72,direct,-2.0,-1.9573284556449684,0.21844734324421228,True,404
flu_town (n=3000),paper mode,72,peer,-0.5,-0.30933050256232625,0.09532883110732356,False,404
referral_app (n=4000),"default (IV-type, buffered, 2 hops)",72,direct,12.0,10.760318757617068,0.9576202207604625,True,382
referral_app (n=4000),"default (IV-type, buffered, 2 hops)",72,peer,40.0,40.065021687052344,1.7004251943915851,True,382
referral_app (n=4000),partialling-out score,72,direct,12.0,10.998510756213207,0.9938175328250656,True,382
referral_app (n=4000),partialling-out score,72,peer,40.0,38.618017857015815,1.8335436661896543,True,382
referral_app (n=4000),focal-only training,72,direct,12.0,11.437352646081612,1.0716201755277905,True,382
referral_app (n=4000),focal-only training,72,peer,40.0,40.582584357092585,2.03365861303025,True,382
referral_app (n=4000),1-hop features,72,direct,12.0,10.709725289383616,0.9648356809727722,True,382
referral_app (n=4000),1-hop features,72,peer,40.0,40.36829175029086,1.653990170908775,True,382
referral_app (n=4000),partialling-out + 1-hop,72,direct,12.0,9.935468948488717,1.0375299349507658,False,382
referral_app (n=4000),partialling-out + 1-hop,72,peer,40.0,39.37565344284664,1.8829587790613704,True,382
referral_app (n=4000),paper mode,72,direct,12.0,13.482800145162473,1.282501347194838,True,337
referral_app (n=4000),paper mode,72,peer,40.0,42.03183698603493,2.2770232986141727,True,337
"paper eq. 38, ER n=3000","default (IV-type, buffered, 2 hops)",72,direct,10.0,9.87325371720524,0.08023018492732482,True,692
"paper eq. 38, ER n=3000","default (IV-type, buffered, 2 hops)",72,peer,5.0,5.009402226899277,0.0717621147957677,True,692
"paper eq. 38, ER n=3000",partialling-out score,72,direct,10.0,10.017491036264206,0.1308721750650168,True,692
"paper eq. 38, ER n=3000",partialling-out score,72,peer,5.0,5.018866520097647,0.09936578852514442,True,692
"paper eq. 38, ER n=3000",focal-only training,72,direct,10.0,9.9688013167786,0.08763154907630695,True,692
"paper eq. 38, ER n=3000",focal-only training,72,peer,5.0,5.031909365460063,0.06911721678114362,True,692
"paper eq. 38, ER n=3000",1-hop features,72,direct,10.0,9.895796835004967,0.07983603862584393,True,692
"paper eq. 38, ER n=3000",1-hop features,72,peer,5.0,5.001352722291273,0.06932136921793902,True,692
"paper eq. 38, ER n=3000",partialling-out + 1-hop,72,direct,10.0,9.986944093229305,0.12401679697113423,True,692
"paper eq. 38, ER n=3000",partialling-out + 1-hop,72,peer,5.0,5.070279258849249,0.09925521883631423,True,692
"paper eq. 38, ER n=3000",paper mode,72,direct,10.0,9.900230723839679,0.3279164511464566,True,569
"paper eq. 38, ER n=3000",paper mode,72,peer,5.0,4.852158149505156,0.2564999629962962,True,569
"paper eq. 39, ER n=3000","default (IV-type, buffered, 2 hops)",72,direct,20.0,19.89461003146335,0.07942521579009167,True,692
"paper eq. 39, ER n=3000","default (IV-type, buffered, 2 hops)",72,peer,5.0,5.026153415278058,0.06579160653856282,True,692
"paper eq. 39, ER n=3000",partialling-out score,72,direct,20.0,20.04407998318899,0.17262485096202498,True,692
"paper eq. 39, ER n=3000",partialling-out score,72,peer,5.0,4.819844013197607,0.13651810050187566,True,692
"paper eq. 39, ER n=3000",focal-only training,72,direct,20.0,19.887363608466302,0.07673766675444721,True,692
"paper eq. 39, ER n=3000",focal-only training,72,peer,5.0,4.988424270461991,0.057305258867865055,True,692
"paper eq. 39, ER n=3000",1-hop features,72,direct,20.0,19.87165310832053,0.07686944535577044,True,692
"paper eq. 39, ER n=3000",1-hop features,72,peer,5.0,5.0086681296872175,0.06354710322245778,True,692
"paper eq. 39, ER n=3000",partialling-out + 1-hop,72,direct,20.0,19.975048058423745,0.1560842403309049,True,692
"paper eq. 39, ER n=3000",partialling-out + 1-hop,72,peer,5.0,4.904965469178245,0.12772145769529258,True,692
"paper eq. 39, ER n=3000",paper mode,72,direct,20.0,19.640035404793306,0.34332018483550936,True,569
"paper eq. 39, ER n=3000",paper mode,72,peer,5.0,4.94703742194088,0.2582609853434482,True,569
flu_town (n=3000),"default (IV-type, buffered, 2 hops)",73,direct,-2.0,-1.9189765774103502,0.172504940466318,True,465
flu_town (n=3000),"default (IV-type, buffered, 2 hops)",73,peer,-0.5,-0.5127165979284228,0.13155792227107324,True,465
flu_town (n=3000),partialling-out score,73,direct,-2.0,-1.8671684983906391,0.18325108342288693,True,465
flu_town (n=3000),partialling-out score,73,peer,-0.5,-0.49508496285376086,0.0960278228829669,True,465
flu_town (n=3000),focal-only training,73,direct,-2.0,-2.0737631305673125,0.20861366721370564,True,465
flu_town (n=3000),focal-only training,73,peer,-0.5,-0.8402786035826145,0.49955218527764783,True,465
flu_town (n=3000),1-hop features,73,direct,-2.0,-1.8675509656461033,0.16877871501182676,True,465
flu_town (n=3000),1-hop features,73,peer,-0.5,-0.5406490781615954,0.12586645265213417,True,465
flu_town (n=3000),partialling-out + 1-hop,73,direct,-2.0,-1.8930027345110272,0.17269961938146722,True,465
flu_town (n=3000),partialling-out + 1-hop,73,peer,-0.5,-0.49753596185047716,0.0966162790070749,True,465
flu_town (n=3000),paper mode,73,direct,-2.0,-1.7691792506762436,0.22318758431711347,True,397
flu_town (n=3000),paper mode,73,peer,-0.5,-0.6085531564283116,0.09199655670412867,True,397
referral_app (n=4000),"default (IV-type, buffered, 2 hops)",73,direct,12.0,12.559296549978761,0.8337971046942461,True,396
referral_app (n=4000),"default (IV-type, buffered, 2 hops)",73,peer,40.0,39.378297196096156,1.625754368602652,True,396
referral_app (n=4000),partialling-out score,73,direct,12.0,11.628820654308232,0.9759731088247319,True,396
referral_app (n=4000),partialling-out score,73,peer,40.0,37.853028061728054,1.7743379375867363,True,396
referral_app (n=4000),focal-only training,73,direct,12.0,12.78690727957835,0.9605525761793197,True,396
referral_app (n=4000),focal-only training,73,peer,40.0,40.725519378140945,2.425501524850036,True,396
referral_app (n=4000),1-hop features,73,direct,12.0,12.955028769059185,0.8492236260624587,True,396
referral_app (n=4000),1-hop features,73,peer,40.0,39.587835755272856,1.5867085529702984,True,396
referral_app (n=4000),partialling-out + 1-hop,73,direct,12.0,12.69097175914335,0.9623724626431338,True,396
referral_app (n=4000),partialling-out + 1-hop,73,peer,40.0,38.64659048888484,1.7434880304626101,True,396
referral_app (n=4000),paper mode,73,direct,12.0,13.709993916937728,1.1842662275324034,True,354
referral_app (n=4000),paper mode,73,peer,40.0,37.38176155381533,2.399740766982671,True,354
"paper eq. 38, ER n=3000","default (IV-type, buffered, 2 hops)",73,direct,10.0,10.015742402645781,0.08237557586670968,True,674
"paper eq. 38, ER n=3000","default (IV-type, buffered, 2 hops)",73,peer,5.0,5.036147074617382,0.06133714254878491,True,674
"paper eq. 38, ER n=3000",partialling-out score,73,direct,10.0,10.249508882835858,0.13874680033114636,True,674
"paper eq. 38, ER n=3000",partialling-out score,73,peer,5.0,4.967044263563967,0.10820816912528225,True,674
"paper eq. 38, ER n=3000",focal-only training,73,direct,10.0,10.019443252000528,0.08861449414505339,True,674
"paper eq. 38, ER n=3000",focal-only training,73,peer,5.0,5.023328912348662,0.06060237188066308,True,674
"paper eq. 38, ER n=3000",1-hop features,73,direct,10.0,10.017573365710566,0.08143040898722663,True,674
"paper eq. 38, ER n=3000",1-hop features,73,peer,5.0,5.0408027338880235,0.059126048668816544,True,674
"paper eq. 38, ER n=3000",partialling-out + 1-hop,73,direct,10.0,10.13463482560505,0.13442615892877055,True,674
"paper eq. 38, ER n=3000",partialling-out + 1-hop,73,peer,5.0,5.019690913271725,0.10746753057166067,True,674
"paper eq. 38, ER n=3000",paper mode,73,direct,10.0,10.655707871886564,0.3581456558412058,True,538
"paper eq. 38, ER n=3000",paper mode,73,peer,5.0,4.67183547054374,0.30979692765210753,True,538
"paper eq. 39, ER n=3000","default (IV-type, buffered, 2 hops)",73,direct,20.0,20.047977727924966,0.07481273584092656,True,674
"paper eq. 39, ER n=3000","default (IV-type, buffered, 2 hops)",73,peer,5.0,4.977854944586149,0.051753352267973396,True,674
"paper eq. 39, ER n=3000",partialling-out score,73,direct,20.0,20.12918395226094,0.17791166946788706,True,674
"paper eq. 39, ER n=3000",partialling-out score,73,peer,5.0,4.924422001186238,0.1335366263683161,True,674
"paper eq. 39, ER n=3000",focal-only training,73,direct,20.0,20.046820300670067,0.07653237747343726,True,674
"paper eq. 39, ER n=3000",focal-only training,73,peer,5.0,5.005438232763295,0.04958909069145227,True,674
"paper eq. 39, ER n=3000",1-hop features,73,direct,20.0,20.035620538271154,0.07467007784652295,True,674
"paper eq. 39, ER n=3000",1-hop features,73,peer,5.0,4.981721279853481,0.050647495098625275,True,674
"paper eq. 39, ER n=3000",partialling-out + 1-hop,73,direct,20.0,20.064428628845064,0.16661135592734405,True,674
"paper eq. 39, ER n=3000",partialling-out + 1-hop,73,peer,5.0,5.020661097743303,0.11815662066015106,True,674
"paper eq. 39, ER n=3000",paper mode,73,direct,20.0,20.103122565802952,0.34544803494686216,True,538
"paper eq. 39, ER n=3000",paper mode,73,peer,5.0,5.049749612670031,0.2402029762073606,True,538
flu_town (n=3000),"default (IV-type, buffered, 2 hops)",74,direct,-2.0,-1.840379870538512,0.19842151722906815,True,462
flu_town (n=3000),"default (IV-type, buffered, 2 hops)",74,peer,-0.5,-0.4521764760106823,0.0833238522895442,True,462
flu_town (n=3000),partialling-out score,74,direct,-2.0,-1.8831437386114385,0.18804426195436763,True,462
flu_town (n=3000),partialling-out score,74,peer,-0.5,-0.4286655271144013,0.08959565632880588,True,462
flu_town (n=3000),focal-only training,74,direct,-2.0,-1.9312975908790881,0.19665398138390658,True,462
flu_town (n=3000),focal-only training,74,peer,-0.5,-0.44877172518613845,0.061136947794102496,True,462
flu_town (n=3000),1-hop features,74,direct,-2.0,-1.8471130786072654,0.19777474719556906,True,462
flu_town (n=3000),1-hop features,74,peer,-0.5,-0.41510476679161445,0.08200524065306042,True,462
flu_town (n=3000),partialling-out + 1-hop,74,direct,-2.0,-1.850695281012458,0.18170908060104726,True,462
flu_town (n=3000),partialling-out + 1-hop,74,peer,-0.5,-0.3980594353799386,0.09063620312064005,True,462
flu_town (n=3000),paper mode,74,direct,-2.0,-1.7148305606079746,0.2346387295016989,True,385
flu_town (n=3000),paper mode,74,peer,-0.5,-0.3881739736572741,0.09498910294088077,True,385
referral_app (n=4000),"default (IV-type, buffered, 2 hops)",74,direct,12.0,11.41461717205536,0.9488399877235812,True,396
referral_app (n=4000),"default (IV-type, buffered, 2 hops)",74,peer,40.0,39.567393708550966,1.803893584980905,True,396
referral_app (n=4000),partialling-out score,74,direct,12.0,10.694623417999454,1.0211963988395667,True,396
referral_app (n=4000),partialling-out score,74,peer,40.0,38.25431332222656,1.7866398311575613,True,396
referral_app (n=4000),focal-only training,74,direct,12.0,11.733230235282207,1.032547953423042,True,396
referral_app (n=4000),focal-only training,74,peer,40.0,40.10064009094548,2.1301553092287877,True,396
referral_app (n=4000),1-hop features,74,direct,12.0,11.607574888160359,0.9494283087278924,True,396
referral_app (n=4000),1-hop features,74,peer,40.0,39.90390246848714,1.809137416348592,True,396
referral_app (n=4000),partialling-out + 1-hop,74,direct,12.0,11.31460868230344,1.0347441702292608,True,396
referral_app (n=4000),partialling-out + 1-hop,74,peer,40.0,39.14252773094102,1.883530021796625,True,396
referral_app (n=4000),paper mode,74,direct,12.0,11.254302974857845,1.245591859805237,True,354
referral_app (n=4000),paper mode,74,peer,40.0,43.315915577226235,2.6117000176056515,True,354
"paper eq. 38, ER n=3000","default (IV-type, buffered, 2 hops)",74,direct,10.0,9.967065234595642,0.08428153571170897,True,701
"paper eq. 38, ER n=3000","default (IV-type, buffered, 2 hops)",74,peer,5.0,5.038886491542089,0.06800042403063386,True,701
"paper eq. 38, ER n=3000",partialling-out score,74,direct,10.0,10.09797302647693,0.13027496680393452,True,701
"paper eq. 38, ER n=3000",partialling-out score,74,peer,5.0,5.1450664070646175,0.09814078639508389,True,701
"paper eq. 38, ER n=3000",focal-only training,74,direct,10.0,9.972910584891823,0.08805111834371303,True,701
"paper eq. 38, ER n=3000",focal-only training,74,peer,5.0,5.069210004334862,0.07683435249883,True,701
"paper eq. 38, ER n=3000",1-hop features,74,direct,10.0,9.948020505049822,0.08439024317759698,True,701
"paper eq. 38, ER n=3000",1-hop features,74,peer,5.0,5.053043921735576,0.06762861251914774,True,701
"paper eq. 38, ER n=3000",partialling-out + 1-hop,74,direct,10.0,10.197802144384312,0.12880252432687778,True,701
"paper eq. 38, ER n=3000",partialling-out + 1-hop,74,peer,5.0,5.140957473839773,0.09634851042642299,True,701
"paper eq. 38, ER n=3000",paper mode,74,direct,10.0,10.044745121144532,0.3376437147820452,True,565
"paper eq. 38, ER n=3000",paper mode,74,peer,5.0,4.762408218301393,0.3102341394312625,True,565
"paper eq. 39, ER n=3000","default (IV-type, buffered, 2 hops)",74,direct,20.0,19.955950223411435,0.07901731922577293,True,701
"paper eq. 39, ER n=3000","default (IV-type, buffered, 2 hops)",74,peer,5.0,5.022598776249979,0.058046884323367035,True,701
"paper eq. 39, ER n=3000",partialling-out score,74,direct,20.0,20.069870302232438,0.1787604097739873,True,701
"paper eq. 39, ER n=3000",partialling-out score,74,peer,5.0,5.146220578842274,0.1365339250573779,True,701
"paper eq. 39, ER n=3000",focal-only training,74,direct,20.0,19.955311102002934,0.07556180385946568,True,701
"paper eq. 39, ER n=3000",focal-only training,74,peer,5.0,5.03177861022565,0.05957524427431784,True,701
"paper eq. 39, ER n=3000",1-hop features,74,direct,20.0,19.962512153141958,0.07690434979176981,True,701
"paper eq. 39, ER n=3000",1-hop features,74,peer,5.0,5.040018409319246,0.05740594285129948,True,701
"paper eq. 39, ER n=3000",partialling-out + 1-hop,74,direct,20.0,19.860258051100914,0.16909249176719388,True,701
"paper eq. 39, ER n=3000",partialling-out + 1-hop,74,peer,5.0,5.106984527528786,0.12586668987183486,True,701
"paper eq. 39, ER n=3000",paper mode,74,direct,20.0,19.92393664947841,0.3699537567099154,True,565
"paper eq. 39, ER n=3000",paper mode,74,peer,5.0,4.631760339570351,0.33798388734105395,True,565
flu_town (n=3000),"default (IV-type, buffered, 2 hops)",75,direct,-2.0,-1.8441474860905964,0.18655547358323843,True,480
flu_town (n=3000),"default (IV-type, buffered, 2 hops)",75,peer,-0.5,-0.5258535285534901,0.10151465754023158,True,480
flu_town (n=3000),partialling-out score,75,direct,-2.0,-1.699226832742957,0.1843043597264326,True,480
flu_town (n=3000),partialling-out score,75,peer,-0.5,-0.5069367073437603,0.08302808296790755,True,480
flu_town (n=3000),focal-only training,75,direct,-2.0,-1.7887232608408996,0.19496457539391576,True,480
flu_town (n=3000),focal-only training,75,peer,-0.5,-0.4779202404314475,0.09108132793249937,True,480
flu_town (n=3000),1-hop features,75,direct,-2.0,-1.8888336751478572,0.17691435119656804,True,480
flu_town (n=3000),1-hop features,75,peer,-0.5,-0.4854495354388625,0.0885851647837376,True,480
flu_town (n=3000),partialling-out + 1-hop,75,direct,-2.0,-1.8123030251231942,0.1866356573024817,True,480
flu_town (n=3000),partialling-out + 1-hop,75,peer,-0.5,-0.504064202619604,0.08214485400656973,True,480
flu_town (n=3000),paper mode,75,direct,-2.0,-1.6847323150052684,0.2218586629126354,True,416
flu_town (n=3000),paper mode,75,peer,-0.5,-0.3915732874975559,0.09245721116530825,True,416
referral_app (n=4000),"default (IV-type, buffered, 2 hops)",75,direct,12.0,13.34235633490737,1.0289636671470221,True,398
referral_app (n=4000),"default (IV-type, buffered, 2 hops)",75,peer,40.0,40.20839381034116,1.6006480057950268,True,398
referral_app (n=4000),partialling-out score,75,direct,12.0,12.346514973145249,0.9930661539065094,True,398
referral_app (n=4000),partialling-out score,75,peer,40.0,39.37143328461076,1.6846223074630138,True,398
referral_app (n=4000),focal-only training,75,direct,12.0,13.845158184325594,1.0709510752097566,True,398
referral_app (n=4000),focal-only training,75,peer,40.0,42.1952926988525,1.789893039737267,True,398
referral_app (n=4000),1-hop features,75,direct,12.0,13.35226948703404,1.016880888883755,True,398
referral_app (n=4000),1-hop features,75,peer,40.0,40.69768075766139,1.5305776899361139,True,398
referral_app (n=4000),partialling-out + 1-hop,75,direct,12.0,12.666897795324807,0.9718091514279216,True,398
referral_app (n=4000),partialling-out + 1-hop,75,peer,40.0,39.472027769387026,1.7376158638066739,True,398
referral_app (n=4000),paper mode,75,direct,12.0,13.481295790432645,1.3990509210052586,True,340
referral_app (n=4000),paper mode,75,peer,40.0,35.92003567080889,2.7311128908706737,True,340
"paper eq. 38, ER n=3000","default (IV-type, buffered, 2 hops)",75,direct,10.0,9.901042353071938,0.08643677997480383,True,652
"paper eq. 38, ER n=3000","default (IV-type, buffered, 2 hops)",75,peer,5.0,4.924422292107615,0.06215099565738506,True,652
"paper eq. 38, ER n=3000",partialling-out score,75,direct,10.0,9.857866701549058,0.14049171805297253,True,652
"paper eq. 38, ER n=3000",partialling-out score,75,peer,5.0,5.100632181494295,0.10515436630665251,True,652
"paper eq. 38, ER n=3000",focal-only training,75,direct,10.0,9.824339339963037,0.09411699974364567,True,652
"paper eq. 38, ER n=3000",focal-only training,75,peer,5.0,4.9467551574578055,0.0792262710718198,True,652
"paper eq. 38, ER n=3000",1-hop features,75,direct,10.0,9.885207099410954,0.08632276516321101,True,652
"paper eq. 38, ER n=3000",1-hop features,75,peer,5.0,4.900849004979371,0.06046298310787302,True,652
"paper eq. 38, ER n=3000",partialling-out + 1-hop,75,direct,10.0,9.854780187935761,0.13418182945648793,True,652
"paper eq. 38, ER n=3000",partialling-out + 1-hop,75,peer,5.0,4.9334034816132135,0.09734143436439495,True,652
"paper eq. 38, ER n=3000",paper mode,75,direct,10.0,10.921583226049146,0.39516732409162014,False,542
"paper eq. 38, ER n=3000",paper mode,75,peer,5.0,4.5018884053746815,0.3124711617488698,True,542
"paper eq. 39, ER n=3000","default (IV-type, buffered, 2 hops)",75,direct,20.0,19.959190622425478,0.08354869738319462,True,652
"paper eq. 39, ER n=3000","default (IV-type, buffered, 2 hops)",75,peer,5.0,4.958252051851384,0.05865362868235022,True,652
"paper eq. 39, ER n=3000",partialling-out score,75,direct,20.0,20.17863661325036,0.17137729510519595,True,652
"paper eq. 39, ER n=3000",partialling-out score,75,peer,5.0,5.059542884558504,0.12954739503411833,True,652
"paper eq. 39, ER n=3000",focal-only training,75,direct,20.0,19.935413279947124,0.08549122334538664,True,652
"paper eq. 39, ER n=3000",focal-only training,75,peer,5.0,4.982345454785988,0.06665003284588321,True,652
"paper eq. 39, ER n=3000",1-hop features,75,direct,20.0,19.957746596625242,0.08303660032494806,True,652
"paper eq. 39, ER n=3000",1-hop features,75,peer,5.0,4.956837276168566,0.05895494084861153,True,652
"paper eq. 39, ER n=3000",partialling-out + 1-hop,75,direct,20.0,19.86204012894534,0.173294600935967,True,652
"paper eq. 39, ER n=3000",partialling-out + 1-hop,75,peer,5.0,5.100878893597417,0.1215512862029757,True,652
"paper eq. 39, ER n=3000",paper mode,75,direct,20.0,20.914184835618382,0.43441946370519224,False,542
"paper eq. 39, ER n=3000",paper mode,75,peer,5.0,4.209407301858341,0.3092296804913092,False,542
flu_town (n=3000),"default (IV-type, buffered, 2 hops)",76,direct,-2.0,-2.050359068931742,0.16519001066627842,True,472
flu_town (n=3000),"default (IV-type, buffered, 2 hops)",76,peer,-0.5,-0.5556187436363937,0.07327362585468972,True,472
flu_town (n=3000),partialling-out score,76,direct,-2.0,-1.9918052107124329,0.17346882175142128,True,472
flu_town (n=3000),partialling-out score,76,peer,-0.5,-0.5777397838551963,0.08628050163986094,True,472
flu_town (n=3000),focal-only training,76,direct,-2.0,-2.0584149324301486,0.1791138011762638,True,472
flu_town (n=3000),focal-only training,76,peer,-0.5,-0.6835673352443777,0.1248827865543025,True,472
flu_town (n=3000),1-hop features,76,direct,-2.0,-2.0717929492027523,0.16746992417345324,True,472
flu_town (n=3000),1-hop features,76,peer,-0.5,-0.5546992044936243,0.07573873770723569,True,472
flu_town (n=3000),partialling-out + 1-hop,76,direct,-2.0,-2.012809304139041,0.1652589704361476,True,472
flu_town (n=3000),partialling-out + 1-hop,76,peer,-0.5,-0.5549405426008001,0.08403177306817154,True,472
flu_town (n=3000),paper mode,76,direct,-2.0,-1.4786517690900691,0.20352292769544678,False,386
flu_town (n=3000),paper mode,76,peer,-0.5,-0.4978324826626101,0.09881546220837029,True,386
referral_app (n=4000),"default (IV-type, buffered, 2 hops)",76,direct,12.0,12.324306171897652,0.8492125214044461,True,396
referral_app (n=4000),"default (IV-type, buffered, 2 hops)",76,peer,40.0,39.26858418664106,1.4253725074462065,True,396
referral_app (n=4000),partialling-out score,76,direct,12.0,12.513996593207558,0.953824954229399,True,396
referral_app (n=4000),partialling-out score,76,peer,40.0,38.917170752605855,1.5843998505851016,True,396
referral_app (n=4000),focal-only training,76,direct,12.0,13.211164000337385,0.9657577793373628,True,396
referral_app (n=4000),focal-only training,76,peer,40.0,40.29719278282761,2.011666787479037,True,396
referral_app (n=4000),1-hop features,76,direct,12.0,12.230451481732155,0.8475612662248492,True,396
referral_app (n=4000),1-hop features,76,peer,40.0,39.833842891699966,1.4669924390137365,True,396
referral_app (n=4000),partialling-out + 1-hop,76,direct,12.0,11.660870524021831,0.9776856216112265,True,396
referral_app (n=4000),partialling-out + 1-hop,76,peer,40.0,39.39433162934469,1.5782342815679355,True,396
referral_app (n=4000),paper mode,76,direct,12.0,11.978162707776512,1.2678288032725602,True,346
referral_app (n=4000),paper mode,76,peer,40.0,39.965035970277135,2.4709949460165817,True,346
"paper eq. 38, ER n=3000","default (IV-type, buffered, 2 hops)",76,direct,10.0,10.020035730421045,0.08759645331620375,True,687
"paper eq. 38, ER n=3000","default (IV-type, buffered, 2 hops)",76,peer,5.0,5.012434420417601,0.059239634749325074,True,687
"paper eq. 38, ER n=3000",partialling-out score,76,direct,10.0,10.003629428736838,0.12925812105782297,True,687
"paper eq. 38, ER n=3000",partialling-out score,76,peer,5.0,5.081100421401085,0.10528533662131578,True,687
"paper eq. 38, ER n=3000",focal-only training,76,direct,10.0,9.944357161615784,0.0898145213161569,True,687
"paper eq. 38, ER n=3000",focal-only training,76,peer,5.0,5.029478631008196,0.06106250746865299,True,687
"paper eq. 38, ER n=3000",1-hop features,76,direct,10.0,10.002054086869727,0.08762074260561914,True,687
"paper eq. 38, ER n=3000",1-hop features,76,peer,5.0,4.992277007771647,0.05986132839088241,True,687
"paper eq. 38, ER n=3000",partialling-out + 1-hop,76,direct,10.0,10.05391536880272,0.12140682593037706,True,687
"paper eq. 38, ER n=3000",partialling-out + 1-hop,76,peer,5.0,5.03751086917481,0.0971600327542916,True,687
"paper eq. 38, ER n=3000",paper mode,76,direct,10.0,10.162219515050952,0.35905455212925536,True,553
"paper eq. 38, ER n=3000",paper mode,76,peer,5.0,5.41348446132709,0.25056585685814886,True,553
"paper eq. 39, ER n=3000","default (IV-type, buffered, 2 hops)",76,direct,20.0,19.95937735706716,0.08049028809903559,True,687
"paper eq. 39, ER n=3000","default (IV-type, buffered, 2 hops)",76,peer,5.0,5.007915642529607,0.05669794196438269,True,687
"paper eq. 39, ER n=3000",partialling-out score,76,direct,20.0,20.221827936214723,0.1589473237140949,True,687
"paper eq. 39, ER n=3000",partialling-out score,76,peer,5.0,5.053357401273087,0.11938932211808553,True,687
"paper eq. 39, ER n=3000",focal-only training,76,direct,20.0,19.986111782964326,0.07820385125799645,True,687
"paper eq. 39, ER n=3000",focal-only training,76,peer,5.0,5.023036467076168,0.05737376531167191,True,687
"paper eq. 39, ER n=3000",1-hop features,76,direct,20.0,19.971179621275947,0.0805282883409411,True,687
"paper eq. 39, ER n=3000",1-hop features,76,peer,5.0,5.009948092678543,0.05744440912703799,True,687
"paper eq. 39, ER n=3000",partialling-out + 1-hop,76,direct,20.0,20.022095380945277,0.15157617417509434,True,687
"paper eq. 39, ER n=3000",partialling-out + 1-hop,76,peer,5.0,5.035281989996269,0.12163335582475196,True,687
"paper eq. 39, ER n=3000",paper mode,76,direct,20.0,19.889948576754026,0.3559904311961839,True,553
"paper eq. 39, ER n=3000",paper mode,76,peer,5.0,5.077872277344554,0.3053419573666364,True,553
flu_town (n=3000),"default (IV-type, buffered, 2 hops)",77,direct,-2.0,-1.9160605538381958,0.17345854390317572,True,476
flu_town (n=3000),"default (IV-type, buffered, 2 hops)",77,peer,-0.5,-0.45783352182872267,0.10135453197998295,True,476
flu_town (n=3000),partialling-out score,77,direct,-2.0,-1.9111341691929689,0.1731180025148511,True,476
flu_town (n=3000),partialling-out score,77,peer,-0.5,-0.4473788198086884,0.09059365493312257,True,476
flu_town (n=3000),focal-only training,77,direct,-2.0,-1.9938226596619855,0.1894720145475687,True,476
flu_town (n=3000),focal-only training,77,peer,-0.5,-0.633688798743363,0.20027657989263586,True,476
flu_town (n=3000),1-hop features,77,direct,-2.0,-1.9343638443954059,0.17258188832224547,True,476
flu_town (n=3000),1-hop features,77,peer,-0.5,-0.46895385828626807,0.09673880984540344,True,476
flu_town (n=3000),partialling-out + 1-hop,77,direct,-2.0,-1.9333850916313426,0.1687088745630438,True,476
flu_town (n=3000),partialling-out + 1-hop,77,peer,-0.5,-0.4438452342352618,0.09172665424796947,True,476
flu_town (n=3000),paper mode,77,direct,-2.0,-1.2938754023757488,0.22282939901687857,False,393
flu_town (n=3000),paper mode,77,peer,-0.5,-0.7885403331202911,0.10100430070410295,False,393
referral_app (n=4000),"default (IV-type, buffered, 2 hops)",77,direct,12.0,13.38384247383961,1.0173037029011012,True,378
referral_app (n=4000),"default (IV-type, buffered, 2 hops)",77,peer,40.0,41.39430404165901,1.6394267743215853,True,378
referral_app (n=4000),partialling-out score,77,direct,12.0,13.23812602698255,1.1443921235875085,True,378
referral_app (n=4000),partialling-out score,77,peer,40.0,41.10727245837514,1.7229735725424826,True,378
referral_app (n=4000),focal-only training,77,direct,12.0,14.686933951270426,1.0497721664075315,False,378
referral_app (n=4000),focal-only training,77,peer,40.0,41.83178423091402,2.0104961494917544,True,378
referral_app (n=4000),1-hop features,77,direct,12.0,13.305928516156941,1.0240303590393618,True,378
referral_app (n=4000),1-hop features,77,peer,40.0,41.371826607349675,1.6090509905063302,True,378
referral_app (n=4000),partialling-out + 1-hop,77,direct,12.0,13.196149177817228,1.1359145660676266,True,378
referral_app (n=4000),partialling-out + 1-hop,77,peer,40.0,41.20071615694944,1.7675079787474486,True,378
referral_app (n=4000),paper mode,77,direct,12.0,15.87147842042716,1.327761112942464,False,346
referral_app (n=4000),paper mode,77,peer,40.0,34.67737778852926,2.3756810161616895,False,346
"paper eq. 38, ER n=3000","default (IV-type, buffered, 2 hops)",77,direct,10.0,9.843513814708409,0.07998578747266834,True,721
"paper eq. 38, ER n=3000","default (IV-type, buffered, 2 hops)",77,peer,5.0,5.02613433228717,0.06233132652708077,True,721
"paper eq. 38, ER n=3000",partialling-out score,77,direct,10.0,9.90046231961523,0.1379899105570147,True,721
"paper eq. 38, ER n=3000",partialling-out score,77,peer,5.0,4.942105302599754,0.11331164237579726,True,721
"paper eq. 38, ER n=3000",focal-only training,77,direct,10.0,9.860757077108184,0.0830083386980096,True,721
"paper eq. 38, ER n=3000",focal-only training,77,peer,5.0,5.040853803379265,0.06496137031780254,True,721
"paper eq. 38, ER n=3000",1-hop features,77,direct,10.0,9.88770051953182,0.07853748661012123,True,721
"paper eq. 38, ER n=3000",1-hop features,77,peer,5.0,5.021664894596148,0.05930553726243744,True,721
"paper eq. 38, ER n=3000",partialling-out + 1-hop,77,direct,10.0,10.002939876693194,0.13204954780049077,True,721
"paper eq. 38, ER n=3000",partialling-out + 1-hop,77,peer,5.0,4.992202032651023,0.10287093227758601,True,721
"paper eq. 38, ER n=3000",paper mode,77,direct,10.0,9.853345538842419,0.3892105205173049,True,570
"paper eq. 38, ER n=3000",paper mode,77,peer,5.0,5.1214810902108345,0.3086414876432174,True,570
"paper eq. 39, ER n=3000","default (IV-type, buffered, 2 hops)",77,direct,20.0,19.875156206954138,0.07669853490139245,True,721
"paper eq. 39, ER n=3000","default (IV-type, buffered, 2 hops)",77,peer,5.0,4.996889264130346,0.051574315552648,True,721
"paper eq. 39, ER n=3000",partialling-out score,77,direct,20.0,19.852331096722583,0.18071462068109184,True,721
"paper eq. 39, ER n=3000",partialling-out score,77,peer,5.0,5.029152637517904,0.13300783037917333,True,721
"paper eq. 39, ER n=3000",focal-only training,77,direct,20.0,19.873110124241975,0.07549326880127086,True,721
"paper eq. 39, ER n=3000",focal-only training,77,peer,5.0,4.988973122795801,0.049492379801361897,True,721
"paper eq. 39, ER n=3000",1-hop features,77,direct,20.0,19.881814384996616,0.07623101559597711,True,721
"paper eq. 39, ER n=3000",1-hop features,77,peer,5.0,5.004895704494628,0.050917868140701435,True,721
"paper eq. 39, ER n=3000",partialling-out + 1-hop,77,direct,20.0,19.861744979873404,0.16610807034642092,True,721
"paper eq. 39, ER n=3000",partialling-out + 1-hop,77,peer,5.0,5.050078497216636,0.11981365897298431,True,721
"paper eq. 39, ER n=3000",paper mode,77,direct,20.0,19.718362881649735,0.38816308660635623,True,570
"paper eq. 39, ER n=3000",paper mode,77,peer,5.0,5.090407619348551,0.30828722490997845,True,570
flu_town (n=3000),"default (IV-type, buffered, 2 hops)",78,direct,-2.0,-1.9347946232405475,0.17754724860165905,True,464
flu_town (n=3000),"default (IV-type, buffered, 2 hops)",78,peer,-0.5,-0.4178417685791331,0.10533398464348254,True,464
flu_town (n=3000),partialling-out score,78,direct,-2.0,-1.8332150963214284,0.17816190806615856,True,464
flu_town (n=3000),partialling-out score,78,peer,-0.5,-0.35741315660894935,0.08719072796055699,True,464
flu_town (n=3000),focal-only training,78,direct,-2.0,-1.8143192839633842,0.20204830661573733,True,464
flu_town (n=3000),focal-only training,78,peer,-0.5,-0.5400318922617975,0.18513894846973963,True,464
flu_town (n=3000),1-hop features,78,direct,-2.0,-1.9174892126920442,0.17394498769832786,True,464
flu_town (n=3000),1-hop features,78,peer,-0.5,-0.40885428427294773,0.101657271318357,True,464
flu_town (n=3000),partialling-out + 1-hop,78,direct,-2.0,-1.7621615353833624,0.17663943675380114,True,464
flu_town (n=3000),partialling-out + 1-hop,78,peer,-0.5,-0.348326394081568,0.08750890789120744,True,464
flu_town (n=3000),paper mode,78,direct,-2.0,-1.740700918917745,0.19826495641962574,True,412
flu_town (n=3000),paper mode,78,peer,-0.5,-0.5118795793008291,0.11908715938541563,True,412
referral_app (n=4000),"default (IV-type, buffered, 2 hops)",78,direct,12.0,11.784228897209978,0.8720091740703931,True,391
referral_app (n=4000),"default (IV-type, buffered, 2 hops)",78,peer,40.0,39.376114524905866,1.7358540057898793,True,391
referral_app (n=4000),partialling-out score,78,direct,12.0,12.512832059291942,0.9007915972043032,True,391
referral_app (n=4000),partialling-out score,78,peer,40.0,40.06912660686647,1.6172311638114814,True,391
referral_app (n=4000),focal-only training,78,direct,12.0,13.209679359060493,0.9442708326615403,True,391
referral_app (n=4000),focal-only training,78,peer,40.0,38.56654490652733,1.660037875648196,True,391
referral_app (n=4000),1-hop features,78,direct,12.0,11.667511707816693,0.8758717848260575,True,391
referral_app (n=4000),1-hop features,78,peer,40.0,38.46898109792682,1.7236512697381083,True,391
referral_app (n=4000),partialling-out + 1-hop,78,direct,12.0,12.57549175408344,0.9494329753665643,True,391
referral_app (n=4000),partialling-out + 1-hop,78,peer,40.0,37.597157752604225,1.6462247260378529,True,391
referral_app (n=4000),paper mode,78,direct,12.0,14.15295355807667,1.2048131412784213,True,336
referral_app (n=4000),paper mode,78,peer,40.0,39.126263956603175,1.926113773966447,True,336
"paper eq. 38, ER n=3000","default (IV-type, buffered, 2 hops)",78,direct,10.0,10.02304986948002,0.09122077538915853,True,710
"paper eq. 38, ER n=3000","default (IV-type, buffered, 2 hops)",78,peer,5.0,4.928635527107448,0.06357212908908651,True,710
"paper eq. 38, ER n=3000",partialling-out score,78,direct,10.0,10.025711568143706,0.1360842721162838,True,710
"paper eq. 38, ER n=3000",partialling-out score,78,peer,5.0,4.758443181987795,0.1083426402273853,False,710
"paper eq. 38, ER n=3000",focal-only training,78,direct,10.0,10.072083287042116,0.09396589056809167,True,710
"paper eq. 38, ER n=3000",focal-only training,78,peer,5.0,4.897194914391433,0.06236697411376402,True,710
"paper eq. 38, ER n=3000",1-hop features,78,direct,10.0,9.992083563194232,0.08943352871682653,True,710
"paper eq. 38, ER n=3000",1-hop features,78,peer,5.0,4.962764514944618,0.06410640808055308,True,710
"paper eq. 38, ER n=3000",partialling-out + 1-hop,78,direct,10.0,10.108311443689917,0.13267326485105613,True,710
"paper eq. 38, ER n=3000",partialling-out + 1-hop,78,peer,5.0,4.836120551680445,0.10262845869895967,True,710
"paper eq. 38, ER n=3000",paper mode,78,direct,10.0,9.84186086233633,0.35187017258083386,True,559
"paper eq. 38, ER n=3000",paper mode,78,peer,5.0,4.937383255058831,0.3595103274810254,True,559
"paper eq. 39, ER n=3000","default (IV-type, buffered, 2 hops)",78,direct,20.0,20.05055707250583,0.08369093846535378,True,710
"paper eq. 39, ER n=3000","default (IV-type, buffered, 2 hops)",78,peer,5.0,4.998406157910382,0.06378781046149656,True,710
"paper eq. 39, ER n=3000",partialling-out score,78,direct,20.0,20.111475099752244,0.1717152932933422,True,710
"paper eq. 39, ER n=3000",partialling-out score,78,peer,5.0,4.976756433645955,0.13392741653529625,True,710
"paper eq. 39, ER n=3000",focal-only training,78,direct,20.0,20.072710476208687,0.08288867194742235,True,710
"paper eq. 39, ER n=3000",focal-only training,78,peer,5.0,5.029691779687167,0.06378409988474207,True,710
"paper eq. 39, ER n=3000",1-hop features,78,direct,20.0,20.04397937364941,0.08226429163470787,True,710
"paper eq. 39, ER n=3000",1-hop features,78,peer,5.0,5.0058776440580255,0.06363463857988808,True,710
"paper eq. 39, ER n=3000",partialling-out + 1-hop,78,direct,20.0,20.084392968157264,0.16073846348693901,True,710
"paper eq. 39, ER n=3000",partialling-out + 1-hop,78,peer,5.0,4.983856141308638,0.1219484389099332,True,710
"paper eq. 39, ER n=3000",paper mode,78,direct,20.0,19.582130498325352,0.3561821817654958,True,559
"paper eq. 39, ER n=3000",paper mode,78,peer,5.0,4.669505364185379,0.2886968415062559,True,559
flu_town (n=3000),"default (IV-type, buffered, 2 hops)",79,direct,-2.0,-1.533011302781657,0.1785373397428504,False,480
flu_town (n=3000),"default (IV-type, buffered, 2 hops)",79,peer,-0.5,-0.32026397447875904,0.08604826797133618,False,480
flu_town (n=3000),partialling-out score,79,direct,-2.0,-1.385794972731093,0.17153202232969555,False,480
flu_town (n=3000),partialling-out score,79,peer,-0.5,-0.2908196433183697,0.09162627830996456,False,480
flu_town (n=3000),focal-only training,79,direct,-2.0,-1.565741289376647,0.16511087544189917,False,480
flu_town (n=3000),focal-only training,79,peer,-0.5,-0.39297614397886943,0.08783829688418256,True,480
flu_town (n=3000),1-hop features,79,direct,-2.0,-1.49006960839993,0.17658893494033753,False,480
flu_town (n=3000),1-hop features,79,peer,-0.5,-0.29006305589564574,0.08370405333038303,False,480
flu_town (n=3000),partialling-out + 1-hop,79,direct,-2.0,-1.4189158884539401,0.16969883968816984,False,480
flu_town (n=3000),partialling-out + 1-hop,79,peer,-0.5,-0.2834157622790041,0.08488136889198822,False,480
flu_town (n=3000),paper mode,79,direct,-2.0,-1.3722714724210758,0.22952799241122665,False,405
flu_town (n=3000),paper mode,79,peer,-0.5,-0.5277706406786714,0.10977883822698523,True,405
referral_app (n=4000),"default (IV-type, buffered, 2 hops)",79,direct,12.0,13.050775487800477,0.9308560277840526,True,379
referral_app (n=4000),"default (IV-type, buffered, 2 hops)",79,peer,40.0,39.735392048077436,1.7348059110598069,True,379
referral_app (n=4000),partialling-out score,79,direct,12.0,12.427212951554015,0.9902387887384279,True,379
referral_app (n=4000),partialling-out score,79,peer,40.0,38.87997804830757,1.8497914009681713,True,379
referral_app (n=4000),focal-only training,79,direct,12.0,14.810207656447412,1.0554609917037034,False,379
referral_app (n=4000),focal-only training,79,peer,40.0,39.16397276564589,2.132076998870751,True,379
referral_app (n=4000),1-hop features,79,direct,12.0,12.967868795566538,0.9483313118688402,True,379
referral_app (n=4000),1-hop features,79,peer,40.0,39.91883903763677,1.7505890440323284,True,379
referral_app (n=4000),partialling-out + 1-hop,79,direct,12.0,12.202913315475033,0.9982821580748732,True,379
referral_app (n=4000),partialling-out + 1-hop,79,peer,40.0,37.85654166271148,1.8411748527305627,True,379
referral_app (n=4000),paper mode,79,direct,12.0,16.55636363019415,1.2685774956231957,False,326
referral_app (n=4000),paper mode,79,peer,40.0,39.05487526724257,2.363037457034275,True,326
"paper eq. 38, ER n=3000","default (IV-type, buffered, 2 hops)",79,direct,10.0,10.041868411521563,0.08671946371039288,True,682
"paper eq. 38, ER n=3000","default (IV-type, buffered, 2 hops)",79,peer,5.0,4.979023919742341,0.06277313241070877,True,682
"paper eq. 38, ER n=3000",partialling-out score,79,direct,10.0,10.007157505025544,0.13887166961790448,True,682
"paper eq. 38, ER n=3000",partialling-out score,79,peer,5.0,4.845098832434317,0.10612760061191906,True,682
"paper eq. 38, ER n=3000",focal-only training,79,direct,10.0,9.996553075179536,0.09355668196591523,True,682
"paper eq. 38, ER n=3000",focal-only training,79,peer,5.0,5.027501687521897,0.07698264263849333,True,682
"paper eq. 38, ER n=3000",1-hop features,79,direct,10.0,10.018730280982115,0.08559079389052926,True,682
"paper eq. 38, ER n=3000",1-hop features,79,peer,5.0,5.005728389051988,0.06300583585426238,True,682
"paper eq. 38, ER n=3000",partialling-out + 1-hop,79,direct,10.0,10.007404300843618,0.13642632385816786,True,682
"paper eq. 38, ER n=3000",partialling-out + 1-hop,79,peer,5.0,4.881796044654623,0.10140370836352879,True,682
"paper eq. 38, ER n=3000",paper mode,79,direct,10.0,9.385250761567157,0.3545782292010448,True,546
"paper eq. 38, ER n=3000",paper mode,79,peer,5.0,5.209655018607544,0.2665738717679317,True,546
"paper eq. 39, ER n=3000","default (IV-type, buffered, 2 hops)",79,direct,20.0,20.048925313485643,0.08240190556160946,True,682
"paper eq. 39, ER n=3000","default (IV-type, buffered, 2 hops)",79,peer,5.0,5.0301874505501685,0.06751379394825924,True,682
"paper eq. 39, ER n=3000",partialling-out score,79,direct,20.0,20.017547695919067,0.16921269873409803,True,682
"paper eq. 39, ER n=3000",partialling-out score,79,peer,5.0,4.9135782421084455,0.11393540105866662,True,682
"paper eq. 39, ER n=3000",focal-only training,79,direct,20.0,20.054349687410035,0.09217536324077183,True,682
"paper eq. 39, ER n=3000",focal-only training,79,peer,5.0,5.095785765585783,0.08500610651275826,True,682
"paper eq. 39, ER n=3000",1-hop features,79,direct,20.0,20.042679606991527,0.08149997792605783,True,682
"paper eq. 39, ER n=3000",1-hop features,79,peer,5.0,5.033401936952921,0.06813355242721808,True,682
"paper eq. 39, ER n=3000",partialling-out + 1-hop,79,direct,20.0,20.168275160939523,0.18021955089971495,True,682
"paper eq. 39, ER n=3000",partialling-out + 1-hop,79,peer,5.0,4.83704503425564,0.1246831585742241,True,682
"paper eq. 39, ER n=3000",paper mode,79,direct,20.0,20.11781759770298,0.3611925774581686,True,546
"paper eq. 39, ER n=3000",paper mode,79,peer,5.0,4.841652338707093,0.2735209144302846,True,546
flu_town (n=3000),"default (IV-type, buffered, 2 hops)",80,direct,-2.0,-1.869629878620111,0.1531899217602623,True,483
flu_town (n=3000),"default (IV-type, buffered, 2 hops)",80,peer,-0.5,-0.40511879397739103,0.08495819362987596,True,483
flu_town (n=3000),partialling-out score,80,direct,-2.0,-1.84670324646077,0.16078851584353446,True,483
flu_town (n=3000),partialling-out score,80,peer,-0.5,-0.42624876018538227,0.09577607318709641,True,483
flu_town (n=3000),focal-only training,80,direct,-2.0,-1.9099919443634106,0.1760999776553977,True,483
flu_town (n=3000),focal-only training,80,peer,-0.5,-0.4387359971583357,0.10441867212663943,True,483
flu_town (n=3000),1-hop features,80,direct,-2.0,-1.8693510298890437,0.15222748532666253,True,483
flu_town (n=3000),1-hop features,80,peer,-0.5,-0.40673888433069866,0.08749980489464727,True,483
flu_town (n=3000),partialling-out + 1-hop,80,direct,-2.0,-1.8008067931449985,0.16033863767992018,True,483
flu_town (n=3000),partialling-out + 1-hop,80,peer,-0.5,-0.3841208161369269,0.09212657883409614,True,483
flu_town (n=3000),paper mode,80,direct,-2.0,-1.6804371787823502,0.2207910469016897,True,409
flu_town (n=3000),paper mode,80,peer,-0.5,-0.46024806782232636,0.0950289023499721,True,409
referral_app (n=4000),"default (IV-type, buffered, 2 hops)",80,direct,12.0,13.681107318061194,0.8631340341478381,True,393
referral_app (n=4000),"default (IV-type, buffered, 2 hops)",80,peer,40.0,37.744518475254466,1.6812908300691918,True,393
referral_app (n=4000),partialling-out score,80,direct,12.0,13.153826894405842,0.9697691287044022,True,393
referral_app (n=4000),partialling-out score,80,peer,40.0,36.19800595442565,1.7382806782506521,False,393
referral_app (n=4000),focal-only training,80,direct,12.0,13.311941914012953,0.953469006962844,True,393
referral_app (n=4000),focal-only training,80,peer,40.0,37.08955979581323,1.6831199912172647,True,393
referral_app (n=4000),1-hop features,80,direct,12.0,13.518839792726608,0.8533292662508875,True,393
referral_app (n=4000),1-hop features,80,peer,40.0,37.54437131912425,1.6677794554141658,True,393
referral_app (n=4000),partialling-out + 1-hop,80,direct,12.0,13.69277512577692,0.9534185257340669,True,393
referral_app (n=4000),partialling-out + 1-hop,80,peer,40.0,36.36430115739008,1.7697548942691752,False,393
referral_app (n=4000),paper mode,80,direct,12.0,12.025955913842205,1.3015699601978588,True,350
referral_app (n=4000),paper mode,80,peer,40.0,41.459487510239846,2.400065739678644,True,350
"paper eq. 38, ER n=3000","default (IV-type, buffered, 2 hops)",80,direct,10.0,10.109444201743557,0.08208327651541729,True,679
"paper eq. 38, ER n=3000","default (IV-type, buffered, 2 hops)",80,peer,5.0,4.945563253662103,0.053445324414789525,True,679
"paper eq. 38, ER n=3000",partialling-out score,80,direct,10.0,10.107964666125557,0.13733616878547997,True,679
"paper eq. 38, ER n=3000",partialling-out score,80,peer,5.0,4.982690335564908,0.10171284541669695,True,679
"paper eq. 38, ER n=3000",focal-only training,80,direct,10.0,10.100054371585847,0.09290506594485998,True,679
"paper eq. 38, ER n=3000",focal-only training,80,peer,5.0,4.902264512687532,0.07806363509119263,True,679
"paper eq. 38, ER n=3000",1-hop features,80,direct,10.0,10.111678360029828,0.08297865212421257,True,679
"paper eq. 38, ER n=3000",1-hop features,80,peer,5.0,4.940416941504478,0.052278450376176865,True,679
"paper eq. 38, ER n=3000",partialling-out + 1-hop,80,direct,10.0,10.14774196374979,0.13208579417879462,True,679
"paper eq. 38, ER n=3000",partialling-out + 1-hop,80,peer,5.0,4.97150412617765,0.0894540521617091,True,679
"paper eq. 38, ER n=3000",paper mode,80,direct,10.0,9.579051465780738,0.3747998577556251,True,546
"paper eq. 38, ER n=3000",paper mode,80,peer,5.0,4.392432078458387,0.338269244100342,True,546
"paper eq. 39, ER n=3000","default (IV-type, buffered, 2 hops)",80,direct,20.0,20.10022692945666,0.07936160701932299,True,679
"paper eq. 39, ER n=3000","default (IV-type, buffered, 2 hops)",80,peer,5.0,4.953388492496729,0.05405464481680952,True,679
"paper eq. 39, ER n=3000",partialling-out score,80,direct,20.0,19.88502488014654,0.18346572743710382,True,679
"paper eq. 39, ER n=3000",partialling-out score,80,peer,5.0,4.9127041520564765,0.12075603025640741,True,679
"paper eq. 39, ER n=3000",focal-only training,80,direct,20.0,20.09907035104338,0.07886192586782093,True,679
"paper eq. 39, ER n=3000",focal-only training,80,peer,5.0,4.96682840531702,0.05807959041975651,True,679
"paper eq. 39, ER n=3000",1-hop features,80,direct,20.0,20.094999523892092,0.07989643977828217,True,679
"paper eq. 39, ER n=3000",1-hop features,80,peer,5.0,4.962985590013321,0.05368407953556477,True,679
"paper eq. 39, ER n=3000",partialling-out + 1-hop,80,direct,20.0,20.042889681389223,0.18227534016621952,True,679
"paper eq. 39, ER n=3000",partialling-out + 1-hop,80,peer,5.0,4.904079925047889,0.12290731601430782,True,679
"paper eq. 39, ER n=3000",paper mode,80,direct,20.0,20.273361962779536,0.40844202473788127,True,546
"paper eq. 39, ER n=3000",paper mode,80,peer,5.0,4.0329964633576525,0.3657451172315659,False,546
flu_town (n=3000),"default (IV-type, buffered, 2 hops)",81,direct,-2.0,-1.9866146870056312,0.16095789947734734,True,478
flu_town (n=3000),"default (IV-type, buffered, 2 hops)",81,peer,-0.5,-0.5918529234639003,0.08426192552770291,True,478
flu_town (n=3000),partialling-out score,81,direct,-2.0,-1.893774584946252,0.17372359473994906,True,478
flu_town (n=3000),partialling-out score,81,peer,-0.5,-0.5227934586618527,0.08648871436907579,True,478
flu_town (n=3000),focal-only training,81,direct,-2.0,-1.8956733360688516,0.20556550759626868,True,478
flu_town (n=3000),focal-only training,81,peer,-0.5,-0.5334054913595869,0.07318788866086981,True,478
flu_town (n=3000),1-hop features,81,direct,-2.0,-2.03262130583436,0.1633745564437566,True,478
flu_town (n=3000),1-hop features,81,peer,-0.5,-0.5293771748385148,0.08526930115532874,True,478
flu_town (n=3000),partialling-out + 1-hop,81,direct,-2.0,-1.973797881300975,0.1729915926527602,True,478
flu_town (n=3000),partialling-out + 1-hop,81,peer,-0.5,-0.47661645962609994,0.08641384700617351,True,478
flu_town (n=3000),paper mode,81,direct,-2.0,-2.0807574997080374,0.23125202037861858,True,401
flu_town (n=3000),paper mode,81,peer,-0.5,-0.48550658843474653,0.08680423901540639,True,401
referral_app (n=4000),"default (IV-type, buffered, 2 hops)",81,direct,12.0,12.537666709370827,0.8623014592313636,True,385
referral_app (n=4000),"default (IV-type, buffered, 2 hops)",81,peer,40.0,40.678223533653544,1.469317243833611,True,385
referral_app (n=4000),partialling-out score,81,direct,12.0,12.297654089973612,0.9449807091572587,True,385
referral_app (n=4000),partialling-out score,81,peer,40.0,39.912646443393726,1.622298136850694,True,385
referral_app (n=4000),focal-only training,81,direct,12.0,13.80584459653925,1.0066725744168472,True,385
referral_app (n=4000),focal-only training,81,peer,40.0,40.639337275806135,2.0498323911706677,True,385
referral_app (n=4000),1-hop features,81,direct,12.0,12.604572581508968,0.87586076479723,True,385
referral_app (n=4000),1-hop features,81,peer,40.0,40.444681051969724,1.5342638734213172,True,385
referral_app (n=4000),partialling-out + 1-hop,81,direct,12.0,12.572414980727844,0.9794088118669577,True,385
referral_app (n=4000),partialling-out + 1-hop,81,peer,40.0,39.77755200074583,1.6939286710335903,True,385
referral_app (n=4000),paper mode,81,direct,12.0,15.110568208378595,1.2900472775744667,False,351
referral_app (n=4000),paper mode,81,peer,40.0,38.43886431393794,2.448012662548401,True,351
"paper eq. 38, ER n=3000","default (IV-type, buffered, 2 hops)",81,direct,10.0,9.97468950405968,0.09156829925411265,True,674
"paper eq. 38, ER n=3000","default (IV-type, buffered, 2 hops)",81,peer,5.0,5.028080579091149,0.06628800317068112,True,674
"paper eq. 38, ER n=3000",partialling-out score,81,direct,10.0,9.817468677258702,0.13180388832923084,True,674
"paper eq. 38, ER n=3000",partialling-out score,81,peer,5.0,4.939125924400985,0.10491868985780896,True,674
"paper eq. 38, ER n=3000",focal-only training,81,direct,10.0,10.020353344934833,0.09306559374896331,True,674
"paper eq. 38, ER n=3000",focal-only training,81,peer,5.0,5.027833529138619,0.07662880067246278,True,674
"paper eq. 38, ER n=3000",1-hop features,81,direct,10.0,9.950497710845452,0.09025354316050489,True,674
"paper eq. 38, ER n=3000",1-hop features,81,peer,5.0,5.034412773820951,0.06616412050458413,True,674
"paper eq. 38, ER n=3000",partialling-out + 1-hop,81,direct,10.0,10.027778720004175,0.13172446002769878,True,674
"paper eq. 38, ER n=3000",partialling-out + 1-hop,81,peer,5.0,4.930445753326952,0.09977920813435263,True,674
"paper eq. 38, ER n=3000",paper mode,81,direct,10.0,10.327891139471047,0.35820650901176593,True,529
"paper eq. 38, ER n=3000",paper mode,81,peer,5.0,4.648420970696441,0.3183872101947341,True,529
"paper eq. 39, ER n=3000","default (IV-type, buffered, 2 hops)",81,direct,20.0,20.00289626773752,0.08450575991010194,True,674
"paper eq. 39, ER n=3000","default (IV-type, buffered, 2 hops)",81,peer,5.0,5.055054321006705,0.058084267857290796,True,674
"paper eq. 39, ER n=3000",partialling-out score,81,direct,20.0,19.82725667566467,0.17588757469905797,True,674
"paper eq. 39, ER n=3000",partialling-out score,81,peer,5.0,5.025423446567964,0.1364626909090758,True,674
"paper eq. 39, ER n=3000",focal-only training,81,direct,20.0,19.989622084571455,0.08394418157491867,True,674
"paper eq. 39, ER n=3000",focal-only training,81,peer,5.0,5.051536503729163,0.06310267538760825,True,674
"paper eq. 39, ER n=3000",1-hop features,81,direct,20.0,19.998452754428428,0.08276209920573778,True,674
"paper eq. 39, ER n=3000",1-hop features,81,peer,5.0,5.05636307210927,0.05784433179971138,True,674
"paper eq. 39, ER n=3000",partialling-out + 1-hop,81,direct,20.0,20.02917982401882,0.17231727127252952,True,674
"paper eq. 39, ER n=3000",partialling-out + 1-hop,81,peer,5.0,5.03019175303599,0.12644631487732352,True,674
"paper eq. 39, ER n=3000",paper mode,81,direct,20.0,20.00916435620418,0.36116178347834543,True,529
"paper eq. 39, ER n=3000",paper mode,81,peer,5.0,4.713559848573502,0.25667271495092037,True,529
flu_town (n=3000),"default (IV-type, buffered, 2 hops)",82,direct,-2.0,-2.1517228730531417,0.19537344342362076,True,469
flu_town (n=3000),"default (IV-type, buffered, 2 hops)",82,peer,-0.5,-0.498170185377646,0.08912820883606491,True,469
flu_town (n=3000),partialling-out score,82,direct,-2.0,-2.029995375108312,0.17809335413509994,True,469
flu_town (n=3000),partialling-out score,82,peer,-0.5,-0.5455502586204299,0.09330987917192242,True,469
flu_town (n=3000),focal-only training,82,direct,-2.0,-2.0744593681080854,0.17018705973369674,True,469
flu_town (n=3000),focal-only training,82,peer,-0.5,-0.45839608432249673,0.06948118924961344,True,469
flu_town (n=3000),1-hop features,82,direct,-2.0,-2.2308791064716154,0.20830199581790218,True,469
flu_town (n=3000),1-hop features,82,peer,-0.5,-0.5426180283165418,0.09495821039562544,True,469
flu_town (n=3000),partialling-out + 1-hop,82,direct,-2.0,-2.217853361297008,0.17765752797641485,True,469
flu_town (n=3000),partialling-out + 1-hop,82,peer,-0.5,-0.566138692334323,0.09560083591380379,True,469
flu_town (n=3000),paper mode,82,direct,-2.0,-2.134033634249544,0.22005835102130697,True,406
flu_town (n=3000),paper mode,82,peer,-0.5,-0.5427590977665003,0.08147131453417926,True,406
referral_app (n=4000),"default (IV-type, buffered, 2 hops)",82,direct,12.0,13.505183267069786,1.0137000267240979,True,391
referral_app (n=4000),"default (IV-type, buffered, 2 hops)",82,peer,40.0,38.34926694003172,1.4407620091422866,True,391
referral_app (n=4000),partialling-out score,82,direct,12.0,14.267003216250918,1.007903264115102,False,391
referral_app (n=4000),partialling-out score,82,peer,40.0,36.345244273540764,1.7093672487412994,False,391
referral_app (n=4000),focal-only training,82,direct,12.0,14.827992324931705,1.055297977579567,False,391
referral_app (n=4000),focal-only training,82,peer,40.0,37.53121565925461,1.3136623015887003,True,391
referral_app (n=4000),1-hop features,82,direct,12.0,13.559724601202257,1.0139805991193231,True,391
referral_app (n=4000),1-hop features,82,peer,40.0,38.38201972904217,1.491281080517701,True,391
referral_app (n=4000),partialling-out + 1-hop,82,direct,12.0,13.0612527693915,1.010261323979476,True,391
referral_app (n=4000),partialling-out + 1-hop,82,peer,40.0,36.20272320985482,1.5936533269509492,False,391
referral_app (n=4000),paper mode,82,direct,12.0,14.836749740812962,1.2781640675809176,False,340
referral_app (n=4000),paper mode,82,peer,40.0,38.42967972881472,2.201728997610534,True,340
"paper eq. 38, ER n=3000","default (IV-type, buffered, 2 hops)",82,direct,10.0,9.9854120680288,0.080932272934462,True,707
"paper eq. 38, ER n=3000","default (IV-type, buffered, 2 hops)",82,peer,5.0,5.0275403212108305,0.06605381025453878,True,707
"paper eq. 38, ER n=3000",partialling-out score,82,direct,10.0,10.01000475444148,0.1348190301759799,True,707
"paper eq. 38, ER n=3000",partialling-out score,82,peer,5.0,5.0426254102771315,0.10995727615052664,True,707
"paper eq. 38, ER n=3000",focal-only training,82,direct,10.0,9.978273659885211,0.0883254948236583,True,707
"paper eq. 38, ER n=3000",focal-only training,82,peer,5.0,5.015239111944503,0.07871148575507043,True,707
"paper eq. 38, ER n=3000",1-hop features,82,direct,10.0,9.981927936966454,0.08113134210862354,True,707
"paper eq. 38, ER n=3000",1-hop features,82,peer,5.0,5.02238732083641,0.06753264669588338,True,707
"paper eq. 38, ER n=3000",partialling-out + 1-hop,82,direct,10.0,9.837254326969292,0.14068370531714583,True,707
"paper eq. 38, ER n=3000",partialling-out + 1-hop,82,peer,5.0,4.972655675685815,0.11793171500815311,True,707
"paper eq. 38, ER n=3000",paper mode,82,direct,10.0,9.54056489457389,0.30414944471565836,True,572
"paper eq. 38, ER n=3000",paper mode,82,peer,5.0,5.803289492274261,0.2044801040656417,False,572
"paper eq. 39, ER n=3000","default (IV-type, buffered, 2 hops)",82,direct,20.0,20.002887282379376,0.07995867315193202,True,707
"paper eq. 39, ER n=3000","default (IV-type, buffered, 2 hops)",82,peer,5.0,5.022059282870105,0.061554270442846275,True,707
"paper eq. 39, ER n=3000",partialling-out score,82,direct,20.0,19.74160266682092,0.1684584148824543,True,707
"paper eq. 39, ER n=3000",partialling-out score,82,peer,5.0,4.880126168399116,0.13538643258719846,True,707
"paper eq. 39, ER n=3000",focal-only training,82,direct,20.0,20.000196273087038,0.07646765900629264,True,707
"paper eq. 39, ER n=3000",focal-only training,82,peer,5.0,5.030183577685543,0.05751774421773434,True,707
"paper eq. 39, ER n=3000",1-hop features,82,direct,20.0,20.0031968342961,0.07952101470833967,True,707
"paper eq. 39, ER n=3000",1-hop features,82,peer,5.0,5.0324764276882705,0.06439538625653936,True,707
"paper eq. 39, ER n=3000",partialling-out + 1-hop,82,direct,20.0,19.75113904692006,0.15476753319521663,True,707
"paper eq. 39, ER n=3000",partialling-out + 1-hop,82,peer,5.0,4.843975491132302,0.12416298488066169,True,707
"paper eq. 39, ER n=3000",paper mode,82,direct,20.0,19.451181998551053,0.33289732508289516,True,572
"paper eq. 39, ER n=3000",paper mode,82,peer,5.0,5.7750274218488675,0.24107829813360335,False,572
flu_town (n=3000),"default (IV-type, buffered, 2 hops)",83,direct,-2.0,-2.2116989449462676,0.20557504511681265,True,468
flu_town (n=3000),"default (IV-type, buffered, 2 hops)",83,peer,-0.5,-0.47864713926986846,0.10755080802768875,True,468
flu_town (n=3000),partialling-out score,83,direct,-2.0,-2.1948117570729027,0.2078127958459398,True,468
flu_town (n=3000),partialling-out score,83,peer,-0.5,-0.4256225799115724,0.09787652005459417,True,468
flu_town (n=3000),focal-only training,83,direct,-2.0,-2.169476382713588,0.1932037925514735,True,468
flu_town (n=3000),focal-only training,83,peer,-0.5,-0.6025946142898494,0.09079087501911662,True,468
flu_town (n=3000),1-hop features,83,direct,-2.0,-2.198264046112989,0.19867241527393423,True,468
flu_town (n=3000),1-hop features,83,peer,-0.5,-0.4592737089484448,0.10776478571346974,True,468
flu_town (n=3000),partialling-out + 1-hop,83,direct,-2.0,-2.1192109986961327,0.20204227786529294,True,468
flu_town (n=3000),partialling-out + 1-hop,83,peer,-0.5,-0.44114761733069996,0.09816381062232407,True,468
flu_town (n=3000),paper mode,83,direct,-2.0,-2.1925903097686597,0.23340499060520326,True,386
flu_town (n=3000),paper mode,83,peer,-0.5,-0.3965314726451978,0.10728057698218053,True,386
referral_app (n=4000),"default (IV-type, buffered, 2 hops)",83,direct,12.0,11.450869940719025,0.932677573000738,True,396
referral_app (n=4000),"default (IV-type, buffered, 2 hops)",83,peer,40.0,40.45950498349612,1.5333391497159479,True,396
referral_app (n=4000),partialling-out score,83,direct,12.0,10.914673540735654,1.0258686979988443,True,396
referral_app (n=4000),partialling-out score,83,peer,40.0,40.93770271599957,1.710120143890476,True,396
referral_app (n=4000),focal-only training,83,direct,12.0,12.434039788124421,1.0508748496548892,True,396
referral_app (n=4000),focal-only training,83,peer,40.0,38.85239080351976,2.103611404622104,True,396
referral_app (n=4000),1-hop features,83,direct,12.0,11.617700969864122,0.9240380804064918,True,396
referral_app (n=4000),1-hop features,83,peer,40.0,40.77907577386946,1.5813930918174488,True,396
referral_app (n=4000),partialling-out + 1-hop,83,direct,12.0,10.705993988218422,1.0443723828648408,True,396
referral_app (n=4000),partialling-out + 1-hop,83,peer,40.0,41.03175641387183,1.7233637938410198,True,396
referral_app (n=4000),paper mode,83,direct,12.0,15.100053181852246,1.2988871669121829,False,327
referral_app (n=4000),paper mode,83,peer,40.0,39.15456796943288,2.3140048858519675,True,327
"paper eq. 38, ER n=3000","default (IV-type, buffered, 2 hops)",83,direct,10.0,10.049404604097436,0.08256472209922493,True,695
"paper eq. 38, ER n=3000","default (IV-type, buffered, 2 hops)",83,peer,5.0,4.9412667520151565,0.061196958740674566,True,695
"paper eq. 38, ER n=3000",partialling-out score,83,direct,10.0,10.174043569109767,0.13934951883050054,True,695
"paper eq. 38, ER n=3000",partialling-out score,83,peer,5.0,4.947616844270052,0.10579716561114537,True,695
"paper eq. 38, ER n=3000",focal-only training,83,direct,10.0,10.06178152029913,0.0879582434188515,True,695
"paper eq. 38, ER n=3000",focal-only training,83,peer,5.0,5.007294600244139,0.06265023706568182,True,695
"paper eq. 38, ER n=3000",1-hop features,83,direct,10.0,10.081157965447225,0.0822217371402668,True,695
"paper eq. 38, ER n=3000",1-hop features,83,peer,5.0,4.935690356181303,0.05848557836382741,True,695
"paper eq. 38, ER n=3000",partialling-out + 1-hop,83,direct,10.0,10.12758575686739,0.13604916530557812,True,695
"paper eq. 38, ER n=3000",partialling-out + 1-hop,83,peer,5.0,4.901707042820685,0.10174110423524407,True,695
"paper eq. 38, ER n=3000",paper mode,83,direct,10.0,9.854530300810596,0.4067447266575494,True,543
"paper eq. 38, ER n=3000",paper mode,83,peer,5.0,3.983126524743104,0.32910018308232314,False,543
"paper eq. 39, ER n=3000","default (IV-type, buffered, 2 hops)",83,direct,20.0,20.00804088057612,0.0788792213938652,True,695
"paper eq. 39, ER n=3000","default (IV-type, buffered, 2 hops)",83,peer,5.0,4.901587727909252,0.05753445957004796,True,695
"paper eq. 39, ER n=3000",partialling-out score,83,direct,20.0,19.91041275133545,0.20122506233249443,True,695
"paper eq. 39, ER n=3000",partialling-out score,83,peer,5.0,4.935243031656388,0.14403475917344913,True,695
"paper eq. 39, ER n=3000",focal-only training,83,direct,20.0,20.03031205556198,0.07927357386967832,True,695
"paper eq. 39, ER n=3000",focal-only training,83,peer,5.0,4.911791601738129,0.0568789859185804,True,695
"paper eq. 39, ER n=3000",1-hop features,83,direct,20.0,20.02999005569139,0.08023968038893695,True,695
"paper eq. 39, ER n=3000",1-hop features,83,peer,5.0,4.919103226144482,0.05779372601568566,True,695
"paper eq. 39, ER n=3000",partialling-out + 1-hop,83,direct,20.0,19.906353959378006,0.18723429212985448,True,695
"paper eq. 39, ER n=3000",partialling-out + 1-hop,83,peer,5.0,5.065977480300247,0.12833023732271961,True,695
"paper eq. 39, ER n=3000",paper mode,83,direct,20.0,19.82342250608569,0.40829202772443646,True,543
"paper eq. 39, ER n=3000",paper mode,83,peer,5.0,4.196366727096536,0.3180060312890716,False,543
flu_town (n=3000),"default (IV-type, buffered, 2 hops)",84,direct,-2.0,-2.07285876152773,0.18291545203088144,True,476
flu_town (n=3000),"default (IV-type, buffered, 2 hops)",84,peer,-0.5,-0.5288316005177132,0.0840182431336747,True,476
flu_town (n=3000),partialling-out score,84,direct,-2.0,-1.9494802990801972,0.18737565721481608,True,476
flu_town (n=3000),partialling-out score,84,peer,-0.5,-0.5178628974325331,0.0938875381183971,True,476
flu_town (n=3000),focal-only training,84,direct,-2.0,-2.1423301826637613,0.20746493373158068,True,476
flu_town (n=3000),focal-only training,84,peer,-0.5,-0.565233905581386,0.08434491856878627,True,476
flu_town (n=3000),1-hop features,84,direct,-2.0,-2.004204025444324,0.17952533623345202,True,476
flu_town (n=3000),1-hop features,84,peer,-0.5,-0.5289613705283535,0.0770289175484107,True,476
flu_town (n=3000),partialling-out + 1-hop,84,direct,-2.0,-1.9363558461594834,0.18319428369890225,True,476
flu_town (n=3000),partialling-out + 1-hop,84,peer,-0.5,-0.5042888756271474,0.09513765165417172,True,476
flu_town (n=3000),paper mode,84,direct,-2.0,-1.9913071198810908,0.23086394725757173,True,401
flu_town (n=3000),paper mode,84,peer,-0.5,-0.38984173009306494,0.0913146902645519,True,401
referral_app (n=4000),"default (IV-type, buffered, 2 hops)",84,direct,12.0,11.993788488404839,0.9388565585016367,True,399
referral_app (n=4000),"default (IV-type, buffered, 2 hops)",84,peer,40.0,41.8600022852718,1.6134381999223129,True,399
referral_app (n=4000),partialling-out score,84,direct,12.0,11.542740561380809,1.1076114763156828,True,399
referral_app (n=4000),partialling-out score,84,peer,40.0,39.7520115456448,1.7553932540990353,True,399
referral_app (n=4000),focal-only training,84,direct,12.0,13.190692685945741,1.1276398799444898,True,399
referral_app (n=4000),focal-only training,84,peer,40.0,42.771423884566154,2.1031491380108527,True,399
referral_app (n=4000),1-hop features,84,direct,12.0,12.078841453564563,0.9363224510538667,True,399
referral_app (n=4000),1-hop features,84,peer,40.0,41.40888384490732,1.5919997925548455,True,399
referral_app (n=4000),partialling-out + 1-hop,84,direct,12.0,11.94839154023062,1.0751233108869318,True,399
referral_app (n=4000),partialling-out + 1-hop,84,peer,40.0,40.23221020643071,1.675282008096107,True,399
referral_app (n=4000),paper mode,84,direct,12.0,11.295179388485556,1.2522868953053845,True,346
referral_app (n=4000),paper mode,84,peer,40.0,39.27213882754161,2.148591172067459,True,346
"paper eq. 38, ER n=3000","default (IV-type, buffered, 2 hops)",84,direct,10.0,9.932702532884656,0.08357698226909485,True,693
"paper eq. 38, ER n=3000","default (IV-type, buffered, 2 hops)",84,peer,5.0,4.978717743186926,0.05753551228187621,True,693
"paper eq. 38, ER n=3000",partialling-out score,84,direct,10.0,9.765971667578587,0.13744772926099177,True,693
"paper eq. 38, ER n=3000",partialling-out score,84,peer,5.0,5.013375165789566,0.09754383195970522,True,693
"paper eq. 38, ER n=3000",focal-only training,84,direct,10.0,9.878164606563118,0.0846470467952539,True,693
"paper eq. 38, ER n=3000",focal-only training,84,peer,5.0,4.951131888749837,0.059697226187214944,True,693
"paper eq. 38, ER n=3000",1-hop features,84,direct,10.0,9.941942712306897,0.08260606970952158,True,693
"paper eq. 38, ER n=3000",1-hop features,84,peer,5.0,4.983546047963176,0.05656813207637057,True,693
"paper eq. 38, ER n=3000",partialling-out + 1-hop,84,direct,10.0,9.86004891979214,0.1345382018103995,True,693
"paper eq. 38, ER n=3000",partialling-out + 1-hop,84,peer,5.0,5.002636988400704,0.09570963494280972,True,693
"paper eq. 38, ER n=3000",paper mode,84,direct,10.0,10.209434670969713,0.37444964011905874,True,552
"paper eq. 38, ER n=3000",paper mode,84,peer,5.0,5.0491276034935995,0.2834445867056106,True,552
"paper eq. 39, ER n=3000","default (IV-type, buffered, 2 hops)",84,direct,20.0,19.963125067072824,0.07767858491343652,True,693
"paper eq. 39, ER n=3000","default (IV-type, buffered, 2 hops)",84,peer,5.0,4.966785529548501,0.06076367431571464,True,693
"paper eq. 39, ER n=3000",partialling-out score,84,direct,20.0,19.87816781988921,0.17424694446722158,True,693
"paper eq. 39, ER n=3000",partialling-out score,84,peer,5.0,5.075207722414823,0.12752665733377402,True,693
"paper eq. 39, ER n=3000",focal-only training,84,direct,20.0,19.98327999808841,0.09044499848336467,True,693
"paper eq. 39, ER n=3000",focal-only training,84,peer,5.0,5.010396368935913,0.08066220314642522,True,693
"paper eq. 39, ER n=3000",1-hop features,84,direct,20.0,19.957825747303602,0.07742003282386718,True,693
"paper eq. 39, ER n=3000",1-hop features,84,peer,5.0,4.984970956915816,0.05947960410372927,True,693
"paper eq. 39, ER n=3000",partialling-out + 1-hop,84,direct,20.0,19.752783186748427,0.16627094855510502,True,693
"paper eq. 39, ER n=3000",partialling-out + 1-hop,84,peer,5.0,5.067827989309846,0.11635205241050876,True,693
"paper eq. 39, ER n=3000",paper mode,84,direct,20.0,19.911607691196522,0.366958812451598,True,552
"paper eq. 39, ER n=3000",paper mode,84,peer,5.0,5.414317577582113,0.2866956217723901,True,552
flu_town (n=3000),"default (IV-type, buffered, 2 hops)",85,direct,-2.0,-2.1438760927944203,0.1709650126976725,True,466
flu_town (n=3000),"default (IV-type, buffered, 2 hops)",85,peer,-0.5,-0.4478312395294216,0.07977216649694227,True,466
flu_town (n=3000),partialling-out score,85,direct,-2.0,-2.266020062625165,0.17334150063159537,True,466
flu_town (n=3000),partialling-out score,85,peer,-0.5,-0.39598490892061194,0.08521916600881016,True,466
flu_town (n=3000),focal-only training,85,direct,-2.0,-2.2380950854317585,0.18805998149973707,True,466
flu_town (n=3000),focal-only training,85,peer,-0.5,-0.4390346622466827,0.11146672093839148,True,466
flu_town (n=3000),1-hop features,85,direct,-2.0,-2.130914593771942,0.16489742885721909,True,466
flu_town (n=3000),1-hop features,85,peer,-0.5,-0.45898942717558655,0.08146101800612764,True,466
flu_town (n=3000),partialling-out + 1-hop,85,direct,-2.0,-2.2194268618611326,0.17042633408743751,True,466
flu_town (n=3000),partialling-out + 1-hop,85,peer,-0.5,-0.42175434772520665,0.08886288747147202,True,466
flu_town (n=3000),paper mode,85,direct,-2.0,-1.851296824565049,0.2433672647348328,True,383
flu_town (n=3000),paper mode,85,peer,-0.5,-0.42039182720390994,0.10379529398586251,True,383
referral_app (n=4000),"default (IV-type, buffered, 2 hops)",85,direct,12.0,13.569911116488724,0.9404703356949158,True,392
referral_app (n=4000),"default (IV-type, buffered, 2 hops)",85,peer,40.0,39.52831878231937,1.7590743887014793,True,392
referral_app (n=4000),partialling-out score,85,direct,12.0,13.454940469297988,0.9756205644910338,True,392
referral_app (n=4000),partialling-out score,85,peer,40.0,39.15595991196228,1.74549624200227,True,392
referral_app (n=4000),focal-only training,85,direct,12.0,13.61170960423756,1.012343104331901,True,392
referral_app (n=4000),focal-only training,85,peer,40.0,40.49471395451282,1.8929036488804785,True,392
referral_app (n=4000),1-hop features,85,direct,12.0,13.352967966836475,0.9645377576904741,True,392
referral_app (n=4000),1-hop features,85,peer,40.0,39.87354142700143,1.7590953813532106,True,392
referral_app (n=4000),partialling-out + 1-hop,85,direct,12.0,13.005251619749357,1.0435741141611572,True,392
referral_app (n=4000),partialling-out + 1-hop,85,peer,40.0,38.86739379096552,1.8191981453322301,True,392
referral_app (n=4000),paper mode,85,direct,12.0,14.899323605920344,1.3287168606561257,False,356
referral_app (n=4000),paper mode,85,peer,40.0,38.87777601875686,2.623330360895911,True,356
"paper eq. 38, ER n=3000","default (IV-type, buffered, 2 hops)",85,direct,10.0,9.950043868487896,0.08824394127167887,True,674
"paper eq. 38, ER n=3000","default (IV-type, buffered, 2 hops)",85,peer,5.0,5.03252383418108,0.060491477797093664,True,674
"paper eq. 38, ER n=3000",partialling-out score,85,direct,10.0,10.148351471677909,0.1446865441082216,True,674
"paper eq. 38, ER n=3000",partialling-out score,85,peer,5.0,4.95768291998961,0.10070846839971709,True,674
"paper eq. 38, ER n=3000",focal-only training,85,direct,10.0,9.956781051329548,0.09256790633666394,True,674
"paper eq. 38, ER n=3000",focal-only training,85,peer,5.0,5.090951310678624,0.06788393218619442,True,674
"paper eq. 38, ER n=3000",1-hop features,85,direct,10.0,9.946314418562537,0.0865592539032931,True,674
"paper eq. 38, ER n=3000",1-hop features,85,peer,5.0,5.0374138991991675,0.06012055871338781,True,674
"paper eq. 38, ER n=3000",partialling-out + 1-hop,85,direct,10.0,10.151251895607134,0.13975270474093412,True,674
"paper eq. 38, ER n=3000",partialling-out + 1-hop,85,peer,5.0,4.925399634042156,0.10188668128674028,True,674
"paper eq. 38, ER n=3000",paper mode,85,direct,10.0,9.760353909365348,0.36559889853550265,True,539
"paper eq. 38, ER n=3000",paper mode,85,peer,5.0,5.008103712264888,0.25498396616843017,True,539
"paper eq. 39, ER n=3000","default (IV-type, buffered, 2 hops)",85,direct,20.0,20.0024622554537,0.0799260510818324,True,674
"paper eq. 39, ER n=3000","default (IV-type, buffered, 2 hops)",85,peer,5.0,5.065123840413933,0.05616247040765482,True,674
"paper eq. 39, ER n=3000",partialling-out score,85,direct,20.0,19.91904117184922,0.18320542300607617,True,674
"paper eq. 39, ER n=3000",partialling-out score,85,peer,5.0,5.032429152234751,0.13046998085908781,True,674
"paper eq. 39, ER n=3000",focal-only training,85,direct,20.0,20.005929933309687,0.07933929442439758,True,674
"paper eq. 39, ER n=3000",focal-only training,85,peer,5.0,5.093189150375945,0.055115373539468576,True,674
"paper eq. 39, ER n=3000",1-hop features,85,direct,20.0,19.97945214539311,0.08003579220428504,True,674
"paper eq. 39, ER n=3000",1-hop features,85,peer,5.0,5.0759875417296865,0.05687889512972084,True,674
"paper eq. 39, ER n=3000",partialling-out + 1-hop,85,direct,20.0,20.040261551194813,0.18137969583841249,True,674
"paper eq. 39, ER n=3000",partialling-out + 1-hop,85,peer,5.0,5.079054688644626,0.1329040664776327,True,674
"paper eq. 39, ER n=3000",paper mode,85,direct,20.0,19.92138806127461,0.3697789751757419,True,539
"paper eq. 39, ER n=3000",paper mode,85,peer,5.0,5.028750200687145,0.28100503485102235,True,539
flu_town (n=3000),"default (IV-type, buffered, 2 hops)",86,direct,-2.0,-1.9344092516506992,0.1767675847814443,True,483
flu_town (n=3000),"default (IV-type, buffered, 2 hops)",86,peer,-0.5,-0.3971352079873676,0.09172979215815949,True,483
flu_town (n=3000),partialling-out score,86,direct,-2.0,-1.8982847883862517,0.17969431279715795,True,483
flu_town (n=3000),partialling-out score,86,peer,-0.5,-0.3760197097376638,0.08469678629821055,True,483
flu_town (n=3000),focal-only training,86,direct,-2.0,-1.8977331265633002,0.19962847003611034,True,483
flu_town (n=3000),focal-only training,86,peer,-0.5,-0.44477558228603054,0.09631021828792637,True,483
flu_town (n=3000),1-hop features,86,direct,-2.0,-1.987631021957209,0.17895965620928042,True,483
flu_town (n=3000),1-hop features,86,peer,-0.5,-0.44276990042484643,0.09652218737985085,True,483
flu_town (n=3000),partialling-out + 1-hop,86,direct,-2.0,-1.9074558595443296,0.17737744139296313,True,483
flu_town (n=3000),partialling-out + 1-hop,86,peer,-0.5,-0.4052206869110304,0.08386435428963285,True,483
flu_town (n=3000),paper mode,86,direct,-2.0,-1.4407273970293517,0.23450769755256043,False,405
flu_town (n=3000),paper mode,86,peer,-0.5,-0.27371905893187937,0.098177431852631,False,405
referral_app (n=4000),"default (IV-type, buffered, 2 hops)",86,direct,12.0,10.883230347114143,0.9018760124347595,True,393
referral_app (n=4000),"default (IV-type, buffered, 2 hops)",86,peer,40.0,38.62402041779699,1.6636855195033986,True,393
referral_app (n=4000),partialling-out score,86,direct,12.0,11.134705518398176,0.907928759573069,True,393
referral_app (n=4000),partialling-out score,86,peer,40.0,38.04073637705651,1.6203791569709218,True,393
referral_app (n=4000),focal-only training,86,direct,12.0,12.20681485057755,0.9583751165932372,True,393
referral_app (n=4000),focal-only training,86,peer,40.0,39.42179898766989,1.5684270459996834,True,393
referral_app (n=4000),1-hop features,86,direct,12.0,11.117330820864154,0.9221287807808399,True,393
referral_app (n=4000),1-hop features,86,peer,40.0,38.30210672254345,1.6568176013616442,True,393
referral_app (n=4000),partialling-out + 1-hop,86,direct,12.0,11.289208827284343,0.9030791731540511,True,393
referral_app (n=4000),partialling-out + 1-hop,86,peer,40.0,39.17900036602429,1.685632273322978,True,393
referral_app (n=4000),paper mode,86,direct,12.0,12.650128532113902,1.2198164872116901,True,341
referral_app (n=4000),paper mode,86,peer,40.0,40.13019193064478,2.3630126575866575,True,341
"paper eq. 38, ER n=3000","default (IV-type, buffered, 2 hops)",86,direct,10.0,10.074658590224644,0.08531463458940365,True,679
"paper eq. 38, ER n=3000","default (IV-type, buffered, 2 hops)",86,peer,5.0,5.066939680225784,0.07683358347071588,True,679
"paper eq. 38, ER n=3000",partialling-out score,86,direct,10.0,9.948243834306721,0.14477539848865695,True,679
"paper eq. 38, ER n=3000",partialling-out score,86,peer,5.0,4.788629372210216,0.11389030439283025,True,679
"paper eq. 38, ER n=3000",focal-only training,86,direct,10.0,10.079058155310287,0.09944687027388001,True,679
"paper eq. 38, ER n=3000",focal-only training,86,peer,5.0,5.0992830390549795,0.08914562112002122,True,679
"paper eq. 38, ER n=3000",1-hop features,86,direct,10.0,10.097852897050439,0.07805904633733658,True,679
"paper eq. 38, ER n=3000",1-hop features,86,peer,5.0,5.054212898672847,0.07099350933315228,True,679
"paper eq. 38, ER n=3000",partialling-out + 1-hop,86,direct,10.0,10.138344103987714,0.13513962485547656,True,679
"paper eq. 38, ER n=3000",partialling-out + 1-hop,86,peer,5.0,4.930390426445923,0.1120051178834906,True,679
"paper eq. 38, ER n=3000",paper mode,86,direct,10.0,10.27805682710932,0.3787220392226603,True,530
"paper eq. 38, ER n=3000",paper mode,86,peer,5.0,4.2719424019531465,0.2746742515526756,False,530
"paper eq. 39, ER n=3000","default (IV-type, buffered, 2 hops)",86,direct,20.0,19.97125450816956,0.07621984983516572,True,679
"paper eq. 39, ER n=3000","default (IV-type, buffered, 2 hops)",86,peer,5.0,5.000602997090733,0.06396110569447609,True,679
"paper eq. 39, ER n=3000",partialling-out score,86,direct,20.0,19.763321930418886,0.18739307993455828,True,679
"paper eq. 39, ER n=3000",partialling-out score,86,peer,5.0,4.8954542604676545,0.14768779790541509,True,679
"paper eq. 39, ER n=3000",focal-only training,86,direct,20.0,19.985398732329212,0.08531712142385903,True,679
"paper eq. 39, ER n=3000",focal-only training,86,peer,5.0,5.047551753163951,0.07501449706315196,True,679
"paper eq. 39, ER n=3000",1-hop features,86,direct,20.0,19.977770724638876,0.07540854062401861,True,679
"paper eq. 39, ER n=3000",1-hop features,86,peer,5.0,5.003157207669354,0.061868287081543634,True,679
"paper eq. 39, ER n=3000",partialling-out + 1-hop,86,direct,20.0,19.984334632687013,0.17435796931291667,True,679
"paper eq. 39, ER n=3000",partialling-out + 1-hop,86,peer,5.0,4.864149113577634,0.13154159081586508,True,679
"paper eq. 39, ER n=3000",paper mode,86,direct,20.0,19.85731724462857,0.40411471496249307,True,530
"paper eq. 39, ER n=3000",paper mode,86,peer,5.0,3.7360785360400928,0.2933771819010747,False,530
flu_town (n=3000),"default (IV-type, buffered, 2 hops)",87,direct,-2.0,-2.0391075095347135,0.16676508813244245,True,484
flu_town (n=3000),"default (IV-type, buffered, 2 hops)",87,peer,-0.5,-0.46526465600646044,0.08603089382456894,True,484
flu_town (n=3000),partialling-out score,87,direct,-2.0,-2.017609850304529,0.16863572635542648,True,484
flu_town (n=3000),partialling-out score,87,peer,-0.5,-0.460058244969478,0.08783488803340678,True,484
flu_town (n=3000),focal-only training,87,direct,-2.0,-1.9142483453568815,0.17769894027303,True,484
flu_town (n=3000),focal-only training,87,peer,-0.5,-0.4865048754595215,0.08195382059080308,True,484
flu_town (n=3000),1-hop features,87,direct,-2.0,-1.9889560415029413,0.1662597366097519,True,484
flu_town (n=3000),1-hop features,87,peer,-0.5,-0.46702783090532357,0.08623480476084537,True,484
flu_town (n=3000),partialling-out + 1-hop,87,direct,-2.0,-1.939634846659884,0.17040787372388264,True,484
flu_town (n=3000),partialling-out + 1-hop,87,peer,-0.5,-0.47719881853660867,0.08689418777227374,True,484
flu_town (n=3000),paper mode,87,direct,-2.0,-1.8521731386795055,0.25166766890725606,True,401
flu_town (n=3000),paper mode,87,peer,-0.5,-0.47977952209717367,0.11096915905858323,True,401
referral_app (n=4000),"default (IV-type, buffered, 2 hops)",87,direct,12.0,12.73382296890789,0.9703033241961292,True,396
referral_app (n=4000),"default (IV-type, buffered, 2 hops)",87,peer,40.0,40.34186132216842,1.5021851350295186,True,396
referral_app (n=4000),partialling-out score,87,direct,12.0,11.882004972599265,0.8979256192295678,True,396
referral_app (n=4000),partialling-out score,87,peer,40.0,39.16281226605936,1.5578616836964148,True,396
referral_app (n=4000),focal-only training,87,direct,12.0,13.43735277835926,0.995327295906145,True,396
referral_app (n=4000),focal-only training,87,peer,40.0,39.150622893888176,1.465056190604197,True,396
referral_app (n=4000),1-hop features,87,direct,12.0,12.912541967889014,0.9671723804085876,True,396
referral_app (n=4000),1-hop features,87,peer,40.0,40.128573238146124,1.5018056290742559,True,396
referral_app (n=4000),partialling-out + 1-hop,87,direct,12.0,11.471732556369155,0.8897597165542454,True,396
referral_app (n=4000),partialling-out + 1-hop,87,peer,40.0,39.15919777832209,1.5026087058934552,True,396
referral_app (n=4000),paper mode,87,direct,12.0,12.646686747533773,1.1661458065821872,True,355
referral_app (n=4000),paper mode,87,peer,40.0,40.403086490777135,2.2176976497972123,True,355
"paper eq. 38, ER n=3000","default (IV-type, buffered, 2 hops)",87,direct,10.0,10.053793031047146,0.07971162939982725,True,687
"paper eq. 38, ER n=3000","default (IV-type, buffered, 2 hops)",87,peer,5.0,5.080050907047123,0.06546275067282727,True,687
"paper eq. 38, ER n=3000",partialling-out score,87,direct,10.0,10.108829513397906,0.13630530803812246,True,687
"paper eq. 38, ER n=3000",partialling-out score,87,peer,5.0,5.035965432185223,0.10536604946194719,True,687
"paper eq. 38, ER n=3000",focal-only training,87,direct,10.0,10.091359593722224,0.08780597190673957,True,687
"paper eq. 38, ER n=3000",focal-only training,87,peer,5.0,5.079145949641413,0.07610670216914334,True,687
"paper eq. 38, ER n=3000",1-hop features,87,direct,10.0,10.052773336485268,0.07902458012782237,True,687
"paper eq. 38, ER n=3000",1-hop features,87,peer,5.0,5.096751806886728,0.06556162425537801,True,687
"paper eq. 38, ER n=3000",partialling-out + 1-hop,87,direct,10.0,10.145990723880548,0.13364374730376027,True,687
"paper eq. 38, ER n=3000",partialling-out + 1-hop,87,peer,5.0,4.94534546355226,0.10253794999566317,True,687
"paper eq. 38, ER n=3000",paper mode,87,direct,10.0,9.181821140872104,0.3391344753873917,False,550
"paper eq. 38, ER n=3000",paper mode,87,peer,5.0,4.504304070669122,0.2486725359933267,False,550
"paper eq. 39, ER n=3000","default (IV-type, buffered, 2 hops)",87,direct,20.0,19.99495220644708,0.07285230779475546,True,687
"paper eq. 39, ER n=3000","default (IV-type, buffered, 2 hops)",87,peer,5.0,5.090375661188859,0.05587889102731301,True,687
"paper eq. 39, ER n=3000",partialling-out score,87,direct,20.0,20.03568214957079,0.19515978438559653,True,687
"paper eq. 39, ER n=3000",partialling-out score,87,peer,5.0,5.008652592818951,0.1359489736470655,True,687
"paper eq. 39, ER n=3000",focal-only training,87,direct,20.0,20.047102745923443,0.0790054390678322,True,687
"paper eq. 39, ER n=3000",focal-only training,87,peer,5.0,5.150745188441891,0.07252573448256218,False,687
"paper eq. 39, ER n=3000",1-hop features,87,direct,20.0,20.010073079417687,0.0719903256132245,True,687
"paper eq. 39, ER n=3000",1-hop features,87,peer,5.0,5.079552750952418,0.055368438248408716,True,687
"paper eq. 39, ER n=3000",partialling-out + 1-hop,87,direct,20.0,20.007320242104853,0.18554657171560343,True,687
"paper eq. 39, ER n=3000",partialling-out + 1-hop,87,peer,5.0,5.001361837573821,0.1327938261624667,True,687
"paper eq. 39, ER n=3000",paper mode,87,direct,20.0,19.162349117723142,0.36188374603810536,False,550
"paper eq. 39, ER n=3000",paper mode,87,peer,5.0,4.155847401807699,0.26349989116461464,False,550
flu_town (n=3000),"default (IV-type, buffered, 2 hops)",88,direct,-2.0,-2.335277851601483,0.1583588263958948,False,467
flu_town (n=3000),"default (IV-type, buffered, 2 hops)",88,peer,-0.5,-0.49707781818750607,0.0842097658848996,True,467
flu_town (n=3000),partialling-out score,88,direct,-2.0,-2.1639952427713824,0.16599183143860602,True,467
flu_town (n=3000),partialling-out score,88,peer,-0.5,-0.4518651891882495,0.08728641641851619,True,467
flu_town (n=3000),focal-only training,88,direct,-2.0,-2.260891273248692,0.17030003888979175,True,467
flu_town (n=3000),focal-only training,88,peer,-0.5,-0.49832864876383626,0.09699300822657385,True,467
flu_town (n=3000),1-hop features,88,direct,-2.0,-2.2823085002413825,0.15240796229698517,True,467
flu_town (n=3000),1-hop features,88,peer,-0.5,-0.48740433998951127,0.0825540686731029,True,467
flu_town (n=3000),partialling-out + 1-hop,88,direct,-2.0,-2.2219498882079542,0.16525572633763083,True,467
flu_town (n=3000),partialling-out + 1-hop,88,peer,-0.5,-0.4597961187143117,0.08634547653233407,True,467
flu_town (n=3000),paper mode,88,direct,-2.0,-2.0278891839162316,0.21627461020128952,True,405
flu_town (n=3000),paper mode,88,peer,-0.5,-0.4488862850762021,0.09169242564337629,True,405
referral_app (n=4000),"default (IV-type, buffered, 2 hops)",88,direct,12.0,13.459864317517058,1.0762207997060464,True,384
referral_app (n=4000),"default (IV-type, buffered, 2 hops)",88,peer,40.0,40.81333445661331,1.8590974410101544,True,384
referral_app (n=4000),partialling-out score,88,direct,12.0,14.363739713879935,1.1220349254778101,False,384
referral_app (n=4000),partialling-out score,88,peer,40.0,38.95146385746312,1.9594079812028762,True,384
referral_app (n=4000),focal-only training,88,direct,12.0,14.59137701134819,1.0886195446976399,False,384
referral_app (n=4000),focal-only training,88,peer,40.0,37.749810209441264,1.5691748822461535,True,384
referral_app (n=4000),1-hop features,88,direct,12.0,13.956027636637398,1.0683855415183232,True,384
referral_app (n=4000),1-hop features,88,peer,40.0,40.652453468259885,1.8970035710960569,True,384
referral_app (n=4000),partialling-out + 1-hop,88,direct,12.0,14.513437328909545,1.0555529453888373,False,384
referral_app (n=4000),partialling-out + 1-hop,88,peer,40.0,38.97524099598293,1.9340889371172791,True,384
referral_app (n=4000),paper mode,88,direct,12.0,15.435562391278934,1.4351909496424036,False,343
referral_app (n=4000),paper mode,88,peer,40.0,34.11160349634558,2.3304533307648336,False,343
"paper eq. 38, ER n=3000","default (IV-type, buffered, 2 hops)",88,direct,10.0,10.018070299221732,0.08833791144696677,True,673
"paper eq. 38, ER n=3000","default (IV-type, buffered, 2 hops)",88,peer,5.0,4.982644919015321,0.06897782234486825,True,673
"paper eq. 38, ER n=3000",partialling-out score,88,direct,10.0,10.094287046831933,0.13526641097679262,True,673
"paper eq. 38, ER n=3000",partialling-out score,88,peer,5.0,5.080339576531754,0.11279459240434804,True,673
"paper eq. 38, ER n=3000",focal-only training,88,direct,10.0,9.99202694350648,0.09058409226104422,True,673
"paper eq. 38, ER n=3000",focal-only training,88,peer,5.0,5.037836747641273,0.07619971911186656,True,673
"paper eq. 38, ER n=3000",1-hop features,88,direct,10.0,10.009606013895748,0.08705543777200302,True,673
"paper eq. 38, ER n=3000",1-hop features,88,peer,5.0,4.986127959849887,0.06637999277850727,True,673
"paper eq. 38, ER n=3000",partialling-out + 1-hop,88,direct,10.0,10.124482634021089,0.12634559754285898,True,673
"paper eq. 38, ER n=3000",partialling-out + 1-hop,88,peer,5.0,5.036793289703873,0.0975479314705812,True,673
"paper eq. 38, ER n=3000",paper mode,88,direct,10.0,9.4722479911596,0.37769925548185296,True,550
"paper eq. 38, ER n=3000",paper mode,88,peer,5.0,4.258677187720801,0.2874641853321914,False,550
"paper eq. 39, ER n=3000","default (IV-type, buffered, 2 hops)",88,direct,20.0,19.998113473638757,0.08287183489113051,True,673
"paper eq. 39, ER n=3000","default (IV-type, buffered, 2 hops)",88,peer,5.0,5.049666942210101,0.05796940282568698,True,673
"paper eq. 39, ER n=3000",partialling-out score,88,direct,20.0,20.188567118760968,0.1944338314920195,True,673
"paper eq. 39, ER n=3000",partialling-out score,88,peer,5.0,4.991398056270982,0.14572667352387958,True,673
"paper eq. 39, ER n=3000",focal-only training,88,direct,20.0,20.01205994529293,0.08202725944673472,True,673
"paper eq. 39, ER n=3000",focal-only training,88,peer,5.0,5.049181964328817,0.054074486341469434,True,673
"paper eq. 39, ER n=3000",1-hop features,88,direct,20.0,20.002021331040183,0.08157190904525126,True,673
"paper eq. 39, ER n=3000",1-hop features,88,peer,5.0,5.063701897903924,0.0570984711027094,True,673
"paper eq. 39, ER n=3000",partialling-out + 1-hop,88,direct,20.0,20.190653656703642,0.16578367855478218,True,673
"paper eq. 39, ER n=3000",partialling-out + 1-hop,88,peer,5.0,4.990536344081045,0.11406198465088721,True,673
"paper eq. 39, ER n=3000",paper mode,88,direct,20.0,19.753255323862778,0.36975992944039027,True,550
"paper eq. 39, ER n=3000",paper mode,88,peer,5.0,4.1616718256421725,0.2885398310675709,False,550
flu_town (n=3000),"default (IV-type, buffered, 2 hops)",89,direct,-2.0,-2.183498747095146,0.15988879382851776,True,443
flu_town (n=3000),"default (IV-type, buffered, 2 hops)",89,peer,-0.5,-0.5141082452943321,0.07861583724994096,True,443
flu_town (n=3000),partialling-out score,89,direct,-2.0,-2.1512345388042364,0.1675653717063055,True,443
flu_town (n=3000),partialling-out score,89,peer,-0.5,-0.49358090571048435,0.09505316314907822,True,443
flu_town (n=3000),focal-only training,89,direct,-2.0,-2.28659402680809,0.17059870639153213,True,443
flu_town (n=3000),focal-only training,89,peer,-0.5,-0.4901615533008059,0.08035481412178468,True,443
flu_town (n=3000),1-hop features,89,direct,-2.0,-2.1809310696406277,0.1619943863924951,True,443
flu_town (n=3000),1-hop features,89,peer,-0.5,-0.5488124397830757,0.07533766789460733,True,443
flu_town (n=3000),partialling-out + 1-hop,89,direct,-2.0,-2.1538353336499023,0.15920269378789692,True,443
flu_town (n=3000),partialling-out + 1-hop,89,peer,-0.5,-0.4892101835460792,0.0887214483972919,True,443
flu_town (n=3000),paper mode,89,direct,-2.0,-1.9924394560726135,0.2465322001898473,True,389
flu_town (n=3000),paper mode,89,peer,-0.5,-0.36827314561342656,0.0996231325112097,True,389
referral_app (n=4000),"default (IV-type, buffered, 2 hops)",89,direct,12.0,11.582778975727196,0.8399180096617137,True,388
referral_app (n=4000),"default (IV-type, buffered, 2 hops)",89,peer,40.0,41.6424247626315,1.6158330447248008,True,388
referral_app (n=4000),partialling-out score,89,direct,12.0,11.272051317922394,0.8969710338978399,True,388
referral_app (n=4000),partialling-out score,89,peer,40.0,40.30660305219381,1.658976522246461,True,388
referral_app (n=4000),focal-only training,89,direct,12.0,12.723181081894758,1.0058121991236089,True,388
referral_app (n=4000),focal-only training,89,peer,40.0,42.47492150899697,1.9486434821347234,True,388
referral_app (n=4000),1-hop features,89,direct,12.0,11.414351345734623,0.8643980489144866,True,388
referral_app (n=4000),1-hop features,89,peer,40.0,41.18208610785232,1.630646583035366,True,388
referral_app (n=4000),partialling-out + 1-hop,89,direct,12.0,11.565751655589589,0.9399833110097782,True,388
referral_app (n=4000),partialling-out + 1-hop,89,peer,40.0,39.98742731406775,1.7704466933899028,True,388
referral_app (n=4000),paper mode,89,direct,12.0,12.787301818571498,1.3655971188941447,True,336
referral_app (n=4000),paper mode,89,peer,40.0,44.76963889181053,2.932600194503138,True,336
"paper eq. 38, ER n=3000","default (IV-type, buffered, 2 hops)",89,direct,10.0,9.94990236693189,0.08094657294047843,True,666
"paper eq. 38, ER n=3000","default (IV-type, buffered, 2 hops)",89,peer,5.0,5.012141233452264,0.06187056551032727,True,666
"paper eq. 38, ER n=3000",partialling-out score,89,direct,10.0,9.976744686100172,0.13702546333592336,True,666
"paper eq. 38, ER n=3000",partialling-out score,89,peer,5.0,5.026898658630446,0.10460983460231572,True,666
"paper eq. 38, ER n=3000",focal-only training,89,direct,10.0,9.99795545824775,0.09021118013653844,True,666
"paper eq. 38, ER n=3000",focal-only training,89,peer,5.0,5.017478703342706,0.07242467308958209,True,666
"paper eq. 38, ER n=3000",1-hop features,89,direct,10.0,9.965170653269992,0.0820106015922509,True,666
"paper eq. 38, ER n=3000",1-hop features,89,peer,5.0,4.997379422182671,0.0626285056759217,True,666
"paper eq. 38, ER n=3000",partialling-out + 1-hop,89,direct,10.0,10.140510385152192,0.12993489999660243,True,666
"paper eq. 38, ER n=3000",partialling-out + 1-hop,89,peer,5.0,5.011715045879378,0.09707112467092596,True,666
"paper eq. 38, ER n=3000",paper mode,89,direct,10.0,9.783868070838121,0.35958370624554703,True,535
"paper eq. 38, ER n=3000",paper mode,89,peer,5.0,5.074302155389355,0.28463870113748424,True,535
"paper eq. 39, ER n=3000","default (IV-type, buffered, 2 hops)",89,direct,20.0,19.999034170704125,0.07623274447112069,True,666
"paper eq. 39, ER n=3000","default (IV-type, buffered, 2 hops)",89,peer,5.0,5.015311629661947,0.052987158721557556,True,666
"paper eq. 39, ER n=3000",partialling-out score,89,direct,20.0,19.96794123042623,0.16725854344391144,True,666
"paper eq. 39, ER n=3000",partialling-out score,89,peer,5.0,5.084660286715288,0.1259940229232139,True,666
"paper eq. 39, ER n=3000",focal-only training,89,direct,20.0,19.974903226321853,0.07735700450759267,True,666
"paper eq. 39, ER n=3000",focal-only training,89,peer,5.0,4.997894645610489,0.0534541456881577,True,666
"paper eq. 39, ER n=3000",1-hop features,89,direct,20.0,19.98866138663605,0.07720125199060478,True,666
"paper eq. 39, ER n=3000",1-hop features,89,peer,5.0,5.021280996443376,0.05288588449270956,True,666
"paper eq. 39, ER n=3000",partialling-out + 1-hop,89,direct,20.0,19.996887416713307,0.16246097976582372,True,666
"paper eq. 39, ER n=3000",partialling-out + 1-hop,89,peer,5.0,5.100828850941933,0.12485731721091133,True,666
"paper eq. 39, ER n=3000",paper mode,89,direct,20.0,19.37767642374996,0.359875203285913,True,535
"paper eq. 39, ER n=3000",paper mode,89,peer,5.0,5.750521549556692,0.24424340056573177,False,535
flu_town (n=3000),"default (IV-type, buffered, 2 hops)",90,direct,-2.0,-2.1354029161064028,0.16648713267685983,True,474
flu_town (n=3000),"default (IV-type, buffered, 2 hops)",90,peer,-0.5,-0.5622045091391303,0.08472793591525506,True,474
flu_town (n=3000),partialling-out score,90,direct,-2.0,-2.051967709738006,0.16347790603754692,True,474
flu_town (n=3000),partialling-out score,90,peer,-0.5,-0.48327597008988654,0.09231978303151478,True,474
flu_town (n=3000),focal-only training,90,direct,-2.0,-2.0538227295594633,0.17389966734198475,True,474
flu_town (n=3000),focal-only training,90,peer,-0.5,-0.6371024295616589,0.0855797270497309,True,474
flu_town (n=3000),1-hop features,90,direct,-2.0,-2.0966851339570645,0.16658714361268942,True,474
flu_town (n=3000),1-hop features,90,peer,-0.5,-0.5905060486350284,0.08345821635952758,True,474
flu_town (n=3000),partialling-out + 1-hop,90,direct,-2.0,-1.971188755031663,0.15740607806244455,True,474
flu_town (n=3000),partialling-out + 1-hop,90,peer,-0.5,-0.5056983413879147,0.08864437955568197,True,474
flu_town (n=3000),paper mode,90,direct,-2.0,-1.912429840268512,0.23746061659435821,True,398
flu_town (n=3000),paper mode,90,peer,-0.5,-0.5190621006482257,0.10506567811060072,True,398
referral_app (n=4000),"default (IV-type, buffered, 2 hops)",90,direct,12.0,12.551826813647601,0.8825188594747536,True,394
referral_app (n=4000),"default (IV-type, buffered, 2 hops)",90,peer,40.0,40.34135146443551,1.478009706753169,True,394
referral_app (n=4000),partialling-out score,90,direct,12.0,12.427822963230266,0.9386700222499539,True,394
referral_app (n=4000),partialling-out score,90,peer,40.0,39.251112208957096,1.5595761247718827,True,394
referral_app (n=4000),focal-only training,90,direct,12.0,13.713587546233432,0.9466662584747679,True,394
referral_app (n=4000),focal-only training,90,peer,40.0,40.43992851714925,1.6127352472832537,True,394
referral_app (n=4000),1-hop features,90,direct,12.0,12.648501705770947,0.8768857216967695,True,394
referral_app (n=4000),1-hop features,90,peer,40.0,40.62829607485385,1.4481182924286482,True,394
referral_app (n=4000),partialling-out + 1-hop,90,direct,12.0,12.67606373080762,0.8982525451600158,True,394
referral_app (n=4000),partialling-out + 1-hop,90,peer,40.0,39.55096591881069,1.5436498686848183,True,394
referral_app (n=4000),paper mode,90,direct,12.0,16.44585767612025,1.2302877992291341,False,353
referral_app (n=4000),paper mode,90,peer,40.0,39.71538833301083,2.4197430695671733,True,353
"paper eq. 38, ER n=3000","default (IV-type, buffered, 2 hops)",90,direct,10.0,9.945178858000903,0.08304618029556625,True,687
"paper eq. 38, ER n=3000","default (IV-type, buffered, 2 hops)",90,peer,5.0,5.025962104676346,0.060338957025376914,True,687
"paper eq. 38, ER n=3000",partialling-out score,90,direct,10.0,10.017449074343183,0.12487662389627965,True,687
"paper eq. 38, ER n=3000",partialling-out score,90,peer,5.0,5.055496303987614,0.08773800113620182,True,687
"paper eq. 38, ER n=3000",focal-only training,90,direct,10.0,9.947895294282153,0.08635652659647035,True,687
"paper eq. 38, ER n=3000",focal-only training,90,peer,5.0,5.014204191929088,0.058935311000073466,True,687
"paper eq. 38, ER n=3000",1-hop features,90,direct,10.0,9.939646542964327,0.08326418609631066,True,687
"paper eq. 38, ER n=3000",1-hop features,90,peer,5.0,5.0210217054457145,0.059510941240224054,True,687
"paper eq. 38, ER n=3000",partialling-out + 1-hop,90,direct,10.0,10.012642450570414,0.12840539868917866,True,687
"paper eq. 38, ER n=3000",partialling-out + 1-hop,90,peer,5.0,5.105801781121024,0.09199926845675063,True,687
"paper eq. 38, ER n=3000",paper mode,90,direct,10.0,9.614692249301225,0.37189205684343,True,553
"paper eq. 38, ER n=3000",paper mode,90,peer,5.0,4.8642352317554325,0.2730657710286679,True,553
"paper eq. 39, ER n=3000","default (IV-type, buffered, 2 hops)",90,direct,20.0,19.986412350251584,0.07825426160769992,True,687
"paper eq. 39, ER n=3000","default (IV-type, buffered, 2 hops)",90,peer,5.0,5.0001505161611055,0.055813267093482256,True,687
"paper eq. 39, ER n=3000",partialling-out score,90,direct,20.0,20.24321686651761,0.16267804971943853,True,687
"paper eq. 39, ER n=3000",partialling-out score,90,peer,5.0,5.07050091252654,0.11280916279235169,True,687
"paper eq. 39, ER n=3000",focal-only training,90,direct,20.0,19.959753501361448,0.07577924309617769,True,687
"paper eq. 39, ER n=3000",focal-only training,90,peer,5.0,5.018487017442333,0.051839761978623874,True,687
"paper eq. 39, ER n=3000",1-hop features,90,direct,20.0,19.985306814007455,0.07791622719224248,True,687
"paper eq. 39, ER n=3000",1-hop features,90,peer,5.0,5.000387506757433,0.05693439998569912,True,687
"paper eq. 39, ER n=3000",partialling-out + 1-hop,90,direct,20.0,20.099614834499334,0.1649374423935171,True,687
"paper eq. 39, ER n=3000",partialling-out + 1-hop,90,peer,5.0,5.124239815560534,0.10769517997310393,True,687
"paper eq. 39, ER n=3000",paper mode,90,direct,20.0,19.844139120804385,0.3781671253334679,True,553
"paper eq. 39, ER n=3000",paper mode,90,peer,5.0,4.795289123276265,0.3043918457467718,True,553
flu_town (n=3000),"default (IV-type, buffered, 2 hops)",91,direct,-2.0,-2.1034920499203444,0.17344235141272166,True,474
flu_town (n=3000),"default (IV-type, buffered, 2 hops)",91,peer,-0.5,-0.4506725932368761,0.11555933840528168,True,474
flu_town (n=3000),partialling-out score,91,direct,-2.0,-2.0458731665761523,0.16836165303021045,True,474
flu_town (n=3000),partialling-out score,91,peer,-0.5,-0.4049618391319234,0.09367896679460527,True,474
flu_town (n=3000),focal-only training,91,direct,-2.0,-2.026871973536101,0.18622670001415095,True,474
flu_town (n=3000),focal-only training,91,peer,-0.5,-0.46504220732984314,0.11431506167030442,True,474
flu_town (n=3000),1-hop features,91,direct,-2.0,-2.066217297294514,0.17049103280188999,True,474
flu_town (n=3000),1-hop features,91,peer,-0.5,-0.42868275609993384,0.11398438687795948,True,474
flu_town (n=3000),partialling-out + 1-hop,91,direct,-2.0,-2.025960724871478,0.16395460403015608,True,474
flu_town (n=3000),partialling-out + 1-hop,91,peer,-0.5,-0.36970356132793886,0.09108164364254646,True,474
flu_town (n=3000),paper mode,91,direct,-2.0,-1.9377827044219884,0.2261744500881241,True,396
flu_town (n=3000),paper mode,91,peer,-0.5,-0.4984104533042892,0.09619262865796847,True,396
referral_app (n=4000),"default (IV-type, buffered, 2 hops)",91,direct,12.0,13.64567383420942,0.9198401415038603,True,392
referral_app (n=4000),"default (IV-type, buffered, 2 hops)",91,peer,40.0,42.79021284604535,1.3726160014424935,False,392
referral_app (n=4000),partialling-out score,91,direct,12.0,13.3946078678002,1.069030295901789,True,392
referral_app (n=4000),partialling-out score,91,peer,40.0,40.72969465583779,1.665194494686291,True,392
referral_app (n=4000),focal-only training,91,direct,12.0,13.899189921198031,1.0339307154930324,True,392
referral_app (n=4000),focal-only training,91,peer,40.0,41.86943897305887,1.4492702217478413,True,392
referral_app (n=4000),1-hop features,91,direct,12.0,13.538424724579489,0.9108702053596346,True,392
referral_app (n=4000),1-hop features,91,peer,40.0,42.239156106727435,1.340359725382994,True,392
referral_app (n=4000),partialling-out + 1-hop,91,direct,12.0,13.438260240191685,1.0506445068358057,True,392
referral_app (n=4000),partialling-out + 1-hop,91,peer,40.0,41.39450636972362,1.6976786494624716,True,392
referral_app (n=4000),paper mode,91,direct,12.0,16.496937941336515,1.290027175560392,False,335
referral_app (n=4000),paper mode,91,peer,40.0,40.46434240235294,2.145955878651413,True,335
"paper eq. 38, ER n=3000","default (IV-type, buffered, 2 hops)",91,direct,10.0,9.935436464206557,0.08658274105844821,True,694
"paper eq. 38, ER n=3000","default (IV-type, buffered, 2 hops)",91,peer,5.0,4.939771374862403,0.06146488500957101,True,694
"paper eq. 38, ER n=3000",partialling-out score,91,direct,10.0,9.969364763937646,0.1332756518271176,True,694
"paper eq. 38, ER n=3000",partialling-out score,91,peer,5.0,4.955919139749682,0.09090096147018156,True,694
"paper eq. 38, ER n=3000",focal-only training,91,direct,10.0,9.922379747725111,0.08931314360937588,True,694
"paper eq. 38, ER n=3000",focal-only training,91,peer,5.0,5.012788215259227,0.06051289320006983,True,694
"paper eq. 38, ER n=3000",1-hop features,91,direct,10.0,9.949603684759035,0.08656825486161192,True,694
"paper eq. 38, ER n=3000",1-hop features,91,peer,5.0,4.926436564505742,0.06077427344271385,True,694
"paper eq. 38, ER n=3000",partialling-out + 1-hop,91,direct,10.0,9.95751790615618,0.1323098737647396,True,694
"paper eq. 38, ER n=3000",partialling-out + 1-hop,91,peer,5.0,4.917753317149764,0.09163325583413923,True,694
"paper eq. 38, ER n=3000",paper mode,91,direct,10.0,10.540929118638973,0.3516023064264236,True,545
"paper eq. 38, ER n=3000",paper mode,91,peer,5.0,4.656655118626765,0.36421593965748644,True,545
"paper eq. 39, ER n=3000","default (IV-type, buffered, 2 hops)",91,direct,20.0,20.023415649502812,0.07962174163692047,True,694
"paper eq. 39, ER n=3000","default (IV-type, buffered, 2 hops)",91,peer,5.0,4.947626535740158,0.05794901632629979,True,694
"paper eq. 39, ER n=3000",partialling-out score,91,direct,20.0,20.001859434075076,0.18683144685501468,True,694
"paper eq. 39, ER n=3000",partialling-out score,91,peer,5.0,4.811639426652804,0.1287521424469665,True,694
"paper eq. 39, ER n=3000",focal-only training,91,direct,20.0,20.018101180585845,0.07864045783381149,True,694
"paper eq. 39, ER n=3000",focal-only training,91,peer,5.0,4.9412378802059,0.0540050752827641,True,694
"paper eq. 39, ER n=3000",1-hop features,91,direct,20.0,20.026386646982736,0.08247302566288431,True,694
"paper eq. 39, ER n=3000",1-hop features,91,peer,5.0,4.93031898038362,0.059381396459324026,True,694
"paper eq. 39, ER n=3000",partialling-out + 1-hop,91,direct,20.0,19.911639573349884,0.17059279904577704,True,694
"paper eq. 39, ER n=3000",partialling-out + 1-hop,91,peer,5.0,4.749077837807287,0.11998172377589872,False,694
"paper eq. 39, ER n=3000",paper mode,91,direct,20.0,20.312070714901367,0.3918232032187508,True,545
"paper eq. 39, ER n=3000",paper mode,91,peer,5.0,4.250986617203741,0.35872278675521707,False,545
flu_town (n=3000),"default (IV-type, buffered, 2 hops)",92,direct,-2.0,-1.8812153522951676,0.1736341032284984,True,463
flu_town (n=3000),"default (IV-type, buffered, 2 hops)",92,peer,-0.5,-0.485861109790869,0.08735366858361407,True,463
flu_town (n=3000),partialling-out score,92,direct,-2.0,-1.7237639526163242,0.19133329350545505,True,463
flu_town (n=3000),partialling-out score,92,peer,-0.5,-0.48310402565242927,0.08513515592521508,True,463
flu_town (n=3000),focal-only training,92,direct,-2.0,-1.7177508107593307,0.1802255656133124,True,463
flu_town (n=3000),focal-only training,92,peer,-0.5,-0.537596353383075,0.15383781347232928,True,463
flu_town (n=3000),1-hop features,92,direct,-2.0,-1.8602029772354687,0.17088222193645736,True,463
flu_town (n=3000),1-hop features,92,peer,-0.5,-0.50859349739201,0.0874252551539646,True,463
flu_town (n=3000),partialling-out + 1-hop,92,direct,-2.0,-1.7379401934810323,0.19086391546261336,True,463
flu_town (n=3000),partialling-out + 1-hop,92,peer,-0.5,-0.5205308797638021,0.08751797475895336,True,463
flu_town (n=3000),paper mode,92,direct,-2.0,-1.4123090646404337,0.23050872340582707,False,394
flu_town (n=3000),paper mode,92,peer,-0.5,-0.3004046101399007,0.098579657723251,False,394
referral_app (n=4000),"default (IV-type, buffered, 2 hops)",92,direct,12.0,11.699138357330721,0.9437635917121264,True,389
referral_app (n=4000),"default (IV-type, buffered, 2 hops)",92,peer,40.0,38.84799839044273,1.7995946017684974,True,389
referral_app (n=4000),partialling-out score,92,direct,12.0,12.204111751611496,1.0408240721145516,True,389
referral_app (n=4000),partialling-out score,92,peer,40.0,38.240490748797455,1.8173975022341382,True,389
referral_app (n=4000),focal-only training,92,direct,12.0,12.82336013262212,1.061115406553924,True,389
referral_app (n=4000),focal-only training,92,peer,40.0,38.08438343446036,1.8385581461486253,True,389
referral_app (n=4000),1-hop features,92,direct,12.0,11.540083953169601,0.9436396573200253,True,389
referral_app (n=4000),1-hop features,92,peer,40.0,39.399995715702424,1.831909362164107,True,389
referral_app (n=4000),partialling-out + 1-hop,92,direct,12.0,11.809352895158892,1.0891977400029886,True,389
referral_app (n=4000),partialling-out + 1-hop,92,peer,40.0,38.36578605742289,1.8674357247073061,True,389
referral_app (n=4000),paper mode,92,direct,12.0,14.276354257191727,1.2562689667365554,True,344
referral_app (n=4000),paper mode,92,peer,40.0,36.35160041799394,2.305713437035878,True,344
"paper eq. 38, ER n=3000","default (IV-type, buffered, 2 hops)",92,direct,10.0,10.043830774104086,0.08942041292051113,True,668
"paper eq. 38, ER n=3000","default (IV-type, buffered, 2 hops)",92,peer,5.0,4.981653847029933,0.0726350937662895,True,668
"paper eq. 38, ER n=3000",partialling-out score,92,direct,10.0,9.877822924453032,0.14055654442517918,True,668
"paper eq. 38, ER n=3000",partialling-out score,92,peer,5.0,4.853760558291606,0.11083483597180216,True,668
"paper eq. 38, ER n=3000",focal-only training,92,direct,10.0,10.06437594225281,0.08906695717906234,True,668
"paper eq. 38, ER n=3000",focal-only training,92,peer,5.0,4.958469320267641,0.06740901581027357,True,668
"paper eq. 38, ER n=3000",1-hop features,92,direct,10.0,10.030211963884422,0.08650544528026755,True,668
"paper eq. 38, ER n=3000",1-hop features,92,peer,5.0,4.987287346929079,0.07113539565263317,True,668
"paper eq. 38, ER n=3000",partialling-out + 1-hop,92,direct,10.0,10.095300277198879,0.13425584719633446,True,668
"paper eq. 38, ER n=3000",partialling-out + 1-hop,92,peer,5.0,4.868311173468718,0.10300789110432908,True,668
"paper eq. 38, ER n=3000",paper mode,92,direct,10.0,10.10122344350618,0.36496933872318327,True,539
"paper eq. 38, ER n=3000",paper mode,92,peer,5.0,5.026685225547876,0.27830002853054875,True,539
"paper eq. 39, ER n=3000","default (IV-type, buffered, 2 hops)",92,direct,20.0,19.98251241708136,0.0832112310729247,True,668
"paper eq. 39, ER n=3000","default (IV-type, buffered, 2 hops)",92,peer,5.0,4.956795943408809,0.06928276335012902,True,668
"paper eq. 39, ER n=3000",partialling-out score,92,direct,20.0,19.5971361897347,0.17616017048846347,False,668
"paper eq. 39, ER n=3000",partialling-out score,92,peer,5.0,4.959930164623212,0.1375489933184993,True,668
"paper eq. 39, ER n=3000",focal-only training,92,direct,20.0,19.97446647506742,0.07970582263077347,True,668
"paper eq. 39, ER n=3000",focal-only training,92,peer,5.0,4.932596725681811,0.06320814149476829,True,668
"paper eq. 39, ER n=3000",1-hop features,92,direct,20.0,19.96129426648175,0.08017715557899549,True,668
"paper eq. 39, ER n=3000",1-hop features,92,peer,5.0,4.962677743031092,0.06663339885108828,True,668
"paper eq. 39, ER n=3000",partialling-out + 1-hop,92,direct,20.0,20.186610240175582,0.17887010721176327,True,668
"paper eq. 39, ER n=3000",partialling-out + 1-hop,92,peer,5.0,4.8841893089570485,0.13805949604309142,True,668
"paper eq. 39, ER n=3000",paper mode,92,direct,20.0,19.872279678801966,0.3852115766682964,True,539
"paper eq. 39, ER n=3000",paper mode,92,peer,5.0,4.9703825843617215,0.26660726254457295,True,539
flu_town (n=3000),"default (IV-type, buffered, 2 hops)",93,direct,-2.0,-2.021831693428739,0.17147626798126814,True,464
flu_town (n=3000),"default (IV-type, buffered, 2 hops)",93,peer,-0.5,-0.49016400520810544,0.10108247390788092,True,464
flu_town (n=3000),partialling-out score,93,direct,-2.0,-2.0541284668233954,0.18550487955393266,True,464
flu_town (n=3000),partialling-out score,93,peer,-0.5,-0.4083274215527989,0.08986467095267006,True,464
flu_town (n=3000),focal-only training,93,direct,-2.0,-1.8263998736028906,0.1924924943446113,True,464
flu_town (n=3000),focal-only training,93,peer,-0.5,-0.4713045034750574,0.21171519783079012,True,464
flu_town (n=3000),1-hop features,93,direct,-2.0,-2.0845255716682622,0.16976359934217042,True,464
flu_town (n=3000),1-hop features,93,peer,-0.5,-0.47285378219822266,0.10265137839233451,True,464
flu_town (n=3000),partialling-out + 1-hop,93,direct,-2.0,-2.1124347489917277,0.1800173127304273,True,464
flu_town (n=3000),partialling-out + 1-hop,93,peer,-0.5,-0.4134871958037685,0.08660222246020631,True,464
flu_town (n=3000),paper mode,93,direct,-2.0,-1.8673563202033232,0.24803794149554245,True,393
flu_town (n=3000),paper mode,93,peer,-0.5,-0.3611256501411404,0.09342888665280742,True,393
referral_app (n=4000),"default (IV-type, buffered, 2 hops)",93,direct,12.0,12.910311713280576,0.93622078398008,True,398
referral_app (n=4000),"default (IV-type, buffered, 2 hops)",93,peer,40.0,44.42448506359529,1.708476406232545,False,398
referral_app (n=4000),partialling-out score,93,direct,12.0,13.420565436288317,0.9947091750583228,True,398
referral_app (n=4000),partialling-out score,93,peer,40.0,43.30910990093476,1.8306512984010352,True,398
referral_app (n=4000),focal-only training,93,direct,12.0,13.374006990703483,0.9735445377845288,True,398
referral_app (n=4000),focal-only training,93,peer,40.0,45.21151786636559,1.9725877955306896,False,398
referral_app (n=4000),1-hop features,93,direct,12.0,12.514846792588289,0.9440319605315866,True,398
referral_app (n=4000),1-hop features,93,peer,40.0,44.85238824348492,1.7211834900182108,False,398
referral_app (n=4000),partialling-out + 1-hop,93,direct,12.0,13.424137605774582,1.032522927700597,True,398
referral_app (n=4000),partialling-out + 1-hop,93,peer,40.0,43.7441708837596,1.8548606705777668,False,398
referral_app (n=4000),paper mode,93,direct,12.0,14.189755799205718,1.4264932647139221,True,335
referral_app (n=4000),paper mode,93,peer,40.0,36.59589890847979,2.187135374209882,True,335
"paper eq. 38, ER n=3000","default (IV-type, buffered, 2 hops)",93,direct,10.0,9.948064830146121,0.08279898316550752,True,670
"paper eq. 38, ER n=3000","default (IV-type, buffered, 2 hops)",93,peer,5.0,4.979833591144035,0.05647573189933951,True,670
"paper eq. 38, ER n=3000",partialling-out score,93,direct,10.0,9.916190632629355,0.1385859381989168,True,670
"paper eq. 38, ER n=3000",partialling-out score,93,peer,5.0,4.816201554549168,0.11477024627049409,True,670
"paper eq. 38, ER n=3000",focal-only training,93,direct,10.0,9.928427542059358,0.08987030017164033,True,670
"paper eq. 38, ER n=3000",focal-only training,93,peer,5.0,4.998975532460656,0.0670170243277727,True,670
"paper eq. 38, ER n=3000",1-hop features,93,direct,10.0,9.96016076382332,0.08430669916119925,True,670
"paper eq. 38, ER n=3000",1-hop features,93,peer,5.0,4.974809882932711,0.059159785614964766,True,670
"paper eq. 38, ER n=3000",partialling-out + 1-hop,93,direct,10.0,9.964350951893872,0.13067872211790604,True,670
"paper eq. 38, ER n=3000",partialling-out + 1-hop,93,peer,5.0,4.6375315725898245,0.10577276508951712,False,670
"paper eq. 38, ER n=3000",paper mode,93,direct,10.0,10.8440844179885,0.40792232503143905,False,541
"paper eq. 38, ER n=3000",paper mode,93,peer,5.0,4.392289187900398,0.32719873183342923,True,541
"paper eq. 39, ER n=3000","default (IV-type, buffered, 2 hops)",93,direct,20.0,20.014939312914077,0.08178297859483609,True,670
"paper eq. 39, ER n=3000","default (IV-type, buffered, 2 hops)",93,peer,5.0,5.051272535607176,0.0628075731742536,True,670
"paper eq. 39, ER n=3000",partialling-out score,93,direct,20.0,20.052352979931122,0.16217527081434058,True,670
"paper eq. 39, ER n=3000",partialling-out score,93,peer,5.0,4.800852612926882,0.1302643430273822,True,670
"paper eq. 39, ER n=3000",focal-only training,93,direct,20.0,19.99975012789515,0.07779847350569201,True,670
"paper eq. 39, ER n=3000",focal-only training,93,peer,5.0,5.030634333193264,0.05770270916234749,True,670
"paper eq. 39, ER n=3000",1-hop features,93,direct,20.0,20.007367962532697,0.08318630213279206,True,670
"paper eq. 39, ER n=3000",1-hop features,93,peer,5.0,5.0491628284301395,0.06635534269438156,True,670
"paper eq. 39, ER n=3000",partialling-out + 1-hop,93,direct,20.0,19.944276451009323,0.15622471536728622,True,670
"paper eq. 39, ER n=3000",partialling-out + 1-hop,93,peer,5.0,4.7153981603294834,0.11865977572319035,False,670
"paper eq. 39, ER n=3000",paper mode,93,direct,20.0,20.302785045361908,0.41754800669490366,True,541
"paper eq. 39, ER n=3000",paper mode,93,peer,5.0,4.462877892742043,0.3180391171417883,True,541
flu_town (n=3000),"default (IV-type, buffered, 2 hops)",94,direct,-2.0,-2.126308631391804,0.16247527437711948,True,469
flu_town (n=3000),"default (IV-type, buffered, 2 hops)",94,peer,-0.5,-0.46550962319059513,0.09118017732861608,True,469
flu_town (n=3000),partialling-out score,94,direct,-2.0,-2.0062391878277235,0.16781366285979968,True,469
flu_town (n=3000),partialling-out score,94,peer,-0.5,-0.47167805759382897,0.09740809740408299,True,469
flu_town (n=3000),focal-only training,94,direct,-2.0,-1.9219357175140097,0.17934776121525495,True,469
flu_town (n=3000),focal-only training,94,peer,-0.5,-0.6065030184408484,0.1661135861480966,True,469
flu_town (n=3000),1-hop features,94,direct,-2.0,-2.0191348102297884,0.1633479133571917,True,469
flu_town (n=3000),1-hop features,94,peer,-0.5,-0.4734241299357211,0.08857783824148274,True,469
flu_town (n=3000),partialling-out + 1-hop,94,direct,-2.0,-1.9663987060505992,0.17095389837917374,True,469
flu_town (n=3000),partialling-out + 1-hop,94,peer,-0.5,-0.47289186309207076,0.09872324125780181,True,469
flu_town (n=3000),paper mode,94,direct,-2.0,-2.434968287187998,0.26206322376191943,True,388
flu_town (n=3000),paper mode,94,peer,-0.5,-0.16360217597318258,0.09241217945364012,False,388
referral_app (n=4000),"default (IV-type, buffered, 2 hops)",94,direct,12.0,11.911408082388064,0.8755263136321346,True,405
referral_app (n=4000),"default (IV-type, buffered, 2 hops)",94,peer,40.0,38.68825443537113,1.8736242411545394,True,405
referral_app (n=4000),partialling-out score,94,direct,12.0,11.881119339484332,0.9720247902773137,True,405
referral_app (n=4000),partialling-out score,94,peer,40.0,36.549676057714215,1.8367248705344248,True,405
referral_app (n=4000),focal-only training,94,direct,12.0,12.428968971244053,1.000924050850154,True,405
referral_app (n=4000),focal-only training,94,peer,40.0,39.62244824895253,2.0757424832092313,True,405
referral_app (n=4000),1-hop features,94,direct,12.0,11.824223677768432,0.8761258529125142,True,405
referral_app (n=4000),1-hop features,94,peer,40.0,38.540738248180894,1.886486190991952,True,405
referral_app (n=4000),partialling-out + 1-hop,94,direct,12.0,12.582151495591551,0.974515349063119,True,405
referral_app (n=4000),partialling-out + 1-hop,94,peer,40.0,36.779800884891415,1.7737500916658953,True,405
referral_app (n=4000),paper mode,94,direct,12.0,12.951056298400625,1.3023829299234015,True,343
referral_app (n=4000),paper mode,94,peer,40.0,38.23135919949286,2.4150479134999854,True,343
"paper eq. 38, ER n=3000","default (IV-type, buffered, 2 hops)",94,direct,10.0,9.984206483135159,0.08930847871270683,True,679
"paper eq. 38, ER n=3000","default (IV-type, buffered, 2 hops)",94,peer,5.0,5.080504391168241,0.06578351512194894,True,679
"paper eq. 38, ER n=3000",partialling-out score,94,direct,10.0,9.891961867847886,0.1375569604075335,True,679
"paper eq. 38, ER n=3000",partialling-out score,94,peer,5.0,5.077419098795513,0.10065094305148554,True,679
"paper eq. 38, ER n=3000",focal-only training,94,direct,10.0,9.931338649736137,0.09305868546486325,True,679
"paper eq. 38, ER n=3000",focal-only training,94,peer,5.0,5.042304996702602,0.0612484815777069,True,679
"paper eq. 38, ER n=3000",1-hop features,94,direct,10.0,10.025125528744054,0.08780559294702953,True,679
"paper eq. 38, ER n=3000",1-hop features,94,peer,5.0,5.062869409035085,0.06627240001212123,True,679
"paper eq. 38, ER n=3000",partialling-out + 1-hop,94,direct,10.0,9.842314894022346,0.14064894547631912,True,679
"paper eq. 38, ER n=3000",partialling-out + 1-hop,94,peer,5.0,5.086150256355772,0.10619943159339805,True,679
"paper eq. 38, ER n=3000",paper mode,94,direct,10.0,10.02384554776811,0.34573128648870805,True,534
"paper eq. 38, ER n=3000",paper mode,94,peer,5.0,5.647079969248055,0.2569998933701072,False,534
"paper eq. 39, ER n=3000","default (IV-type, buffered, 2 hops)",94,direct,20.0,19.959571025891695,0.08072743127940485,True,679
"paper eq. 39, ER n=3000","default (IV-type, buffered, 2 hops)",94,peer,5.0,5.062520420295857,0.055521757762820236,True,679
"paper eq. 39, ER n=3000",partialling-out score,94,direct,20.0,19.747486194083493,0.18567720494856338,True,679
"paper eq. 39, ER n=3000",partialling-out score,94,peer,5.0,5.035266518450038,0.14004255008994382,True,679
"paper eq. 39, ER n=3000",focal-only training,94,direct,20.0,19.95558358235307,0.08233632227144472,True,679
"paper eq. 39, ER n=3000",focal-only training,94,peer,5.0,5.087372552326284,0.057017331916271945,True,679
"paper eq. 39, ER n=3000",1-hop features,94,direct,20.0,20.008524110699923,0.08256708186949711,True,679
"paper eq. 39, ER n=3000",1-hop features,94,peer,5.0,5.043611414382451,0.057840170340936685,True,679
"paper eq. 39, ER n=3000",partialling-out + 1-hop,94,direct,20.0,19.778979733080686,0.17753981093306462,True,679
"paper eq. 39, ER n=3000",partialling-out + 1-hop,94,peer,5.0,4.910118051353306,0.13908291943771442,True,679
"paper eq. 39, ER n=3000",paper mode,94,direct,20.0,19.83493053645031,0.35963117360662145,True,534
"paper eq. 39, ER n=3000",paper mode,94,peer,5.0,5.065599662190092,0.2683930478036691,True,534
flu_town (n=3000),"default (IV-type, buffered, 2 hops)",95,direct,-2.0,-1.7419905905371262,0.17621959368940168,True,466
flu_town (n=3000),"default (IV-type, buffered, 2 hops)",95,peer,-0.5,-0.36647858392778576,0.0816560259406695,True,466
flu_town (n=3000),partialling-out score,95,direct,-2.0,-1.6410147259208616,0.1703059747080073,False,466
flu_town (n=3000),partialling-out score,95,peer,-0.5,-0.33378357412241044,0.09371418960934874,True,466
flu_town (n=3000),focal-only training,95,direct,-2.0,-1.678882631999498,0.1916889565687589,True,466
flu_town (n=3000),focal-only training,95,peer,-0.5,-0.4209156041489874,0.09345350106125314,True,466
flu_town (n=3000),1-hop features,95,direct,-2.0,-1.7569002034055576,0.17807084335280426,True,466
flu_town (n=3000),1-hop features,95,peer,-0.5,-0.4130942235722351,0.08100980659626589,True,466
flu_town (n=3000),partialling-out + 1-hop,95,direct,-2.0,-1.6899926170479378,0.17777910221554105,True,466
flu_town (n=3000),partialling-out + 1-hop,95,peer,-0.5,-0.3690036424247981,0.09159509152915185,True,466
flu_town (n=3000),paper mode,95,direct,-2.0,-1.6282488088509577,0.2381870911570188,True,396
flu_town (n=3000),paper mode,95,peer,-0.5,-0.4007506601628132,0.09862972569515298,True,396
referral_app (n=4000),"default (IV-type, buffered, 2 hops)",95,direct,12.0,12.725477140513172,0.9631811351958944,True,395
referral_app (n=4000),"default (IV-type, buffered, 2 hops)",95,peer,40.0,42.1873109395249,1.5694059146602368,True,395
referral_app (n=4000),partialling-out score,95,direct,12.0,12.696374343050904,1.1262219371974183,True,395
referral_app (n=4000),partialling-out score,95,peer,40.0,41.5952700172433,1.9752506206002054,True,395
referral_app (n=4000),focal-only training,95,direct,12.0,13.121158462571051,1.1663518948507168,True,395
referral_app (n=4000),focal-only training,95,peer,40.0,41.67767388095297,1.8993403050853874,True,395
referral_app (n=4000),1-hop features,95,direct,12.0,12.5750348485963,0.9360701726838745,True,395
referral_app (n=4000),1-hop features,95,peer,40.0,42.26064932083402,1.6002857196458056,True,395
referral_app (n=4000),partialling-out + 1-hop,95,direct,12.0,12.957364161466838,1.1075732752067453,True,395
referral_app (n=4000),partialling-out + 1-hop,95,peer,40.0,40.42585395008239,1.9119401356337888,True,395
referral_app (n=4000),paper mode,95,direct,12.0,15.898310209013845,1.2814142386377843,False,345
referral_app (n=4000),paper mode,95,peer,40.0,37.382581861569555,2.223830926792862,True,345
"paper eq. 38, ER n=3000","default (IV-type, buffered, 2 hops)",95,direct,10.0,10.074368850396578,0.08844632289146293,True,679
"paper eq. 38, ER n=3000","default (IV-type, buffered, 2 hops)",95,peer,5.0,4.946168819114114,0.05402754919209856,True,679
"paper eq. 38, ER n=3000",partialling-out score,95,direct,10.0,10.043234928099833,0.14804962659761117,True,679
"paper eq. 38, ER n=3000",partialling-out score,95,peer,5.0,4.846382010825761,0.09957102600649696,True,679
"paper eq. 38, ER n=3000",focal-only training,95,direct,10.0,10.12926793429863,0.08956374635211095,True,679
"paper eq. 38, ER n=3000",focal-only training,95,peer,5.0,4.935114571905322,0.05295343521758537,True,679
"paper eq. 38, ER n=3000",1-hop features,95,direct,10.0,10.032224512709103,0.08622249915065501,True,679
"paper eq. 38, ER n=3000",1-hop features,95,peer,5.0,4.965288713290379,0.05168698852538255,True,679
"paper eq. 38, ER n=3000",partialling-out + 1-hop,95,direct,10.0,10.13368477688607,0.13193219149506435,True,679
"paper eq. 38, ER n=3000",partialling-out + 1-hop,95,peer,5.0,4.948511113802973,0.09222466161101371,True,679
"paper eq. 38, ER n=3000",paper mode,95,direct,10.0,10.004753804450479,0.37257657762684493,True,541
"paper eq. 38, ER n=3000",paper mode,95,peer,5.0,5.649992040968549,0.27635246793898727,False,541
"paper eq. 39, ER n=3000","default (IV-type, buffered, 2 hops)",95,direct,20.0,20.04279025936143,0.08430296115288113,True,679
"paper eq. 39, ER n=3000","default (IV-type, buffered, 2 hops)",95,peer,5.0,4.880910173417016,0.050023381821480535,False,679
"paper eq. 39, ER n=3000",partialling-out score,95,direct,20.0,20.065842427335394,0.17936676818142624,True,679
"paper eq. 39, ER n=3000",partialling-out score,95,peer,5.0,4.77197676871063,0.1308905614716509,True,679
"paper eq. 39, ER n=3000",focal-only training,95,direct,20.0,20.020700204765237,0.08032185027504965,True,679
"paper eq. 39, ER n=3000",focal-only training,95,peer,5.0,4.844080736443644,0.04884049253364411,False,679
"paper eq. 39, ER n=3000",1-hop features,95,direct,20.0,20.049615985562575,0.08344680776702978,True,679
"paper eq. 39, ER n=3000",1-hop features,95,peer,5.0,4.882818334658741,0.05045029307032616,False,679
"paper eq. 39, ER n=3000",partialling-out + 1-hop,95,direct,20.0,20.107335835338162,0.1671876728117198,True,679
"paper eq. 39, ER n=3000",partialling-out + 1-hop,95,peer,5.0,4.754704801303425,0.12055193277584372,False,679
"paper eq. 39, ER n=3000",paper mode,95,direct,20.0,20.131954325034997,0.36545506846323195,True,541
"paper eq. 39, ER n=3000",paper mode,95,peer,5.0,5.159609630959782,0.2629160428517776,True,541
flu_town (n=3000),"default (IV-type, buffered, 2 hops)",96,direct,-2.0,-1.9357405352208035,0.18252045353799118,True,475
flu_town (n=3000),"default (IV-type, buffered, 2 hops)",96,peer,-0.5,-0.44597139207942077,0.0864466682152064,True,475
flu_town (n=3000),partialling-out score,96,direct,-2.0,-1.8353466279447528,0.18247619185700714,True,475
flu_town (n=3000),partialling-out score,96,peer,-0.5,-0.40338815878504974,0.08977716462928373,True,475
flu_town (n=3000),focal-only training,96,direct,-2.0,-1.9165546442303893,0.1861518356634859,True,475
flu_town (n=3000),focal-only training,96,peer,-0.5,-0.4592071425475688,0.059843465033995194,True,475
flu_town (n=3000),1-hop features,96,direct,-2.0,-1.91291947351905,0.18464339392558365,True,475
flu_town (n=3000),1-hop features,96,peer,-0.5,-0.4497047398927092,0.08699199358871586,True,475
flu_town (n=3000),partialling-out + 1-hop,96,direct,-2.0,-1.8452573873784743,0.1812377075449987,True,475
flu_town (n=3000),partialling-out + 1-hop,96,peer,-0.5,-0.4693954795595718,0.08793942625048072,True,475
flu_town (n=3000),paper mode,96,direct,-2.0,-1.748154420859166,0.23278728377999797,True,400
flu_town (n=3000),paper mode,96,peer,-0.5,-0.508722440842634,0.09953810407437665,True,400
referral_app (n=4000),"default (IV-type, buffered, 2 hops)",96,direct,12.0,12.152629873123239,0.9715782917690653,True,393
referral_app (n=4000),"default (IV-type, buffered, 2 hops)",96,peer,40.0,43.90683728632935,1.869450218766557,False,393
referral_app (n=4000),partialling-out score,96,direct,12.0,12.591193582791453,1.0410051999237757,True,393
referral_app (n=4000),partialling-out score,96,peer,40.0,41.634544834986634,1.8404909600143367,True,393
referral_app (n=4000),focal-only training,96,direct,12.0,13.570526642389742,1.0528294942747043,True,393
referral_app (n=4000),focal-only training,96,peer,40.0,43.79363032600698,1.6230499652883346,False,393
referral_app (n=4000),1-hop features,96,direct,12.0,11.9961174425709,0.9929021483523837,True,393
referral_app (n=4000),1-hop features,96,peer,40.0,44.114951783889126,1.8436227977579032,False,393
referral_app (n=4000),partialling-out + 1-hop,96,direct,12.0,12.188257668939087,1.0217394852442478,True,393
referral_app (n=4000),partialling-out + 1-hop,96,peer,40.0,42.07679827616613,1.763251756662759,True,393
referral_app (n=4000),paper mode,96,direct,12.0,11.153591480507439,1.3636250657323798,True,346
referral_app (n=4000),paper mode,96,peer,40.0,42.773486855776476,2.586290227667705,True,346
"paper eq. 38, ER n=3000","default (IV-type, buffered, 2 hops)",96,direct,10.0,9.95534736250158,0.08000369152169166,True,703
"paper eq. 38, ER n=3000","default (IV-type, buffered, 2 hops)",96,peer,5.0,4.928836575642881,0.056164023835597675,True,703
"paper eq. 38, ER n=3000",partialling-out score,96,direct,10.0,9.972188833622747,0.13180589126837755,True,703
"paper eq. 38, ER n=3000",partialling-out score,96,peer,5.0,5.005553046317593,0.10306506695366535,True,703
"paper eq. 38, ER n=3000",focal-only training,96,direct,10.0,9.972488070810925,0.08674580017188117,True,703
"paper eq. 38, ER n=3000",focal-only training,96,peer,5.0,4.9498130806121186,0.06597269313024837,True,703
"paper eq. 38, ER n=3000",1-hop features,96,direct,10.0,9.959237168910148,0.07864108112772487,True,703
"paper eq. 38, ER n=3000",1-hop features,96,peer,5.0,4.926425249192656,0.05626677197236914,True,703
"paper eq. 38, ER n=3000",partialling-out + 1-hop,96,direct,10.0,9.986088903682335,0.12109129287426722,True,703
"paper eq. 38, ER n=3000",partialling-out + 1-hop,96,peer,5.0,4.993171319517481,0.08919813508740776,True,703
"paper eq. 38, ER n=3000",paper mode,96,direct,10.0,9.898806798780328,0.2959987068451063,True,581
"paper eq. 38, ER n=3000",paper mode,96,peer,5.0,5.048774941294795,0.22207345038875187,True,581
"paper eq. 39, ER n=3000","default (IV-type, buffered, 2 hops)",96,direct,20.0,19.914422542576073,0.07876783633306317,True,703
"paper eq. 39, ER n=3000","default (IV-type, buffered, 2 hops)",96,peer,5.0,4.983000014390554,0.06566629671181416,True,703
"paper eq. 39, ER n=3000",partialling-out score,96,direct,20.0,19.790914545603037,0.15940823088071096,True,703
"paper eq. 39, ER n=3000",partialling-out score,96,peer,5.0,4.8518512457782474,0.12578939420801513,True,703
"paper eq. 39, ER n=3000",focal-only training,96,direct,20.0,19.93035649624027,0.08528081326146286,True,703
"paper eq. 39, ER n=3000",focal-only training,96,peer,5.0,5.027709167866817,0.08162783137776022,True,703
"paper eq. 39, ER n=3000",1-hop features,96,direct,20.0,19.9127368391071,0.07631994064564092,True,703
"paper eq. 39, ER n=3000",1-hop features,96,peer,5.0,4.989295268403922,0.0635405061897612,True,703
"paper eq. 39, ER n=3000",partialling-out + 1-hop,96,direct,20.0,19.86420862972127,0.1479393865728981,True,703
"paper eq. 39, ER n=3000",partialling-out + 1-hop,96,peer,5.0,4.910724235882425,0.11299360348435146,True,703
"paper eq. 39, ER n=3000",paper mode,96,direct,20.0,20.231049216088575,0.32492751591369123,True,581
"paper eq. 39, ER n=3000",paper mode,96,peer,5.0,5.260511724552453,0.22101667289165802,True,581
flu_town (n=3000),"default (IV-type, buffered, 2 hops)",97,direct,-2.0,-2.0754631896496427,0.1667487526675589,True,470
flu_town (n=3000),"default (IV-type, buffered, 2 hops)",97,peer,-0.5,-0.37784079055129954,0.09088793052825066,True,470
flu_town (n=3000),partialling-out score,97,direct,-2.0,-2.052503214598659,0.178471775574972,True,470
flu_town (n=3000),partialling-out score,97,peer,-0.5,-0.4019311608211479,0.10091357277221165,True,470
flu_town (n=3000),focal-only training,97,direct,-2.0,-2.0050023093677423,0.18285768004522535,True,470
flu_town (n=3000),focal-only training,97,peer,-0.5,-0.41545023188436486,0.11702349557782894,True,470
flu_town (n=3000),1-hop features,97,direct,-2.0,-2.0596940783747737,0.16226815599258515,True,470
flu_town (n=3000),1-hop features,97,peer,-0.5,-0.4341037941809453,0.08988896246916595,True,470
flu_town (n=3000),partialling-out + 1-hop,97,direct,-2.0,-2.0914599856363196,0.17842105966660257,True,470
flu_town (n=3000),partialling-out + 1-hop,97,peer,-0.5,-0.4164756509093763,0.10473510705057361,True,470
flu_town (n=3000),paper mode,97,direct,-2.0,-1.4639896136645298,0.2183784060723967,False,407
flu_town (n=3000),paper mode,97,peer,-0.5,-0.43558884969893413,0.10837057775820119,True,407
referral_app (n=4000),"default (IV-type, buffered, 2 hops)",97,direct,12.0,11.771243007856857,0.9306501184275795,True,382
referral_app (n=4000),"default (IV-type, buffered, 2 hops)",97,peer,40.0,40.220338658646824,1.967984297178795,True,382
referral_app (n=4000),partialling-out score,97,direct,12.0,11.305773107325724,0.9566054073163157,True,382
referral_app (n=4000),partialling-out score,97,peer,40.0,38.099414027269134,1.8579129436944344,True,382
referral_app (n=4000),focal-only training,97,direct,12.0,12.946225120577452,0.992362857972914,True,382
referral_app (n=4000),focal-only training,97,peer,40.0,40.737984975831054,2.041809946753288,True,382
referral_app (n=4000),1-hop features,97,direct,12.0,11.599588468934925,0.9222227971874906,True,382
referral_app (n=4000),1-hop features,97,peer,40.0,40.50464655590065,1.928118459420889,True,382
referral_app (n=4000),partialling-out + 1-hop,97,direct,12.0,10.770461574229016,0.97442073147095,True,382
referral_app (n=4000),partialling-out + 1-hop,97,peer,40.0,39.46873823733923,1.853580586274922,True,382
referral_app (n=4000),paper mode,97,direct,12.0,14.458583065555983,1.304036296649129,True,349
referral_app (n=4000),paper mode,97,peer,40.0,33.84385613361939,2.5653700025300434,False,349
"paper eq. 38, ER n=3000","default (IV-type, buffered, 2 hops)",97,direct,10.0,10.012398775691748,0.08450558411842518,True,666
"paper eq. 38, ER n=3000","default (IV-type, buffered, 2 hops)",97,peer,5.0,4.971712996934991,0.06309148666668059,True,666
"paper eq. 38, ER n=3000",partialling-out score,97,direct,10.0,10.059761861956698,0.13554432481606224,True,666
"paper eq. 38, ER n=3000",partialling-out score,97,peer,5.0,4.974416385157995,0.11023430523956612,True,666
"paper eq. 38, ER n=3000",focal-only training,97,direct,10.0,10.020830235659282,0.09090412698573518,True,666
"paper eq. 38, ER n=3000",focal-only training,97,peer,5.0,4.944438587542106,0.07029741126437186,True,666
"paper eq. 38, ER n=3000",1-hop features,97,direct,10.0,10.000936515713766,0.08348308521569295,True,666
"paper eq. 38, ER n=3000",1-hop features,97,peer,5.0,4.983178477996548,0.06271245478271767,True,666
"paper eq. 38, ER n=3000",partialling-out + 1-hop,97,direct,10.0,10.080601552736676,0.13149065641467622,True,666
"paper eq. 38, ER n=3000",partialling-out + 1-hop,97,peer,5.0,4.9787341887469605,0.10109385842802077,True,666
"paper eq. 38, ER n=3000",paper mode,97,direct,10.0,9.965827934703386,0.37772410423726377,True,532
"paper eq. 38, ER n=3000",paper mode,97,peer,5.0,5.358962743738449,0.27878571621895093,True,532
"paper eq. 39, ER n=3000","default (IV-type, buffered, 2 hops)",97,direct,20.0,20.070534363119577,0.07876681778571923,True,666
"paper eq. 39, ER n=3000","default (IV-type, buffered, 2 hops)",97,peer,5.0,4.96426012038836,0.06340237255898593,True,666
"paper eq. 39, ER n=3000",partialling-out score,97,direct,20.0,19.970695966582035,0.19434902268516063,True,666
"paper eq. 39, ER n=3000",partialling-out score,97,peer,5.0,5.078977881333431,0.14752673409188868,True,666
"paper eq. 39, ER n=3000",focal-only training,97,direct,20.0,20.085091895185144,0.08700401910739852,True,666
"paper eq. 39, ER n=3000",focal-only training,97,peer,5.0,5.00692822954083,0.08150656531087319,True,666
"paper eq. 39, ER n=3000",1-hop features,97,direct,20.0,20.069443899094317,0.07690512943196165,True,666
"paper eq. 39, ER n=3000",1-hop features,97,peer,5.0,4.961902478546573,0.06289642819608705,True,666
"paper eq. 39, ER n=3000",partialling-out + 1-hop,97,direct,20.0,20.134420661653497,0.174429608119184,True,666
"paper eq. 39, ER n=3000",partialling-out + 1-hop,97,peer,5.0,5.026562112785324,0.13785264335694272,True,666
"paper eq. 39, ER n=3000",paper mode,97,direct,20.0,19.604708066251018,0.39780661429525477,True,532
"paper eq. 39, ER n=3000",paper mode,97,peer,5.0,5.293331030348676,0.3073045025060823,True,532
flu_town (n=3000),"default (IV-type, buffered, 2 hops)",98,direct,-2.0,-2.169762666937694,0.16973466907375984,True,473
flu_town (n=3000),"default (IV-type, buffered, 2 hops)",98,peer,-0.5,-0.5795251122188237,0.08881162691093822,True,473
flu_town (n=3000),partialling-out score,98,direct,-2.0,-2.071669991741209,0.17105732511395316,True,473
flu_town (n=3000),partialling-out score,98,peer,-0.5,-0.5485212444201363,0.08558359453123933,True,473
flu_town (n=3000),focal-only training,98,direct,-2.0,-2.20675057164621,0.17172802476772692,True,473
flu_town (n=3000),focal-only training,98,peer,-0.5,-0.502068562017646,0.09602030540601869,True,473
flu_town (n=3000),1-hop features,98,direct,-2.0,-2.152427896729706,0.17134304036674092,True,473
flu_town (n=3000),1-hop features,98,peer,-0.5,-0.5299106352864377,0.08729196817110152,True,473
flu_town (n=3000),partialling-out + 1-hop,98,direct,-2.0,-2.042166445782877,0.16965525191566017,True,473
flu_town (n=3000),partialling-out + 1-hop,98,peer,-0.5,-0.5130443447152914,0.08703161160189603,True,473
flu_town (n=3000),paper mode,98,direct,-2.0,-1.698794826079051,0.2232297324415021,True,399
flu_town (n=3000),paper mode,98,peer,-0.5,-0.5403297418432079,0.10431902792286388,True,399
referral_app (n=4000),"default (IV-type, buffered, 2 hops)",98,direct,12.0,12.5220907028185,0.8251980975681011,True,396
referral_app (n=4000),"default (IV-type, buffered, 2 hops)",98,peer,40.0,40.99989380022885,1.702822026012629,True,396
referral_app (n=4000),partialling-out score,98,direct,12.0,12.08774590643642,1.0252346908200771,True,396
referral_app (n=4000),partialling-out score,98,peer,40.0,40.368095609944966,1.724958455180389,True,396
referral_app (n=4000),focal-only training,98,direct,12.0,12.818232747640987,1.172467825102844,True,396
referral_app (n=4000),focal-only training,98,peer,40.0,48.14962487400852,4.84169992338207,True,396
referral_app (n=4000),1-hop features,98,direct,12.0,12.51033972540984,0.8416844663919768,True,396
referral_app (n=4000),1-hop features,98,peer,40.0,41.120084797595645,1.6718329099479172,True,396
referral_app (n=4000),partialling-out + 1-hop,98,direct,12.0,11.872479954562559,1.0374748805903804,True,396
referral_app (n=4000),partialling-out + 1-hop,98,peer,40.0,39.63085620023064,1.6932797484010633,True,396
referral_app (n=4000),paper mode,98,direct,12.0,15.115829572555688,1.4571970341411171,False,353
referral_app (n=4000),paper mode,98,peer,40.0,31.859440806190992,2.614532762743853,False,353
"paper eq. 38, ER n=3000","default (IV-type, buffered, 2 hops)",98,direct,10.0,10.033283679187972,0.07879897081617245,True,680
"paper eq. 38, ER n=3000","default (IV-type, buffered, 2 hops)",98,peer,5.0,5.047055622069416,0.05879950392837985,True,680
"paper eq. 38, ER n=3000",partialling-out score,98,direct,10.0,9.866018706606523,0.150415903190482,True,680
"paper eq. 38, ER n=3000",partialling-out score,98,peer,5.0,5.17254738274526,0.10767127688241979,True,680
"paper eq. 38, ER n=3000",focal-only training,98,direct,10.0,9.96257007451618,0.09045719336403127,True,680
"paper eq. 38, ER n=3000",focal-only training,98,peer,5.0,5.174411310625742,0.08125895207808782,False,680
"paper eq. 38, ER n=3000",1-hop features,98,direct,10.0,9.993720870392032,0.07805797677812211,True,680
"paper eq. 38, ER n=3000",1-hop features,98,peer,5.0,5.051248279505972,0.0581887443762061,True,680
"paper eq. 38, ER n=3000",partialling-out + 1-hop,98,direct,10.0,9.842280458471677,0.1351998272768302,True,680
"paper eq. 38, ER n=3000",partialling-out + 1-hop,98,peer,5.0,4.973714886419703,0.09652805038042649,True,680
"paper eq. 38, ER n=3000",paper mode,98,direct,10.0,10.170631981601673,0.39280309936868013,True,525
"paper eq. 38, ER n=3000",paper mode,98,peer,5.0,4.983444376299772,0.3250911775583881,True,525
"paper eq. 39, ER n=3000","default (IV-type, buffered, 2 hops)",98,direct,20.0,19.98556732919089,0.07386320483265393,True,680
"paper eq. 39, ER n=3000","default (IV-type, buffered, 2 hops)",98,peer,5.0,5.064409825631284,0.05546941101674775,True,680
"paper eq. 39, ER n=3000",partialling-out score,98,direct,20.0,19.75563994576993,0.18363473000249184,True,680
"paper eq. 39, ER n=3000",partialling-out score,98,peer,5.0,5.143575074436532,0.12735794338478112,True,680
"paper eq. 39, ER n=3000",focal-only training,98,direct,20.0,19.995809626820414,0.077483168510267,True,680
"paper eq. 39, ER n=3000",focal-only training,98,peer,5.0,5.0883834543423285,0.061579187812658,True,680
"paper eq. 39, ER n=3000",1-hop features,98,direct,20.0,19.963592893759138,0.07747963810348853,True,680
"paper eq. 39, ER n=3000",1-hop features,98,peer,5.0,5.055263783327052,0.05775402616159093,True,680
"paper eq. 39, ER n=3000",partialling-out + 1-hop,98,direct,20.0,19.740996075474087,0.18470517594465685,True,680
"paper eq. 39, ER n=3000",partialling-out + 1-hop,98,peer,5.0,4.9291234262468215,0.13105318214582493,True,680
"paper eq. 39, ER n=3000",paper mode,98,direct,20.0,20.16356760066027,0.4030435742140344,True,525
"paper eq. 39, ER n=3000",paper mode,98,peer,5.0,5.3842452065754935,0.35882729459145946,True,525
flu_town (n=3000),"default (IV-type, buffered, 2 hops)",99,direct,-2.0,-1.8152279455446634,0.16690571211966337,True,470
flu_town (n=3000),"default (IV-type, buffered, 2 hops)",99,peer,-0.5,-0.4508395478771975,0.08889643643429287,True,470
flu_town (n=3000),partialling-out score,99,direct,-2.0,-1.8861739535812765,0.17704484284655822,True,470
flu_town (n=3000),partialling-out score,99,peer,-0.5,-0.3913740517570732,0.0889868895200215,True,470
flu_town (n=3000),focal-only training,99,direct,-2.0,-1.8311692159537951,0.1871832767338399,True,470
flu_town (n=3000),focal-only training,99,peer,-0.5,-0.4689579268115906,0.11524227294070415,True,470
flu_town (n=3000),1-hop features,99,direct,-2.0,-1.8560268508198703,0.16884245875968548,True,470
flu_town (n=3000),1-hop features,99,peer,-0.5,-0.4035370683257874,0.09044131291951357,True,470
flu_town (n=3000),partialling-out + 1-hop,99,direct,-2.0,-1.8386366103517346,0.1763335929046169,True,470
flu_town (n=3000),partialling-out + 1-hop,99,peer,-0.5,-0.3810506475384652,0.08812572147804118,True,470
flu_town (n=3000),paper mode,99,direct,-2.0,-2.2553315182063396,0.223793343179068,True,400
flu_town (n=3000),paper mode,99,peer,-0.5,-0.6451495145006962,0.09470176396957991,True,400
referral_app (n=4000),"default (IV-type, buffered, 2 hops)",99,direct,12.0,12.078382038495471,0.9237552785553098,True,398
referral_app (n=4000),"default (IV-type, buffered, 2 hops)",99,peer,40.0,40.93194036827579,1.584619254782966,True,398
referral_app (n=4000),partialling-out score,99,direct,12.0,10.875609357329237,0.9410054602091339,True,398
referral_app (n=4000),partialling-out score,99,peer,40.0,40.85198101894113,1.679106068029093,True,398
referral_app (n=4000),focal-only training,99,direct,12.0,13.151828369196265,0.9462514345459855,True,398
referral_app (n=4000),focal-only training,99,peer,40.0,43.08083763724481,1.552946033395908,False,398
referral_app (n=4000),1-hop features,99,direct,12.0,12.426733393199711,0.9251332058937876,True,398
referral_app (n=4000),1-hop features,99,peer,40.0,40.91840917886539,1.5275148559168363,True,398
referral_app (n=4000),partialling-out + 1-hop,99,direct,12.0,10.91824484238567,0.9578105790570833,True,398
referral_app (n=4000),partialling-out + 1-hop,99,peer,40.0,39.98698218376527,1.655223935478592,True,398
referral_app (n=4000),paper mode,99,direct,12.0,13.013747486862314,1.3058828514108094,True,338
referral_app (n=4000),paper mode,99,peer,40.0,40.157851960069806,2.4264912874385516,True,338
"paper eq. 38, ER n=3000","default (IV-type, buffered, 2 hops)",99,direct,10.0,10.04957439286862,0.08244596956632393,True,673
"paper eq. 38, ER n=3000","default (IV-type, buffered, 2 hops)",99,peer,5.0,4.956284178918921,0.06604005320704241,True,673
"paper eq. 38, ER n=3000",partialling-out score,99,direct,10.0,9.867847092390415,0.1422529827374786,True,673
"paper eq. 38, ER n=3000",partialling-out score,99,peer,5.0,4.991822413998065,0.10396669273965445,True,673
"paper eq. 38, ER n=3000",focal-only training,99,direct,10.0,10.070208100293994,0.08833457976419759,True,673
"paper eq. 38, ER n=3000",focal-only training,99,peer,5.0,4.960706433015431,0.0740531992121727,True,673
"paper eq. 38, ER n=3000",1-hop features,99,direct,10.0,10.045106732741278,0.08382861790119776,True,673
"paper eq. 38, ER n=3000",1-hop features,99,peer,5.0,4.9609835052465785,0.064824484772591,True,673
"paper eq. 38, ER n=3000",partialling-out + 1-hop,99,direct,10.0,9.856207319501266,0.14058864482904845,True,673
"paper eq. 38, ER n=3000",partialling-out + 1-hop,99,peer,5.0,4.914431240668422,0.10115601278863005,True,673
"paper eq. 38, ER n=3000",paper mode,99,direct,10.0,10.101121149251481,0.37101401220221336,True,565
"paper eq. 38, ER n=3000",paper mode,99,peer,5.0,4.939484957882516,0.28295416474694735,True,565
"paper eq. 39, ER n=3000","default (IV-type, buffered, 2 hops)",99,direct,20.0,20.088910598922556,0.08110692665974167,True,673
"paper eq. 39, ER n=3000","default (IV-type, buffered, 2 hops)",99,peer,5.0,4.969632878955074,0.06078688472744353,True,673
"paper eq. 39, ER n=3000",partialling-out score,99,direct,20.0,19.971368228484643,0.1827760974088671,True,673
"paper eq. 39, ER n=3000",partialling-out score,99,peer,5.0,4.831907535763216,0.12370002465725251,True,673
"paper eq. 39, ER n=3000",focal-only training,99,direct,20.0,20.062317650529533,0.07989627292973733,True,673
"paper eq. 39, ER n=3000",focal-only training,99,peer,5.0,4.912160440426088,0.05615678199150861,True,673
"paper eq. 39, ER n=3000",1-hop features,99,direct,20.0,20.078901464341595,0.08434182473969024,True,673
"paper eq. 39, ER n=3000",1-hop features,99,peer,5.0,4.955787630575779,0.06252149227540872,True,673
"paper eq. 39, ER n=3000",partialling-out + 1-hop,99,direct,20.0,20.005132155460526,0.18168824096836383,True,673
"paper eq. 39, ER n=3000",partialling-out + 1-hop,99,peer,5.0,4.752822429995603,0.13482688454553604,True,673
"paper eq. 39, ER n=3000",paper mode,99,direct,20.0,20.23349306198746,0.3808528910934345,True,565
"paper eq. 39, ER n=3000",paper mode,99,peer,5.0,5.000826927287675,0.3162712021267188,True,565
