dataset,method,seed,effect,truth,estimate,se,covers,n_focal
flu_town (n=3000),GraphDML (focal set),0,direct,-2.0,-1.8755485545866173,0.16712148765693433,True,478
flu_town (n=3000),GraphDML (focal set),0,peer,-0.5,-0.4206812818569758,0.0952328712455516,True,478
flu_town (n=3000),"GraphDML features, all nodes",0,direct,-2.0,-1.9842015198225582,0.06454109179378312,True,3000
flu_town (n=3000),"GraphDML features, all nodes",0,peer,-0.5,-0.4445450907547007,0.02580484911215321,False,3000
flu_town (n=3000),"1-hop aggregates, all nodes",0,direct,-2.0,-2.0303949376283175,0.06434695179964649,True,3000
flu_town (n=3000),"1-hop aggregates, all nodes",0,peer,-0.5,-0.47657650918170164,0.02468772196661127,True,3000
referral_app (n=4000),GraphDML (focal set),0,direct,12.0,11.873802051540508,0.9861028327196505,True,396
referral_app (n=4000),GraphDML (focal set),0,peer,40.0,40.86644795724912,1.6426657669319826,True,396
referral_app (n=4000),"GraphDML features, all nodes",0,direct,12.0,11.86200296654891,0.2923575568412733,True,4000
referral_app (n=4000),"GraphDML features, all nodes",0,peer,40.0,40.887626943814695,0.6356150087420527,True,4000
referral_app (n=4000),"1-hop aggregates, all nodes",0,direct,12.0,11.722842201627799,0.2895669711219226,True,4000
referral_app (n=4000),"1-hop aggregates, all nodes",0,peer,40.0,40.74484087756165,0.6286840563693163,True,4000
flu_town (n=3000),GraphDML (focal set),1,direct,-2.0,-2.1600097788386403,0.1747918751263043,True,471
flu_town (n=3000),GraphDML (focal set),1,peer,-0.5,-0.4780804171295794,0.10675833415575316,True,471
flu_town (n=3000),"GraphDML features, all nodes",1,direct,-2.0,-2.0588563735942977,0.06623070778282099,True,3000
flu_town (n=3000),"GraphDML features, all nodes",1,peer,-0.5,-0.5404380925150297,0.02559209970038121,True,3000
flu_town (n=3000),"1-hop aggregates, all nodes",1,direct,-2.0,-2.02157817725303,0.06687700347792098,True,3000
flu_town (n=3000),"1-hop aggregates, all nodes",1,peer,-0.5,-0.5350462202038779,0.02610921877656052,True,3000
referral_app (n=4000),GraphDML (focal set),1,direct,12.0,12.766523447270815,0.8199443440832385,True,404
referral_app (n=4000),GraphDML (focal set),1,peer,40.0,38.479610974347764,1.5435086255285224,True,404
referral_app (n=4000),"GraphDML features, all nodes",1,direct,12.0,12.241534703906803,0.28674814421778194,True,4000
referral_app (n=4000),"GraphDML features, all nodes",1,peer,40.0,39.647696590082866,0.6160812838676677,True,4000
referral_app (n=4000),"1-hop aggregates, all nodes",1,direct,12.0,12.08426973403296,0.2855807946619196,True,4000
referral_app (n=4000),"1-hop aggregates, all nodes",1,peer,40.0,39.65316912182846,0.5977146083688784,True,4000
flu_town (n=3000),GraphDML (focal set),2,direct,-2.0,-2.017504246144262,0.1698161636043197,True,480
flu_town (n=3000),GraphDML (focal set),2,peer,-0.5,-0.6690320845964463,0.08323770485601374,False,480
flu_town (n=3000),"GraphDML features, all nodes",2,direct,-2.0,-1.983745586461682,0.0671587817811091,True,3000
flu_town (n=3000),"GraphDML features, all nodes",2,peer,-0.5,-0.49117538442149655,0.026667375064383443,True,3000
flu_town (n=3000),"1-hop aggregates, all nodes",2,direct,-2.0,-1.95848070446845,0.06744715280676773,True,3000
flu_town (n=3000),"1-hop aggregates, all nodes",2,peer,-0.5,-0.4887312985278137,0.026257962315356355,True,3000
referral_app (n=4000),GraphDML (focal set),2,direct,12.0,12.819072212052403,0.8843571566490033,True,401
referral_app (n=4000),GraphDML (focal set),2,peer,40.0,40.11454380420256,1.44486385250096,True,401
referral_app (n=4000),"GraphDML features, all nodes",2,direct,12.0,11.868000526758332,0.285368889831095,True,4000
referral_app (n=4000),"GraphDML features, all nodes",2,peer,40.0,40.943540791175366,0.5347160252729307,True,4000
referral_app (n=4000),"1-hop aggregates, all nodes",2,direct,12.0,11.80576701849086,0.2859556304516892,True,4000
referral_app (n=4000),"1-hop aggregates, all nodes",2,peer,40.0,40.81719075446817,0.5397547458208197,True,4000
flu_town (n=3000),GraphDML (focal set),3,direct,-2.0,-1.825028948657735,0.16088095619283943,True,460
flu_town (n=3000),GraphDML (focal set),3,peer,-0.5,-0.45663943714238747,0.08847769344636919,True,460
flu_town (n=3000),"GraphDML features, all nodes",3,direct,-2.0,-2.0753729978449185,0.06628453072188303,True,3000
flu_town (n=3000),"GraphDML features, all nodes",3,peer,-0.5,-0.5141548669287052,0.028307056193972845,True,3000
flu_town (n=3000),"1-hop aggregates, all nodes",3,direct,-2.0,-2.0671944782879823,0.06716748440374472,True,3000
flu_town (n=3000),"1-hop aggregates, all nodes",3,peer,-0.5,-0.5267095635787892,0.027171957592074285,True,3000
referral_app (n=4000),GraphDML (focal set),3,direct,12.0,12.696815228285823,0.8551573907681783,True,400
referral_app (n=4000),GraphDML (focal set),3,peer,40.0,42.463202237961866,1.5739758131764858,True,400
referral_app (n=4000),"GraphDML features, all nodes",3,direct,12.0,11.82397514238626,0.29495389070738526,True,4000
referral_app (n=4000),"GraphDML features, all nodes",3,peer,40.0,39.92960766755204,0.5149608261230811,True,4000
referral_app (n=4000),"1-hop aggregates, all nodes",3,direct,12.0,11.709247538238614,0.29263344620150994,True,4000
referral_app (n=4000),"1-hop aggregates, all nodes",3,peer,40.0,39.83189507394385,0.5219727521662823,True,4000
flu_town (n=3000),GraphDML (focal set),4,direct,-2.0,-2.05171999657346,0.18361626072772141,True,471
flu_town (n=3000),GraphDML (focal set),4,peer,-0.5,-0.47063787956689596,0.10621433470505913,True,471
flu_town (n=3000),"GraphDML features, all nodes",4,direct,-2.0,-1.9975172452688996,0.06741244333295215,True,3000
flu_town (n=3000),"GraphDML features, all nodes",4,peer,-0.5,-0.5291226275994411,0.024381046988117976,True,3000
flu_town (n=3000),"1-hop aggregates, all nodes",4,direct,-2.0,-2.0021242565077224,0.06681877671831374,True,3000
flu_town (n=3000),"1-hop aggregates, all nodes",4,peer,-0.5,-0.5335069673050831,0.02282641030174416,True,3000
referral_app (n=4000),GraphDML (focal set),4,direct,12.0,12.626756488722963,0.9263510735115292,True,401
referral_app (n=4000),GraphDML (focal set),4,peer,40.0,39.57947951335637,1.8867881946721794,True,401
referral_app (n=4000),"GraphDML features, all nodes",4,direct,12.0,12.257786495184858,0.2868811098713959,True,4000
referral_app (n=4000),"GraphDML features, all nodes",4,peer,40.0,39.67872509151491,0.6108522877542021,True,4000
referral_app (n=4000),"1-hop aggregates, all nodes",4,direct,12.0,12.23189648495246,0.28639007556155877,True,4000
referral_app (n=4000),"1-hop aggregates, all nodes",4,peer,40.0,39.94844228772444,0.6009743437602831,True,4000
flu_town (n=3000),GraphDML (focal set),5,direct,-2.0,-2.3857245040879214,0.1760513954392895,False,480
flu_town (n=3000),GraphDML (focal set),5,peer,-0.5,-0.5435641648694933,0.09009608654345685,True,480
flu_town (n=3000),"GraphDML features, all nodes",5,direct,-2.0,-2.101675997586276,0.0675007482325817,True,3000
flu_town (n=3000),"GraphDML features, all nodes",5,peer,-0.5,-0.5003181339024162,0.02509449698444469,True,3000
flu_town (n=3000),"1-hop aggregates, all nodes",5,direct,-2.0,-2.1063489584960404,0.0682779871850433,True,3000
flu_town (n=3000),"1-hop aggregates, all nodes",5,peer,-0.5,-0.5044551364963352,0.025581772002162242,True,3000
referral_app (n=4000),GraphDML (focal set),5,direct,12.0,12.041962987280229,1.036209889476887,True,392
referral_app (n=4000),GraphDML (focal set),5,peer,40.0,39.052046900751094,1.5585586481694034,True,392
referral_app (n=4000),"GraphDML features, all nodes",5,direct,12.0,12.140927000611978,0.2895760128700666,True,4000
referral_app (n=4000),"GraphDML features, all nodes",5,peer,40.0,40.554542791677974,0.5033593191974781,True,4000
referral_app (n=4000),"1-hop aggregates, all nodes",5,direct,12.0,12.244710460471216,0.2898109679187189,True,4000
referral_app (n=4000),"1-hop aggregates, all nodes",5,peer,40.0,40.62979042608261,0.4971366448834501,True,4000
flu_town (n=3000),GraphDML (focal set),6,direct,-2.0,-2.2007917646262265,0.18029622201129375,True,466
flu_town (n=3000),GraphDML (focal set),6,peer,-0.5,-0.5371330737342489,0.08206271163291178,True,466
flu_town (n=3000),"GraphDML features, all nodes",6,direct,-2.0,-2.132600629155761,0.06613675914713549,False,3000
flu_town (n=3000),"GraphDML features, all nodes",6,peer,-0.5,-0.5540103122141248,0.025425545966916128,False,3000
flu_town (n=3000),"1-hop aggregates, all nodes",6,direct,-2.0,-2.1070523910629277,0.06525563926554885,True,3000
flu_town (n=3000),"1-hop aggregates, all nodes",6,peer,-0.5,-0.544087093517571,0.02455549156733469,True,3000
referral_app (n=4000),GraphDML (focal set),6,direct,12.0,13.063013579120883,0.8941065540654697,True,397
referral_app (n=4000),GraphDML (focal set),6,peer,40.0,38.18969401118032,1.5553464432681432,True,397
referral_app (n=4000),"GraphDML features, all nodes",6,direct,12.0,12.21164832251281,0.29632681130851857,True,4000
referral_app (n=4000),"GraphDML features, all nodes",6,peer,40.0,41.14785839103935,0.5638242514443824,False,4000
referral_app (n=4000),"1-hop aggregates, all nodes",6,direct,12.0,12.195006761900128,0.29219479759688594,True,4000
referral_app (n=4000),"1-hop aggregates, all nodes",6,peer,40.0,41.1314179764034,0.5608246017018347,False,4000
flu_town (n=3000),GraphDML (focal set),7,direct,-2.0,-2.218149126249169,0.18615136541926364,True,476
flu_town (n=3000),GraphDML (focal set),7,peer,-0.5,-0.41890904720811983,0.0955403064544535,True,476
flu_town (n=3000),"GraphDML features, all nodes",7,direct,-2.0,-2.0252911810741705,0.06616355943802528,True,3000
flu_town (n=3000),"GraphDML features, all nodes",7,peer,-0.5,-0.5117748192175321,0.025575908055783157,True,3000
flu_town (n=3000),"1-hop aggregates, all nodes",7,direct,-2.0,-2.0409193370501857,0.06678650658926374,True,3000
flu_town (n=3000),"1-hop aggregates, all nodes",7,peer,-0.5,-0.5280848697072783,0.02631062748828783,True,3000
referral_app (n=4000),GraphDML (focal set),7,direct,12.0,12.605409637114251,0.9784256017662278,True,378
referral_app (n=4000),GraphDML (focal set),7,peer,40.0,40.27948980372554,1.5871128354895037,True,378
referral_app (n=4000),"GraphDML features, all nodes",7,direct,12.0,11.902926192186698,0.28662670542431956,True,4000
referral_app (n=4000),"GraphDML features, all nodes",7,peer,40.0,39.47151192126454,0.5742711402033834,True,4000
referral_app (n=4000),"1-hop aggregates, all nodes",7,direct,12.0,11.974820569430758,0.2855583355093861,True,4000
referral_app (n=4000),"1-hop aggregates, all nodes",7,peer,40.0,39.31423625994436,0.5666758983560645,True,4000
flu_town (n=3000),GraphDML (focal set),8,direct,-2.0,-1.9504358409122975,0.18022897902018561,True,470
flu_town (n=3000),GraphDML (focal set),8,peer,-0.5,-0.4267440255141398,0.0787056698219051,True,470
flu_town (n=3000),"GraphDML features, all nodes",8,direct,-2.0,-2.064281107411918,0.06556240098577686,True,3000
flu_town (n=3000),"GraphDML features, all nodes",8,peer,-0.5,-0.5022425215188824,0.02673885975493725,True,3000
flu_town (n=3000),"1-hop aggregates, all nodes",8,direct,-2.0,-2.075310228062621,0.06546008273192776,True,3000
flu_town (n=3000),"1-hop aggregates, all nodes",8,peer,-0.5,-0.5203326563078856,0.026300961132861903,True,3000
referral_app (n=4000),GraphDML (focal set),8,direct,12.0,11.260115037542475,0.9431498512182528,True,398
referral_app (n=4000),GraphDML (focal set),8,peer,40.0,39.41675689169167,1.4623554517078374,True,398
referral_app (n=4000),"GraphDML features, all nodes",8,direct,12.0,12.78018626241412,0.2976561627245256,False,4000
referral_app (n=4000),"GraphDML features, all nodes",8,peer,40.0,40.249079998476695,0.5401133286573895,True,4000
referral_app (n=4000),"1-hop aggregates, all nodes",8,direct,12.0,12.703801931254242,0.2950387318313601,False,4000
referral_app (n=4000),"1-hop aggregates, all nodes",8,peer,40.0,40.24697424937844,0.5534700613081838,True,4000
flu_town (n=3000),GraphDML (focal set),9,direct,-2.0,-2.185543824047998,0.16620583221534,True,477
flu_town (n=3000),GraphDML (focal set),9,peer,-0.5,-0.4888541545740836,0.10654163956210391,True,477
flu_town (n=3000),"GraphDML features, all nodes",9,direct,-2.0,-1.9871545124993693,0.06568236279147692,True,3000
flu_town (n=3000),"GraphDML features, all nodes",9,peer,-0.5,-0.5086899571091466,0.025987056450515144,True,3000
flu_town (n=3000),"1-hop aggregates, all nodes",9,direct,-2.0,-2.012365221228931,0.06557709640487867,True,3000
flu_town (n=3000),"1-hop aggregates, all nodes",9,peer,-0.5,-0.5067692997298456,0.025322662422384856,True,3000
referral_app (n=4000),GraphDML (focal set),9,direct,12.0,12.464171882146218,0.8327679399976144,True,378
referral_app (n=4000),GraphDML (focal set),9,peer,40.0,41.891077341873284,1.7149125869990978,True,378
referral_app (n=4000),"GraphDML features, all nodes",9,direct,12.0,12.475547393954045,0.28231834303806735,True,4000
referral_app (n=4000),"GraphDML features, all nodes",9,peer,40.0,39.967382808181846,0.6347543063443288,True,4000
referral_app (n=4000),"1-hop aggregates, all nodes",9,direct,12.0,12.465252814703053,0.2840560928554962,True,4000
referral_app (n=4000),"1-hop aggregates, all nodes",9,peer,40.0,39.990300572615624,0.6232360587999178,True,4000
flu_town (n=3000),GraphDML (focal set),10,direct,-2.0,-1.9679200668080277,0.18798837130730353,True,480
flu_town (n=3000),GraphDML (focal set),10,peer,-0.5,-0.5766860278833035,0.100823246904848,True,480
flu_town (n=3000),"GraphDML features, all nodes",10,direct,-2.0,-1.9084836764412687,0.06640633718180766,True,3000
flu_town (n=3000),"GraphDML features, all nodes",10,peer,-0.5,-0.4878715454071747,0.02821973281926795,True,3000
flu_town (n=3000),"1-hop aggregates, all nodes",10,direct,-2.0,-1.9160010005674457,0.06799838383878698,True,3000
flu_town (n=3000),"1-hop aggregates, all nodes",10,peer,-0.5,-0.48509792672292745,0.027902987081120576,True,3000
referral_app (n=4000),GraphDML (focal set),10,direct,12.0,14.062918712636296,0.9663943774291951,False,383
referral_app (n=4000),GraphDML (focal set),10,peer,40.0,41.132489818106954,1.2799703391477497,True,383
referral_app (n=4000),"GraphDML features, all nodes",10,direct,12.0,12.178800212023168,0.2805000264778458,True,4000
referral_app (n=4000),"GraphDML features, all nodes",10,peer,40.0,40.40675470622538,0.588695448974121,True,4000
referral_app (n=4000),"1-hop aggregates, all nodes",10,direct,12.0,12.120409008626204,0.281471766226119,True,4000
referral_app (n=4000),"1-hop aggregates, all nodes",10,peer,40.0,40.58565862286197,0.5797541975848455,True,4000
flu_town (n=3000),GraphDML (focal set),11,direct,-2.0,-2.053715018595775,0.15696554879643262,True,474
flu_town (n=3000),GraphDML (focal set),11,peer,-0.5,-0.5176226631131041,0.11140984392352368,True,474
flu_town (n=3000),"GraphDML features, all nodes",11,direct,-2.0,-1.9707504455253662,0.06715765425091519,True,3000
flu_town (n=3000),"GraphDML features, all nodes",11,peer,-0.5,-0.48136047483738365,0.028094519566314778,True,3000
flu_town (n=3000),"1-hop aggregates, all nodes",11,direct,-2.0,-1.9774042289852745,0.06698327932880531,True,3000
flu_town (n=3000),"1-hop aggregates, all nodes",11,peer,-0.5,-0.486160829737375,0.026859514442398442,True,3000
referral_app (n=4000),GraphDML (focal set),11,direct,12.0,12.35096523787001,0.8939928051946868,True,397
referral_app (n=4000),GraphDML (focal set),11,peer,40.0,39.10539139114149,1.5551638908763596,True,397
referral_app (n=4000),"GraphDML features, all nodes",11,direct,12.0,12.016627980632386,0.2867606989677503,True,4000
referral_app (n=4000),"GraphDML features, all nodes",11,peer,40.0,40.71390484274737,0.5533479402484228,True,4000
referral_app (n=4000),"1-hop aggregates, all nodes",11,direct,12.0,12.123518664126069,0.2867141844863139,True,4000
referral_app (n=4000),"1-hop aggregates, all nodes",11,peer,40.0,40.4525419825185,0.5627542809388262,True,4000
flu_town (n=3000),GraphDML (focal set),12,direct,-2.0,-1.740501731685481,0.17527406939116216,True,468
flu_town (n=3000),GraphDML (focal set),12,peer,-0.5,-0.3798729265412339,0.08096295868221974,True,468
flu_town (n=3000),"GraphDML features, all nodes",12,direct,-2.0,-2.018845899332589,0.06812922591068969,True,3000
flu_town (n=3000),"GraphDML features, all nodes",12,peer,-0.5,-0.473034918279591,0.026600313864947853,True,3000
flu_town (n=3000),"1-hop aggregates, all nodes",12,direct,-2.0,-2.003110645666406,0.06792809386358625,True,3000
flu_town (n=3000),"1-hop aggregates, all nodes",12,peer,-0.5,-0.4652325232696048,0.02531005317865457,True,3000
referral_app (n=4000),GraphDML (focal set),12,direct,12.0,10.492748824625883,0.7906312702151133,True,403
referral_app (n=4000),GraphDML (focal set),12,peer,40.0,41.8177782517516,1.739757780782652,True,403
referral_app (n=4000),"GraphDML features, all nodes",12,direct,12.0,12.181743690665781,0.2902749783127364,True,4000
referral_app (n=4000),"GraphDML features, all nodes",12,peer,40.0,39.241338443082235,0.627305000811418,True,4000
referral_app (n=4000),"1-hop aggregates, all nodes",12,direct,12.0,12.221634912159017,0.28749329051461475,True,4000
referral_app (n=4000),"1-hop aggregates, all nodes",12,peer,40.0,39.24834112513668,0.6006561266209812,True,4000
flu_town (n=3000),GraphDML (focal set),13,direct,-2.0,-2.124091696635948,0.16127372636199508,True,457
flu_town (n=3000),GraphDML (focal set),13,peer,-0.5,-0.5764400893656079,0.10657401856865009,True,457
flu_town (n=3000),"GraphDML features, all nodes",13,direct,-2.0,-2.026644510340016,0.06700652276797012,True,3000
flu_town (n=3000),"GraphDML features, all nodes",13,peer,-0.5,-0.5042845532404953,0.027251569106332044,True,3000
flu_town (n=3000),"1-hop aggregates, all nodes",13,direct,-2.0,-2.028821107745993,0.06642189271158,True,3000
flu_town (n=3000),"1-hop aggregates, all nodes",13,peer,-0.5,-0.5027416764599104,0.02498915911525959,True,3000
referral_app (n=4000),GraphDML (focal set),13,direct,12.0,12.46756683791503,0.9948886759803163,True,390
referral_app (n=4000),GraphDML (focal set),13,peer,40.0,41.0272434020174,1.5546818926822044,True,390
referral_app (n=4000),"GraphDML features, all nodes",13,direct,12.0,11.897902315369839,0.28349557675648934,True,4000
referral_app (n=4000),"GraphDML features, all nodes",13,peer,40.0,40.20560964472603,0.617930300419046,True,4000
referral_app (n=4000),"1-hop aggregates, all nodes",13,direct,12.0,11.883900951113457,0.2811871470320353,True,4000
referral_app (n=4000),"1-hop aggregates, all nodes",13,peer,40.0,40.27126581602934,0.6228931110372831,True,4000
flu_town (n=3000),GraphDML (focal set),14,direct,-2.0,-2.021122598995053,0.16630789848732466,True,474
flu_town (n=3000),GraphDML (focal set),14,peer,-0.5,-0.5809409258367529,0.08296013548948741,True,474
flu_town (n=3000),"GraphDML features, all nodes",14,direct,-2.0,-2.0564319240165654,0.06567394783638861,True,3000
flu_town (n=3000),"GraphDML features, all nodes",14,peer,-0.5,-0.5112494767606217,0.027261420866906468,True,3000
flu_town (n=3000),"1-hop aggregates, all nodes",14,direct,-2.0,-2.0480793429664055,0.06669845897054556,True,3000
flu_town (n=3000),"1-hop aggregates, all nodes",14,peer,-0.5,-0.5172881717041689,0.028475095929445634,True,3000
referral_app (n=4000),GraphDML (focal set),14,direct,12.0,12.625979219628523,0.8300126133354576,True,402
referral_app (n=4000),GraphDML (focal set),14,peer,40.0,38.918235753912455,1.6479284063672934,True,402
referral_app (n=4000),"GraphDML features, all nodes",14,direct,12.0,11.756400781930681,0.2912947959649137,True,4000
referral_app (n=4000),"GraphDML features, all nodes",14,peer,40.0,39.26172174550393,0.6098450535962721,True,4000
referral_app (n=4000),"1-hop aggregates, all nodes",14,direct,12.0,11.722690583484074,0.28908884455578693,True,4000
referral_app (n=4000),"1-hop aggregates, all nodes",14,peer,40.0,39.260875946554805,0.6190751345890128,True,4000
flu_town (n=3000),GraphDML (focal set),15,direct,-2.0,-2.19000568492883,0.17577276235833933,True,464
flu_town (n=3000),GraphDML (focal set),15,peer,-0.5,-0.44537209230664904,0.09512032607654874,True,464
flu_town (n=3000),"GraphDML features, all nodes",15,direct,-2.0,-2.0428253592903145,0.0684234189584886,True,3000
flu_town (n=3000),"GraphDML features, all nodes",15,peer,-0.5,-0.47553165084432825,0.024299545634575297,True,3000
flu_town (n=3000),"1-hop aggregates, all nodes",15,direct,-2.0,-2.0573314671908243,0.06708498233762283,True,3000
flu_town (n=3000),"1-hop aggregates, all nodes",15,peer,-0.5,-0.4656518153546383,0.022923136671065172,True,3000
referral_app (n=4000),GraphDML (focal set),15,direct,12.0,14.371465722939915,0.9582297113982033,False,385
referral_app (n=4000),GraphDML (focal set),15,peer,40.0,42.34660802007551,2.0689142656750894,True,385
referral_app (n=4000),"GraphDML features, all nodes",15,direct,12.0,12.37567483534047,0.29515175288662404,True,4000
referral_app (n=4000),"GraphDML features, all nodes",15,peer,40.0,40.208712126973936,0.5863257176853228,True,4000
referral_app (n=4000),"1-hop aggregates, all nodes",15,direct,12.0,12.343097407369331,0.29812235487292144,True,4000
referral_app (n=4000),"1-hop aggregates, all nodes",15,peer,40.0,40.08128651704579,0.6080233899111311,True,4000
flu_town (n=3000),GraphDML (focal set),16,direct,-2.0,-2.0528825939009407,0.15666426520421867,True,483
flu_town (n=3000),GraphDML (focal set),16,peer,-0.5,-0.4500290555799822,0.07430689122740258,True,483
flu_town (n=3000),"GraphDML features, all nodes",16,direct,-2.0,-2.0740948373628023,0.06583512839921415,True,3000
flu_town (n=3000),"GraphDML features, all nodes",16,peer,-0.5,-0.487364261928903,0.026272306054888308,True,3000
flu_town (n=3000),"1-hop aggregates, all nodes",16,direct,-2.0,-2.086766475562527,0.06629036316927274,True,3000
flu_town (n=3000),"1-hop aggregates, all nodes",16,peer,-0.5,-0.4975194624690125,0.023351527989334143,True,3000
referral_app (n=4000),GraphDML (focal set),16,direct,12.0,10.63263301258093,0.8688894480788528,True,374
referral_app (n=4000),GraphDML (focal set),16,peer,40.0,36.86383291532597,1.703271856445606,True,374
referral_app (n=4000),"GraphDML features, all nodes",16,direct,12.0,11.862064777949271,0.2891160442212154,True,4000
referral_app (n=4000),"GraphDML features, all nodes",16,peer,40.0,39.91730132209249,0.6045410821043785,True,4000
referral_app (n=4000),"1-hop aggregates, all nodes",16,direct,12.0,11.869768119420296,0.2868238045545167,True,4000
referral_app (n=4000),"1-hop aggregates, all nodes",16,peer,40.0,40.02045648803293,0.6021637305602637,True,4000
flu_town (n=3000),GraphDML (focal set),17,direct,-2.0,-2.5470834292380644,0.1836753290677287,False,467
flu_town (n=3000),GraphDML (focal set),17,peer,-0.5,-0.3959077647613582,0.10228525168986162,True,467
flu_town (n=3000),"GraphDML features, all nodes",17,direct,-2.0,-2.123732291722866,0.06704022062124158,True,3000
flu_town (n=3000),"GraphDML features, all nodes",17,peer,-0.5,-0.5173928177298768,0.02595818616091249,True,3000
flu_town (n=3000),"1-hop aggregates, all nodes",17,direct,-2.0,-2.1065901230274124,0.06607245246854909,True,3000
flu_town (n=3000),"1-hop aggregates, all nodes",17,peer,-0.5,-0.49946088500989166,0.02512729458953844,True,3000
referral_app (n=4000),GraphDML (focal set),17,direct,12.0,12.13206906573027,0.9100983443142705,True,407
referral_app (n=4000),GraphDML (focal set),17,peer,40.0,39.23218729142041,1.8080872986174699,True,407
referral_app (n=4000),"GraphDML features, all nodes",17,direct,12.0,12.296090331048976,0.2854071409754142,True,4000
referral_app (n=4000),"GraphDML features, all nodes",17,peer,40.0,40.457846201299155,0.5914494506120405,True,4000
referral_app (n=4000),"1-hop aggregates, all nodes",17,direct,12.0,12.280490634397838,0.2880833424214379,True,4000
referral_app (n=4000),"1-hop aggregates, all nodes",17,peer,40.0,40.42061176100015,0.5803033227606947,True,4000
flu_town (n=3000),GraphDML (focal set),18,direct,-2.0,-2.164024200036764,0.15787197974481357,True,479
flu_town (n=3000),GraphDML (focal set),18,peer,-0.5,-0.46606714295946644,0.08948263991844554,True,479
flu_town (n=3000),"GraphDML features, all nodes",18,direct,-2.0,-2.055927698441359,0.06594624296969483,True,3000
flu_town (n=3000),"GraphDML features, all nodes",18,peer,-0.5,-0.4920153548004132,0.02422200449944584,True,3000
flu_town (n=3000),"1-hop aggregates, all nodes",18,direct,-2.0,-2.046567932089728,0.06450076271455679,True,3000
flu_town (n=3000),"1-hop aggregates, all nodes",18,peer,-0.5,-0.4875247870123939,0.022960198000336315,True,3000
referral_app (n=4000),GraphDML (focal set),18,direct,12.0,12.51701568593659,0.8113121808928551,True,402
referral_app (n=4000),GraphDML (focal set),18,peer,40.0,40.49447535375833,1.5811225506543343,True,402
referral_app (n=4000),"GraphDML features, all nodes",18,direct,12.0,12.294517507140903,0.28502883618070524,True,4000
referral_app (n=4000),"GraphDML features, all nodes",18,peer,40.0,39.424254655918695,0.7049807907490439,True,4000
referral_app (n=4000),"1-hop aggregates, all nodes",18,direct,12.0,12.210330723435252,0.2842066235990512,True,4000
referral_app (n=4000),"1-hop aggregates, all nodes",18,peer,40.0,39.41051955821302,0.7141639018382561,True,4000
flu_town (n=3000),GraphDML (focal set),19,direct,-2.0,-1.6786642696545149,0.18541596150574216,True,467
flu_town (n=3000),GraphDML (focal set),19,peer,-0.5,-0.7251294152877645,0.10056306046456494,False,467
flu_town (n=3000),"GraphDML features, all nodes",19,direct,-2.0,-1.8806891072991978,0.0651226407314261,True,3000
flu_town (n=3000),"GraphDML features, all nodes",19,peer,-0.5,-0.558826640428383,0.0249981751073573,False,3000
flu_town (n=3000),"1-hop aggregates, all nodes",19,direct,-2.0,-1.8633391186365171,0.0654454413548169,False,3000
flu_town (n=3000),"1-hop aggregates, all nodes",19,peer,-0.5,-0.5559014740044075,0.024120728600328434,False,3000
referral_app (n=4000),GraphDML (focal set),19,direct,12.0,11.388720136186002,0.8840399768169476,True,382
referral_app (n=4000),GraphDML (focal set),19,peer,40.0,36.36963436408246,1.2756574479398852,False,382
referral_app (n=4000),"GraphDML features, all nodes",19,direct,12.0,12.055273368045306,0.2939324829074944,True,4000
referral_app (n=4000),"GraphDML features, all nodes",19,peer,40.0,38.890053096253524,0.590086393718061,True,4000
referral_app (n=4000),"1-hop aggregates, all nodes",19,direct,12.0,11.998452061128614,0.29340878441389523,True,4000
referral_app (n=4000),"1-hop aggregates, all nodes",19,peer,40.0,38.94657019764423,0.5860708336610175,True,4000
flu_town (n=3000),GraphDML (focal set),20,direct,-2.0,-2.0560194170602757,0.17020807146445707,True,475
flu_town (n=3000),GraphDML (focal set),20,peer,-0.5,-0.6872958323346205,0.09205773972838678,False,475
flu_town (n=3000),"GraphDML features, all nodes",20,direct,-2.0,-1.959388898172361,0.06966036051307867,True,3000
flu_town (n=3000),"GraphDML features, all nodes",20,peer,-0.5,-0.5168175304202708,0.02723587206849453,True,3000
flu_town (n=3000),"1-hop aggregates, all nodes",20,direct,-2.0,-1.9426661566377825,0.06962535395112594,True,3000
flu_town (n=3000),"1-hop aggregates, all nodes",20,peer,-0.5,-0.5340174149053295,0.025669989757066816,True,3000
referral_app (n=4000),GraphDML (focal set),20,direct,12.0,12.044957552073484,1.0039436273867657,True,404
referral_app (n=4000),GraphDML (focal set),20,peer,40.0,39.414033257990454,1.5327453148965051,True,404
referral_app (n=4000),"GraphDML features, all nodes",20,direct,12.0,11.893217127564427,0.2946138706180577,True,4000
referral_app (n=4000),"GraphDML features, all nodes",20,peer,40.0,40.12379581604647,0.6019078308315707,True,4000
referral_app (n=4000),"1-hop aggregates, all nodes",20,direct,12.0,12.006882785199323,0.2945906524111146,True,4000
referral_app (n=4000),"1-hop aggregates, all nodes",20,peer,40.0,40.23072993448155,0.6102683487508933,True,4000
flu_town (n=3000),GraphDML (focal set),21,direct,-2.0,-2.1959413775980616,0.16929898847433397,True,467
flu_town (n=3000),GraphDML (focal set),21,peer,-0.5,-0.4441181229769381,0.07703478708080788,True,467
flu_town (n=3000),"GraphDML features, all nodes",21,direct,-2.0,-2.001810500971361,0.06867995925993291,True,3000
flu_town (n=3000),"GraphDML features, all nodes",21,peer,-0.5,-0.47888992870787256,0.025480110276037853,True,3000
flu_town (n=3000),"1-hop aggregates, all nodes",21,direct,-2.0,-2.019037374002446,0.0689148501372479,True,3000
flu_town (n=3000),"1-hop aggregates, all nodes",21,peer,-0.5,-0.4890435551309415,0.025604055402088894,True,3000
referral_app (n=4000),GraphDML (focal set),21,direct,12.0,12.188821686921697,1.0186225600887537,True,396
referral_app (n=4000),GraphDML (focal set),21,peer,40.0,39.756692536309636,1.735216619670378,True,396
referral_app (n=4000),"GraphDML features, all nodes",21,direct,12.0,12.39832380773177,0.2928569815701524,True,4000
referral_app (n=4000),"GraphDML features, all nodes",21,peer,40.0,40.17233209634098,0.5854670509237757,True,4000
referral_app (n=4000),"1-hop aggregates, all nodes",21,direct,12.0,12.297113718141883,0.2895447569305644,True,4000
referral_app (n=4000),"1-hop aggregates, all nodes",21,peer,40.0,40.037597844303974,0.5797201017254626,True,4000
flu_town (n=3000),GraphDML (focal set),22,direct,-2.0,-2.2029594293926302,0.17388342999359713,True,456
flu_town (n=3000),GraphDML (focal set),22,peer,-0.5,-0.43219714205052884,0.0705239831361752,True,456
flu_town (n=3000),"GraphDML features, all nodes",22,direct,-2.0,-2.0042610274025994,0.06799166210426276,True,3000
flu_town (n=3000),"GraphDML features, all nodes",22,peer,-0.5,-0.5316176750407602,0.028385120866950518,True,3000
flu_town (n=3000),"1-hop aggregates, all nodes",22,direct,-2.0,-2.0141021536643073,0.06783124903829801,True,3000
flu_town (n=3000),"1-hop aggregates, all nodes",22,peer,-0.5,-0.5340613041724028,0.026468673604368064,True,3000
referral_app (n=4000),GraphDML (focal set),22,direct,12.0,12.02754723858051,0.9394727591289743,True,397
referral_app (n=4000),GraphDML (focal set),22,peer,40.0,40.05932994313279,1.6006938787319107,True,397
referral_app (n=4000),"GraphDML features, all nodes",22,direct,12.0,11.569410061618258,0.2895540781927033,True,4000
referral_app (n=4000),"GraphDML features, all nodes",22,peer,40.0,40.97815747182399,0.5845457957133505,True,4000
referral_app (n=4000),"1-hop aggregates, all nodes",22,direct,12.0,11.676363085193957,0.2894793518210516,True,4000
referral_app (n=4000),"1-hop aggregates, all nodes",22,peer,40.0,40.9488392799529,0.5752665545301391,True,4000
flu_town (n=3000),GraphDML (focal set),23,direct,-2.0,-2.127411895980693,0.17922076140042367,True,472
flu_town (n=3000),GraphDML (focal set),23,peer,-0.5,-0.5975543580417744,0.0841888750494358,True,472
flu_town (n=3000),"GraphDML features, all nodes",23,direct,-2.0,-2.0642017223651257,0.06644654815277287,True,3000
flu_town (n=3000),"GraphDML features, all nodes",23,peer,-0.5,-0.5251901598452777,0.02847042771362037,True,3000
flu_town (n=3000),"1-hop aggregates, all nodes",23,direct,-2.0,-2.076744986773653,0.06656036879612624,True,3000
flu_town (n=3000),"1-hop aggregates, all nodes",23,peer,-0.5,-0.5218805660444604,0.028544652570341403,True,3000
referral_app (n=4000),GraphDML (focal set),23,direct,12.0,11.945679850639777,0.9837779260828677,True,407
referral_app (n=4000),GraphDML (focal set),23,peer,40.0,39.84183031685521,1.5201115370885074,True,407
referral_app (n=4000),"GraphDML features, all nodes",23,direct,12.0,12.858074997136498,0.28165154262947145,False,4000
referral_app (n=4000),"GraphDML features, all nodes",23,peer,40.0,40.02081458338159,0.6184637888633634,True,4000
referral_app (n=4000),"1-hop aggregates, all nodes",23,direct,12.0,12.737102928861225,0.2816414619186594,False,4000
referral_app (n=4000),"1-hop aggregates, all nodes",23,peer,40.0,39.84793778163224,0.6196307211295607,True,4000
flu_town (n=3000),GraphDML (focal set),24,direct,-2.0,-2.0239956330215056,0.1783123792965591,True,474
flu_town (n=3000),GraphDML (focal set),24,peer,-0.5,-0.46524162329100344,0.0954516553896396,True,474
flu_town (n=3000),"GraphDML features, all nodes",24,direct,-2.0,-2.028356455684911,0.06971256001814422,True,3000
flu_town (n=3000),"GraphDML features, all nodes",24,peer,-0.5,-0.5042543997368986,0.025866797007950436,True,3000
flu_town (n=3000),"1-hop aggregates, all nodes",24,direct,-2.0,-2.0295939823016567,0.06950654596428683,True,3000
flu_town (n=3000),"1-hop aggregates, all nodes",24,peer,-0.5,-0.4981639202275754,0.024788501393220197,True,3000
referral_app (n=4000),GraphDML (focal set),24,direct,12.0,11.99799027937965,0.8961931521889086,True,404
referral_app (n=4000),GraphDML (focal set),24,peer,40.0,40.52022795806623,1.5425253770901988,True,404
referral_app (n=4000),"GraphDML features, all nodes",24,direct,12.0,12.19040747460309,0.2893894407646965,True,4000
referral_app (n=4000),"GraphDML features, all nodes",24,peer,40.0,39.7759152969202,0.5645064507862994,True,4000
referral_app (n=4000),"1-hop aggregates, all nodes",24,direct,12.0,12.10337680733063,0.2855141075839404,True,4000
referral_app (n=4000),"1-hop aggregates, all nodes",24,peer,40.0,39.64536813648345,0.5622006072069972,True,4000
flu_town (n=3000),GraphDML (focal set),25,direct,-2.0,-1.7523479924050511,0.2011989712423201,True,471
flu_town (n=3000),GraphDML (focal set),25,peer,-0.5,-0.3710800162941227,0.08537338280701502,True,471
flu_town (n=3000),"GraphDML features, all nodes",25,direct,-2.0,-2.000934468554215,0.06670568877664543,True,3000
flu_town (n=3000),"GraphDML features, all nodes",25,peer,-0.5,-0.4624891753672897,0.027728741276358767,True,3000
flu_town (n=3000),"1-hop aggregates, all nodes",25,direct,-2.0,-2.01355086193594,0.0665698539948203,True,3000
flu_town (n=3000),"1-hop aggregates, all nodes",25,peer,-0.5,-0.4656292941908147,0.028012280810472287,True,3000
referral_app (n=4000),GraphDML (focal set),25,direct,12.0,11.762956278013254,0.9194795000161332,True,380
referral_app (n=4000),GraphDML (focal set),25,peer,40.0,36.349839332055886,1.5864808033314035,False,380
referral_app (n=4000),"GraphDML features, all nodes",25,direct,12.0,12.672273811375458,0.28734962219547744,False,4000
referral_app (n=4000),"GraphDML features, all nodes",25,peer,40.0,39.132571616534726,0.6044771230002701,True,4000
referral_app (n=4000),"1-hop aggregates, all nodes",25,direct,12.0,12.59839374304419,0.2837787438308677,False,4000
referral_app (n=4000),"1-hop aggregates, all nodes",25,peer,40.0,38.93354472966789,0.5981594030931167,True,4000
flu_town (n=3000),GraphDML (focal set),26,direct,-2.0,-2.040117090343736,0.1773021649992567,True,480
flu_town (n=3000),GraphDML (focal set),26,peer,-0.5,-0.34655380803165825,0.08680144376708694,True,480
flu_town (n=3000),"GraphDML features, all nodes",26,direct,-2.0,-1.986318632773328,0.06628405166556704,True,3000
flu_town (n=3000),"GraphDML features, all nodes",26,peer,-0.5,-0.5305002148619052,0.026084673357151075,True,3000
flu_town (n=3000),"1-hop aggregates, all nodes",26,direct,-2.0,-2.004876588700181,0.06608033142106493,True,3000
flu_town (n=3000),"1-hop aggregates, all nodes",26,peer,-0.5,-0.5142098637031928,0.02665183217768557,True,3000
referral_app (n=4000),GraphDML (focal set),26,direct,12.0,12.007783440994444,1.0004962338616892,True,398
referral_app (n=4000),GraphDML (focal set),26,peer,40.0,39.59481214434267,1.599019992158415,True,398
referral_app (n=4000),"GraphDML features, all nodes",26,direct,12.0,11.611906158389704,0.2945735492624776,True,4000
referral_app (n=4000),"GraphDML features, all nodes",26,peer,40.0,40.026936652035076,0.5812438670322396,True,4000
referral_app (n=4000),"1-hop aggregates, all nodes",26,direct,12.0,11.518144557053759,0.29839049219152053,True,4000
referral_app (n=4000),"1-hop aggregates, all nodes",26,peer,40.0,39.7898212076765,0.6055665160837971,True,4000
flu_town (n=3000),GraphDML (focal set),27,direct,-2.0,-2.048357130664899,0.1543079441704453,True,462
flu_town (n=3000),GraphDML (focal set),27,peer,-0.5,-0.5613056886755509,0.10496647822420228,True,462
flu_town (n=3000),"GraphDML features, all nodes",27,direct,-2.0,-1.9400108178179134,0.06623303505607694,True,3000
flu_town (n=3000),"GraphDML features, all nodes",27,peer,-0.5,-0.5241441134361237,0.02644974077741147,True,3000
flu_town (n=3000),"1-hop aggregates, all nodes",27,direct,-2.0,-1.925387036533088,0.06536448900135708,True,3000
flu_town (n=3000),"1-hop aggregates, all nodes",27,peer,-0.5,-0.5072328023744027,0.025856068003019053,True,3000
referral_app (n=4000),GraphDML (focal set),27,direct,12.0,10.969121275108174,0.9521811215397585,True,398
referral_app (n=4000),GraphDML (focal set),27,peer,40.0,38.681470797387554,1.9774662581682345,True,398
referral_app (n=4000),"GraphDML features, all nodes",27,direct,12.0,12.196213532184938,0.2974264967518488,True,4000
referral_app (n=4000),"GraphDML features, all nodes",27,peer,40.0,39.79165336664619,0.6101432702290954,True,4000
referral_app (n=4000),"1-hop aggregates, all nodes",27,direct,12.0,12.238025217949703,0.2957767655290117,True,4000
referral_app (n=4000),"1-hop aggregates, all nodes",27,peer,40.0,39.707585620602785,0.5902150508310836,True,4000
flu_town (n=3000),GraphDML (focal set),28,direct,-2.0,-1.661561619040255,0.18483252749224222,True,473
flu_town (n=3000),GraphDML (focal set),28,peer,-0.5,-0.370147853279474,0.07421602758861569,True,473
flu_town (n=3000),"GraphDML features, all nodes",28,direct,-2.0,-1.9570144800254365,0.06669635490596276,True,3000
flu_town (n=3000),"GraphDML features, all nodes",28,peer,-0.5,-0.4656518408670315,0.02290058152648735,True,3000
flu_town (n=3000),"1-hop aggregates, all nodes",28,direct,-2.0,-1.935277604732071,0.06694484004830453,True,3000
flu_town (n=3000),"1-hop aggregates, all nodes",28,peer,-0.5,-0.4645620642866978,0.02252020594317673,True,3000
referral_app (n=4000),GraphDML (focal set),28,direct,12.0,13.858691451880377,0.9752913458312094,True,391
referral_app (n=4000),GraphDML (focal set),28,peer,40.0,42.72700364704409,1.527997524436114,True,391
referral_app (n=4000),"GraphDML features, all nodes",28,direct,12.0,12.383694594446288,0.29858707888643204,True,4000
referral_app (n=4000),"GraphDML features, all nodes",28,peer,40.0,40.55434718856597,0.5531205757639941,True,4000
referral_app (n=4000),"1-hop aggregates, all nodes",28,direct,12.0,12.23964249188844,0.29594640288208435,True,4000
referral_app (n=4000),"1-hop aggregates, all nodes",28,peer,40.0,40.58773350214206,0.5448755120592186,True,4000
flu_town (n=3000),GraphDML (focal set),29,direct,-2.0,-1.9761566016437233,0.1590927448710483,True,483
flu_town (n=3000),GraphDML (focal set),29,peer,-0.5,-0.563737613741983,0.077296574799591,True,483
flu_town (n=3000),"GraphDML features, all nodes",29,direct,-2.0,-1.99881689809633,0.06735753268445996,True,3000
flu_town (n=3000),"GraphDML features, all nodes",29,peer,-0.5,-0.48866224125201735,0.027974380715328442,True,3000
flu_town (n=3000),"1-hop aggregates, all nodes",29,direct,-2.0,-2.012226872040765,0.06584642838575942,True,3000
flu_town (n=3000),"1-hop aggregates, all nodes",29,peer,-0.5,-0.46423751113089,0.02753145684515576,True,3000
referral_app (n=4000),GraphDML (focal set),29,direct,12.0,12.914303045930382,0.9825414655971765,True,391
referral_app (n=4000),GraphDML (focal set),29,peer,40.0,41.15215185993172,1.774762125695339,True,391
referral_app (n=4000),"GraphDML features, all nodes",29,direct,12.0,12.417720348336971,0.28656662956477796,True,4000
referral_app (n=4000),"GraphDML features, all nodes",29,peer,40.0,41.07588873875155,0.5874490035156132,True,4000
referral_app (n=4000),"1-hop aggregates, all nodes",29,direct,12.0,12.477896024573916,0.28517423234355144,True,4000
referral_app (n=4000),"1-hop aggregates, all nodes",29,peer,40.0,41.08734873712437,0.5905135432367488,True,4000
flu_town (n=3000),GraphDML (focal set),30,direct,-2.0,-2.017087154803075,0.1652411983483704,True,479
flu_town (n=3000),GraphDML (focal set),30,peer,-0.5,-0.551465408257239,0.07475311432155443,True,479
flu_town (n=3000),"GraphDML features, all nodes",30,direct,-2.0,-2.0367540236953174,0.06698844314507836,True,3000
flu_town (n=3000),"GraphDML features, all nodes",30,peer,-0.5,-0.5520366538645529,0.024339353080752062,False,3000
flu_town (n=3000),"1-hop aggregates, all nodes",30,direct,-2.0,-2.014752224083073,0.06751112082793169,True,3000
flu_town (n=3000),"1-hop aggregates, all nodes",30,peer,-0.5,-0.5645551500473385,0.023462612325864017,False,3000
referral_app (n=4000),GraphDML (focal set),30,direct,12.0,12.512658226820989,1.015653018735703,True,387
referral_app (n=4000),GraphDML (focal set),30,peer,40.0,38.66406901780978,1.4938735317601097,True,387
referral_app (n=4000),"GraphDML features, all nodes",30,direct,12.0,12.633645068928416,0.3022896999234828,False,4000
referral_app (n=4000),"GraphDML features, all nodes",30,peer,40.0,39.65810883863026,0.6662772765296456,True,4000
referral_app (n=4000),"1-hop aggregates, all nodes",30,direct,12.0,12.692429739404867,0.2972425554571687,False,4000
referral_app (n=4000),"1-hop aggregates, all nodes",30,peer,40.0,40.03854366662092,0.6568954961978031,True,4000
flu_town (n=3000),GraphDML (focal set),31,direct,-2.0,-2.186059652144227,0.1694577051827045,True,465
flu_town (n=3000),GraphDML (focal set),31,peer,-0.5,-0.5825082626652344,0.08651529130560576,True,465
flu_town (n=3000),"GraphDML features, all nodes",31,direct,-2.0,-2.064598740076218,0.06335152395598534,True,3000
flu_town (n=3000),"GraphDML features, all nodes",31,peer,-0.5,-0.4934253029990001,0.024036047464727095,True,3000
flu_town (n=3000),"1-hop aggregates, all nodes",31,direct,-2.0,-2.085229198156751,0.06290508400820342,True,3000
flu_town (n=3000),"1-hop aggregates, all nodes",31,peer,-0.5,-0.48067981291187695,0.023757903474640293,True,3000
referral_app (n=4000),GraphDML (focal set),31,direct,12.0,11.516117227732455,0.9989582923526024,True,396
referral_app (n=4000),GraphDML (focal set),31,peer,40.0,39.05937656029348,1.5254706272983094,True,396
referral_app (n=4000),"GraphDML features, all nodes",31,direct,12.0,12.144361963765279,0.28149636708390874,True,4000
referral_app (n=4000),"GraphDML features, all nodes",31,peer,40.0,40.666791676793466,0.5475140021176121,True,4000
referral_app (n=4000),"1-hop aggregates, all nodes",31,direct,12.0,12.102157132699514,0.2803227300419214,True,4000
referral_app (n=4000),"1-hop aggregates, all nodes",31,peer,40.0,40.6093434680259,0.5338168199054083,True,4000
flu_town (n=3000),GraphDML (focal set),32,direct,-2.0,-1.888833278205586,0.1698650154820862,True,482
flu_town (n=3000),GraphDML (focal set),32,peer,-0.5,-0.5235282312395353,0.09004614830385849,True,482
flu_town (n=3000),"GraphDML features, all nodes",32,direct,-2.0,-2.030216469103037,0.06932817036243794,True,3000
flu_town (n=3000),"GraphDML features, all nodes",32,peer,-0.5,-0.4356932883776404,0.029233881568878278,False,3000
flu_town (n=3000),"1-hop aggregates, all nodes",32,direct,-2.0,-2.02982789555929,0.06805637299875705,True,3000
flu_town (n=3000),"1-hop aggregates, all nodes",32,peer,-0.5,-0.4347847011780208,0.02884081901124642,False,3000
referral_app (n=4000),GraphDML (focal set),32,direct,12.0,12.712016735686921,0.9727369584910733,True,392
referral_app (n=4000),GraphDML (focal set),32,peer,40.0,40.513743525566994,1.6173564153044633,True,392
referral_app (n=4000),"GraphDML features, all nodes",32,direct,12.0,12.378182419835303,0.2856096522293824,True,4000
referral_app (n=4000),"GraphDML features, all nodes",32,peer,40.0,40.53917848453351,0.5835554472512857,True,4000
referral_app (n=4000),"1-hop aggregates, all nodes",32,direct,12.0,12.313748634293892,0.28466437355652974,True,4000
referral_app (n=4000),"1-hop aggregates, all nodes",32,peer,40.0,40.45040112022583,0.5951177627669101,True,4000
flu_town (n=3000),GraphDML (focal set),33,direct,-2.0,-2.025455168323264,0.15783929909715838,True,465
flu_town (n=3000),GraphDML (focal set),33,peer,-0.5,-0.5142818016103872,0.09220869867849892,True,465
flu_town (n=3000),"GraphDML features, all nodes",33,direct,-2.0,-1.9611641067638947,0.06558403830307001,True,3000
flu_town (n=3000),"GraphDML features, all nodes",33,peer,-0.5,-0.522430846324925,0.026198108861317456,True,3000
flu_town (n=3000),"1-hop aggregates, all nodes",33,direct,-2.0,-1.955790180317412,0.06586849795105063,True,3000
flu_town (n=3000),"1-hop aggregates, all nodes",33,peer,-0.5,-0.5047855824571131,0.025631640449067013,True,3000
referral_app (n=4000),GraphDML (focal set),33,direct,12.0,10.919159966120606,0.9084267490697648,True,390
referral_app (n=4000),GraphDML (focal set),33,peer,40.0,43.13861009481687,1.8349786772211085,True,390
referral_app (n=4000),"GraphDML features, all nodes",33,direct,12.0,12.108353699292625,0.28082573131638533,True,4000
referral_app (n=4000),"GraphDML features, all nodes",33,peer,40.0,40.44603413030528,0.5776274374415388,True,4000
referral_app (n=4000),"1-hop aggregates, all nodes",33,direct,12.0,12.094256348726267,0.28046771284019845,True,4000
referral_app (n=4000),"1-hop aggregates, all nodes",33,peer,40.0,40.070793068667086,0.5831030983986206,True,4000
flu_town (n=3000),GraphDML (focal set),34,direct,-2.0,-1.8225308757337038,0.1661139248677878,True,467
flu_town (n=3000),GraphDML (focal set),34,peer,-0.5,-0.5763202566753451,0.08538711324420906,True,467
flu_town (n=3000),"GraphDML features, all nodes",34,direct,-2.0,-1.99801073882575,0.06622130874824275,True,3000
flu_town (n=3000),"GraphDML features, all nodes",34,peer,-0.5,-0.5055229502961589,0.030345982820304138,True,3000
flu_town (n=3000),"1-hop aggregates, all nodes",34,direct,-2.0,-2.0109528065830884,0.06649181647372147,True,3000
flu_town (n=3000),"1-hop aggregates, all nodes",34,peer,-0.5,-0.5141459111616421,0.027732523755395568,True,3000
referral_app (n=4000),GraphDML (focal set),34,direct,12.0,11.34847394859078,0.8694534059394909,True,390
referral_app (n=4000),GraphDML (focal set),34,peer,40.0,41.02785897294248,1.8367519227203695,True,390
referral_app (n=4000),"GraphDML features, all nodes",34,direct,12.0,11.477672243477283,0.28782150370780785,True,4000
referral_app (n=4000),"GraphDML features, all nodes",34,peer,40.0,40.13385966253545,0.5625968785421873,True,4000
referral_app (n=4000),"1-hop aggregates, all nodes",34,direct,12.0,11.587374038218906,0.28773874476985767,True,4000
referral_app (n=4000),"1-hop aggregates, all nodes",34,peer,40.0,39.95014436400302,0.5503612671217235,True,4000
flu_town (n=3000),GraphDML (focal set),35,direct,-2.0,-1.9197431855153546,0.17415296573677355,True,479
flu_town (n=3000),GraphDML (focal set),35,peer,-0.5,-0.39464146566749453,0.07568152948764845,True,479
flu_town (n=3000),"GraphDML features, all nodes",35,direct,-2.0,-1.9491087132181213,0.06883580023025773,True,3000
flu_town (n=3000),"GraphDML features, all nodes",35,peer,-0.5,-0.5130955570640354,0.026587188533618963,True,3000
flu_town (n=3000),"1-hop aggregates, all nodes",35,direct,-2.0,-1.9285608493194157,0.06830056994550888,True,3000
flu_town (n=3000),"1-hop aggregates, all nodes",35,peer,-0.5,-0.5076556310165371,0.023609039570225903,True,3000
referral_app (n=4000),GraphDML (focal set),35,direct,12.0,13.931764876752709,1.0169108288275464,True,399
referral_app (n=4000),GraphDML (focal set),35,peer,40.0,43.21358987205251,1.7781782301389504,True,399
referral_app (n=4000),"GraphDML features, all nodes",35,direct,12.0,12.094225177547917,0.2888774186623883,True,4000
referral_app (n=4000),"GraphDML features, all nodes",35,peer,40.0,39.574055108504346,0.6682099467282687,True,4000
referral_app (n=4000),"1-hop aggregates, all nodes",35,direct,12.0,12.13025495765279,0.2870838176341499,True,4000
referral_app (n=4000),"1-hop aggregates, all nodes",35,peer,40.0,39.528894310307564,0.6660122775938515,True,4000
flu_town (n=3000),GraphDML (focal set),36,direct,-2.0,-2.237039436166108,0.1742456582190704,True,467
flu_town (n=3000),GraphDML (focal set),36,peer,-0.5,-0.4479858430668278,0.09698327593019945,True,467
flu_town (n=3000),"GraphDML features, all nodes",36,direct,-2.0,-2.03089769717786,0.0651733067763164,True,3000
flu_town (n=3000),"GraphDML features, all nodes",36,peer,-0.5,-0.4783490684736806,0.024122541879145906,True,3000
flu_town (n=3000),"1-hop aggregates, all nodes",36,direct,-2.0,-2.008382849350223,0.06573986564061517,True,3000
flu_town (n=3000),"1-hop aggregates, all nodes",36,peer,-0.5,-0.48156256538635245,0.023609930995243923,True,3000
referral_app (n=4000),GraphDML (focal set),36,direct,12.0,10.733109819360015,0.9029840846654649,True,403
referral_app (n=4000),GraphDML (focal set),36,peer,40.0,40.386929215757796,1.7612985160460124,True,403
referral_app (n=4000),"GraphDML features, all nodes",36,direct,12.0,11.720194357663765,0.29380135475116326,True,4000
referral_app (n=4000),"GraphDML features, all nodes",36,peer,40.0,40.58348706701742,0.5729801016664212,True,4000
referral_app (n=4000),"1-hop aggregates, all nodes",36,direct,12.0,11.728498018775465,0.294543675615922,True,4000
referral_app (n=4000),"1-hop aggregates, all nodes",36,peer,40.0,40.74437851645496,0.5791890875907831,True,4000
flu_town (n=3000),GraphDML (focal set),37,direct,-2.0,-2.0757378511041993,0.16511503747431586,True,465
flu_town (n=3000),GraphDML (focal set),37,peer,-0.5,-0.6292101482970067,0.09806520240571082,True,465
flu_town (n=3000),"GraphDML features, all nodes",37,direct,-2.0,-2.012680466236675,0.06568400148072216,True,3000
flu_town (n=3000),"GraphDML features, all nodes",37,peer,-0.5,-0.4499691840079078,0.028707538319679097,True,3000
flu_town (n=3000),"1-hop aggregates, all nodes",37,direct,-2.0,-2.0266193083173394,0.06565431403307169,True,3000
flu_town (n=3000),"1-hop aggregates, all nodes",37,peer,-0.5,-0.4561914147527335,0.027671781390167977,True,3000
referral_app (n=4000),GraphDML (focal set),37,direct,12.0,12.313736251751287,0.9507978227560939,True,395
referral_app (n=4000),GraphDML (focal set),37,peer,40.0,38.4958442151391,1.7849034118394116,True,395
referral_app (n=4000),"GraphDML features, all nodes",37,direct,12.0,12.670197206041726,0.29155602082986054,False,4000
referral_app (n=4000),"GraphDML features, all nodes",37,peer,40.0,40.31192253169506,0.7010769556561585,True,4000
referral_app (n=4000),"1-hop aggregates, all nodes",37,direct,12.0,12.704578166967604,0.2917772584710562,False,4000
referral_app (n=4000),"1-hop aggregates, all nodes",37,peer,40.0,40.59535148258551,0.698398006262022,True,4000
flu_town (n=3000),GraphDML (focal set),38,direct,-2.0,-1.9026040641680524,0.16743074388140503,True,469
flu_town (n=3000),GraphDML (focal set),38,peer,-0.5,-0.5593108195450711,0.08681663969594815,True,469
flu_town (n=3000),"GraphDML features, all nodes",38,direct,-2.0,-1.9028897033722214,0.06623420326924545,True,3000
flu_town (n=3000),"GraphDML features, all nodes",38,peer,-0.5,-0.5048069474774249,0.028030470027324523,True,3000
flu_town (n=3000),"1-hop aggregates, all nodes",38,direct,-2.0,-1.90028473144387,0.06598912091915388,True,3000
flu_town (n=3000),"1-hop aggregates, all nodes",38,peer,-0.5,-0.5121574328124897,0.02653329652750209,True,3000
referral_app (n=4000),GraphDML (focal set),38,direct,12.0,11.924608910976893,0.8574599430625817,True,395
referral_app (n=4000),GraphDML (focal set),38,peer,40.0,41.83582380220019,1.8415906681557546,True,395
referral_app (n=4000),"GraphDML features, all nodes",38,direct,12.0,12.179978268294589,0.2871779194389239,True,4000
referral_app (n=4000),"GraphDML features, all nodes",38,peer,40.0,40.681849491849846,0.5087142206701966,True,4000
referral_app (n=4000),"1-hop aggregates, all nodes",38,direct,12.0,12.230429973362684,0.2817704788193332,True,4000
referral_app (n=4000),"1-hop aggregates, all nodes",38,peer,40.0,40.4891305678436,0.5038617207844899,True,4000
flu_town (n=3000),GraphDML (focal set),39,direct,-2.0,-2.056137391338201,0.17543753702630907,True,471
flu_town (n=3000),GraphDML (focal set),39,peer,-0.5,-0.5746417921711141,0.08074814996355827,True,471
flu_town (n=3000),"GraphDML features, all nodes",39,direct,-2.0,-2.0349868951577097,0.0664333364572066,True,3000
flu_town (n=3000),"GraphDML features, all nodes",39,peer,-0.5,-0.4945394676790118,0.024545117116814983,True,3000
flu_town (n=3000),"1-hop aggregates, all nodes",39,direct,-2.0,-2.005622712667698,0.06648144306246595,True,3000
flu_town (n=3000),"1-hop aggregates, all nodes",39,peer,-0.5,-0.48647366170394607,0.02464065442430915,True,3000
referral_app (n=4000),GraphDML (focal set),39,direct,12.0,13.755090148929888,0.9276757511055255,True,381
referral_app (n=4000),GraphDML (focal set),39,peer,40.0,40.16772972849558,1.550626851405437,True,381
referral_app (n=4000),"GraphDML features, all nodes",39,direct,12.0,12.539480525607836,0.29064096259173045,True,4000
referral_app (n=4000),"GraphDML features, all nodes",39,peer,40.0,40.00337259453499,0.5648628580386502,True,4000
referral_app (n=4000),"1-hop aggregates, all nodes",39,direct,12.0,12.448564215768746,0.28977237803098127,True,4000
referral_app (n=4000),"1-hop aggregates, all nodes",39,peer,40.0,39.89296148866284,0.5653188962572233,True,4000
flu_town (n=3000),GraphDML (focal set),40,direct,-2.0,-1.9393900629230036,0.16214470334360281,True,476
flu_town (n=3000),GraphDML (focal set),40,peer,-0.5,-0.4808912777599651,0.06516072920563477,True,476
flu_town (n=3000),"GraphDML features, all nodes",40,direct,-2.0,-1.8951358265247331,0.06819994595095771,True,3000
flu_town (n=3000),"GraphDML features, all nodes",40,peer,-0.5,-0.5237105876535231,0.02247964559445217,True,3000
flu_town (n=3000),"1-hop aggregates, all nodes",40,direct,-2.0,-1.8985537381858535,0.06759521857168387,True,3000
flu_town (n=3000),"1-hop aggregates, all nodes",40,peer,-0.5,-0.5204295978157318,0.022683012240472172,True,3000
referral_app (n=4000),GraphDML (focal set),40,direct,12.0,11.513869224177922,0.8950999779818218,True,387
referral_app (n=4000),GraphDML (focal set),40,peer,40.0,37.75270627647634,1.7028668855299258,True,387
referral_app (n=4000),"GraphDML features, all nodes",40,direct,12.0,11.956108022658723,0.2805900852048016,True,4000
referral_app (n=4000),"GraphDML features, all nodes",40,peer,40.0,39.109648374856846,0.5886651372776288,True,4000
referral_app (n=4000),"1-hop aggregates, all nodes",40,direct,12.0,12.05295036151879,0.2800012771823383,True,4000
referral_app (n=4000),"1-hop aggregates, all nodes",40,peer,40.0,38.85749539611933,0.5928114703372661,True,4000
flu_town (n=3000),GraphDML (focal set),41,direct,-2.0,-1.8399333468341994,0.15439193418579247,True,479
flu_town (n=3000),GraphDML (focal set),41,peer,-0.5,-0.5547341422270131,0.10401527588002803,True,479
flu_town (n=3000),"GraphDML features, all nodes",41,direct,-2.0,-1.9183781984282855,0.06486986637245158,True,3000
flu_town (n=3000),"GraphDML features, all nodes",41,peer,-0.5,-0.48169740708405273,0.02580054603058594,True,3000
flu_town (n=3000),"1-hop aggregates, all nodes",41,direct,-2.0,-1.9370083189108047,0.06431101861287547,True,3000
flu_town (n=3000),"1-hop aggregates, all nodes",41,peer,-0.5,-0.4844549783691114,0.025439245900101475,True,3000
referral_app (n=4000),GraphDML (focal set),41,direct,12.0,12.015316860273341,0.8888150708060665,True,399
referral_app (n=4000),GraphDML (focal set),41,peer,40.0,39.17705928702021,1.8556914000239184,True,399
referral_app (n=4000),"GraphDML features, all nodes",41,direct,12.0,12.06316996187575,0.2889595944198403,True,4000
referral_app (n=4000),"GraphDML features, all nodes",41,peer,40.0,39.5710989915357,0.54346564733781,True,4000
referral_app (n=4000),"1-hop aggregates, all nodes",41,direct,12.0,11.973218036087395,0.29048559580602845,True,4000
referral_app (n=4000),"1-hop aggregates, all nodes",41,peer,40.0,39.65970200905981,0.5495496143900396,True,4000
flu_town (n=3000),GraphDML (focal set),42,direct,-2.0,-1.9551212068458292,0.1750497279556271,True,472
flu_town (n=3000),GraphDML (focal set),42,peer,-0.5,-0.5673451759142865,0.09426653442908653,True,472
flu_town (n=3000),"GraphDML features, all nodes",42,direct,-2.0,-2.1150294716832185,0.06365564506369133,True,3000
flu_town (n=3000),"GraphDML features, all nodes",42,peer,-0.5,-0.5362261562553947,0.02547129389292585,True,3000
flu_town (n=3000),"1-hop aggregates, all nodes",42,direct,-2.0,-2.113906043039067,0.06322469615534757,True,3000
flu_town (n=3000),"1-hop aggregates, all nodes",42,peer,-0.5,-0.5326989264790467,0.025698453632738632,True,3000
referral_app (n=4000),GraphDML (focal set),42,direct,12.0,11.110576519101878,0.8650335237337787,True,386
referral_app (n=4000),GraphDML (focal set),42,peer,40.0,43.023243007491274,1.6289145820797672,True,386
referral_app (n=4000),"GraphDML features, all nodes",42,direct,12.0,11.918921459940552,0.2864534694137996,True,4000
referral_app (n=4000),"GraphDML features, all nodes",42,peer,40.0,41.01772162137576,0.5604301389142665,True,4000
referral_app (n=4000),"1-hop aggregates, all nodes",42,direct,12.0,11.790253691925619,0.2908996740577766,True,4000
referral_app (n=4000),"1-hop aggregates, all nodes",42,peer,40.0,40.85005833610931,0.5683172083457626,True,4000
flu_town (n=3000),GraphDML (focal set),43,direct,-2.0,-1.8646475301896237,0.16007617883713085,True,476
flu_town (n=3000),GraphDML (focal set),43,peer,-0.5,-0.5404393026694022,0.09842562875183015,True,476
flu_town (n=3000),"GraphDML features, all nodes",43,direct,-2.0,-1.9273886308726345,0.06581333745926887,True,3000
flu_town (n=3000),"GraphDML features, all nodes",43,peer,-0.5,-0.49770247980696947,0.02731776572420193,True,3000
flu_town (n=3000),"1-hop aggregates, all nodes",43,direct,-2.0,-1.9175113952748708,0.06531466915576901,True,3000
flu_town (n=3000),"1-hop aggregates, all nodes",43,peer,-0.5,-0.49762864391606504,0.026754934453793268,True,3000
referral_app (n=4000),GraphDML (focal set),43,direct,12.0,12.109064148508045,0.9833593856337831,True,399
referral_app (n=4000),GraphDML (focal set),43,peer,40.0,41.16665211496201,1.6790857391761356,True,399
referral_app (n=4000),"GraphDML features, all nodes",43,direct,12.0,12.166205090792692,0.29550195926253225,True,4000
referral_app (n=4000),"GraphDML features, all nodes",43,peer,40.0,39.98517895309736,0.6006600320015887,True,4000
referral_app (n=4000),"1-hop aggregates, all nodes",43,direct,12.0,12.182565965210136,0.29342096040423266,True,4000
referral_app (n=4000),"1-hop aggregates, all nodes",43,peer,40.0,39.89900933501332,0.5990653468812771,True,4000
flu_town (n=3000),GraphDML (focal set),44,direct,-2.0,-2.000994596666307,0.19876654633995483,True,466
flu_town (n=3000),GraphDML (focal set),44,peer,-0.5,-0.3470234883931026,0.0892739860002628,True,466
flu_town (n=3000),"GraphDML features, all nodes",44,direct,-2.0,-1.8764008207884197,0.06565429352619949,True,3000
flu_town (n=3000),"GraphDML features, all nodes",44,peer,-0.5,-0.5106722520701008,0.02759806612125098,True,3000
flu_town (n=3000),"1-hop aggregates, all nodes",44,direct,-2.0,-1.87682492575838,0.0656313007856859,True,3000
flu_town (n=3000),"1-hop aggregates, all nodes",44,peer,-0.5,-0.5106873550801451,0.024808802593458225,True,3000
referral_app (n=4000),GraphDML (focal set),44,direct,12.0,12.338452172453408,0.8774330084292443,True,393
referral_app (n=4000),GraphDML (focal set),44,peer,40.0,42.18731788625959,1.7179658434988707,True,393
referral_app (n=4000),"GraphDML features, all nodes",44,direct,12.0,12.136387239518903,0.29090695984719206,True,4000
referral_app (n=4000),"GraphDML features, all nodes",44,peer,40.0,40.84095512161835,0.5538032600049819,True,4000
referral_app (n=4000),"1-hop aggregates, all nodes",44,direct,12.0,12.13673720270367,0.2886272093400032,True,4000
referral_app (n=4000),"1-hop aggregates, all nodes",44,peer,40.0,40.612817075043196,0.5436111236492823,True,4000
flu_town (n=3000),GraphDML (focal set),45,direct,-2.0,-2.216994523229947,0.16685986739259875,True,484
flu_town (n=3000),GraphDML (focal set),45,peer,-0.5,-0.5947739554114927,0.09012157352039157,True,484
flu_town (n=3000),"GraphDML features, all nodes",45,direct,-2.0,-2.05444683316985,0.06668159542365995,True,3000
flu_town (n=3000),"GraphDML features, all nodes",45,peer,-0.5,-0.4768677892324085,0.026413362793802343,True,3000
flu_town (n=3000),"1-hop aggregates, all nodes",45,direct,-2.0,-2.0374960706794245,0.06602656164596805,True,3000
flu_town (n=3000),"1-hop aggregates, all nodes",45,peer,-0.5,-0.4944151277167195,0.025380253890279356,True,3000
referral_app (n=4000),GraphDML (focal set),45,direct,12.0,13.732996675141585,0.9413537540336756,True,399
referral_app (n=4000),GraphDML (focal set),45,peer,40.0,40.91202365544114,1.5896283418405954,True,399
referral_app (n=4000),"GraphDML features, all nodes",45,direct,12.0,12.402511942978366,0.2827241769749808,True,4000
referral_app (n=4000),"GraphDML features, all nodes",45,peer,40.0,40.318802006737975,0.6263802043786159,True,4000
referral_app (n=4000),"1-hop aggregates, all nodes",45,direct,12.0,12.301121498217897,0.2848248796845956,True,4000
referral_app (n=4000),"1-hop aggregates, all nodes",45,peer,40.0,40.148973712933326,0.6265473647288025,True,4000
flu_town (n=3000),GraphDML (focal set),46,direct,-2.0,-2.017756792531001,0.1733426798124849,True,472
flu_town (n=3000),GraphDML (focal set),46,peer,-0.5,-0.5181976759837569,0.0934030078386838,True,472
flu_town (n=3000),"GraphDML features, all nodes",46,direct,-2.0,-1.9718123839466477,0.06620560847052366,True,3000
flu_town (n=3000),"GraphDML features, all nodes",46,peer,-0.5,-0.4804029443525351,0.024301848482680983,True,3000
flu_town (n=3000),"1-hop aggregates, all nodes",46,direct,-2.0,-1.946008195177119,0.06649344276069027,True,3000
flu_town (n=3000),"1-hop aggregates, all nodes",46,peer,-0.5,-0.4790952856192285,0.024524504457117183,True,3000
referral_app (n=4000),GraphDML (focal set),46,direct,12.0,13.99550834592903,0.959401673948252,False,398
referral_app (n=4000),GraphDML (focal set),46,peer,40.0,40.50508330684853,1.6765516115023207,True,398
referral_app (n=4000),"GraphDML features, all nodes",46,direct,12.0,12.33790031084627,0.2817168192969854,True,4000
referral_app (n=4000),"GraphDML features, all nodes",46,peer,40.0,41.1119641014421,0.5778630765411558,True,4000
referral_app (n=4000),"1-hop aggregates, all nodes",46,direct,12.0,12.282151776347563,0.28303191774370384,True,4000
referral_app (n=4000),"1-hop aggregates, all nodes",46,peer,40.0,40.94242824401214,0.5770726269418744,True,4000
flu_town (n=3000),GraphDML (focal set),47,direct,-2.0,-2.48087082437866,0.15872461046801897,False,464
flu_town (n=3000),GraphDML (focal set),47,peer,-0.5,-0.5461548753340523,0.09806222189046435,True,464
flu_town (n=3000),"GraphDML features, all nodes",47,direct,-2.0,-2.1694968433446014,0.06818907420978566,False,3000
flu_town (n=3000),"GraphDML features, all nodes",47,peer,-0.5,-0.4996095900419055,0.027642754888757674,True,3000
flu_town (n=3000),"1-hop aggregates, all nodes",47,direct,-2.0,-2.165186492705683,0.06703865505429314,False,3000
flu_town (n=3000),"1-hop aggregates, all nodes",47,peer,-0.5,-0.49394498862263436,0.025395705851297707,True,3000
referral_app (n=4000),GraphDML (focal set),47,direct,12.0,11.222355298463402,1.0276861186556856,True,387
referral_app (n=4000),GraphDML (focal set),47,peer,40.0,42.15146508860395,1.5323049520765055,True,387
referral_app (n=4000),"GraphDML features, all nodes",47,direct,12.0,12.025230711406074,0.2945804161803254,True,4000
referral_app (n=4000),"GraphDML features, all nodes",47,peer,40.0,39.866527521564755,0.5823657337642651,True,4000
referral_app (n=4000),"1-hop aggregates, all nodes",47,direct,12.0,11.874261190340892,0.29337713021265727,True,4000
referral_app (n=4000),"1-hop aggregates, all nodes",47,peer,40.0,39.729343744681245,0.5702513137361075,True,4000
flu_town (n=3000),GraphDML (focal set),48,direct,-2.0,-2.122118870226035,0.17793362800274276,True,468
flu_town (n=3000),GraphDML (focal set),48,peer,-0.5,-0.4138049823222316,0.07832482118931704,True,468
flu_town (n=3000),"GraphDML features, all nodes",48,direct,-2.0,-2.0776969014822013,0.06627652846686734,True,3000
flu_town (n=3000),"GraphDML features, all nodes",48,peer,-0.5,-0.4753270382750083,0.025596893674238005,True,3000
flu_town (n=3000),"1-hop aggregates, all nodes",48,direct,-2.0,-2.0953196239302483,0.06565021978367996,True,3000
flu_town (n=3000),"1-hop aggregates, all nodes",48,peer,-0.5,-0.4742315580438937,0.024817846499694353,True,3000
referral_app (n=4000),GraphDML (focal set),48,direct,12.0,13.205760497339037,0.9886460773675917,True,400
referral_app (n=4000),GraphDML (focal set),48,peer,40.0,41.73918987182316,1.595099026912465,True,400
referral_app (n=4000),"GraphDML features, all nodes",48,direct,12.0,12.18623150409707,0.2865555493910156,True,4000
referral_app (n=4000),"GraphDML features, all nodes",48,peer,40.0,41.37899748407097,0.5688374375120304,False,4000
referral_app (n=4000),"1-hop aggregates, all nodes",48,direct,12.0,12.11021289936945,0.28584309915391976,True,4000
referral_app (n=4000),"1-hop aggregates, all nodes",48,peer,40.0,41.42661156926018,0.5631731534473277,False,4000
flu_town (n=3000),GraphDML (focal set),49,direct,-2.0,-1.9072467928446655,0.18566373337517442,True,463
flu_town (n=3000),GraphDML (focal set),49,peer,-0.5,-0.5709919843773958,0.07336816985720843,True,463
flu_town (n=3000),"GraphDML features, all nodes",49,direct,-2.0,-2.0874011852893672,0.06629719260512545,True,3000
flu_town (n=3000),"GraphDML features, all nodes",49,peer,-0.5,-0.4193768638887525,0.02634432144785312,False,3000
flu_town (n=3000),"1-hop aggregates, all nodes",49,direct,-2.0,-2.0760809019875883,0.06576732150672022,True,3000
flu_town (n=3000),"1-hop aggregates, all nodes",49,peer,-0.5,-0.4153747905215318,0.025843146407247008,False,3000
referral_app (n=4000),GraphDML (focal set),49,direct,12.0,12.054143813280087,0.7841179057270077,True,414
referral_app (n=4000),GraphDML (focal set),49,peer,40.0,37.203777356331,1.5914329252204193,True,414
referral_app (n=4000),"GraphDML features, all nodes",49,direct,12.0,12.234278771286439,0.29032821517259,True,4000
referral_app (n=4000),"GraphDML features, all nodes",49,peer,40.0,39.09937439684394,0.6112848459099034,True,4000
referral_app (n=4000),"1-hop aggregates, all nodes",49,direct,12.0,12.242680895857054,0.29325016117538233,True,4000
referral_app (n=4000),"1-hop aggregates, all nodes",49,peer,40.0,39.07381297658299,0.6161606894774894,True,4000
flu_town (n=3000),GraphDML (focal set),50,direct,-2.0,-2.135187270761109,0.151203469370931,True,458
flu_town (n=3000),GraphDML (focal set),50,peer,-0.5,-0.4776166649491052,0.08318759840602327,True,458
flu_town (n=3000),"GraphDML features, all nodes",50,direct,-2.0,-2.0538683099868664,0.06674049257810444,True,3000
flu_town (n=3000),"GraphDML features, all nodes",50,peer,-0.5,-0.5261662491428507,0.02503105579081946,True,3000
flu_town (n=3000),"1-hop aggregates, all nodes",50,direct,-2.0,-2.031918634777529,0.06589430934229976,True,3000
flu_town (n=3000),"1-hop aggregates, all nodes",50,peer,-0.5,-0.5203462039285776,0.02454397666774357,True,3000
referral_app (n=4000),GraphDML (focal set),50,direct,12.0,12.32800072026966,0.9289649234899096,True,395
referral_app (n=4000),GraphDML (focal set),50,peer,40.0,39.90431077698183,1.6628306154474541,True,395
referral_app (n=4000),"GraphDML features, all nodes",50,direct,12.0,12.430449070753104,0.28891237863778396,True,4000
referral_app (n=4000),"GraphDML features, all nodes",50,peer,40.0,39.91306618096325,0.5366521923412221,True,4000
referral_app (n=4000),"1-hop aggregates, all nodes",50,direct,12.0,12.374525066624457,0.2889564131647647,True,4000
referral_app (n=4000),"1-hop aggregates, all nodes",50,peer,40.0,40.11124627259401,0.5332653369050412,True,4000
flu_town (n=3000),GraphDML (focal set),51,direct,-2.0,-2.050812329031793,0.17777769638465785,True,470
flu_town (n=3000),GraphDML (focal set),51,peer,-0.5,-0.6472326913615476,0.10900626779516247,True,470
flu_town (n=3000),"GraphDML features, all nodes",51,direct,-2.0,-2.023998733949243,0.0686466857387572,True,3000
flu_town (n=3000),"GraphDML features, all nodes",51,peer,-0.5,-0.5312832330680061,0.030039678912360066,True,3000
flu_town (n=3000),"1-hop aggregates, all nodes",51,direct,-2.0,-2.0033180403966093,0.06858832207639742,True,3000
flu_town (n=3000),"1-hop aggregates, all nodes",51,peer,-0.5,-0.5182294316180692,0.0298599108525462,True,3000
referral_app (n=4000),GraphDML (focal set),51,direct,12.0,11.005235789571834,0.8931589409572258,True,379
referral_app (n=4000),GraphDML (focal set),51,peer,40.0,39.221579060308606,1.653637269543561,True,379
referral_app (n=4000),"GraphDML features, all nodes",51,direct,12.0,12.294059162727956,0.2863265879994378,True,4000
referral_app (n=4000),"GraphDML features, all nodes",51,peer,40.0,39.820869909479484,0.624003019960038,True,4000
referral_app (n=4000),"1-hop aggregates, all nodes",51,direct,12.0,12.323090034562329,0.2851770903998132,True,4000
referral_app (n=4000),"1-hop aggregates, all nodes",51,peer,40.0,39.872128623906875,0.6149562376089684,True,4000
flu_town (n=3000),GraphDML (focal set),52,direct,-2.0,-1.8114319168383182,0.18887487418239274,True,471
flu_town (n=3000),GraphDML (focal set),52,peer,-0.5,-0.6799327288873431,0.07464932489258722,False,471
flu_town (n=3000),"GraphDML features, all nodes",52,direct,-2.0,-2.0720653173119428,0.06789277939476153,True,3000
flu_town (n=3000),"GraphDML features, all nodes",52,peer,-0.5,-0.4869474754844622,0.024634507848567543,True,3000
flu_town (n=3000),"1-hop aggregates, all nodes",52,direct,-2.0,-2.0571878582374366,0.06890399724577846,True,3000
flu_town (n=3000),"1-hop aggregates, all nodes",52,peer,-0.5,-0.4967234741534688,0.024952525137182064,True,3000
referral_app (n=4000),GraphDML (focal set),52,direct,12.0,11.331248603936613,0.9880364825837642,True,399
referral_app (n=4000),GraphDML (focal set),52,peer,40.0,40.3776062362803,1.657691995325926,True,399
referral_app (n=4000),"GraphDML features, all nodes",52,direct,12.0,11.806308411831369,0.28853681179882945,True,4000
referral_app (n=4000),"GraphDML features, all nodes",52,peer,40.0,40.311388177903616,0.5449524914104749,True,4000
referral_app (n=4000),"1-hop aggregates, all nodes",52,direct,12.0,11.812253202312261,0.28644792352743653,True,4000
referral_app (n=4000),"1-hop aggregates, all nodes",52,peer,40.0,40.427245616131096,0.5499680145630117,True,4000
flu_town (n=3000),GraphDML (focal set),53,direct,-2.0,-2.1409871074163376,0.18255013859985167,True,467
flu_town (n=3000),GraphDML (focal set),53,peer,-0.5,-0.4506867019126334,0.07180277790623799,True,467
flu_town (n=3000),"GraphDML features, all nodes",53,direct,-2.0,-2.0776730095223805,0.06787275217160986,True,3000
flu_town (n=3000),"GraphDML features, all nodes",53,peer,-0.5,-0.4710680865868802,0.025075105526522104,True,3000
flu_town (n=3000),"1-hop aggregates, all nodes",53,direct,-2.0,-2.076951243281595,0.06818698432238872,True,3000
flu_town (n=3000),"1-hop aggregates, all nodes",53,peer,-0.5,-0.46705160291403897,0.026504581441364014,True,3000
referral_app (n=4000),GraphDML (focal set),53,direct,12.0,10.00323898494185,0.9012570491964257,False,386
referral_app (n=4000),GraphDML (focal set),53,peer,40.0,41.026571923300764,1.8860398311828315,True,386
referral_app (n=4000),"GraphDML features, all nodes",53,direct,12.0,11.72138374062065,0.29203297211226986,True,4000
referral_app (n=4000),"GraphDML features, all nodes",53,peer,40.0,39.48980868666483,0.5794818503661165,True,4000
referral_app (n=4000),"1-hop aggregates, all nodes",53,direct,12.0,11.659183284740077,0.2921814131661636,True,4000
referral_app (n=4000),"1-hop aggregates, all nodes",53,peer,40.0,39.6149559515578,0.5947853674008359,True,4000
flu_town (n=3000),GraphDML (focal set),54,direct,-2.0,-1.8069880281544755,0.17518479561832048,True,471
flu_town (n=3000),GraphDML (focal set),54,peer,-0.5,-0.3773971569614092,0.09401627124274851,True,471
flu_town (n=3000),"GraphDML features, all nodes",54,direct,-2.0,-2.0751817420019876,0.06440233842421232,True,3000
flu_town (n=3000),"GraphDML features, all nodes",54,peer,-0.5,-0.45242514726430233,0.026929600622590158,True,3000
flu_town (n=3000),"1-hop aggregates, all nodes",54,direct,-2.0,-2.0719832796362523,0.06506587107644168,True,3000
flu_town (n=3000),"1-hop aggregates, all nodes",54,peer,-0.5,-0.4602183778678487,0.026647456352928246,True,3000
referral_app (n=4000),GraphDML (focal set),54,direct,12.0,11.950567246533161,0.8497302895239598,True,405
referral_app (n=4000),GraphDML (focal set),54,peer,40.0,39.59051024532034,1.5984679811961364,True,405
referral_app (n=4000),"GraphDML features, all nodes",54,direct,12.0,11.541852263324918,0.2916475812799919,True,4000
referral_app (n=4000),"GraphDML features, all nodes",54,peer,40.0,40.30601593952756,0.550216764699902,True,4000
referral_app (n=4000),"1-hop aggregates, all nodes",54,direct,12.0,11.453197492998378,0.29018521347938137,True,4000
referral_app (n=4000),"1-hop aggregates, all nodes",54,peer,40.0,40.21748828449474,0.55784214941724,True,4000
flu_town (n=3000),GraphDML (focal set),55,direct,-2.0,-2.0591417804999743,0.1582461344732145,True,469
flu_town (n=3000),GraphDML (focal set),55,peer,-0.5,-0.42121865092228566,0.09382106437495626,True,469
flu_town (n=3000),"GraphDML features, all nodes",55,direct,-2.0,-2.038611762051142,0.06380050271742935,True,3000
flu_town (n=3000),"GraphDML features, all nodes",55,peer,-0.5,-0.4871699571913962,0.026745325119535906,True,3000
flu_town (n=3000),"1-hop aggregates, all nodes",55,direct,-2.0,-2.0128189806571593,0.06363384767678958,True,3000
flu_town (n=3000),"1-hop aggregates, all nodes",55,peer,-0.5,-0.4913931334278987,0.026506575859016984,True,3000
referral_app (n=4000),GraphDML (focal set),55,direct,12.0,12.325893355319963,0.9200121754595648,True,392
referral_app (n=4000),GraphDML (focal set),55,peer,40.0,40.21736758122927,1.5785557726644368,True,392
referral_app (n=4000),"GraphDML features, all nodes",55,direct,12.0,11.76746719613136,0.2789898662225717,True,4000
referral_app (n=4000),"GraphDML features, all nodes",55,peer,40.0,39.31465436788256,0.627963155195213,True,4000
referral_app (n=4000),"1-hop aggregates, all nodes",55,direct,12.0,11.692523874122116,0.2798108492210742,True,4000
referral_app (n=4000),"1-hop aggregates, all nodes",55,peer,40.0,39.40352495896652,0.6102136857227891,True,4000
flu_town (n=3000),GraphDML (focal set),56,direct,-2.0,-2.2285523615336182,0.186892849836665,True,461
flu_town (n=3000),GraphDML (focal set),56,peer,-0.5,-0.3943476526673285,0.09090173899023665,True,461
flu_town (n=3000),"GraphDML features, all nodes",56,direct,-2.0,-2.0087662704424467,0.06957054382642522,True,3000
flu_town (n=3000),"GraphDML features, all nodes",56,peer,-0.5,-0.5061314792791369,0.026079421561260842,True,3000
flu_town (n=3000),"1-hop aggregates, all nodes",56,direct,-2.0,-2.052106573392194,0.06853437740552057,True,3000
flu_town (n=3000),"1-hop aggregates, all nodes",56,peer,-0.5,-0.5137231742167546,0.024815640909716035,True,3000
referral_app (n=4000),GraphDML (focal set),56,direct,12.0,11.985916257956832,0.8869364988686121,True,404
referral_app (n=4000),GraphDML (focal set),56,peer,40.0,39.53546551625022,1.6450307189417182,True,404
referral_app (n=4000),"GraphDML features, all nodes",56,direct,12.0,12.056633377663793,0.27862594779445493,True,4000
referral_app (n=4000),"GraphDML features, all nodes",56,peer,40.0,39.57394539546157,0.6467106138635041,True,4000
referral_app (n=4000),"1-hop aggregates, all nodes",56,direct,12.0,12.102347977324426,0.2847085987024753,True,4000
referral_app (n=4000),"1-hop aggregates, all nodes",56,peer,40.0,39.31955211915804,0.6572104680034464,True,4000
flu_town (n=3000),GraphDML (focal set),57,direct,-2.0,-1.9796060885691227,0.2121223278031857,True,481
flu_town (n=3000),GraphDML (focal set),57,peer,-0.5,-0.44021904507942655,0.08499337230548988,True,481
flu_town (n=3000),"GraphDML features, all nodes",57,direct,-2.0,-1.9930540219651591,0.06743397927609442,True,3000
flu_town (n=3000),"GraphDML features, all nodes",57,peer,-0.5,-0.5065729833036091,0.02520587493976257,True,3000
flu_town (n=3000),"1-hop aggregates, all nodes",57,direct,-2.0,-1.9999668142886244,0.06753312699823959,True,3000
flu_town (n=3000),"1-hop aggregates, all nodes",57,peer,-0.5,-0.5097631004908559,0.02517700355371737,True,3000
referral_app (n=4000),GraphDML (focal set),57,direct,12.0,11.43427332013492,0.8509765256118076,True,376
referral_app (n=4000),GraphDML (focal set),57,peer,40.0,39.71479202819237,1.7556550311026868,True,376
referral_app (n=4000),"GraphDML features, all nodes",57,direct,12.0,11.600328789113219,0.285635644191952,True,4000
referral_app (n=4000),"GraphDML features, all nodes",57,peer,40.0,40.31691400203499,0.5436231773801219,True,4000
referral_app (n=4000),"1-hop aggregates, all nodes",57,direct,12.0,11.495875303924851,0.2864262026340764,True,4000
referral_app (n=4000),"1-hop aggregates, all nodes",57,peer,40.0,40.19638732015822,0.5566228373028387,True,4000
flu_town (n=3000),GraphDML (focal set),58,direct,-2.0,-1.6887235151663222,0.1646910716224521,True,463
flu_town (n=3000),GraphDML (focal set),58,peer,-0.5,-0.6986220294513912,0.08688044703658987,False,463
flu_town (n=3000),"GraphDML features, all nodes",58,direct,-2.0,-1.9441991848855116,0.06741187661560251,True,3000
flu_town (n=3000),"GraphDML features, all nodes",58,peer,-0.5,-0.5329119408387281,0.02849541793674919,True,3000
flu_town (n=3000),"1-hop aggregates, all nodes",58,direct,-2.0,-1.9289257975222103,0.06639674004899916,True,3000
flu_town (n=3000),"1-hop aggregates, all nodes",58,peer,-0.5,-0.528238859024256,0.028100135485503275,True,3000
referral_app (n=4000),GraphDML (focal set),58,direct,12.0,13.630570020298524,1.0469048484410777,True,382
referral_app (n=4000),GraphDML (focal set),58,peer,40.0,43.66656875358424,1.6341639291804149,False,382
referral_app (n=4000),"GraphDML features, all nodes",58,direct,12.0,12.161891255319862,0.286117760088235,True,4000
referral_app (n=4000),"GraphDML features, all nodes",58,peer,40.0,39.867373229054934,0.6585479970289764,True,4000
referral_app (n=4000),"1-hop aggregates, all nodes",58,direct,12.0,11.9660333992886,0.28623214742073805,True,4000
referral_app (n=4000),"1-hop aggregates, all nodes",58,peer,40.0,39.73076846800408,0.6498937488224932,True,4000
flu_town (n=3000),GraphDML (focal set),59,direct,-2.0,-1.854714865573268,0.1859921149549902,True,483
flu_town (n=3000),GraphDML (focal set),59,peer,-0.5,-0.5187080354048567,0.1037030792472117,True,483
flu_town (n=3000),"GraphDML features, all nodes",59,direct,-2.0,-2.0300801637855086,0.06841166816040765,True,3000
flu_town (n=3000),"GraphDML features, all nodes",59,peer,-0.5,-0.5130380448250232,0.025233234274443368,True,3000
flu_town (n=3000),"1-hop aggregates, all nodes",59,direct,-2.0,-2.027947704829115,0.06712257712744539,True,3000
flu_town (n=3000),"1-hop aggregates, all nodes",59,peer,-0.5,-0.5160335805384257,0.023288779053658667,True,3000
referral_app (n=4000),GraphDML (focal set),59,direct,12.0,13.237754508355371,1.018156112142827,True,399
referral_app (n=4000),GraphDML (focal set),59,peer,40.0,41.04703861779145,1.617431748125255,True,399
referral_app (n=4000),"GraphDML features, all nodes",59,direct,12.0,12.15184763500513,0.29058110755039795,True,4000
referral_app (n=4000),"GraphDML features, all nodes",59,peer,40.0,39.33162643182136,0.6002745889300651,True,4000
referral_app (n=4000),"1-hop aggregates, all nodes",59,direct,12.0,12.02935512806556,0.28911723498942904,True,4000
referral_app (n=4000),"1-hop aggregates, all nodes",59,peer,40.0,39.37766464667373,0.5895278936629536,True,4000
flu_town (n=3000),GraphDML (focal set),60,direct,-2.0,-2.0366108447215923,0.17882068799330653,True,476
flu_town (n=3000),GraphDML (focal set),60,peer,-0.5,-0.399188844487039,0.07799851636198504,True,476
flu_town (n=3000),"GraphDML features, all nodes",60,direct,-2.0,-1.9944714680281372,0.0692178518301564,True,3000
flu_town (n=3000),"GraphDML features, all nodes",60,peer,-0.5,-0.4483971917431246,0.024239792467107533,False,3000
flu_town (n=3000),"1-hop aggregates, all nodes",60,direct,-2.0,-2.021444725695545,0.06995455282378442,True,3000
flu_town (n=3000),"1-hop aggregates, all nodes",60,peer,-0.5,-0.44531283328931537,0.024782256118271933,False,3000
referral_app (n=4000),GraphDML (focal set),60,direct,12.0,12.465923113667143,0.8287781092879665,True,390
referral_app (n=4000),GraphDML (focal set),60,peer,40.0,39.015145963169935,1.7535116673558644,True,390
referral_app (n=4000),"GraphDML features, all nodes",60,direct,12.0,12.81080367382222,0.284503289367019,False,4000
referral_app (n=4000),"GraphDML features, all nodes",60,peer,40.0,39.78952659463164,0.6482360419044529,True,4000
referral_app (n=4000),"1-hop aggregates, all nodes",60,direct,12.0,12.755787696720573,0.2813783294386738,False,4000
referral_app (n=4000),"1-hop aggregates, all nodes",60,peer,40.0,39.8226924464187,0.6191624700912111,True,4000
flu_town (n=3000),GraphDML (focal set),61,direct,-2.0,-1.975528814189881,0.1758181397543596,True,472
flu_town (n=3000),GraphDML (focal set),61,peer,-0.5,-0.4986481460103513,0.09483187161896453,True,472
flu_town (n=3000),"GraphDML features, all nodes",61,direct,-2.0,-1.9945921660864727,0.06706410646922432,True,3000
flu_town (n=3000),"GraphDML features, all nodes",61,peer,-0.5,-0.5260433459403567,0.025819657204931883,True,3000
flu_town (n=3000),"1-hop aggregates, all nodes",61,direct,-2.0,-2.0186568148039172,0.06582878708204874,True,3000
flu_town (n=3000),"1-hop aggregates, all nodes",61,peer,-0.5,-0.5324491819687145,0.025244663316004497,True,3000
referral_app (n=4000),GraphDML (focal set),61,direct,12.0,12.532519563165756,0.9714823615122864,True,381
referral_app (n=4000),GraphDML (focal set),61,peer,40.0,41.80037097867937,1.5720657067008936,True,381
referral_app (n=4000),"GraphDML features, all nodes",61,direct,12.0,12.246305938049888,0.30514254831132703,True,4000
referral_app (n=4000),"GraphDML features, all nodes",61,peer,40.0,40.398233248281294,0.602754266488886,True,4000
referral_app (n=4000),"1-hop aggregates, all nodes",61,direct,12.0,12.144187255799215,0.3083601095565563,True,4000
referral_app (n=4000),"1-hop aggregates, all nodes",61,peer,40.0,40.28371092975252,0.5914440534144605,True,4000
flu_town (n=3000),GraphDML (focal set),62,direct,-2.0,-2.0339930550230383,0.17468060749681644,True,479
flu_town (n=3000),GraphDML (focal set),62,peer,-0.5,-0.6182181804801732,0.1054655709538618,True,479
flu_town (n=3000),"GraphDML features, all nodes",62,direct,-2.0,-1.9432796903214344,0.06850118228186189,True,3000
flu_town (n=3000),"GraphDML features, all nodes",62,peer,-0.5,-0.49049938837812673,0.028537571348531243,True,3000
flu_town (n=3000),"1-hop aggregates, all nodes",62,direct,-2.0,-1.9393384648065195,0.06887175473975726,True,3000
flu_town (n=3000),"1-hop aggregates, all nodes",62,peer,-0.5,-0.4892856083840231,0.02825817024502119,True,3000
referral_app (n=4000),GraphDML (focal set),62,direct,12.0,12.730118644379953,0.9558671288473788,True,392
referral_app (n=4000),GraphDML (focal set),62,peer,40.0,38.49302405269221,1.49615753237205,True,392
referral_app (n=4000),"GraphDML features, all nodes",62,direct,12.0,11.843563144545795,0.29346204434091483,True,4000
referral_app (n=4000),"GraphDML features, all nodes",62,peer,40.0,40.479427250508095,0.5396710492291374,True,4000
referral_app (n=4000),"1-hop aggregates, all nodes",62,direct,12.0,11.848108887988191,0.29290962831003303,True,4000
referral_app (n=4000),"1-hop aggregates, all nodes",62,peer,40.0,40.453810619174284,0.5444064753709638,True,4000
flu_town (n=3000),GraphDML (focal set),63,direct,-2.0,-2.012455481660005,0.1767753354643798,True,464
flu_town (n=3000),GraphDML (focal set),63,peer,-0.5,-0.5067272435804503,0.09988504616874293,True,464
flu_town (n=3000),"GraphDML features, all nodes",63,direct,-2.0,-1.9627490676387471,0.06768021326124303,True,3000
flu_town (n=3000),"GraphDML features, all nodes",63,peer,-0.5,-0.520629266534068,0.027101792893524393,True,3000
flu_town (n=3000),"1-hop aggregates, all nodes",63,direct,-2.0,-1.9903670959198618,0.06723640845806837,True,3000
flu_town (n=3000),"1-hop aggregates, all nodes",63,peer,-0.5,-0.51589332418449,0.027040018633781405,True,3000
referral_app (n=4000),GraphDML (focal set),63,direct,12.0,13.790270518558664,0.8738472941833229,False,402
referral_app (n=4000),GraphDML (focal set),63,peer,40.0,37.280646012132934,1.3625273845355743,False,402
referral_app (n=4000),"GraphDML features, all nodes",63,direct,12.0,12.079731097724315,0.2909480987283777,True,4000
referral_app (n=4000),"GraphDML features, all nodes",63,peer,40.0,39.97275402959571,0.5543719224122067,True,4000
referral_app (n=4000),"1-hop aggregates, all nodes",63,direct,12.0,11.99384368641761,0.288572423917027,True,4000
referral_app (n=4000),"1-hop aggregates, all nodes",63,peer,40.0,39.852754261633216,0.5624350627185452,True,4000
flu_town (n=3000),GraphDML (focal set),64,direct,-2.0,-2.2081541774313966,0.17012357522510524,True,478
flu_town (n=3000),GraphDML (focal set),64,peer,-0.5,-0.5874258876866378,0.09783495732150854,True,478
flu_town (n=3000),"GraphDML features, all nodes",64,direct,-2.0,-2.0292755728601772,0.06634578227214341,True,3000
flu_town (n=3000),"GraphDML features, all nodes",64,peer,-0.5,-0.5334607922073304,0.027482398111466775,True,3000
flu_town (n=3000),"1-hop aggregates, all nodes",64,direct,-2.0,-2.0140212522773995,0.06609207607924848,True,3000
flu_town (n=3000),"1-hop aggregates, all nodes",64,peer,-0.5,-0.528506286831109,0.028099885541917023,True,3000
referral_app (n=4000),GraphDML (focal set),64,direct,12.0,11.087908378337255,0.9911988240222996,True,389
referral_app (n=4000),GraphDML (focal set),64,peer,40.0,39.69467012259765,1.6565079945816301,True,389
referral_app (n=4000),"GraphDML features, all nodes",64,direct,12.0,12.239386114961764,0.29106364265734114,True,4000
referral_app (n=4000),"GraphDML features, all nodes",64,peer,40.0,40.784754470838706,0.6015590579508299,True,4000
referral_app (n=4000),"1-hop aggregates, all nodes",64,direct,12.0,12.11975330117729,0.28941436249712854,True,4000
referral_app (n=4000),"1-hop aggregates, all nodes",64,peer,40.0,40.93535365154766,0.5906256208763131,True,4000
flu_town (n=3000),GraphDML (focal set),65,direct,-2.0,-2.2107252404115383,0.20393012612685188,True,474
flu_town (n=3000),GraphDML (focal set),65,peer,-0.5,-0.527649657840571,0.10011735977152743,True,474
flu_town (n=3000),"GraphDML features, all nodes",65,direct,-2.0,-2.07787546344724,0.07097458500960581,True,3000
flu_town (n=3000),"GraphDML features, all nodes",65,peer,-0.5,-0.5128731313057949,0.027363050208843633,True,3000
flu_town (n=3000),"1-hop aggregates, all nodes",65,direct,-2.0,-2.062754314174854,0.07123474075225042,True,3000
flu_town (n=3000),"1-hop aggregates, all nodes",65,peer,-0.5,-0.5020052442428302,0.026700611037950454,True,3000
referral_app (n=4000),GraphDML (focal set),65,direct,12.0,12.314937853700751,0.8719177975427865,True,402
referral_app (n=4000),GraphDML (focal set),65,peer,40.0,42.57991517056111,1.8466347877891787,True,402
referral_app (n=4000),"GraphDML features, all nodes",65,direct,12.0,12.049605801985642,0.2846348011913795,True,4000
referral_app (n=4000),"GraphDML features, all nodes",65,peer,40.0,40.47301798234034,0.6676691013555505,True,4000
referral_app (n=4000),"1-hop aggregates, all nodes",65,direct,12.0,11.963005593016423,0.28198660266937664,True,4000
referral_app (n=4000),"1-hop aggregates, all nodes",65,peer,40.0,40.257668430411464,0.6597996294818479,True,4000
flu_town (n=3000),GraphDML (focal set),66,direct,-2.0,-2.1047559292276374,0.17712445532754745,True,479
flu_town (n=3000),GraphDML (focal set),66,peer,-0.5,-0.36458285344638786,0.12020425902941381,True,479
flu_town (n=3000),"GraphDML features, all nodes",66,direct,-2.0,-2.058057390149852,0.07004320209638545,True,3000
flu_town (n=3000),"GraphDML features, all nodes",66,peer,-0.5,-0.5063862304647538,0.028048504255102136,True,3000
flu_town (n=3000),"1-hop aggregates, all nodes",66,direct,-2.0,-2.0708992946117144,0.06834539256787718,True,3000
flu_town (n=3000),"1-hop aggregates, all nodes",66,peer,-0.5,-0.5148773605347056,0.02599491607480671,True,3000
referral_app (n=4000),GraphDML (focal set),66,direct,12.0,11.897445022467519,0.8616933025724658,True,401
referral_app (n=4000),GraphDML (focal set),66,peer,40.0,38.648789347744525,1.744093591832215,True,401
referral_app (n=4000),"GraphDML features, all nodes",66,direct,12.0,12.456148163292465,0.28573150952185505,True,4000
referral_app (n=4000),"GraphDML features, all nodes",66,peer,40.0,39.69424297234356,0.659513858967411,True,4000
referral_app (n=4000),"1-hop aggregates, all nodes",66,direct,12.0,12.406051795855268,0.2884434645885956,True,4000
referral_app (n=4000),"1-hop aggregates, all nodes",66,peer,40.0,39.7054630460038,0.6597076258180998,True,4000
flu_town (n=3000),GraphDML (focal set),67,direct,-2.0,-1.9675117364169723,0.1573455551136755,True,458
flu_town (n=3000),GraphDML (focal set),67,peer,-0.5,-0.47592681781954815,0.08932534896743836,True,458
flu_town (n=3000),"GraphDML features, all nodes",67,direct,-2.0,-1.9842344492624153,0.06747218480988233,True,3000
flu_town (n=3000),"GraphDML features, all nodes",67,peer,-0.5,-0.48944687960957883,0.027634153446793534,True,3000
flu_town (n=3000),"1-hop aggregates, all nodes",67,direct,-2.0,-1.9571643686350517,0.06562533608882355,True,3000
flu_town (n=3000),"1-hop aggregates, all nodes",67,peer,-0.5,-0.49229685023226916,0.02548994634602783,True,3000
referral_app (n=4000),GraphDML (focal set),67,direct,12.0,11.480271159134684,1.1714738203375916,True,393
referral_app (n=4000),GraphDML (focal set),67,peer,40.0,38.858691504789206,1.8907294581723917,True,393
referral_app (n=4000),"GraphDML features, all nodes",67,direct,12.0,12.00768591202098,0.28086563769284845,True,4000
referral_app (n=4000),"GraphDML features, all nodes",67,peer,40.0,39.76884562421147,0.6284794816605439,True,4000
referral_app (n=4000),"1-hop aggregates, all nodes",67,direct,12.0,11.894231930212932,0.280450152542709,True,4000
referral_app (n=4000),"1-hop aggregates, all nodes",67,peer,40.0,39.73072151292894,0.6033562483597312,True,4000
flu_town (n=3000),GraphDML (focal set),68,direct,-2.0,-1.8472803335849837,0.16135064162936807,True,484
flu_town (n=3000),GraphDML (focal set),68,peer,-0.5,-0.31976736855263715,0.08035410471892783,False,484
flu_town (n=3000),"GraphDML features, all nodes",68,direct,-2.0,-2.0778245305901266,0.06531696199103285,True,3000
flu_town (n=3000),"GraphDML features, all nodes",68,peer,-0.5,-0.48250674363053503,0.031004129617120187,True,3000
flu_town (n=3000),"1-hop aggregates, all nodes",68,direct,-2.0,-2.0884788573786772,0.06540911167236062,True,3000
flu_town (n=3000),"1-hop aggregates, all nodes",68,peer,-0.5,-0.47938795382575633,0.029633972270105013,True,3000
referral_app (n=4000),GraphDML (focal set),68,direct,12.0,11.971329874111644,0.980673165576707,True,401
referral_app (n=4000),GraphDML (focal set),68,peer,40.0,39.777156402015535,1.9970476619764692,True,401
referral_app (n=4000),"GraphDML features, all nodes",68,direct,12.0,12.086560333865535,0.2946003474061986,True,4000
referral_app (n=4000),"GraphDML features, all nodes",68,peer,40.0,40.358008973920995,0.5318851250466441,True,4000
referral_app (n=4000),"1-hop aggregates, all nodes",68,direct,12.0,12.045212450944963,0.29438818030183966,True,4000
referral_app (n=4000),"1-hop aggregates, all nodes",68,peer,40.0,40.47575065394126,0.5296069108921513,True,4000
flu_town (n=3000),GraphDML (focal set),69,direct,-2.0,-2.010372686117486,0.17194174388879382,True,463
flu_town (n=3000),GraphDML (focal set),69,peer,-0.5,-0.45996043065306763,0.09101108755454848,True,463
flu_town (n=3000),"GraphDML features, all nodes",69,direct,-2.0,-2.087423928722364,0.06518167851401738,True,3000
flu_town (n=3000),"GraphDML features, all nodes",69,peer,-0.5,-0.5235205582562917,0.027366166510900607,True,3000
flu_town (n=3000),"1-hop aggregates, all nodes",69,direct,-2.0,-2.1226506144053965,0.0657646291787434,True,3000
flu_town (n=3000),"1-hop aggregates, all nodes",69,peer,-0.5,-0.5202358958636603,0.026476113149775708,True,3000
referral_app (n=4000),GraphDML (focal set),69,direct,12.0,12.254953802472999,0.8908468510379701,True,401
referral_app (n=4000),GraphDML (focal set),69,peer,40.0,40.351030578681325,1.8146770612452177,True,401
referral_app (n=4000),"GraphDML features, all nodes",69,direct,12.0,11.964552960218183,0.2882470907198144,True,4000
referral_app (n=4000),"GraphDML features, all nodes",69,peer,40.0,40.64113013132335,0.5453003406601961,True,4000
referral_app (n=4000),"1-hop aggregates, all nodes",69,direct,12.0,11.983511454969346,0.2874220139904004,True,4000
referral_app (n=4000),"1-hop aggregates, all nodes",69,peer,40.0,40.72581828945505,0.5429213524757648,True,4000
flu_town (n=3000),GraphDML (focal set),70,direct,-2.0,-2.073040686446194,0.1674134129198334,True,472
flu_town (n=3000),GraphDML (focal set),70,peer,-0.5,-0.5787355440108789,0.07714285525713056,True,472
flu_town (n=3000),"GraphDML features, all nodes",70,direct,-2.0,-2.1020837384597395,0.06398415006573492,True,3000
flu_town (n=3000),"GraphDML features, all nodes",70,peer,-0.5,-0.5187826534483657,0.022848417289232897,True,3000
flu_town (n=3000),"1-hop aggregates, all nodes",70,direct,-2.0,-2.0734052020647775,0.06329184996976907,True,3000
flu_town (n=3000),"1-hop aggregates, all nodes",70,peer,-0.5,-0.5086774069726514,0.021512893510469717,True,3000
referral_app (n=4000),GraphDML (focal set),70,direct,12.0,12.211606056876496,0.9345748899389877,True,397
referral_app (n=4000),GraphDML (focal set),70,peer,40.0,38.94489808153343,1.6181448972947854,True,397
referral_app (n=4000),"GraphDML features, all nodes",70,direct,12.0,11.831567613612101,0.2860523301858823,True,4000
referral_app (n=4000),"GraphDML features, all nodes",70,peer,40.0,40.45541790666902,0.6309679448537969,True,4000
referral_app (n=4000),"1-hop aggregates, all nodes",70,direct,12.0,11.931540005564447,0.28615311693517786,True,4000
referral_app (n=4000),"1-hop aggregates, all nodes",70,peer,40.0,40.552852687785595,0.6210678932315618,True,4000
flu_town (n=3000),GraphDML (focal set),71,direct,-2.0,-2.114137720969331,0.1996299580821975,True,471
flu_town (n=3000),GraphDML (focal set),71,peer,-0.5,-0.5750230407982014,0.0983607121553524,True,471
flu_town (n=3000),"GraphDML features, all nodes",71,direct,-2.0,-2.0440261575799643,0.06742995292688639,True,3000
flu_town (n=3000),"GraphDML features, all nodes",71,peer,-0.5,-0.516383952044383,0.02587436452650972,True,3000
flu_town (n=3000),"1-hop aggregates, all nodes",71,direct,-2.0,-2.0179396307010307,0.06750444360487473,True,3000
flu_town (n=3000),"1-hop aggregates, all nodes",71,peer,-0.5,-0.5112120046625978,0.02485323411138984,True,3000
referral_app (n=4000),GraphDML (focal set),71,direct,12.0,13.386431887594723,0.9684228846975893,True,400
referral_app (n=4000),GraphDML (focal set),71,peer,40.0,38.34340722948337,1.4823153164713192,True,400
referral_app (n=4000),"GraphDML features, all nodes",71,direct,12.0,11.627423868092706,0.28240872032936926,True,4000
referral_app (n=4000),"GraphDML features, all nodes",71,peer,40.0,40.298316968456795,0.6365915835434516,True,4000
referral_app (n=4000),"1-hop aggregates, all nodes",71,direct,12.0,11.69124188603359,0.282678418544988,True,4000
referral_app (n=4000),"1-hop aggregates, all nodes",71,peer,40.0,40.290835402006095,0.6363899861968315,True,4000
flu_town (n=3000),GraphDML (focal set),72,direct,-2.0,-1.919686299968221,0.1865052889862761,True,476
flu_town (n=3000),GraphDML (focal set),72,peer,-0.5,-0.44663088560520925,0.07411542270396626,True,476
flu_town (n=3000),"GraphDML features, all nodes",72,direct,-2.0,-2.0372611531370346,0.06628945744751442,True,3000
flu_town (n=3000),"GraphDML features, all nodes",72,peer,-0.5,-0.4740426348673626,0.028826105935637936,True,3000
flu_town (n=3000),"1-hop aggregates, all nodes",72,direct,-2.0,-2.06193638193973,0.06629309498625294,True,3000
flu_town (n=3000),"1-hop aggregates, all nodes",72,peer,-0.5,-0.480284718115192,0.027907103253317425,True,3000
referral_app (n=4000),GraphDML (focal set),72,direct,12.0,10.760318757617068,0.9576202207604625,True,382
referral_app (n=4000),GraphDML (focal set),72,peer,40.0,40.065021687052344,1.7004251943915851,True,382
referral_app (n=4000),"GraphDML features, all nodes",72,direct,12.0,12.068634023577987,0.29212313037758975,True,4000
referral_app (n=4000),"GraphDML features, all nodes",72,peer,40.0,39.62343772069964,0.6781848115053412,True,4000
referral_app (n=4000),"1-hop aggregates, all nodes",72,direct,12.0,12.005917827811961,0.29395012121546943,True,4000
referral_app (n=4000),"1-hop aggregates, all nodes",72,peer,40.0,39.69559467893681,0.6812413946762803,True,4000
flu_town (n=3000),GraphDML (focal set),73,direct,-2.0,-1.9189765774103502,0.172504940466318,True,465
flu_town (n=3000),GraphDML (focal set),73,peer,-0.5,-0.5127165979284228,0.13155792227107324,True,465
flu_town (n=3000),"GraphDML features, all nodes",73,direct,-2.0,-1.9185754075518304,0.06702172863208598,True,3000
flu_town (n=3000),"GraphDML features, all nodes",73,peer,-0.5,-0.5324513365653574,0.029322401369844125,True,3000
flu_town (n=3000),"1-hop aggregates, all nodes",73,direct,-2.0,-1.9093145789108255,0.0676258627889471,True,3000
flu_town (n=3000),"1-hop aggregates, all nodes",73,peer,-0.5,-0.5415702071916042,0.02843183067222838,True,3000
referral_app (n=4000),GraphDML (focal set),73,direct,12.0,12.559296549978761,0.8337971046942461,True,396
referral_app (n=4000),GraphDML (focal set),73,peer,40.0,39.378297196096156,1.625754368602652,True,396
referral_app (n=4000),"GraphDML features, all nodes",73,direct,12.0,12.614484777069764,0.2891942599155447,False,4000
referral_app (n=4000),"GraphDML features, all nodes",73,peer,40.0,39.931215288083905,0.6182530425580837,True,4000
referral_app (n=4000),"1-hop aggregates, all nodes",73,direct,12.0,12.555136619683143,0.29188182758679054,True,4000
referral_app (n=4000),"1-hop aggregates, all nodes",73,peer,40.0,40.148680386253154,0.6146217457762435,True,4000
flu_town (n=3000),GraphDML (focal set),74,direct,-2.0,-1.840379870538512,0.19842151722906815,True,462
flu_town (n=3000),GraphDML (focal set),74,peer,-0.5,-0.4521764760106823,0.0833238522895442,True,462
flu_town (n=3000),"GraphDML features, all nodes",74,direct,-2.0,-1.9935366850412346,0.06715966011291033,True,3000
flu_town (n=3000),"GraphDML features, all nodes",74,peer,-0.5,-0.4641153517908053,0.02307213381632524,True,3000
flu_town (n=3000),"1-hop aggregates, all nodes",74,direct,-2.0,-2.0028367546549384,0.06640422547663598,True,3000
flu_town (n=3000),"1-hop aggregates, all nodes",74,peer,-0.5,-0.4549566092194831,0.023023195098729635,True,3000
referral_app (n=4000),GraphDML (focal set),74,direct,12.0,11.41461717205536,0.9488399877235812,True,396
referral_app (n=4000),GraphDML (focal set),74,peer,40.0,39.567393708550966,1.803893584980905,True,396
referral_app (n=4000),"GraphDML features, all nodes",74,direct,12.0,11.778088107625678,0.29954287298693444,True,4000
referral_app (n=4000),"GraphDML features, all nodes",74,peer,40.0,41.33188636184815,0.6513177511869032,False,4000
referral_app (n=4000),"1-hop aggregates, all nodes",74,direct,12.0,11.942607548482174,0.2958149982623854,True,4000
referral_app (n=4000),"1-hop aggregates, all nodes",74,peer,40.0,41.341303913509186,0.6483363988336353,False,4000
flu_town (n=3000),GraphDML (focal set),75,direct,-2.0,-1.8441474860905964,0.18655547358323843,True,480
flu_town (n=3000),GraphDML (focal set),75,peer,-0.5,-0.5258535285534901,0.10151465754023158,True,480
flu_town (n=3000),"GraphDML features, all nodes",75,direct,-2.0,-2.0064669668737807,0.06714179979676026,True,3000
flu_town (n=3000),"GraphDML features, all nodes",75,peer,-0.5,-0.48513963849323744,0.026610488313084185,True,3000
flu_town (n=3000),"1-hop aggregates, all nodes",75,direct,-2.0,-2.0124940752860185,0.0667525218234487,True,3000
flu_town (n=3000),"1-hop aggregates, all nodes",75,peer,-0.5,-0.4829251231257855,0.025251565941677528,True,3000
referral_app (n=4000),GraphDML (focal set),75,direct,12.0,13.34235633490737,1.0289636671470221,True,398
referral_app (n=4000),GraphDML (focal set),75,peer,40.0,40.20839381034116,1.6006480057950268,True,398
referral_app (n=4000),"GraphDML features, all nodes",75,direct,12.0,12.375877227323965,0.30119128416641977,True,4000
referral_app (n=4000),"GraphDML features, all nodes",75,peer,40.0,40.08415430291504,0.5508457953142795,True,4000
referral_app (n=4000),"1-hop aggregates, all nodes",75,direct,12.0,12.392286553023323,0.2974576021876139,True,4000
referral_app (n=4000),"1-hop aggregates, all nodes",75,peer,40.0,40.0170395339657,0.5403597157524149,True,4000
flu_town (n=3000),GraphDML (focal set),76,direct,-2.0,-2.050359068931742,0.16519001066627842,True,472
flu_town (n=3000),GraphDML (focal set),76,peer,-0.5,-0.5556187436363937,0.07327362585468972,True,472
flu_town (n=3000),"GraphDML features, all nodes",76,direct,-2.0,-1.9566855745563345,0.06496772784931323,True,3000
flu_town (n=3000),"GraphDML features, all nodes",76,peer,-0.5,-0.5015814838063771,0.025000236707985193,True,3000
flu_town (n=3000),"1-hop aggregates, all nodes",76,direct,-2.0,-1.9311867861868546,0.06526448128019276,True,3000
flu_town (n=3000),"1-hop aggregates, all nodes",76,peer,-0.5,-0.5139847430111246,0.024372135147717324,True,3000
referral_app (n=4000),GraphDML (focal set),76,direct,12.0,12.324306171897652,0.8492125214044461,True,396
referral_app (n=4000),GraphDML (focal set),76,peer,40.0,39.26858418664106,1.4253725074462065,True,396
referral_app (n=4000),"GraphDML features, all nodes",76,direct,12.0,12.259586777786888,0.28128034554589293,True,4000
referral_app (n=4000),"GraphDML features, all nodes",76,peer,40.0,40.328610428397624,0.5599800544186792,True,4000
referral_app (n=4000),"1-hop aggregates, all nodes",76,direct,12.0,12.304568536012408,0.2791673521599283,True,4000
referral_app (n=4000),"1-hop aggregates, all nodes",76,peer,40.0,40.03055591740516,0.5626429633959585,True,4000
flu_town (n=3000),GraphDML (focal set),77,direct,-2.0,-1.9160605538381958,0.17345854390317572,True,476
flu_town (n=3000),GraphDML (focal set),77,peer,-0.5,-0.45783352182872267,0.10135453197998295,True,476
flu_town (n=3000),"GraphDML features, all nodes",77,direct,-2.0,-1.9313150176772873,0.06733083362192714,True,3000
flu_town (n=3000),"GraphDML features, all nodes",77,peer,-0.5,-0.5627785999491419,0.02616018455474262,False,3000
flu_town (n=3000),"1-hop aggregates, all nodes",77,direct,-2.0,-1.9326477693760837,0.06702864802770901,True,3000
flu_town (n=3000),"1-hop aggregates, all nodes",77,peer,-0.5,-0.5602648670691465,0.027443819332626813,False,3000
referral_app (n=4000),GraphDML (focal set),77,direct,12.0,13.38384247383961,1.0173037029011012,True,378
referral_app (n=4000),GraphDML (focal set),77,peer,40.0,41.39430404165901,1.6394267743215853,True,378
referral_app (n=4000),"GraphDML features, all nodes",77,direct,12.0,12.48654921250968,0.29637294163949146,True,4000
referral_app (n=4000),"GraphDML features, all nodes",77,peer,40.0,40.23609273639203,0.5870917949352868,True,4000
referral_app (n=4000),"1-hop aggregates, all nodes",77,direct,12.0,12.507700251011423,0.2961307648527646,True,4000
referral_app (n=4000),"1-hop aggregates, all nodes",77,peer,40.0,40.20578483712881,0.5731620644529435,True,4000
flu_town (n=3000),GraphDML (focal set),78,direct,-2.0,-1.9347946232405475,0.17754724860165905,True,464
flu_town (n=3000),GraphDML (focal set),78,peer,-0.5,-0.4178417685791331,0.10533398464348254,True,464
flu_town (n=3000),"GraphDML features, all nodes",78,direct,-2.0,-2.0081178771332002,0.066942342729291,True,3000
flu_town (n=3000),"GraphDML features, all nodes",78,peer,-0.5,-0.4356288407963557,0.02792000347091237,False,3000
flu_town (n=3000),"1-hop aggregates, all nodes",78,direct,-2.0,-2.026266156252,0.06624000705616177,True,3000
flu_town (n=3000),"1-hop aggregates, all nodes",78,peer,-0.5,-0.44245864023696896,0.026724783698617655,False,3000
referral_app (n=4000),GraphDML (focal set),78,direct,12.0,11.784228897209978,0.8720091740703931,True,391
referral_app (n=4000),GraphDML (focal set),78,peer,40.0,39.376114524905866,1.7358540057898793,True,391
referral_app (n=4000),"GraphDML features, all nodes",78,direct,12.0,12.752571780356073,0.28027620105052714,False,4000
referral_app (n=4000),"GraphDML features, all nodes",78,peer,40.0,39.62673886173584,0.620419895202946,True,4000
referral_app (n=4000),"1-hop aggregates, all nodes",78,direct,12.0,12.745045487370193,0.27898966381606366,False,4000
referral_app (n=4000),"1-hop aggregates, all nodes",78,peer,40.0,39.791605943090914,0.6270313541675006,True,4000
flu_town (n=3000),GraphDML (focal set),79,direct,-2.0,-1.533011302781657,0.1785373397428504,False,480
flu_town (n=3000),GraphDML (focal set),79,peer,-0.5,-0.32026397447875904,0.08604826797133618,False,480
flu_town (n=3000),"GraphDML features, all nodes",79,direct,-2.0,-1.9747321744836748,0.06663917459805169,True,3000
flu_town (n=3000),"GraphDML features, all nodes",79,peer,-0.5,-0.5090836040411656,0.026023224821712525,True,3000
flu_town (n=3000),"1-hop aggregates, all nodes",79,direct,-2.0,-1.9595844857549523,0.0669681022932776,True,3000
flu_town (n=3000),"1-hop aggregates, all nodes",79,peer,-0.5,-0.5136268191011237,0.027101696627388983,True,3000
referral_app (n=4000),GraphDML (focal set),79,direct,12.0,13.050775487800477,0.9308560277840526,True,379
referral_app (n=4000),GraphDML (focal set),79,peer,40.0,39.735392048077436,1.7348059110598069,True,379
referral_app (n=4000),"GraphDML features, all nodes",79,direct,12.0,12.474771258973577,0.27581421336593476,True,4000
referral_app (n=4000),"GraphDML features, all nodes",79,peer,40.0,41.49766769355989,0.5816274167626794,False,4000
referral_app (n=4000),"1-hop aggregates, all nodes",79,direct,12.0,12.393723244023194,0.27561718223035886,True,4000
referral_app (n=4000),"1-hop aggregates, all nodes",79,peer,40.0,41.40930970997482,0.5809900866539159,False,4000
flu_town (n=3000),GraphDML (focal set),80,direct,-2.0,-1.869629878620111,0.1531899217602623,True,483
flu_town (n=3000),GraphDML (focal set),80,peer,-0.5,-0.40511879397739103,0.08495819362987596,True,483
flu_town (n=3000),"GraphDML features, all nodes",80,direct,-2.0,-2.041794609533493,0.06690879639654754,True,3000
flu_town (n=3000),"GraphDML features, all nodes",80,peer,-0.5,-0.4945552886450341,0.02427682630966222,True,3000
flu_town (n=3000),"1-hop aggregates, all nodes",80,direct,-2.0,-2.012901570109219,0.0663856716828806,True,3000
flu_town (n=3000),"1-hop aggregates, all nodes",80,peer,-0.5,-0.4919522789294707,0.023838320500775362,True,3000
referral_app (n=4000),GraphDML (focal set),80,direct,12.0,13.681107318061194,0.8631340341478381,True,393
referral_app (n=4000),GraphDML (focal set),80,peer,40.0,37.744518475254466,1.6812908300691918,True,393
referral_app (n=4000),"GraphDML features, all nodes",80,direct,12.0,12.482008581454282,0.2909723436646339,True,4000
referral_app (n=4000),"GraphDML features, all nodes",80,peer,40.0,39.564785993114846,0.6262917763416064,True,4000
referral_app (n=4000),"1-hop aggregates, all nodes",80,direct,12.0,12.554406599506315,0.28673913425958286,True,4000
referral_app (n=4000),"1-hop aggregates, all nodes",80,peer,40.0,39.51939491118933,0.6271486938834319,True,4000
flu_town (n=3000),GraphDML (focal set),81,direct,-2.0,-1.9866146870056312,0.16095789947734734,True,478
flu_town (n=3000),GraphDML (focal set),81,peer,-0.5,-0.5918529234639003,0.08426192552770291,True,478
flu_town (n=3000),"GraphDML features, all nodes",81,direct,-2.0,-2.063240716285511,0.06601425449039845,True,3000
flu_town (n=3000),"GraphDML features, all nodes",81,peer,-0.5,-0.5347507696237173,0.025306190276663348,True,3000
flu_town (n=3000),"1-hop aggregates, all nodes",81,direct,-2.0,-2.066544518342628,0.06661368161855702,True,3000
flu_town (n=3000),"1-hop aggregates, all nodes",81,peer,-0.5,-0.546376247304237,0.023707390540248056,True,3000
referral_app (n=4000),GraphDML (focal set),81,direct,12.0,12.537666709370827,0.8623014592313636,True,385
referral_app (n=4000),GraphDML (focal set),81,peer,40.0,40.678223533653544,1.469317243833611,True,385
referral_app (n=4000),"GraphDML features, all nodes",81,direct,12.0,11.833371789306938,0.28625594142996025,True,4000
referral_app (n=4000),"GraphDML features, all nodes",81,peer,40.0,39.61641493417212,0.549656253630091,True,4000
referral_app (n=4000),"1-hop aggregates, all nodes",81,direct,12.0,11.810174555956658,0.28511757895532874,True,4000
referral_app (n=4000),"1-hop aggregates, all nodes",81,peer,40.0,39.57274636403715,0.5497869550481838,True,4000
flu_town (n=3000),GraphDML (focal set),82,direct,-2.0,-2.1517228730531417,0.19537344342362076,True,469
flu_town (n=3000),GraphDML (focal set),82,peer,-0.5,-0.498170185377646,0.08912820883606491,True,469
flu_town (n=3000),"GraphDML features, all nodes",82,direct,-2.0,-2.061729220536294,0.0650304325437867,True,3000
flu_town (n=3000),"GraphDML features, all nodes",82,peer,-0.5,-0.5299210305535477,0.027870773123299292,True,3000
flu_town (n=3000),"1-hop aggregates, all nodes",82,direct,-2.0,-2.0773172305882897,0.06614974294244005,True,3000
flu_town (n=3000),"1-hop aggregates, all nodes",82,peer,-0.5,-0.5247920780182305,0.028384221974426034,True,3000
referral_app (n=4000),GraphDML (focal set),82,direct,12.0,13.505183267069786,1.0137000267240979,True,391
referral_app (n=4000),GraphDML (focal set),82,peer,40.0,38.34926694003172,1.4407620091422866,True,391
referral_app (n=4000),"GraphDML features, all nodes",82,direct,12.0,12.287411330695777,0.28431329593087146,True,4000
referral_app (n=4000),"GraphDML features, all nodes",82,peer,40.0,40.14182628602192,0.5632614976742436,True,4000
referral_app (n=4000),"1-hop aggregates, all nodes",82,direct,12.0,12.252089996533522,0.28690979143304807,True,4000
referral_app (n=4000),"1-hop aggregates, all nodes",82,peer,40.0,40.109288327076705,0.5690274525364372,True,4000
flu_town (n=3000),GraphDML (focal set),83,direct,-2.0,-2.2116989449462676,0.20557504511681265,True,468
flu_town (n=3000),GraphDML (focal set),83,peer,-0.5,-0.47864713926986846,0.10755080802768875,True,468
flu_town (n=3000),"GraphDML features, all nodes",83,direct,-2.0,-1.9595299439292018,0.06889215336727537,True,3000
flu_town (n=3000),"GraphDML features, all nodes",83,peer,-0.5,-0.45633139515561905,0.02636226175193911,True,3000
flu_town (n=3000),"1-hop aggregates, all nodes",83,direct,-2.0,-1.9648438988288157,0.06921699051053941,True,3000
flu_town (n=3000),"1-hop aggregates, all nodes",83,peer,-0.5,-0.44336648907509224,0.025550956681042934,False,3000
referral_app (n=4000),GraphDML (focal set),83,direct,12.0,11.450869940719025,0.932677573000738,True,396
referral_app (n=4000),GraphDML (focal set),83,peer,40.0,40.45950498349612,1.5333391497159479,True,396
referral_app (n=4000),"GraphDML features, all nodes",83,direct,12.0,12.558411609875487,0.2903146114960976,True,4000
referral_app (n=4000),"GraphDML features, all nodes",83,peer,40.0,39.579197665381834,0.5532602660690277,True,4000
referral_app (n=4000),"1-hop aggregates, all nodes",83,direct,12.0,12.459788748118285,0.28763073759175184,True,4000
referral_app (n=4000),"1-hop aggregates, all nodes",83,peer,40.0,39.50700622832133,0.5509376968249885,True,4000
flu_town (n=3000),GraphDML (focal set),84,direct,-2.0,-2.07285876152773,0.18291545203088144,True,476
flu_town (n=3000),GraphDML (focal set),84,peer,-0.5,-0.5288316005177132,0.0840182431336747,True,476
flu_town (n=3000),"GraphDML features, all nodes",84,direct,-2.0,-2.0215451044687107,0.06856410170887366,True,3000
flu_town (n=3000),"GraphDML features, all nodes",84,peer,-0.5,-0.4772029900568748,0.02749901025948802,True,3000
flu_town (n=3000),"1-hop aggregates, all nodes",84,direct,-2.0,-2.0263387138062785,0.06808401455648432,True,3000
flu_town (n=3000),"1-hop aggregates, all nodes",84,peer,-0.5,-0.48531418503604073,0.027272901861633406,True,3000
referral_app (n=4000),GraphDML (focal set),84,direct,12.0,11.993788488404839,0.9388565585016367,True,399
referral_app (n=4000),GraphDML (focal set),84,peer,40.0,41.8600022852718,1.6134381999223129,True,399
referral_app (n=4000),"GraphDML features, all nodes",84,direct,12.0,12.207469869988552,0.29418940111958786,True,4000
referral_app (n=4000),"GraphDML features, all nodes",84,peer,40.0,41.20744222435353,0.6229643460995985,True,4000
referral_app (n=4000),"1-hop aggregates, all nodes",84,direct,12.0,12.128432952780374,0.292747228003546,True,4000
referral_app (n=4000),"1-hop aggregates, all nodes",84,peer,40.0,41.15747862314196,0.6292273341961483,True,4000
flu_town (n=3000),GraphDML (focal set),85,direct,-2.0,-2.1438760927944203,0.1709650126976725,True,466
flu_town (n=3000),GraphDML (focal set),85,peer,-0.5,-0.4478312395294216,0.07977216649694227,True,466
flu_town (n=3000),"GraphDML features, all nodes",85,direct,-2.0,-2.009217322210428,0.06748817501480901,True,3000
flu_town (n=3000),"GraphDML features, all nodes",85,peer,-0.5,-0.45576173095663863,0.028547445445534624,True,3000
flu_town (n=3000),"1-hop aggregates, all nodes",85,direct,-2.0,-2.017113801298179,0.06698223841658207,True,3000
flu_town (n=3000),"1-hop aggregates, all nodes",85,peer,-0.5,-0.45352391313104795,0.028135278712654404,True,3000
referral_app (n=4000),GraphDML (focal set),85,direct,12.0,13.569911116488724,0.9404703356949158,True,392
referral_app (n=4000),GraphDML (focal set),85,peer,40.0,39.52831878231937,1.7590743887014793,True,392
referral_app (n=4000),"GraphDML features, all nodes",85,direct,12.0,12.541222022277292,0.28677214616013585,True,4000
referral_app (n=4000),"GraphDML features, all nodes",85,peer,40.0,38.93951772385038,0.585542296941739,True,4000
referral_app (n=4000),"1-hop aggregates, all nodes",85,direct,12.0,12.38983532128211,0.2859934127204907,True,4000
referral_app (n=4000),"1-hop aggregates, all nodes",85,peer,40.0,38.999910706529285,0.5796078575212642,True,4000
flu_town (n=3000),GraphDML (focal set),86,direct,-2.0,-1.9344092516506992,0.1767675847814443,True,483
flu_town (n=3000),GraphDML (focal set),86,peer,-0.5,-0.3971352079873676,0.09172979215815949,True,483
flu_town (n=3000),"GraphDML features, all nodes",86,direct,-2.0,-1.9289840102964075,0.0697433585754807,True,3000
flu_town (n=3000),"GraphDML features, all nodes",86,peer,-0.5,-0.5010932142303393,0.03268037466235599,True,3000
flu_town (n=3000),"1-hop aggregates, all nodes",86,direct,-2.0,-1.9332409398714232,0.06895029873768385,True,3000
flu_town (n=3000),"1-hop aggregates, all nodes",86,peer,-0.5,-0.4979068320258214,0.030517404297265297,True,3000
referral_app (n=4000),GraphDML (focal set),86,direct,12.0,10.883230347114143,0.9018760124347595,True,393
referral_app (n=4000),GraphDML (focal set),86,peer,40.0,38.62402041779699,1.6636855195033986,True,393
referral_app (n=4000),"GraphDML features, all nodes",86,direct,12.0,12.194888399931049,0.27989355000883676,True,4000
referral_app (n=4000),"GraphDML features, all nodes",86,peer,40.0,41.1388315388215,0.6031621986793443,True,4000
referral_app (n=4000),"1-hop aggregates, all nodes",86,direct,12.0,12.239711658252064,0.2809328632006942,True,4000
referral_app (n=4000),"1-hop aggregates, all nodes",86,peer,40.0,40.68694074508624,0.6142162755851432,True,4000
flu_town (n=3000),GraphDML (focal set),87,direct,-2.0,-2.0391075095347135,0.16676508813244245,True,484
flu_town (n=3000),GraphDML (focal set),87,peer,-0.5,-0.46526465600646044,0.08603089382456894,True,484
flu_town (n=3000),"GraphDML features, all nodes",87,direct,-2.0,-2.0376612248130233,0.06704036943354799,True,3000
flu_town (n=3000),"GraphDML features, all nodes",87,peer,-0.5,-0.5152984407862683,0.02634713860636776,True,3000
flu_town (n=3000),"1-hop aggregates, all nodes",87,direct,-2.0,-2.0126188644705043,0.0664375978751657,True,3000
flu_town (n=3000),"1-hop aggregates, all nodes",87,peer,-0.5,-0.5083200862840805,0.026173294681371032,True,3000
referral_app (n=4000),GraphDML (focal set),87,direct,12.0,12.73382296890789,0.9703033241961292,True,396
referral_app (n=4000),GraphDML (focal set),87,peer,40.0,40.34186132216842,1.5021851350295186,True,396
referral_app (n=4000),"GraphDML features, all nodes",87,direct,12.0,12.121132023335274,0.2818698145455969,True,4000
referral_app (n=4000),"GraphDML features, all nodes",87,peer,40.0,39.263654857684706,0.5849484824340455,True,4000
referral_app (n=4000),"1-hop aggregates, all nodes",87,direct,12.0,12.09466477641981,0.28266180726977896,True,4000
referral_app (n=4000),"1-hop aggregates, all nodes",87,peer,40.0,39.16938235332366,0.5679935544799762,True,4000
flu_town (n=3000),GraphDML (focal set),88,direct,-2.0,-2.335277851601483,0.1583588263958948,False,467
flu_town (n=3000),GraphDML (focal set),88,peer,-0.5,-0.49707781818750607,0.0842097658848996,True,467
flu_town (n=3000),"GraphDML features, all nodes",88,direct,-2.0,-2.055387271536919,0.06603027724569317,True,3000
flu_town (n=3000),"GraphDML features, all nodes",88,peer,-0.5,-0.467982414956018,0.02480642107441824,True,3000
flu_town (n=3000),"1-hop aggregates, all nodes",88,direct,-2.0,-2.0236599867598244,0.0668445320097511,True,3000
flu_town (n=3000),"1-hop aggregates, all nodes",88,peer,-0.5,-0.4742668634635266,0.02496210515808927,True,3000
referral_app (n=4000),GraphDML (focal set),88,direct,12.0,13.459864317517058,1.0762207997060464,True,384
referral_app (n=4000),GraphDML (focal set),88,peer,40.0,40.81333445661331,1.8590974410101544,True,384
referral_app (n=4000),"GraphDML features, all nodes",88,direct,12.0,12.385015816369433,0.2897662611417727,True,4000
referral_app (n=4000),"GraphDML features, all nodes",88,peer,40.0,39.94657687716011,0.5575659943937189,True,4000
referral_app (n=4000),"1-hop aggregates, all nodes",88,direct,12.0,12.321069430889773,0.28754995600555006,True,4000
referral_app (n=4000),"1-hop aggregates, all nodes",88,peer,40.0,40.03629940095462,0.5525825508106631,True,4000
flu_town (n=3000),GraphDML (focal set),89,direct,-2.0,-2.183498747095146,0.15988879382851776,True,443
flu_town (n=3000),GraphDML (focal set),89,peer,-0.5,-0.5141082452943321,0.07861583724994096,True,443
flu_town (n=3000),"GraphDML features, all nodes",89,direct,-2.0,-2.0841893822752233,0.06455425860060307,True,3000
flu_town (n=3000),"GraphDML features, all nodes",89,peer,-0.5,-0.5114503948798275,0.02558965674713971,True,3000
flu_town (n=3000),"1-hop aggregates, all nodes",89,direct,-2.0,-2.0738962265791328,0.06469464384814248,True,3000
flu_town (n=3000),"1-hop aggregates, all nodes",89,peer,-0.5,-0.512122030410892,0.02451775941295576,True,3000
referral_app (n=4000),GraphDML (focal set),89,direct,12.0,11.582778975727196,0.8399180096617137,True,388
referral_app (n=4000),GraphDML (focal set),89,peer,40.0,41.6424247626315,1.6158330447248008,True,388
referral_app (n=4000),"GraphDML features, all nodes",89,direct,12.0,12.001953668314826,0.2880378305617907,True,4000
referral_app (n=4000),"GraphDML features, all nodes",89,peer,40.0,41.03852799401965,0.5573914771851242,True,4000
referral_app (n=4000),"1-hop aggregates, all nodes",89,direct,12.0,11.987916863293325,0.28799250677504556,True,4000
referral_app (n=4000),"1-hop aggregates, all nodes",89,peer,40.0,41.00196429687813,0.565664582794591,True,4000
flu_town (n=3000),GraphDML (focal set),90,direct,-2.0,-2.1354029161064028,0.16648713267685983,True,474
flu_town (n=3000),GraphDML (focal set),90,peer,-0.5,-0.5622045091391303,0.08472793591525506,True,474
flu_town (n=3000),"GraphDML features, all nodes",90,direct,-2.0,-2.004348763330483,0.06561710631988056,True,3000
flu_town (n=3000),"GraphDML features, all nodes",90,peer,-0.5,-0.5485104095517952,0.024328314896033657,False,3000
flu_town (n=3000),"1-hop aggregates, all nodes",90,direct,-2.0,-1.9889640115932028,0.06536616061857667,True,3000
flu_town (n=3000),"1-hop aggregates, all nodes",90,peer,-0.5,-0.5499775872390685,0.02309972216931253,False,3000
referral_app (n=4000),GraphDML (focal set),90,direct,12.0,12.551826813647601,0.8825188594747536,True,394
referral_app (n=4000),GraphDML (focal set),90,peer,40.0,40.34135146443551,1.478009706753169,True,394
referral_app (n=4000),"GraphDML features, all nodes",90,direct,12.0,11.54471275676923,0.2885758013617788,True,4000
referral_app (n=4000),"GraphDML features, all nodes",90,peer,40.0,41.22206739398576,0.5406535377294636,False,4000
referral_app (n=4000),"1-hop aggregates, all nodes",90,direct,12.0,11.549838942714558,0.2825427076864801,True,4000
referral_app (n=4000),"1-hop aggregates, all nodes",90,peer,40.0,41.10768514895778,0.5471374231959649,False,4000
flu_town (n=3000),GraphDML (focal set),91,direct,-2.0,-2.1034920499203444,0.17344235141272166,True,474
flu_town (n=3000),GraphDML (focal set),91,peer,-0.5,-0.4506725932368761,0.11555933840528168,True,474
flu_town (n=3000),"GraphDML features, all nodes",91,direct,-2.0,-1.9928638304430208,0.06845327253757015,True,3000
flu_town (n=3000),"GraphDML features, all nodes",91,peer,-0.5,-0.47713897651021275,0.029444402850506875,True,3000
flu_town (n=3000),"1-hop aggregates, all nodes",91,direct,-2.0,-1.9852379201385524,0.06726442868102617,True,3000
flu_town (n=3000),"1-hop aggregates, all nodes",91,peer,-0.5,-0.4822969104098588,0.027850487353662395,True,3000
referral_app (n=4000),GraphDML (focal set),91,direct,12.0,13.64567383420942,0.9198401415038603,True,392
referral_app (n=4000),GraphDML (focal set),91,peer,40.0,42.79021284604535,1.3726160014424935,False,392
referral_app (n=4000),"GraphDML features, all nodes",91,direct,12.0,13.140058377631844,0.28665548743679065,False,4000
referral_app (n=4000),"GraphDML features, all nodes",91,peer,40.0,41.578036639369806,0.5640747807195698,False,4000
referral_app (n=4000),"1-hop aggregates, all nodes",91,direct,12.0,13.080511756398852,0.28678052284188527,False,4000
referral_app (n=4000),"1-hop aggregates, all nodes",91,peer,40.0,41.48909009800659,0.5626309558631778,False,4000
flu_town (n=3000),GraphDML (focal set),92,direct,-2.0,-1.8812153522951676,0.1736341032284984,True,463
flu_town (n=3000),GraphDML (focal set),92,peer,-0.5,-0.485861109790869,0.08735366858361407,True,463
flu_town (n=3000),"GraphDML features, all nodes",92,direct,-2.0,-2.0615111393966257,0.06699927892131129,True,3000
flu_town (n=3000),"GraphDML features, all nodes",92,peer,-0.5,-0.42581135662027736,0.025399440002397012,False,3000
flu_town (n=3000),"1-hop aggregates, all nodes",92,direct,-2.0,-2.0604928233533153,0.06770277246638923,True,3000
flu_town (n=3000),"1-hop aggregates, all nodes",92,peer,-0.5,-0.41820689112682363,0.02603752430135079,False,3000
referral_app (n=4000),GraphDML (focal set),92,direct,12.0,11.699138357330721,0.9437635917121264,True,389
referral_app (n=4000),GraphDML (focal set),92,peer,40.0,38.84799839044273,1.7995946017684974,True,389
referral_app (n=4000),"GraphDML features, all nodes",92,direct,12.0,12.195460276022054,0.29085934493512655,True,4000
referral_app (n=4000),"GraphDML features, all nodes",92,peer,40.0,38.699607281276144,0.5900461754700433,False,4000
referral_app (n=4000),"1-hop aggregates, all nodes",92,direct,12.0,12.148459541148686,0.2892638037917424,True,4000
referral_app (n=4000),"1-hop aggregates, all nodes",92,peer,40.0,38.50318210490274,0.5887857494697333,False,4000
flu_town (n=3000),GraphDML (focal set),93,direct,-2.0,-2.021831693428739,0.17147626798126814,True,464
flu_town (n=3000),GraphDML (focal set),93,peer,-0.5,-0.49016400520810544,0.10108247390788092,True,464
flu_town (n=3000),"GraphDML features, all nodes",93,direct,-2.0,-2.108244693949888,0.06652910667919364,True,3000
flu_town (n=3000),"GraphDML features, all nodes",93,peer,-0.5,-0.5069588185061471,0.029393227462561868,True,3000
flu_town (n=3000),"1-hop aggregates, all nodes",93,direct,-2.0,-2.115393529545997,0.06630383508426257,True,3000
flu_town (n=3000),"1-hop aggregates, all nodes",93,peer,-0.5,-0.5064786149908491,0.02916453372590131,True,3000
referral_app (n=4000),GraphDML (focal set),93,direct,12.0,12.910311713280576,0.93622078398008,True,398
referral_app (n=4000),GraphDML (focal set),93,peer,40.0,44.42448506359529,1.708476406232545,False,398
referral_app (n=4000),"GraphDML features, all nodes",93,direct,12.0,12.719162209098807,0.28976269309862723,False,4000
referral_app (n=4000),"GraphDML features, all nodes",93,peer,40.0,40.715452402031474,0.5802450798155603,True,4000
referral_app (n=4000),"1-hop aggregates, all nodes",93,direct,12.0,12.595827610588811,0.2931402572309016,False,4000
referral_app (n=4000),"1-hop aggregates, all nodes",93,peer,40.0,40.76364104316521,0.5857594944901967,True,4000
flu_town (n=3000),GraphDML (focal set),94,direct,-2.0,-2.126308631391804,0.16247527437711948,True,469
flu_town (n=3000),GraphDML (focal set),94,peer,-0.5,-0.46550962319059513,0.09118017732861608,True,469
flu_town (n=3000),"GraphDML features, all nodes",94,direct,-2.0,-2.0553041571985853,0.0678182908005403,True,3000
flu_town (n=3000),"GraphDML features, all nodes",94,peer,-0.5,-0.5050794959747049,0.028386718837464,True,3000
flu_town (n=3000),"1-hop aggregates, all nodes",94,direct,-2.0,-2.050273599834527,0.06687940453041423,True,3000
flu_town (n=3000),"1-hop aggregates, all nodes",94,peer,-0.5,-0.48261570254354696,0.02559707062569139,True,3000
referral_app (n=4000),GraphDML (focal set),94,direct,12.0,11.911408082388064,0.8755263136321346,True,405
referral_app (n=4000),GraphDML (focal set),94,peer,40.0,38.68825443537113,1.8736242411545394,True,405
referral_app (n=4000),"GraphDML features, all nodes",94,direct,12.0,12.222580065374508,0.2922306999890708,True,4000
referral_app (n=4000),"GraphDML features, all nodes",94,peer,40.0,40.65055285433968,0.5894019548031874,True,4000
referral_app (n=4000),"1-hop aggregates, all nodes",94,direct,12.0,12.248374864676876,0.2917970317019153,True,4000
referral_app (n=4000),"1-hop aggregates, all nodes",94,peer,40.0,40.313325760286354,0.5943755029703738,True,4000
flu_town (n=3000),GraphDML (focal set),95,direct,-2.0,-1.7419905905371262,0.17621959368940168,True,466
flu_town (n=3000),GraphDML (focal set),95,peer,-0.5,-0.36647858392778576,0.0816560259406695,True,466
flu_town (n=3000),"GraphDML features, all nodes",95,direct,-2.0,-1.906761582377936,0.06477796288952188,True,3000
flu_town (n=3000),"GraphDML features, all nodes",95,peer,-0.5,-0.4570883876358785,0.02612584227868462,True,3000
flu_town (n=3000),"1-hop aggregates, all nodes",95,direct,-2.0,-1.8880840959324476,0.06468002921757456,True,3000
flu_town (n=3000),"1-hop aggregates, all nodes",95,peer,-0.5,-0.4494082435761153,0.023205749386424453,False,3000
referral_app (n=4000),GraphDML (focal set),95,direct,12.0,12.725477140513172,0.9631811351958944,True,395
referral_app (n=4000),GraphDML (focal set),95,peer,40.0,42.1873109395249,1.5694059146602368,True,395
referral_app (n=4000),"GraphDML features, all nodes",95,direct,12.0,12.111252501690496,0.2908329037706358,True,4000
referral_app (n=4000),"GraphDML features, all nodes",95,peer,40.0,41.309983182734214,0.5904843841682977,False,4000
referral_app (n=4000),"1-hop aggregates, all nodes",95,direct,12.0,12.06650698538827,0.28768367453360416,True,4000
referral_app (n=4000),"1-hop aggregates, all nodes",95,peer,40.0,41.440268580035855,0.5727648129466981,False,4000
flu_town (n=3000),GraphDML (focal set),96,direct,-2.0,-1.9357405352208035,0.18252045353799118,True,475
flu_town (n=3000),GraphDML (focal set),96,peer,-0.5,-0.44597139207942077,0.0864466682152064,True,475
flu_town (n=3000),"GraphDML features, all nodes",96,direct,-2.0,-1.9257695184452104,0.0687372182482843,True,3000
flu_town (n=3000),"GraphDML features, all nodes",96,peer,-0.5,-0.4199106523047775,0.02587430273050745,False,3000
flu_town (n=3000),"1-hop aggregates, all nodes",96,direct,-2.0,-1.9525825041863247,0.06889565435607423,True,3000
flu_town (n=3000),"1-hop aggregates, all nodes",96,peer,-0.5,-0.4215594499136838,0.025258561025520265,False,3000
referral_app (n=4000),GraphDML (focal set),96,direct,12.0,12.152629873123239,0.9715782917690653,True,393
referral_app (n=4000),GraphDML (focal set),96,peer,40.0,43.90683728632935,1.869450218766557,False,393
referral_app (n=4000),"GraphDML features, all nodes",96,direct,12.0,12.072253846071813,0.2938172172183597,True,4000
referral_app (n=4000),"GraphDML features, all nodes",96,peer,40.0,39.514977932889586,0.7367810114637326,True,4000
referral_app (n=4000),"1-hop aggregates, all nodes",96,direct,12.0,11.922373610094832,0.2913373273335073,True,4000
referral_app (n=4000),"1-hop aggregates, all nodes",96,peer,40.0,39.860286480190695,0.7044052298372067,True,4000
flu_town (n=3000),GraphDML (focal set),97,direct,-2.0,-2.0754631896496427,0.1667487526675589,True,470
flu_town (n=3000),GraphDML (focal set),97,peer,-0.5,-0.37784079055129954,0.09088793052825066,True,470
flu_town (n=3000),"GraphDML features, all nodes",97,direct,-2.0,-2.0476675845292185,0.06701173416250543,True,3000
flu_town (n=3000),"GraphDML features, all nodes",97,peer,-0.5,-0.470843382798859,0.028137454289998125,True,3000
flu_town (n=3000),"1-hop aggregates, all nodes",97,direct,-2.0,-2.035614450067805,0.06792623400994198,True,3000
flu_town (n=3000),"1-hop aggregates, all nodes",97,peer,-0.5,-0.48001683747544605,0.030005988440351808,True,3000
referral_app (n=4000),GraphDML (focal set),97,direct,12.0,11.771243007856857,0.9306501184275795,True,382
referral_app (n=4000),GraphDML (focal set),97,peer,40.0,40.220338658646824,1.967984297178795,True,382
referral_app (n=4000),"GraphDML features, all nodes",97,direct,12.0,12.486393795074214,0.3016324242598502,True,4000
referral_app (n=4000),"GraphDML features, all nodes",97,peer,40.0,39.81476879263812,0.6714901336183109,True,4000
referral_app (n=4000),"1-hop aggregates, all nodes",97,direct,12.0,12.427221950328338,0.297685892375136,True,4000
referral_app (n=4000),"1-hop aggregates, all nodes",97,peer,40.0,39.93590085777545,0.6778363517744319,True,4000
flu_town (n=3000),GraphDML (focal set),98,direct,-2.0,-2.169762666937694,0.16973466907375984,True,473
flu_town (n=3000),GraphDML (focal set),98,peer,-0.5,-0.5795251122188237,0.08881162691093822,True,473
flu_town (n=3000),"GraphDML features, all nodes",98,direct,-2.0,-2.0799246556360043,0.06396637722124429,True,3000
flu_town (n=3000),"GraphDML features, all nodes",98,peer,-0.5,-0.5191972733507817,0.027163775872925924,True,3000
flu_town (n=3000),"1-hop aggregates, all nodes",98,direct,-2.0,-2.0799198005608575,0.06407200972198326,True,3000
flu_town (n=3000),"1-hop aggregates, all nodes",98,peer,-0.5,-0.5350138001574768,0.026304116532857184,True,3000
referral_app (n=4000),GraphDML (focal set),98,direct,12.0,12.5220907028185,0.8251980975681011,True,396
referral_app (n=4000),GraphDML (focal set),98,peer,40.0,40.99989380022885,1.702822026012629,True,396
referral_app (n=4000),"GraphDML features, all nodes",98,direct,12.0,11.931482871295744,0.2902696665944905,True,4000
referral_app (n=4000),"GraphDML features, all nodes",98,peer,40.0,40.294443535899504,0.6245730471695824,True,4000
referral_app (n=4000),"1-hop aggregates, all nodes",98,direct,12.0,11.840886271072126,0.2894881592213549,True,4000
referral_app (n=4000),"1-hop aggregates, all nodes",98,peer,40.0,40.378456582169925,0.6025283958748556,True,4000
flu_town (n=3000),GraphDML (focal set),99,direct,-2.0,-1.8152279455446634,0.16690571211966337,True,470
flu_town (n=3000),GraphDML (focal set),99,peer,-0.5,-0.4508395478771975,0.08889643643429287,True,470
flu_town (n=3000),"GraphDML features, all nodes",99,direct,-2.0,-2.058204199034198,0.06568192058561696,True,3000
flu_town (n=3000),"GraphDML features, all nodes",99,peer,-0.5,-0.47662770357447337,0.024479241068137335,True,3000
flu_town (n=3000),"1-hop aggregates, all nodes",99,direct,-2.0,-2.0572084638452894,0.06561657143667918,True,3000
flu_town (n=3000),"1-hop aggregates, all nodes",99,peer,-0.5,-0.4760053562875518,0.02501070498466266,True,3000
referral_app (n=4000),GraphDML (focal set),99,direct,12.0,12.078382038495471,0.9237552785553098,True,398
referral_app (n=4000),GraphDML (focal set),99,peer,40.0,40.93194036827579,1.584619254782966,True,398
referral_app (n=4000),"GraphDML features, all nodes",99,direct,12.0,12.442423095713705,0.2831787875595358,True,4000
referral_app (n=4000),"GraphDML features, all nodes",99,peer,40.0,40.30107764793279,0.5136217266828261,True,4000
referral_app (n=4000),"1-hop aggregates, all nodes",99,direct,12.0,12.380072948179514,0.2797130533662465,True,4000
referral_app (n=4000),"1-hop aggregates, all nodes",99,peer,40.0,40.271981297954945,0.5072442597114631,True,4000
