method,seed,effect,truth,estimate,se,covers,n_focal
GraphDML (default),0,direct,2.0,1.7734210795248706,0.1985440703317979,True,1611.0
GraphDML (default),0,peer,3.0,3.0785620770494493,0.17511707767023296,True,1611.0
GraphDML (random-order focal set),0,direct,2.0,1.7768030950438243,0.21393126542540547,True,1295.0
GraphDML (random-order focal set),0,peer,3.0,2.9491014147779384,0.21982769500840388,True,1295.0
GraphDML (paper mode),0,direct,2.0,1.7749030286080514,0.2295731862248784,True,1295.0
GraphDML (paper mode),0,peer,3.0,2.944853784107275,0.2520945963624817,True,1295.0
"DML + 1-hop aggregates, all nodes (PA)",0,direct,2.0,1.9629990260459873,0.08303477436687717,True,7624.0
"DML + 1-hop aggregates, all nodes (PA)",0,peer,3.0,3.0805738421693594,0.10849129006957971,True,7624.0
"DML, own covariates (i.i.d.)",0,direct,2.0,3.1179092181133945,0.10438619922110394,False,7624.0
OLS + exposure (no network),0,direct,2.0,2.6730009638519987,0.10167621902192735,False,
OLS + exposure (no network),0,peer,3.0,5.15650965945932,0.14613896222476383,False,
GraphDML (default),1,direct,2.0,2.1197554115567003,0.18802150069750262,True,1613.0
GraphDML (default),1,peer,3.0,3.0504223732565556,0.18505302260634776,True,1613.0
GraphDML (random-order focal set),1,direct,2.0,2.1217354274394578,0.20032661679726868,True,1267.0
GraphDML (random-order focal set),1,peer,3.0,3.1662468616589137,0.23165610815866475,True,1267.0
GraphDML (paper mode),1,direct,2.0,2.037133775578627,0.22738563526956812,True,1267.0
GraphDML (paper mode),1,peer,3.0,2.819679419691132,0.2355772181817953,True,1267.0
"DML + 1-hop aggregates, all nodes (PA)",1,direct,2.0,2.0548642087520137,0.08386261199034908,True,7624.0
"DML + 1-hop aggregates, all nodes (PA)",1,peer,3.0,3.1088878061491934,0.1239596968574773,True,7624.0
"DML, own covariates (i.i.d.)",1,direct,2.0,3.0685280018005536,0.10405500840431929,False,7624.0
OLS + exposure (no network),1,direct,2.0,2.6841894643200797,0.09989343198236707,False,
OLS + exposure (no network),1,peer,3.0,5.325054416045081,0.14497914238667106,False,
GraphDML (default),2,direct,2.0,1.8569573123446612,0.18163030208845046,True,1611.0
GraphDML (default),2,peer,3.0,2.843729655461125,0.18242185491965607,True,1611.0
GraphDML (random-order focal set),2,direct,2.0,1.9462269316485754,0.21332455587117063,True,1262.0
GraphDML (random-order focal set),2,peer,3.0,2.7212138558517878,0.23539894782190507,True,1262.0
GraphDML (paper mode),2,direct,2.0,2.401493839833742,0.2219639486391895,True,1262.0
GraphDML (paper mode),2,peer,3.0,2.4675621701951687,0.2566484418952744,False,1262.0
"DML + 1-hop aggregates, all nodes (PA)",2,direct,2.0,2.0844246307352634,0.08345812483069509,True,7624.0
"DML + 1-hop aggregates, all nodes (PA)",2,peer,3.0,2.8471960010368127,0.12796038017671446,True,7624.0
"DML, own covariates (i.i.d.)",2,direct,2.0,3.2991665738519194,0.1036253724591511,False,7624.0
OLS + exposure (no network),2,direct,2.0,2.8261212140400938,0.10062147926722215,False,
OLS + exposure (no network),2,peer,3.0,5.164350878992705,0.1465607531439247,False,
GraphDML (default),3,direct,2.0,1.9804683360176232,0.1858151779915753,True,1612.0
GraphDML (default),3,peer,3.0,3.099396857485938,0.18680786606723354,True,1612.0
GraphDML (random-order focal set),3,direct,2.0,1.8554518928280876,0.20096298241634925,True,1295.0
GraphDML (random-order focal set),3,peer,3.0,3.4400726133068527,0.23328455482265914,True,1295.0
GraphDML (paper mode),3,direct,2.0,1.899360236136978,0.2122319626861636,True,1295.0
GraphDML (paper mode),3,peer,3.0,3.2183108801129676,0.24424240386093599,True,1295.0
"DML + 1-hop aggregates, all nodes (PA)",3,direct,2.0,1.9218532887197068,0.0829319591140085,True,7624.0
"DML + 1-hop aggregates, all nodes (PA)",3,peer,3.0,3.007660990510329,0.11571917351141063,True,7624.0
"DML, own covariates (i.i.d.)",3,direct,2.0,3.0561812219664732,0.10372472883737277,False,7624.0
OLS + exposure (no network),3,direct,2.0,2.71910350769198,0.10168911225505786,False,
OLS + exposure (no network),3,peer,3.0,5.242216378505151,0.14704507775465633,False,
GraphDML (default),4,direct,2.0,2.13675527599848,0.1983559759477398,True,1617.0
GraphDML (default),4,peer,3.0,3.122155508965739,0.19745857639388395,True,1617.0
GraphDML (random-order focal set),4,direct,2.0,2.0944626662139196,0.2316586216028629,True,1276.0
GraphDML (random-order focal set),4,peer,3.0,2.9717197170208647,0.24729028869394432,True,1276.0
GraphDML (paper mode),4,direct,2.0,2.10745764613099,0.2226787344916418,True,1276.0
GraphDML (paper mode),4,peer,3.0,2.822678822318427,0.25410732274472136,True,1276.0
"DML + 1-hop aggregates, all nodes (PA)",4,direct,2.0,2.0093323996366794,0.08355773709054226,True,7624.0
"DML + 1-hop aggregates, all nodes (PA)",4,peer,3.0,3.0769931835154636,0.12548856378616735,True,7624.0
"DML, own covariates (i.i.d.)",4,direct,2.0,3.0764332901278144,0.10352865712000905,False,7624.0
OLS + exposure (no network),4,direct,2.0,2.6838876503434497,0.10266938172630485,False,
OLS + exposure (no network),4,peer,3.0,5.281491579238975,0.14760844372417517,False,
GraphDML (default),5,direct,2.0,1.9492464068810902,0.18539547764944686,True,1616.0
GraphDML (default),5,peer,3.0,2.972080154699846,0.18445404386402853,True,1616.0
GraphDML (random-order focal set),5,direct,2.0,1.9572618823316208,0.20545635795838083,True,1281.0
GraphDML (random-order focal set),5,peer,3.0,2.8165016951545043,0.22378785478711657,True,1281.0
GraphDML (paper mode),5,direct,2.0,2.1502172170706872,0.22803798517360652,True,1281.0
GraphDML (paper mode),5,peer,3.0,2.581899029023119,0.24500541652562038,True,1281.0
"DML + 1-hop aggregates, all nodes (PA)",5,direct,2.0,2.0241825008299115,0.08171193764068084,True,7624.0
"DML + 1-hop aggregates, all nodes (PA)",5,peer,3.0,3.0551040281928494,0.12524713081642125,True,7624.0
"DML, own covariates (i.i.d.)",5,direct,2.0,3.262972131044491,0.10166603185564693,False,7624.0
OLS + exposure (no network),5,direct,2.0,2.8451652941812133,0.10003189255861036,False,
OLS + exposure (no network),5,peer,3.0,5.136509903250518,0.14826080307688114,False,
GraphDML (default),6,direct,2.0,2.081653256636906,0.19134670010214078,True,1612.0
GraphDML (default),6,peer,3.0,3.0837807029495736,0.18133569733390853,True,1612.0
GraphDML (random-order focal set),6,direct,2.0,1.9172094626516554,0.20179506109827097,True,1312.0
GraphDML (random-order focal set),6,peer,3.0,3.0061319812716443,0.21853694982219668,True,1312.0
GraphDML (paper mode),6,direct,2.0,1.9918664035208822,0.20754848451011523,True,1312.0
GraphDML (paper mode),6,peer,3.0,2.9211089520607527,0.24105972050873264,True,1312.0
"DML + 1-hop aggregates, all nodes (PA)",6,direct,2.0,2.000898438407344,0.08169414040281979,True,7624.0
"DML + 1-hop aggregates, all nodes (PA)",6,peer,3.0,3.025314464499384,0.12078882438259568,True,7624.0
"DML, own covariates (i.i.d.)",6,direct,2.0,3.020829770582909,0.10160709638978081,False,7624.0
OLS + exposure (no network),6,direct,2.0,2.817331303596407,0.09954796569027755,False,
OLS + exposure (no network),6,peer,3.0,5.017191071727476,0.14691907711522734,False,
GraphDML (default),7,direct,2.0,1.9731326700279272,0.18263541081286302,True,1612.0
GraphDML (default),7,peer,3.0,2.7115603308998097,0.18851661074134718,True,1612.0
GraphDML (random-order focal set),7,direct,2.0,1.718293392452574,0.21286659068508174,True,1289.0
GraphDML (random-order focal set),7,peer,3.0,2.724598652339485,0.22989098152649698,True,1289.0
GraphDML (paper mode),7,direct,2.0,1.7160849154002193,0.2080762269760522,True,1289.0
GraphDML (paper mode),7,peer,3.0,2.272047998835308,0.23881396723553977,False,1289.0
"DML + 1-hop aggregates, all nodes (PA)",7,direct,2.0,1.8852476588122957,0.08073974817315205,True,7624.0
"DML + 1-hop aggregates, all nodes (PA)",7,peer,3.0,2.819011547076552,0.12747606980895068,True,7624.0
"DML, own covariates (i.i.d.)",7,direct,2.0,3.0414851701510526,0.10386906522188817,False,7624.0
OLS + exposure (no network),7,direct,2.0,2.7038038960869772,0.10059800943751693,False,
OLS + exposure (no network),7,peer,3.0,5.077033799775309,0.14523237429931415,False,
GraphDML (default),8,direct,2.0,2.2352550244397564,0.19605859010817997,True,1612.0
GraphDML (default),8,peer,3.0,3.3695920692379264,0.20294058052402408,True,1612.0
GraphDML (random-order focal set),8,direct,2.0,2.5739222687056875,0.22033793490589332,False,1289.0
GraphDML (random-order focal set),8,peer,3.0,3.447186925921161,0.23768977102518107,True,1289.0
GraphDML (paper mode),8,direct,2.0,2.6225126094766797,0.23137848309129264,False,1289.0
GraphDML (paper mode),8,peer,3.0,3.309891534287406,0.2599594670234029,True,1289.0
"DML + 1-hop aggregates, all nodes (PA)",8,direct,2.0,2.1686989844823303,0.0845134094060558,False,7624.0
"DML + 1-hop aggregates, all nodes (PA)",8,peer,3.0,3.2809370758641396,0.12323305800212798,False,7624.0
"DML, own covariates (i.i.d.)",8,direct,2.0,3.321146326997973,0.10550355726053763,False,7624.0
OLS + exposure (no network),8,direct,2.0,2.8817383934180043,0.10221959353593923,False,
OLS + exposure (no network),8,peer,3.0,5.337826389152323,0.14881873806626694,False,
GraphDML (default),9,direct,2.0,1.7252449328325918,0.17941660734458895,True,1612.0
GraphDML (default),9,peer,3.0,2.8398426391257,0.18975055619002118,True,1612.0
GraphDML (random-order focal set),9,direct,2.0,1.9536320699711542,0.20012957736311104,True,1299.0
GraphDML (random-order focal set),9,peer,3.0,3.050270659736554,0.2260850611615075,True,1299.0
GraphDML (paper mode),9,direct,2.0,1.9539827842245536,0.2232123824005221,True,1299.0
GraphDML (paper mode),9,peer,3.0,2.5992640233609263,0.24127641211499007,True,1299.0
"DML + 1-hop aggregates, all nodes (PA)",9,direct,2.0,1.9240173042711834,0.08317714185442299,True,7624.0
"DML + 1-hop aggregates, all nodes (PA)",9,peer,3.0,3.0807162922043645,0.12710350268836523,True,7624.0
"DML, own covariates (i.i.d.)",9,direct,2.0,2.9910456939122647,0.10437203258801261,False,7624.0
OLS + exposure (no network),9,direct,2.0,2.5882554679262,0.10074847188544986,False,
OLS + exposure (no network),9,peer,3.0,5.51093297674432,0.1448338124316959,False,
GraphDML (default),10,direct,2.0,1.9561877006474102,0.1885872010042493,True,1609.0
GraphDML (default),10,peer,3.0,3.03280887898212,0.19430187746223299,True,1609.0
GraphDML (random-order focal set),10,direct,2.0,2.235345739982404,0.2021073163948893,True,1290.0
GraphDML (random-order focal set),10,peer,3.0,2.7182179012402314,0.22660436875218204,True,1290.0
GraphDML (paper mode),10,direct,2.0,2.226532183096046,0.21320341943357957,True,1290.0
GraphDML (paper mode),10,peer,3.0,2.5903134546889466,0.239014194414276,True,1290.0
"DML + 1-hop aggregates, all nodes (PA)",10,direct,2.0,2.1426000235435056,0.08268968190423007,True,7624.0
"DML + 1-hop aggregates, all nodes (PA)",10,peer,3.0,2.8704983034717757,0.12745675468011183,True,7624.0
"DML, own covariates (i.i.d.)",10,direct,2.0,3.211342139502554,0.10294113462003565,False,7624.0
OLS + exposure (no network),10,direct,2.0,2.8195828180325195,0.10014656874856676,False,
OLS + exposure (no network),10,peer,3.0,4.83631385063207,0.14451457506866827,False,
GraphDML (default),11,direct,2.0,1.9300311975347129,0.1830122092756822,True,1616.0
GraphDML (default),11,peer,3.0,3.2192549476075283,0.17847414634984463,True,1616.0
GraphDML (random-order focal set),11,direct,2.0,2.2719412078588443,0.20938246673006944,True,1277.0
GraphDML (random-order focal set),11,peer,3.0,3.1543781100480315,0.2347991428090943,True,1277.0
GraphDML (paper mode),11,direct,2.0,2.2541938953530427,0.21692359381280835,True,1277.0
GraphDML (paper mode),11,peer,3.0,2.774110576887406,0.24744730120674185,True,1277.0
"DML + 1-hop aggregates, all nodes (PA)",11,direct,2.0,2.0447638548984757,0.0808115735974584,True,7624.0
"DML + 1-hop aggregates, all nodes (PA)",11,peer,3.0,3.0077319412801167,0.1300612125461022,True,7624.0
"DML, own covariates (i.i.d.)",11,direct,2.0,3.1771348887834288,0.10122252706281377,False,7624.0
OLS + exposure (no network),11,direct,2.0,2.8049525464509393,0.09862449017257419,False,
OLS + exposure (no network),11,peer,3.0,5.115281466593559,0.1464877852610495,False,
GraphDML (default),12,direct,2.0,2.0985626728660987,0.1984130009676243,True,1609.0
GraphDML (default),12,peer,3.0,3.5315039682309872,0.19364386010470375,False,1609.0
GraphDML (random-order focal set),12,direct,2.0,1.9811451007617635,0.20528290919938028,True,1282.0
GraphDML (random-order focal set),12,peer,3.0,3.0768472324552363,0.2249310538233656,True,1282.0
GraphDML (paper mode),12,direct,2.0,1.975193846509207,0.22308748170004744,True,1282.0
GraphDML (paper mode),12,peer,3.0,2.8671913703499734,0.24244927817316533,True,1282.0
"DML + 1-hop aggregates, all nodes (PA)",12,direct,2.0,1.9583290485974887,0.0840744414195454,True,7624.0
"DML + 1-hop aggregates, all nodes (PA)",12,peer,3.0,3.1512581728961555,0.11732663928690805,True,7624.0
"DML, own covariates (i.i.d.)",12,direct,2.0,2.99823127983101,0.10311657583059133,False,7624.0
OLS + exposure (no network),12,direct,2.0,2.6368010718098627,0.10134920892929697,False,
OLS + exposure (no network),12,peer,3.0,5.275550969186928,0.14626357456989225,False,
GraphDML (default),13,direct,2.0,2.092913100015073,0.17899331288602643,True,1609.0
GraphDML (default),13,peer,3.0,2.8055456369212317,0.19006519060863705,True,1609.0
GraphDML (random-order focal set),13,direct,2.0,2.1033998632367847,0.21019679691838036,True,1288.0
GraphDML (random-order focal set),13,peer,3.0,3.0217396985842866,0.2285681742876807,True,1288.0
GraphDML (paper mode),13,direct,2.0,2.3136129686380116,0.23331849681917666,True,1288.0
GraphDML (paper mode),13,peer,3.0,2.680878994270312,0.2526471730728856,True,1288.0
"DML + 1-hop aggregates, all nodes (PA)",13,direct,2.0,2.1294325409388986,0.08228446892873743,True,7624.0
"DML + 1-hop aggregates, all nodes (PA)",13,peer,3.0,2.91055360485485,0.11583637296012297,True,7624.0
"DML, own covariates (i.i.d.)",13,direct,2.0,3.162039833061765,0.10359764133930607,False,7624.0
OLS + exposure (no network),13,direct,2.0,2.925204306467022,0.10025767167688399,False,
OLS + exposure (no network),13,peer,3.0,5.024568029159082,0.14791505997511695,False,
GraphDML (default),14,direct,2.0,1.874934382721271,0.17990868883911793,True,1611.0
GraphDML (default),14,peer,3.0,3.0737966041535496,0.18266570358138273,True,1611.0
GraphDML (random-order focal set),14,direct,2.0,1.8554131027027911,0.21504575816551183,True,1298.0
GraphDML (random-order focal set),14,peer,3.0,2.9719977551212287,0.2303564081302749,True,1298.0
GraphDML (paper mode),14,direct,2.0,1.9125413694823397,0.21909970566500717,True,1298.0
GraphDML (paper mode),14,peer,3.0,2.77256258123319,0.2401591119433177,True,1298.0
"DML + 1-hop aggregates, all nodes (PA)",14,direct,2.0,1.9736714776487498,0.08281545648137786,True,7624.0
"DML + 1-hop aggregates, all nodes (PA)",14,peer,3.0,3.059566080763538,0.11538908436980012,True,7624.0
"DML, own covariates (i.i.d.)",14,direct,2.0,3.0409472877534753,0.10485126896780558,False,7624.0
OLS + exposure (no network),14,direct,2.0,2.6694525166627208,0.10057705397868988,False,
OLS + exposure (no network),14,peer,3.0,5.3006821583418855,0.1413414319435031,False,
GraphDML (default),15,direct,2.0,2.154417162680052,0.1859135133707028,True,1613.0
GraphDML (default),15,peer,3.0,2.7411001373417596,0.1854487096522217,True,1613.0
GraphDML (random-order focal set),15,direct,2.0,2.139277303308642,0.20033502267264017,True,1300.0
GraphDML (random-order focal set),15,peer,3.0,2.8852210909528466,0.2324446917051238,True,1300.0
GraphDML (paper mode),15,direct,2.0,2.118318888868697,0.21889549899751828,True,1300.0
GraphDML (paper mode),15,peer,3.0,2.7197378067980935,0.24576567305016153,True,1300.0
"DML + 1-hop aggregates, all nodes (PA)",15,direct,2.0,1.9801257746709386,0.08312679957341101,True,7624.0
"DML + 1-hop aggregates, all nodes (PA)",15,peer,3.0,3.035959101816444,0.12117425577591466,True,7624.0
"DML, own covariates (i.i.d.)",15,direct,2.0,3.094077270071744,0.10239843694121809,False,7624.0
OLS + exposure (no network),15,direct,2.0,2.684259688889039,0.1006217237620592,False,
OLS + exposure (no network),15,peer,3.0,5.1237538408748025,0.14366273812333683,False,
GraphDML (default),16,direct,2.0,2.0782971067534293,0.18417710876127708,True,1614.0
GraphDML (default),16,peer,3.0,3.063537860840945,0.19011080774862024,True,1614.0
GraphDML (random-order focal set),16,direct,2.0,1.9483352306076342,0.21413390183323372,True,1285.0
GraphDML (random-order focal set),16,peer,3.0,3.0638450275409514,0.24003818874148697,True,1285.0
GraphDML (paper mode),16,direct,2.0,2.0289906496412176,0.22007834519268688,True,1285.0
GraphDML (paper mode),16,peer,3.0,3.0967475328247622,0.2516956268734129,True,1285.0
"DML + 1-hop aggregates, all nodes (PA)",16,direct,2.0,2.020304932200499,0.08372834132207238,True,7624.0
"DML + 1-hop aggregates, all nodes (PA)",16,peer,3.0,2.923493831227096,0.1168067620662816,True,7624.0
"DML, own covariates (i.i.d.)",16,direct,2.0,3.1586499225812417,0.10298262627230498,False,7624.0
OLS + exposure (no network),16,direct,2.0,2.6650856711881863,0.10044867966431528,False,
OLS + exposure (no network),16,peer,3.0,5.14231375765298,0.14557132878153814,False,
GraphDML (default),17,direct,2.0,1.8697159429379435,0.2016949148423649,True,1614.0
GraphDML (default),17,peer,3.0,3.197725239075418,0.21305803458920794,True,1614.0
GraphDML (random-order focal set),17,direct,2.0,2.15137736349474,0.21172155844751517,True,1273.0
GraphDML (random-order focal set),17,peer,3.0,3.006041533506007,0.2473144061762078,True,1273.0
GraphDML (paper mode),17,direct,2.0,2.2519589473173425,0.23020468510315403,True,1273.0
GraphDML (paper mode),17,peer,3.0,2.7572425492551833,0.23721477768825058,True,1273.0
"DML + 1-hop aggregates, all nodes (PA)",17,direct,2.0,2.0528463793503837,0.08569598374099525,True,7624.0
"DML + 1-hop aggregates, all nodes (PA)",17,peer,3.0,3.2416575895616964,0.1298287956729195,True,7624.0
"DML, own covariates (i.i.d.)",17,direct,2.0,3.2290797761534553,0.1041570040055057,False,7624.0
OLS + exposure (no network),17,direct,2.0,2.83005732413282,0.10088633694383088,False,
OLS + exposure (no network),17,peer,3.0,5.338385237907121,0.14557165036827238,False,
GraphDML (default),18,direct,2.0,2.4611964388945835,0.18799941360780326,False,1613.0
GraphDML (default),18,peer,3.0,3.0544704347620946,0.19777635399962604,True,1613.0
GraphDML (random-order focal set),18,direct,2.0,2.373691698045993,0.20480138356118294,True,1318.0
GraphDML (random-order focal set),18,peer,3.0,3.10776414360774,0.24669142946022063,True,1318.0
GraphDML (paper mode),18,direct,2.0,2.4030806202041,0.23314665541599716,True,1318.0
GraphDML (paper mode),18,peer,3.0,3.14871032924459,0.24845941457102025,True,1318.0
"DML + 1-hop aggregates, all nodes (PA)",18,direct,2.0,2.1486275878743535,0.0839115622791617,True,7624.0
"DML + 1-hop aggregates, all nodes (PA)",18,peer,3.0,2.9257295455385175,0.13821587768317167,True,7624.0
"DML, own covariates (i.i.d.)",18,direct,2.0,3.2311920154415885,0.10351163248711369,False,7624.0
OLS + exposure (no network),18,direct,2.0,2.8704380115264323,0.10185944246354872,False,
OLS + exposure (no network),18,peer,3.0,5.177039124216782,0.14818616682782695,False,
GraphDML (default),19,direct,2.0,1.8622311183891398,0.19180069582800324,True,1610.0
GraphDML (default),19,peer,3.0,3.1872774711916017,0.19993326160376582,True,1610.0
GraphDML (random-order focal set),19,direct,2.0,1.6576956347393785,0.21664533543913986,True,1317.0
GraphDML (random-order focal set),19,peer,3.0,3.2812313131708137,0.2340480722028449,True,1317.0
GraphDML (paper mode),19,direct,2.0,1.705785927133553,0.22596776311104796,True,1317.0
GraphDML (paper mode),19,peer,3.0,3.2458727179578535,0.2459211469720461,True,1317.0
"DML + 1-hop aggregates, all nodes (PA)",19,direct,2.0,1.8614675556475733,0.08282787903654813,True,7624.0
"DML + 1-hop aggregates, all nodes (PA)",19,peer,3.0,3.2670394195436905,0.1270673385186178,False,7624.0
"DML, own covariates (i.i.d.)",19,direct,2.0,3.035099840675491,0.10398870383178138,False,7624.0
OLS + exposure (no network),19,direct,2.0,2.683480653194582,0.1013866046617799,False,
OLS + exposure (no network),19,peer,3.0,5.225947840178202,0.14647542515082893,False,
GraphDML (default),20,direct,2.0,2.241228195780377,0.18725636408372576,True,1615.0
GraphDML (default),20,peer,3.0,3.3665498852015143,0.200794480009951,True,1615.0
GraphDML (random-order focal set),20,direct,2.0,2.439094669705511,0.20682502590716043,False,1279.0
GraphDML (random-order focal set),20,peer,3.0,3.2966618073306373,0.2483674057566515,True,1279.0
GraphDML (paper mode),20,direct,2.0,2.5318431416183635,0.22092836143892777,False,1279.0
GraphDML (paper mode),20,peer,3.0,2.9623745583981314,0.257005665049187,True,1279.0
"DML + 1-hop aggregates, all nodes (PA)",20,direct,2.0,2.0502062034295983,0.08324133537397992,True,7624.0
"DML + 1-hop aggregates, all nodes (PA)",20,peer,3.0,3.149743345878614,0.12152218923133754,True,7624.0
"DML, own covariates (i.i.d.)",20,direct,2.0,3.110208517484879,0.10302956545179977,False,7624.0
OLS + exposure (no network),20,direct,2.0,2.778422678917001,0.0984731817528724,False,
OLS + exposure (no network),20,peer,3.0,5.409604983649089,0.14330639486893249,False,
GraphDML (default),21,direct,2.0,2.0593090142373125,0.19241216150088053,True,1614.0
GraphDML (default),21,peer,3.0,3.3738165773498716,0.20179202705035976,True,1614.0
GraphDML (random-order focal set),21,direct,2.0,2.207459572552115,0.20326063534498953,True,1270.0
GraphDML (random-order focal set),21,peer,3.0,3.1774581474246606,0.2537796502227747,True,1270.0
GraphDML (paper mode),21,direct,2.0,2.1384401846714507,0.23567638681628936,True,1270.0
GraphDML (paper mode),21,peer,3.0,2.8036154595614917,0.25536735192961824,True,1270.0
"DML + 1-hop aggregates, all nodes (PA)",21,direct,2.0,1.9562330139874295,0.08224413600794218,True,7624.0
"DML + 1-hop aggregates, all nodes (PA)",21,peer,3.0,3.0573338712270064,0.11773933166047355,True,7624.0
"DML, own covariates (i.i.d.)",21,direct,2.0,3.115122530989692,0.1032137612847792,False,7624.0
OLS + exposure (no network),21,direct,2.0,2.727481036404882,0.09955985781700158,False,
OLS + exposure (no network),21,peer,3.0,5.196799727753678,0.14558086564174147,False,
GraphDML (default),22,direct,2.0,1.6830836023424123,0.1970548042250755,True,1613.0
GraphDML (default),22,peer,3.0,3.2882036728657162,0.1978465531380199,True,1613.0
GraphDML (random-order focal set),22,direct,2.0,1.7398803707924808,0.2128838285791703,True,1285.0
GraphDML (random-order focal set),22,peer,3.0,2.9899483561212836,0.2407053836110498,True,1285.0
GraphDML (paper mode),22,direct,2.0,2.09363046151515,0.22890670988155976,True,1285.0
GraphDML (paper mode),22,peer,3.0,2.7345674684809467,0.2466630307360382,True,1285.0
"DML + 1-hop aggregates, all nodes (PA)",22,direct,2.0,2.1000369440825577,0.08490772302911812,True,7624.0
"DML + 1-hop aggregates, all nodes (PA)",22,peer,3.0,3.229133071609685,0.13160283314215993,True,7624.0
"DML, own covariates (i.i.d.)",22,direct,2.0,3.187221315422664,0.10388065931185943,False,7624.0
OLS + exposure (no network),22,direct,2.0,2.9500797669254943,0.10253786427471165,False,
OLS + exposure (no network),22,peer,3.0,5.012224899109185,0.1467732410495318,False,
GraphDML (default),23,direct,2.0,1.879144503793078,0.1708745924294358,True,1616.0
GraphDML (default),23,peer,3.0,2.5785930616705808,0.18402209894911914,False,1616.0
GraphDML (random-order focal set),23,direct,2.0,1.8343810711196258,0.21204312764185346,True,1243.0
GraphDML (random-order focal set),23,peer,3.0,2.5875927024945757,0.23114413763342953,True,1243.0
GraphDML (paper mode),23,direct,2.0,1.8870256659160969,0.24562189652612912,True,1243.0
GraphDML (paper mode),23,peer,3.0,2.359393555932306,0.26282336569182474,False,1243.0
"DML + 1-hop aggregates, all nodes (PA)",23,direct,2.0,2.064252646643982,0.08535554611208572,True,7624.0
"DML + 1-hop aggregates, all nodes (PA)",23,peer,3.0,2.7670337204698936,0.11996936224223657,True,7624.0
"DML, own covariates (i.i.d.)",23,direct,2.0,3.0394981926764504,0.10340488323286773,False,7624.0
OLS + exposure (no network),23,direct,2.0,2.832845230349913,0.10272715297154038,False,
OLS + exposure (no network),23,peer,3.0,4.808602874466576,0.15082946029652972,False,
GraphDML (default),24,direct,2.0,1.8323706509253188,0.1864829636402488,True,1615.0
GraphDML (default),24,peer,3.0,2.7932311680454505,0.18587996512455063,True,1615.0
GraphDML (random-order focal set),24,direct,2.0,1.837200257115449,0.21168879900519474,True,1280.0
GraphDML (random-order focal set),24,peer,3.0,2.900861784327194,0.2268050011865716,True,1280.0
GraphDML (paper mode),24,direct,2.0,1.7211255563233647,0.2368619377302519,True,1280.0
GraphDML (paper mode),24,peer,3.0,2.706474547536859,0.23990725841255503,True,1280.0
"DML + 1-hop aggregates, all nodes (PA)",24,direct,2.0,2.026304174563469,0.08170846428775645,True,7624.0
"DML + 1-hop aggregates, all nodes (PA)",24,peer,3.0,2.761816361964817,0.11827692082169831,False,7624.0
"DML, own covariates (i.i.d.)",24,direct,2.0,3.109894917655665,0.10223529053204877,False,7624.0
OLS + exposure (no network),24,direct,2.0,2.7763242548805125,0.10061462232493562,False,
OLS + exposure (no network),24,peer,3.0,4.935289385455121,0.1483278506078367,False,
GraphDML (default),25,direct,2.0,2.060898802714516,0.19759589201319597,True,1606.0
GraphDML (default),25,peer,3.0,2.9621503622300307,0.2014884147394867,True,1606.0
GraphDML (random-order focal set),25,direct,2.0,2.002782687520584,0.22452704620704078,True,1279.0
GraphDML (random-order focal set),25,peer,3.0,2.7661036852621144,0.2343267417039588,True,1279.0
GraphDML (paper mode),25,direct,2.0,2.1114454346821456,0.24052473302081576,True,1279.0
GraphDML (paper mode),25,peer,3.0,2.4633732090989455,0.2526541325795097,False,1279.0
"DML + 1-hop aggregates, all nodes (PA)",25,direct,2.0,1.9584746097683527,0.08311382001062456,True,7624.0
"DML + 1-hop aggregates, all nodes (PA)",25,peer,3.0,3.005663386008964,0.12536060812091115,True,7624.0
"DML, own covariates (i.i.d.)",25,direct,2.0,2.9656968892768347,0.10390874389307946,False,7624.0
OLS + exposure (no network),25,direct,2.0,2.574288958590769,0.1008920505492782,False,
OLS + exposure (no network),25,peer,3.0,5.01679361581868,0.1490344550429453,False,
GraphDML (default),26,direct,2.0,2.2940954514827565,0.20130089777153357,True,1614.0
GraphDML (default),26,peer,3.0,2.7962597110321297,0.18750362842572726,True,1614.0
GraphDML (random-order focal set),26,direct,2.0,1.881507526062197,0.21069629338343923,True,1297.0
GraphDML (random-order focal set),26,peer,3.0,2.9966630130606093,0.23552240089660484,True,1297.0
GraphDML (paper mode),26,direct,2.0,1.9714912383788843,0.21614268925264452,True,1297.0
GraphDML (paper mode),26,peer,3.0,2.82512165079223,0.25358004097433734,True,1297.0
"DML + 1-hop aggregates, all nodes (PA)",26,direct,2.0,2.0556725752547624,0.08278084918657963,True,7624.0
"DML + 1-hop aggregates, all nodes (PA)",26,peer,3.0,2.899712263853141,0.11441603087399053,True,7624.0
"DML, own covariates (i.i.d.)",26,direct,2.0,3.1874234720755528,0.10239035921887198,False,7624.0
OLS + exposure (no network),26,direct,2.0,2.8523439643496653,0.1010239170563768,False,
OLS + exposure (no network),26,peer,3.0,4.8880979708965215,0.14565418188375018,False,
GraphDML (default),27,direct,2.0,2.1802032032276606,0.18096688005299072,True,1613.0
GraphDML (default),27,peer,3.0,2.640671105501097,0.19633916020812472,True,1613.0
GraphDML (random-order focal set),27,direct,2.0,2.2425383564713495,0.1936131004580371,True,1288.0
GraphDML (random-order focal set),27,peer,3.0,2.5335752708563932,0.23387137228043095,False,1288.0
GraphDML (paper mode),27,direct,2.0,2.3144155019135533,0.2250335032049099,True,1288.0
GraphDML (paper mode),27,peer,3.0,2.4920703026129494,0.2426891774472547,False,1288.0
"DML + 1-hop aggregates, all nodes (PA)",27,direct,2.0,1.961761698581331,0.08182259194430085,True,7624.0
"DML + 1-hop aggregates, all nodes (PA)",27,peer,3.0,2.8823023866673396,0.13591007438335212,True,7624.0
"DML, own covariates (i.i.d.)",27,direct,2.0,2.999275948008309,0.10186615628203675,False,7624.0
OLS + exposure (no network),27,direct,2.0,2.629320274743097,0.10054237142567346,False,
OLS + exposure (no network),27,peer,3.0,5.021391268765254,0.14603557734572958,False,
GraphDML (default),28,direct,2.0,2.0354849589839956,0.1967380880012651,True,1612.0
GraphDML (default),28,peer,3.0,3.179734521313348,0.18953017578134837,True,1612.0
GraphDML (random-order focal set),28,direct,2.0,2.040158102010651,0.20613922344937266,True,1291.0
GraphDML (random-order focal set),28,peer,3.0,3.085050609017972,0.22927354450438345,True,1291.0
GraphDML (paper mode),28,direct,2.0,2.1930158398242914,0.2173534436534393,True,1291.0
GraphDML (paper mode),28,peer,3.0,2.8519409138070557,0.24616828407129082,True,1291.0
"DML + 1-hop aggregates, all nodes (PA)",28,direct,2.0,2.078874280436728,0.0839205106701467,True,7624.0
"DML + 1-hop aggregates, all nodes (PA)",28,peer,3.0,2.955848503086387,0.12120091467523733,True,7624.0
"DML, own covariates (i.i.d.)",28,direct,2.0,3.1613418887056928,0.10262797523234614,False,7624.0
OLS + exposure (no network),28,direct,2.0,2.805143033309476,0.10145806883151817,False,
OLS + exposure (no network),28,peer,3.0,4.994322102912819,0.14838662252209475,False,
GraphDML (default),29,direct,2.0,2.019885257296586,0.18880311598806415,True,1614.0
GraphDML (default),29,peer,3.0,2.650765431546709,0.18578862649235184,True,1614.0
GraphDML (random-order focal set),29,direct,2.0,1.8616913837011937,0.20555623247260615,True,1285.0
GraphDML (random-order focal set),29,peer,3.0,2.7999637175368144,0.22249477957875005,True,1285.0
GraphDML (paper mode),29,direct,2.0,1.8801629335565309,0.21994581793507442,True,1285.0
GraphDML (paper mode),29,peer,3.0,2.6163505672550396,0.2479918472989946,True,1285.0
"DML + 1-hop aggregates, all nodes (PA)",29,direct,2.0,1.7457389573067486,0.08212146147977574,False,7624.0
"DML + 1-hop aggregates, all nodes (PA)",29,peer,3.0,2.650847353533663,0.13351932167170302,False,7624.0
"DML, own covariates (i.i.d.)",29,direct,2.0,2.791418113040986,0.10121654505828845,False,7624.0
OLS + exposure (no network),29,direct,2.0,2.4115758719464404,0.10149789661488808,False,
OLS + exposure (no network),29,peer,3.0,4.8270639272137705,0.14683699434498487,False,
GraphDML (default),30,direct,2.0,2.3926016906831893,0.18707953679680112,False,1612.0
GraphDML (default),30,peer,3.0,3.1190699175589165,0.19673918566114132,True,1612.0
GraphDML (random-order focal set),30,direct,2.0,2.49200401693934,0.21458798989436903,False,1289.0
GraphDML (random-order focal set),30,peer,3.0,3.225424523963553,0.23997269769680046,True,1289.0
GraphDML (paper mode),30,direct,2.0,2.5520715446115116,0.22410108051903568,False,1289.0
GraphDML (paper mode),30,peer,3.0,2.8219311188832705,0.24267558793870114,True,1289.0
"DML + 1-hop aggregates, all nodes (PA)",30,direct,2.0,2.002289715078591,0.08259156020396252,True,7624.0
"DML + 1-hop aggregates, all nodes (PA)",30,peer,3.0,2.968871264302707,0.12629352525281062,True,7624.0
"DML, own covariates (i.i.d.)",30,direct,2.0,3.0224626932482974,0.10197903560230195,False,7624.0
OLS + exposure (no network),30,direct,2.0,2.7159527820396763,0.09973227597653277,False,
OLS + exposure (no network),30,peer,3.0,5.028002139953866,0.14524806213883215,False,
GraphDML (default),31,direct,2.0,1.9835330299217342,0.18395626475125854,True,1614.0
GraphDML (default),31,peer,3.0,2.8304748906337234,0.1904706500771775,True,1614.0
GraphDML (random-order focal set),31,direct,2.0,1.9635364932222685,0.19780131033452172,True,1272.0
GraphDML (random-order focal set),31,peer,3.0,2.7861028316491074,0.2300106313537705,True,1272.0
GraphDML (paper mode),31,direct,2.0,1.9986792748165112,0.21670223241674486,True,1272.0
GraphDML (paper mode),31,peer,3.0,2.977901193075841,0.24532153248106775,True,1272.0
"DML + 1-hop aggregates, all nodes (PA)",31,direct,2.0,1.840446077012912,0.08271285557003974,True,7624.0
"DML + 1-hop aggregates, all nodes (PA)",31,peer,3.0,3.1311740309544343,0.12146189604271143,True,7624.0
"DML, own covariates (i.i.d.)",31,direct,2.0,2.993643097626882,0.10450994915443584,False,7624.0
OLS + exposure (no network),31,direct,2.0,2.5794888229540907,0.10124669269999007,False,
OLS + exposure (no network),31,peer,3.0,5.364368372160456,0.1505767307618484,False,
GraphDML (default),32,direct,2.0,2.1388180415851776,0.1805280289518013,True,1613.0
GraphDML (default),32,peer,3.0,2.503366243581241,0.18427130400546526,False,1613.0
GraphDML (random-order focal set),32,direct,2.0,2.116809641601262,0.21129292046656378,True,1290.0
GraphDML (random-order focal set),32,peer,3.0,2.629098192410639,0.22546042082440595,True,1290.0
GraphDML (paper mode),32,direct,2.0,2.009764178171962,0.23283907834872708,True,1290.0
GraphDML (paper mode),32,peer,3.0,2.355844350850673,0.24663682902466488,False,1290.0
"DML + 1-hop aggregates, all nodes (PA)",32,direct,2.0,1.950850572275078,0.08356600780057832,True,7624.0
"DML + 1-hop aggregates, all nodes (PA)",32,peer,3.0,2.8232663552447264,0.12431967203548686,True,7624.0
"DML, own covariates (i.i.d.)",32,direct,2.0,3.064382759462856,0.10439017827518188,False,7624.0
OLS + exposure (no network),32,direct,2.0,2.6737029609643232,0.10129611576636208,False,
OLS + exposure (no network),32,peer,3.0,5.103106828258785,0.1461746226573508,False,
GraphDML (default),33,direct,2.0,1.776116914611862,0.19038257830474828,True,1613.0
GraphDML (default),33,peer,3.0,2.8464244492113546,0.20119290001370999,True,1613.0
GraphDML (random-order focal set),33,direct,2.0,1.7855486963539333,0.21485214231935618,True,1313.0
GraphDML (random-order focal set),33,peer,3.0,2.699931650244654,0.2515035795430954,True,1313.0
GraphDML (paper mode),33,direct,2.0,2.0420964564201465,0.23810013118083925,True,1313.0
GraphDML (paper mode),33,peer,3.0,2.543696924403419,0.24612521892131622,True,1313.0
"DML + 1-hop aggregates, all nodes (PA)",33,direct,2.0,1.9293881912987583,0.08512213327865566,True,7624.0
"DML + 1-hop aggregates, all nodes (PA)",33,peer,3.0,2.909921787992831,0.1451591739719277,True,7624.0
"DML, own covariates (i.i.d.)",33,direct,2.0,3.0631850425873592,0.10645856921025879,False,7624.0
OLS + exposure (no network),33,direct,2.0,2.641290188249599,0.10414681068752474,False,
OLS + exposure (no network),33,peer,3.0,5.118933496295552,0.1471704630204112,False,
GraphDML (default),34,direct,2.0,1.9296845812676569,0.19297458143008764,True,1617.0
GraphDML (default),34,peer,3.0,2.8464148775837073,0.19043768574914033,True,1617.0
GraphDML (random-order focal set),34,direct,2.0,1.6723317063912622,0.21534212421683077,True,1309.0
GraphDML (random-order focal set),34,peer,3.0,2.8643788607051133,0.23063216536684647,True,1309.0
GraphDML (paper mode),34,direct,2.0,1.778944438325879,0.21835979856742696,True,1309.0
GraphDML (paper mode),34,peer,3.0,2.752946120200621,0.23782733436175768,True,1309.0
"DML + 1-hop aggregates, all nodes (PA)",34,direct,2.0,2.0517915843456715,0.08404774031377235,True,7624.0
"DML + 1-hop aggregates, all nodes (PA)",34,peer,3.0,2.924835399341443,0.12308852324575938,True,7624.0
"DML, own covariates (i.i.d.)",34,direct,2.0,3.1438736829655416,0.10138611888719941,False,7624.0
OLS + exposure (no network),34,direct,2.0,2.6387164198249193,0.10210354455749698,False,
OLS + exposure (no network),34,peer,3.0,4.897750826820892,0.1467456244059756,False,
GraphDML (default),35,direct,2.0,2.0971822103158284,0.19682446631442574,True,1613.0
GraphDML (default),35,peer,3.0,3.1439884748541758,0.19851154672858964,True,1613.0
GraphDML (random-order focal set),35,direct,2.0,1.810422828563389,0.21613529497391484,True,1286.0
GraphDML (random-order focal set),35,peer,3.0,3.314887689539469,0.23289962085534582,True,1286.0
GraphDML (paper mode),35,direct,2.0,1.9098610500472983,0.22971665949126768,True,1286.0
GraphDML (paper mode),35,peer,3.0,2.7811136471937985,0.2542466922749522,True,1286.0
"DML + 1-hop aggregates, all nodes (PA)",35,direct,2.0,2.0258578462245564,0.08446640402492496,True,7624.0
"DML + 1-hop aggregates, all nodes (PA)",35,peer,3.0,3.0472541053872995,0.1341126681712222,True,7624.0
"DML, own covariates (i.i.d.)",35,direct,2.0,3.10980058506613,0.10509368947855582,False,7624.0
OLS + exposure (no network),35,direct,2.0,2.7509927448945675,0.10170358763838537,False,
OLS + exposure (no network),35,peer,3.0,5.409476274536475,0.1486114265624806,False,
GraphDML (default),36,direct,2.0,2.1903485036000623,0.18139876012592113,True,1615.0
GraphDML (default),36,peer,3.0,2.811663922313961,0.18207275820736968,True,1615.0
GraphDML (random-order focal set),36,direct,2.0,2.214298812139229,0.21134584994622108,True,1332.0
GraphDML (random-order focal set),36,peer,3.0,2.8508012074724944,0.21106214334782553,True,1332.0
GraphDML (paper mode),36,direct,2.0,2.43397235233607,0.21697519950160518,False,1332.0
GraphDML (paper mode),36,peer,3.0,2.679716616041381,0.22900828508118706,True,1332.0
"DML + 1-hop aggregates, all nodes (PA)",36,direct,2.0,2.0924844456145073,0.08097829693636004,True,7624.0
"DML + 1-hop aggregates, all nodes (PA)",36,peer,3.0,3.02783002114068,0.12135221888996252,True,7624.0
"DML, own covariates (i.i.d.)",36,direct,2.0,3.16280025645441,0.10053735633283117,False,7624.0
OLS + exposure (no network),36,direct,2.0,2.92939372868663,0.09947746488004401,False,
OLS + exposure (no network),36,peer,3.0,5.049074879461529,0.14445071869199327,False,
GraphDML (default),37,direct,2.0,2.1524615263645384,0.1816817446041935,True,1615.0
GraphDML (default),37,peer,3.0,2.969462947740579,0.19186180927318566,True,1615.0
GraphDML (random-order focal set),37,direct,2.0,1.940916068053929,0.19397696792284913,True,1263.0
GraphDML (random-order focal set),37,peer,3.0,2.9869261223040695,0.24491594205283704,True,1263.0
GraphDML (paper mode),37,direct,2.0,2.250547530903362,0.23344475576833895,True,1263.0
GraphDML (paper mode),37,peer,3.0,2.845921499856953,0.2666290588424647,True,1263.0
"DML + 1-hop aggregates, all nodes (PA)",37,direct,2.0,2.064311195673134,0.08252805131262789,True,7624.0
"DML + 1-hop aggregates, all nodes (PA)",37,peer,3.0,3.0449678738161468,0.1267683484176928,True,7624.0
"DML, own covariates (i.i.d.)",37,direct,2.0,3.16736741884727,0.10168921265825048,False,7624.0
OLS + exposure (no network),37,direct,2.0,2.8268458424267764,0.10039057501482915,False,
OLS + exposure (no network),37,peer,3.0,4.928687641285552,0.14577099935246915,False,
GraphDML (default),38,direct,2.0,2.4102354833276385,0.19468684132940525,False,1612.0
GraphDML (default),38,peer,3.0,3.0991165456504284,0.19498107727792666,True,1612.0
GraphDML (random-order focal set),38,direct,2.0,2.073159115565769,0.2120451206753946,True,1298.0
GraphDML (random-order focal set),38,peer,3.0,3.0409267669482483,0.22198682915459397,True,1298.0
GraphDML (paper mode),38,direct,2.0,2.1172837377240374,0.22413129756296787,True,1298.0
GraphDML (paper mode),38,peer,3.0,2.828659410927079,0.23612010880278791,True,1298.0
"DML + 1-hop aggregates, all nodes (PA)",38,direct,2.0,2.1405662561758,0.08275092417823705,True,7624.0
"DML + 1-hop aggregates, all nodes (PA)",38,peer,3.0,3.1141758114814384,0.134999538307084,True,7624.0
"DML, own covariates (i.i.d.)",38,direct,2.0,3.1444391506553373,0.10177125170453283,False,7624.0
OLS + exposure (no network),38,direct,2.0,2.823505990455092,0.09936259266977773,False,
OLS + exposure (no network),38,peer,3.0,5.032754322259919,0.1434924084560681,False,
GraphDML (default),39,direct,2.0,1.9404004285419993,0.18671411910070201,True,1616.0
GraphDML (default),39,peer,3.0,2.798373460129853,0.18762936133108202,True,1616.0
GraphDML (random-order focal set),39,direct,2.0,2.3177175783295123,0.20551244335705637,True,1265.0
GraphDML (random-order focal set),39,peer,3.0,3.1232729602494977,0.23207994385360722,True,1265.0
GraphDML (paper mode),39,direct,2.0,2.2108388402675483,0.23043864424373303,True,1265.0
GraphDML (paper mode),39,peer,3.0,2.8752210971556273,0.23970994820594782,True,1265.0
"DML + 1-hop aggregates, all nodes (PA)",39,direct,2.0,1.9955633716094239,0.08218093885924907,True,7624.0
"DML + 1-hop aggregates, all nodes (PA)",39,peer,3.0,2.9160456559061316,0.12886631172531224,True,7624.0
"DML, own covariates (i.i.d.)",39,direct,2.0,3.0493160127634025,0.10355198170780944,False,7624.0
OLS + exposure (no network),39,direct,2.0,2.7016341215771558,0.09970491057729608,False,
OLS + exposure (no network),39,peer,3.0,5.333996239710074,0.14208912255857226,False,
GraphDML (default),40,direct,2.0,2.123875889691974,0.18587256641426717,True,1609.0
GraphDML (default),40,peer,3.0,2.9951098260928317,0.19645628993583403,True,1609.0
GraphDML (random-order focal set),40,direct,2.0,2.028760706128693,0.1986103722261165,True,1290.0
GraphDML (random-order focal set),40,peer,3.0,3.091777871703647,0.2324092616221942,True,1290.0
GraphDML (paper mode),40,direct,2.0,2.00776076089167,0.22541603543581964,True,1290.0
GraphDML (paper mode),40,peer,3.0,3.016273516817743,0.26198603574822854,True,1290.0
"DML + 1-hop aggregates, all nodes (PA)",40,direct,2.0,1.9710842188363393,0.0828828578473945,True,7624.0
"DML + 1-hop aggregates, all nodes (PA)",40,peer,3.0,3.055689170686199,0.12177239044499333,True,7624.0
"DML, own covariates (i.i.d.)",40,direct,2.0,3.0755131816087276,0.103567896317136,False,7624.0
OLS + exposure (no network),40,direct,2.0,2.8111153729878047,0.0995168806340353,False,
OLS + exposure (no network),40,peer,3.0,5.051500703779133,0.15049979019026688,False,
GraphDML (default),41,direct,2.0,1.9139103153538597,0.19558268636412954,True,1616.0
GraphDML (default),41,peer,3.0,2.9482439123956063,0.19901482129615172,True,1616.0
GraphDML (random-order focal set),41,direct,2.0,1.9780716901628825,0.21283814057274753,True,1282.0
GraphDML (random-order focal set),41,peer,3.0,3.315775376302749,0.22034961615285342,True,1282.0
GraphDML (paper mode),41,direct,2.0,2.2725190971301346,0.2335114265222304,True,1282.0
GraphDML (paper mode),41,peer,3.0,3.12929010875042,0.2655868556114998,True,1282.0
"DML + 1-hop aggregates, all nodes (PA)",41,direct,2.0,2.0110861261764,0.08521310156025652,True,7624.0
"DML + 1-hop aggregates, all nodes (PA)",41,peer,3.0,2.9395312854258924,0.12500484236094087,True,7624.0
"DML, own covariates (i.i.d.)",41,direct,2.0,3.0966017568569875,0.10409708999465896,False,7624.0
OLS + exposure (no network),41,direct,2.0,2.8123844067487775,0.10127417334287436,False,
OLS + exposure (no network),41,peer,3.0,5.131956178630862,0.1489108024512934,False,
GraphDML (default),42,direct,2.0,1.959700288165439,0.183678111108137,True,1611.0
GraphDML (default),42,peer,3.0,3.0600464698012737,0.1895080416322274,True,1611.0
GraphDML (random-order focal set),42,direct,2.0,1.798483085187473,0.20291822445597038,True,1300.0
GraphDML (random-order focal set),42,peer,3.0,3.2152936422173157,0.21818602854791086,True,1300.0
GraphDML (paper mode),42,direct,2.0,1.6634767567572302,0.22289961226925362,True,1300.0
GraphDML (paper mode),42,peer,3.0,2.9772976203278616,0.24653462356696307,True,1300.0
"DML + 1-hop aggregates, all nodes (PA)",42,direct,2.0,1.8964232981138254,0.0830078666881952,True,7624.0
"DML + 1-hop aggregates, all nodes (PA)",42,peer,3.0,3.020733818702169,0.11704135076662643,True,7624.0
"DML, own covariates (i.i.d.)",42,direct,2.0,2.8697691361362074,0.104357645263298,False,7624.0
OLS + exposure (no network),42,direct,2.0,2.5421167427032687,0.10103533426110904,False,
OLS + exposure (no network),42,peer,3.0,5.2204789079287295,0.1466183934543888,False,
GraphDML (default),43,direct,2.0,1.965673609742574,0.19476529675663243,True,1613.0
GraphDML (default),43,peer,3.0,3.091392632479239,0.1981083505250559,True,1613.0
GraphDML (random-order focal set),43,direct,2.0,2.058061810702414,0.22389634672285944,True,1298.0
GraphDML (random-order focal set),43,peer,3.0,2.9911166904972104,0.2436157088757832,True,1298.0
GraphDML (paper mode),43,direct,2.0,2.1562017228084804,0.22761314889410075,True,1298.0
GraphDML (paper mode),43,peer,3.0,3.0692603525040845,0.24319946790949246,True,1298.0
"DML + 1-hop aggregates, all nodes (PA)",43,direct,2.0,1.9612559729855898,0.08413256296567177,True,7624.0
"DML + 1-hop aggregates, all nodes (PA)",43,peer,3.0,2.9459112684818445,0.12843621953018092,True,7624.0
"DML, own covariates (i.i.d.)",43,direct,2.0,3.077630087846207,0.1057260206587129,False,7624.0
OLS + exposure (no network),43,direct,2.0,2.633815457847191,0.10109247848567103,False,
OLS + exposure (no network),43,peer,3.0,5.3237743762058285,0.14758097030875272,False,
GraphDML (default),44,direct,2.0,2.174716199809364,0.181328006952057,True,1614.0
GraphDML (default),44,peer,3.0,2.853817489931708,0.18333660148785635,True,1614.0
GraphDML (random-order focal set),44,direct,2.0,2.1960591414984485,0.21577659382872186,True,1253.0
GraphDML (random-order focal set),44,peer,3.0,2.828874028364264,0.24365594854694836,True,1253.0
GraphDML (paper mode),44,direct,2.0,2.619653122563152,0.23650945297181164,False,1253.0
GraphDML (paper mode),44,peer,3.0,2.6844084979415874,0.2543193133407158,True,1253.0
"DML + 1-hop aggregates, all nodes (PA)",44,direct,2.0,2.0399640971916564,0.08428361193692538,True,7624.0
"DML + 1-hop aggregates, all nodes (PA)",44,peer,3.0,2.9767089701123544,0.11694359650791272,True,7624.0
"DML, own covariates (i.i.d.)",44,direct,2.0,3.102586301114799,0.10285994227734502,False,7624.0
OLS + exposure (no network),44,direct,2.0,2.8323929004988604,0.10165435137645845,False,
OLS + exposure (no network),44,peer,3.0,4.815508476006825,0.14753424576541405,False,
GraphDML (default),45,direct,2.0,1.9498608843067478,0.19819102321312845,True,1615.0
GraphDML (default),45,peer,3.0,3.0117740786726275,0.19456342288777959,True,1615.0
GraphDML (random-order focal set),45,direct,2.0,2.003716510740718,0.20877761530707356,True,1282.0
GraphDML (random-order focal set),45,peer,3.0,2.9057705431170056,0.24488999687852855,True,1282.0
GraphDML (paper mode),45,direct,2.0,1.9435061828290767,0.23488607690899171,True,1282.0
GraphDML (paper mode),45,peer,3.0,2.5562269825870856,0.2522115377154435,True,1282.0
"DML + 1-hop aggregates, all nodes (PA)",45,direct,2.0,1.9808835820030806,0.08373771146020843,True,7624.0
"DML + 1-hop aggregates, all nodes (PA)",45,peer,3.0,2.8545577601147625,0.1269712499097067,True,7624.0
"DML, own covariates (i.i.d.)",45,direct,2.0,3.1444984911083447,0.10409958786902128,False,7624.0
OLS + exposure (no network),45,direct,2.0,2.7377998052336436,0.10177249373179342,False,
OLS + exposure (no network),45,peer,3.0,4.9711832153617195,0.14676631145244462,False,
GraphDML (default),46,direct,2.0,2.1783680552508673,0.19219636605244098,True,1611.0
GraphDML (default),46,peer,3.0,3.1638742926688224,0.19489991796118694,True,1611.0
GraphDML (random-order focal set),46,direct,2.0,2.0333973118427555,0.2053706299377484,True,1255.0
GraphDML (random-order focal set),46,peer,3.0,3.2952550720235934,0.2525846815981924,True,1255.0
GraphDML (paper mode),46,direct,2.0,1.9732308544611836,0.24192241896014088,True,1255.0
GraphDML (paper mode),46,peer,3.0,3.0100284572989096,0.26631946911323695,True,1255.0
"DML + 1-hop aggregates, all nodes (PA)",46,direct,2.0,2.0786323565397047,0.08339551103597097,True,7624.0
"DML + 1-hop aggregates, all nodes (PA)",46,peer,3.0,3.1241889011739596,0.12133029642766548,True,7624.0
"DML, own covariates (i.i.d.)",46,direct,2.0,3.1460286280688763,0.10315269211073054,False,7624.0
OLS + exposure (no network),46,direct,2.0,2.7538761829923644,0.0997351360006771,False,
OLS + exposure (no network),46,peer,3.0,5.1488745935051865,0.14476220603458745,False,
GraphDML (default),47,direct,2.0,1.9627045000195298,0.18201727780808102,True,1614.0
GraphDML (default),47,peer,3.0,2.900131306353617,0.1904467581810471,True,1614.0
GraphDML (random-order focal set),47,direct,2.0,1.6684770042920278,0.1968211822682202,True,1317.0
GraphDML (random-order focal set),47,peer,3.0,2.9749354726500314,0.22475328266095534,True,1317.0
GraphDML (paper mode),47,direct,2.0,1.982100268558541,0.21871849550445066,True,1317.0
GraphDML (paper mode),47,peer,3.0,2.702703711079226,0.24710341841981837,True,1317.0
"DML + 1-hop aggregates, all nodes (PA)",47,direct,2.0,1.963209806957989,0.08147262803077573,True,7624.0
"DML + 1-hop aggregates, all nodes (PA)",47,peer,3.0,2.945681517905152,0.12641880889920304,True,7624.0
"DML, own covariates (i.i.d.)",47,direct,2.0,2.9953127746138293,0.10416591163079622,False,7624.0
OLS + exposure (no network),47,direct,2.0,2.533850109553543,0.10028726761614659,False,
OLS + exposure (no network),47,peer,3.0,5.168439073587093,0.1468570803760492,False,
GraphDML (default),48,direct,2.0,2.3145280509148747,0.17592364216460712,True,1617.0
GraphDML (default),48,peer,3.0,2.8571617948892927,0.17344819332017064,True,1617.0
GraphDML (random-order focal set),48,direct,2.0,2.2013441508250167,0.21551038559231328,True,1279.0
GraphDML (random-order focal set),48,peer,3.0,2.582949354326603,0.2102714504024389,False,1279.0
GraphDML (paper mode),48,direct,2.0,2.214527864534658,0.21945992944034506,True,1279.0
GraphDML (paper mode),48,peer,3.0,2.4745090591836294,0.2320397127499278,False,1279.0
"DML + 1-hop aggregates, all nodes (PA)",48,direct,2.0,2.067546253398637,0.08357068592498677,True,7624.0
"DML + 1-hop aggregates, all nodes (PA)",48,peer,3.0,2.6240481381992664,0.12400712400197361,False,7624.0
"DML, own covariates (i.i.d.)",48,direct,2.0,3.122865311869247,0.10233478109874274,False,7624.0
OLS + exposure (no network),48,direct,2.0,2.79084520569963,0.09982364962564802,False,
OLS + exposure (no network),48,peer,3.0,4.944234389085985,0.14362824964009505,False,
GraphDML (default),49,direct,2.0,2.191053636001583,0.19152395319293708,True,1615.0
GraphDML (default),49,peer,3.0,3.0828428737831417,0.20538308625574034,True,1615.0
GraphDML (random-order focal set),49,direct,2.0,1.8448136732602087,0.20075502379203236,True,1298.0
GraphDML (random-order focal set),49,peer,3.0,3.027450828196355,0.23795502503418786,True,1298.0
GraphDML (paper mode),49,direct,2.0,1.9216271328832526,0.2275636870823701,True,1298.0
GraphDML (paper mode),49,peer,3.0,2.967397227078486,0.25050625674999916,True,1298.0
"DML + 1-hop aggregates, all nodes (PA)",49,direct,2.0,2.004479873997021,0.08438871210999113,True,7624.0
"DML + 1-hop aggregates, all nodes (PA)",49,peer,3.0,2.958965932104634,0.12049211684812154,True,7624.0
"DML, own covariates (i.i.d.)",49,direct,2.0,3.1241359400714326,0.10450941996883746,False,7624.0
OLS + exposure (no network),49,direct,2.0,2.8600483966763424,0.10170877516499136,False,
OLS + exposure (no network),49,peer,3.0,5.0189688766835,0.14841912544280741,False,
GraphDML (default),50,direct,2.0,1.8227380947547538,0.18436237018571625,True,1617.0
GraphDML (default),50,peer,3.0,2.843655979942989,0.1867008016886825,True,1617.0
GraphDML (random-order focal set),50,direct,2.0,1.9446487823142093,0.2051692739635784,True,1301.0
GraphDML (random-order focal set),50,peer,3.0,2.8073133752918755,0.21227053164091378,True,1301.0
GraphDML (paper mode),50,direct,2.0,1.8566572031576083,0.22162156828240742,True,1301.0
GraphDML (paper mode),50,peer,3.0,2.7739100218146824,0.2428877195315191,True,1301.0
"DML + 1-hop aggregates, all nodes (PA)",50,direct,2.0,2.0215971178525023,0.08242998089603272,True,7624.0
"DML + 1-hop aggregates, all nodes (PA)",50,peer,3.0,2.9200159668091414,0.1293384511220501,True,7624.0
"DML, own covariates (i.i.d.)",50,direct,2.0,3.146672324422119,0.10302098500056324,False,7624.0
OLS + exposure (no network),50,direct,2.0,2.7207994746266784,0.10108678154689256,False,
OLS + exposure (no network),50,peer,3.0,4.978877837990725,0.14696187510243625,False,
GraphDML (default),51,direct,2.0,1.9107108118534157,0.18112409136137356,True,1616.0
GraphDML (default),51,peer,3.0,3.019381000128411,0.18700592824861553,True,1616.0
GraphDML (random-order focal set),51,direct,2.0,2.0702776048134175,0.200796943061304,True,1282.0
GraphDML (random-order focal set),51,peer,3.0,3.2910218546633634,0.22076198424248747,True,1282.0
GraphDML (paper mode),51,direct,2.0,2.095031366810241,0.22029082670723177,True,1282.0
GraphDML (paper mode),51,peer,3.0,2.8876573542775823,0.25195582178037657,True,1282.0
"DML + 1-hop aggregates, all nodes (PA)",51,direct,2.0,2.0154912619284056,0.08248122819536786,True,7624.0
"DML + 1-hop aggregates, all nodes (PA)",51,peer,3.0,3.0493212971593886,0.12567486196572666,True,7624.0
"DML, own covariates (i.i.d.)",51,direct,2.0,2.9641682851104694,0.10196313475016869,False,7624.0
OLS + exposure (no network),51,direct,2.0,2.6099852957883716,0.10118707539938016,False,
OLS + exposure (no network),51,peer,3.0,5.035144335033761,0.14883871354549696,False,
GraphDML (default),52,direct,2.0,2.2165243504599546,0.1856640786606402,True,1618.0
GraphDML (default),52,peer,3.0,2.890235039068601,0.19797983268641575,True,1618.0
GraphDML (random-order focal set),52,direct,2.0,2.215268651987773,0.19612623215917438,True,1308.0
GraphDML (random-order focal set),52,peer,3.0,3.1005778305190965,0.22505765348808893,True,1308.0
GraphDML (paper mode),52,direct,2.0,2.2484601584097956,0.22502867310295488,True,1308.0
GraphDML (paper mode),52,peer,3.0,2.340423668146371,0.2441985642708864,False,1308.0
"DML + 1-hop aggregates, all nodes (PA)",52,direct,2.0,1.928694381284952,0.08329743200139543,True,7624.0
"DML + 1-hop aggregates, all nodes (PA)",52,peer,3.0,3.0058326966330116,0.12396418719243105,True,7624.0
"DML, own covariates (i.i.d.)",52,direct,2.0,3.0639708625168076,0.102308860064798,False,7624.0
OLS + exposure (no network),52,direct,2.0,2.691021354509797,0.09965588485244721,False,
OLS + exposure (no network),52,peer,3.0,5.0192380939453285,0.1476541913324516,False,
GraphDML (default),53,direct,2.0,2.3507828992384776,0.16794736274234276,False,1616.0
GraphDML (default),53,peer,3.0,3.1735249047968517,0.18617216520643662,True,1616.0
GraphDML (random-order focal set),53,direct,2.0,2.3499635558633223,0.19410407510189984,True,1311.0
GraphDML (random-order focal set),53,peer,3.0,3.07139022645282,0.2271603301885131,True,1311.0
GraphDML (paper mode),53,direct,2.0,2.496505594816666,0.21800427569162004,False,1311.0
GraphDML (paper mode),53,peer,3.0,2.988285704677389,0.22928292003115686,True,1311.0
"DML + 1-hop aggregates, all nodes (PA)",53,direct,2.0,2.181720345214813,0.08126914288817293,False,7624.0
"DML + 1-hop aggregates, all nodes (PA)",53,peer,3.0,3.0424198563786984,0.11900816472793771,True,7624.0
"DML, own covariates (i.i.d.)",53,direct,2.0,3.3028437100149564,0.10237613157712877,False,7624.0
OLS + exposure (no network),53,direct,2.0,2.919524280723409,0.09949399883306168,False,
OLS + exposure (no network),53,peer,3.0,5.2256077192677175,0.14571734007043463,False,
GraphDML (default),54,direct,2.0,2.110431161344663,0.18591368941164654,True,1616.0
GraphDML (default),54,peer,3.0,2.723225222680518,0.20087157716826815,True,1616.0
GraphDML (random-order focal set),54,direct,2.0,2.340341531040939,0.20169999502956107,True,1294.0
GraphDML (random-order focal set),54,peer,3.0,2.730886925960426,0.24089674230438654,True,1294.0
GraphDML (paper mode),54,direct,2.0,2.3632120292692718,0.2293605311624931,True,1294.0
GraphDML (paper mode),54,peer,3.0,2.487827346914464,0.2607419148395177,False,1294.0
"DML + 1-hop aggregates, all nodes (PA)",54,direct,2.0,2.054491502781338,0.08421861217011317,True,7624.0
"DML + 1-hop aggregates, all nodes (PA)",54,peer,3.0,3.1080254854579215,0.13217907960622735,True,7624.0
"DML, own covariates (i.i.d.)",54,direct,2.0,3.173616837786563,0.10503933078457847,False,7624.0
OLS + exposure (no network),54,direct,2.0,2.817711484446043,0.10133775609392554,False,
OLS + exposure (no network),54,peer,3.0,5.2257344392382175,0.14900605989840518,False,
GraphDML (default),55,direct,2.0,1.9892355998386113,0.18046416011021557,True,1615.0
GraphDML (default),55,peer,3.0,2.8052335595224704,0.19754713761138976,True,1615.0
GraphDML (random-order focal set),55,direct,2.0,2.0804881027308593,0.20625130062799277,True,1289.0
GraphDML (random-order focal set),55,peer,3.0,2.9628908329807118,0.23500475168597185,True,1289.0
GraphDML (paper mode),55,direct,2.0,2.2475326740106407,0.20892175435305,True,1289.0
GraphDML (paper mode),55,peer,3.0,2.602322168859578,0.2483822757718615,True,1289.0
"DML + 1-hop aggregates, all nodes (PA)",55,direct,2.0,2.1511611572219342,0.0803668934831634,True,7624.0
"DML + 1-hop aggregates, all nodes (PA)",55,peer,3.0,2.8271727168048995,0.12711248823639082,True,7624.0
"DML, own covariates (i.i.d.)",55,direct,2.0,3.2658088180758136,0.10227821585349067,False,7624.0
OLS + exposure (no network),55,direct,2.0,2.9031918937634655,0.09914277037878146,False,
OLS + exposure (no network),55,peer,3.0,4.935059407610488,0.1428935258143842,False,
GraphDML (default),56,direct,2.0,2.293355205503297,0.1794455347422315,True,1615.0
GraphDML (default),56,peer,3.0,2.9812917483741046,0.19162125931716148,True,1615.0
GraphDML (random-order focal set),56,direct,2.0,2.0384593953134824,0.19887353060499968,True,1273.0
GraphDML (random-order focal set),56,peer,3.0,2.6997800480431167,0.24373488848213182,True,1273.0
GraphDML (paper mode),56,direct,2.0,2.2975964617359512,0.22577091218008286,True,1273.0
GraphDML (paper mode),56,peer,3.0,2.5141100796079123,0.2514456861432303,True,1273.0
"DML + 1-hop aggregates, all nodes (PA)",56,direct,2.0,2.159688490859874,0.08369394162502453,True,7624.0
"DML + 1-hop aggregates, all nodes (PA)",56,peer,3.0,3.1077545756439684,0.13870810490481872,True,7624.0
"DML, own covariates (i.i.d.)",56,direct,2.0,3.2322803284230694,0.10581445482131886,False,7624.0
OLS + exposure (no network),56,direct,2.0,2.8496851663199387,0.10075395264303588,False,
OLS + exposure (no network),56,peer,3.0,5.479745195121873,0.14444446780121856,False,
GraphDML (default),57,direct,2.0,2.1376161727856733,0.17625046718417597,True,1617.0
GraphDML (default),57,peer,3.0,3.3063759111393076,0.19375753320495215,True,1617.0
GraphDML (random-order focal set),57,direct,2.0,2.1604391463791015,0.17870197954119443,True,1280.0
GraphDML (random-order focal set),57,peer,3.0,3.023190704436501,0.22707592703025842,True,1280.0
GraphDML (paper mode),57,direct,2.0,2.278584704452104,0.20956105709280431,True,1280.0
GraphDML (paper mode),57,peer,3.0,3.103180620633619,0.24982720796868893,True,1280.0
"DML + 1-hop aggregates, all nodes (PA)",57,direct,2.0,2.009121082568458,0.0815900376413307,True,7624.0
"DML + 1-hop aggregates, all nodes (PA)",57,peer,3.0,3.1162777655072755,0.12429535047101169,True,7624.0
"DML, own covariates (i.i.d.)",57,direct,2.0,3.2205683601336426,0.10227373237813128,False,7624.0
OLS + exposure (no network),57,direct,2.0,2.852705121809951,0.09774103016381541,False,
OLS + exposure (no network),57,peer,3.0,5.292771225168742,0.14584720525099748,False,
GraphDML (default),58,direct,2.0,1.9711450751597217,0.18988855280043732,True,1612.0
GraphDML (default),58,peer,3.0,2.9714762314439787,0.18846327012962225,True,1612.0
GraphDML (random-order focal set),58,direct,2.0,2.129935752701574,0.208658996925056,True,1274.0
GraphDML (random-order focal set),58,peer,3.0,2.705515536675677,0.23178568611167277,True,1274.0
GraphDML (paper mode),58,direct,2.0,2.2538097374521513,0.2201310186032501,True,1274.0
GraphDML (paper mode),58,peer,3.0,2.7735115719909196,0.25902630970647306,True,1274.0
"DML + 1-hop aggregates, all nodes (PA)",58,direct,2.0,1.9086306967730486,0.08235517742601868,True,7624.0
"DML + 1-hop aggregates, all nodes (PA)",58,peer,3.0,2.992398653177708,0.1276389455928987,True,7624.0
"DML, own covariates (i.i.d.)",58,direct,2.0,2.9745622909639744,0.10172685944522333,False,7624.0
OLS + exposure (no network),58,direct,2.0,2.633536034731746,0.09958059619429449,False,
OLS + exposure (no network),58,peer,3.0,4.954292311774824,0.14651443404273137,False,
GraphDML (default),59,direct,2.0,2.058896977067893,0.17567716395916824,True,1611.0
GraphDML (default),59,peer,3.0,3.230079353841298,0.1709297935225775,True,1611.0
GraphDML (random-order focal set),59,direct,2.0,2.1177214172619867,0.20207624912173103,True,1290.0
GraphDML (random-order focal set),59,peer,3.0,3.25569900646934,0.22003341832180745,True,1290.0
GraphDML (paper mode),59,direct,2.0,2.206027152481762,0.2198744437937642,True,1290.0
GraphDML (paper mode),59,peer,3.0,2.9100545210268898,0.23731116154262832,True,1290.0
"DML + 1-hop aggregates, all nodes (PA)",59,direct,2.0,1.9306825104746155,0.08168608297646239,True,7624.0
"DML + 1-hop aggregates, all nodes (PA)",59,peer,3.0,3.0303264436390918,0.11894480932600852,True,7624.0
"DML, own covariates (i.i.d.)",59,direct,2.0,2.999676274103602,0.10186423620963497,False,7624.0
OLS + exposure (no network),59,direct,2.0,2.629762303486983,0.10057755328725324,False,
OLS + exposure (no network),59,peer,3.0,4.990934322645616,0.1456534497145433,False,
GraphDML (default),60,direct,2.0,2.257187398785471,0.18411045707182946,True,1615.0
GraphDML (default),60,peer,3.0,2.954791878041226,0.19411388679414246,True,1615.0
GraphDML (random-order focal set),60,direct,2.0,1.94405705272865,0.19907600017263918,True,1311.0
GraphDML (random-order focal set),60,peer,3.0,2.9063728602836214,0.2322402147396389,True,1311.0
GraphDML (paper mode),60,direct,2.0,2.0847254878265535,0.20778379953318263,True,1311.0
GraphDML (paper mode),60,peer,3.0,2.539157281748231,0.23832686588647745,True,1311.0
"DML + 1-hop aggregates, all nodes (PA)",60,direct,2.0,2.054704477396687,0.0827231173164203,True,7624.0
"DML + 1-hop aggregates, all nodes (PA)",60,peer,3.0,2.9952605734421436,0.12478466021818257,True,7624.0
"DML, own covariates (i.i.d.)",60,direct,2.0,3.141521394824682,0.10240626335257463,False,7624.0
OLS + exposure (no network),60,direct,2.0,2.7588922407054217,0.10217835603465973,False,
OLS + exposure (no network),60,peer,3.0,4.974241577720842,0.14737281718294945,False,
GraphDML (default),61,direct,2.0,1.9582664699585772,0.18396924968221673,True,1616.0
GraphDML (default),61,peer,3.0,2.5929734267811946,0.18435343046626976,False,1616.0
GraphDML (random-order focal set),61,direct,2.0,1.9488831908602553,0.2144850188272169,True,1299.0
GraphDML (random-order focal set),61,peer,3.0,2.9930637363911567,0.22022099699526865,True,1299.0
GraphDML (paper mode),61,direct,2.0,1.9709114146561337,0.23170770712520805,True,1299.0
GraphDML (paper mode),61,peer,3.0,2.8369381990060174,0.2538580845108955,True,1299.0
"DML + 1-hop aggregates, all nodes (PA)",61,direct,2.0,2.068838687482386,0.08190642414106591,True,7624.0
"DML + 1-hop aggregates, all nodes (PA)",61,peer,3.0,2.7739564255292755,0.12847305530319325,True,7624.0
"DML, own covariates (i.i.d.)",61,direct,2.0,3.277059812748226,0.10409578429913523,False,7624.0
OLS + exposure (no network),61,direct,2.0,2.7558802282423525,0.09978664144082719,False,
OLS + exposure (no network),61,peer,3.0,5.3357166243585405,0.14548573485316083,False,
GraphDML (default),62,direct,2.0,1.9142760951271043,0.1920234763304112,True,1613.0
GraphDML (default),62,peer,3.0,3.0554270188214443,0.19298579316058173,True,1613.0
GraphDML (random-order focal set),62,direct,2.0,1.838129826163442,0.21953559023286268,True,1313.0
GraphDML (random-order focal set),62,peer,3.0,2.8604263683728997,0.2280357691364723,True,1313.0
GraphDML (paper mode),62,direct,2.0,1.762833598565767,0.2292410015091565,True,1313.0
GraphDML (paper mode),62,peer,3.0,2.639969376751289,0.2533436327420389,True,1313.0
"DML + 1-hop aggregates, all nodes (PA)",62,direct,2.0,1.9790760902885125,0.08544336822490492,True,7624.0
"DML + 1-hop aggregates, all nodes (PA)",62,peer,3.0,2.941208929646887,0.12879185202175744,True,7624.0
"DML, own covariates (i.i.d.)",62,direct,2.0,3.013706513183387,0.10482512326179222,False,7624.0
OLS + exposure (no network),62,direct,2.0,2.7583550780432917,0.1037641648004302,False,
OLS + exposure (no network),62,peer,3.0,5.137097480009168,0.14940767824609794,False,
GraphDML (default),63,direct,2.0,1.9931584748397062,0.18167667208321694,True,1616.0
GraphDML (default),63,peer,3.0,2.9109485763664242,0.1752937876301974,True,1616.0
GraphDML (random-order focal set),63,direct,2.0,1.5668386293364758,0.19705565468436032,False,1271.0
GraphDML (random-order focal set),63,peer,3.0,2.8282350404767964,0.21045490548648632,True,1271.0
GraphDML (paper mode),63,direct,2.0,1.8797267937298852,0.22334353223800196,True,1271.0
GraphDML (paper mode),63,peer,3.0,2.7851163748361336,0.24702989297877687,True,1271.0
"DML + 1-hop aggregates, all nodes (PA)",63,direct,2.0,1.8921287799331392,0.0835237293477024,True,7624.0
"DML + 1-hop aggregates, all nodes (PA)",63,peer,3.0,2.971367924828768,0.12695262691050205,True,7624.0
"DML, own covariates (i.i.d.)",63,direct,2.0,3.01029930997109,0.10313957144368713,False,7624.0
OLS + exposure (no network),63,direct,2.0,2.612020451094582,0.10155711972680297,False,
OLS + exposure (no network),63,peer,3.0,5.1469748770920365,0.14565855320703563,False,
GraphDML (default),64,direct,2.0,2.3363737371318916,0.17668298915596106,True,1617.0
GraphDML (default),64,peer,3.0,3.0257264170147975,0.19815947116969068,True,1617.0
GraphDML (random-order focal set),64,direct,2.0,2.2865984142100984,0.19841563808076368,True,1304.0
GraphDML (random-order focal set),64,peer,3.0,2.9965067306283832,0.23606604172650544,True,1304.0
GraphDML (paper mode),64,direct,2.0,2.241005938774635,0.21265201838403555,True,1304.0
GraphDML (paper mode),64,peer,3.0,2.9078655074104467,0.2513179026416104,True,1304.0
"DML + 1-hop aggregates, all nodes (PA)",64,direct,2.0,2.2186647496525884,0.08269543564685007,False,7624.0
"DML + 1-hop aggregates, all nodes (PA)",64,peer,3.0,3.178503572098126,0.1300011900712347,True,7624.0
"DML, own covariates (i.i.d.)",64,direct,2.0,3.239911261891462,0.10336036642534045,False,7624.0
OLS + exposure (no network),64,direct,2.0,2.9614581717712753,0.09944029501921088,False,
OLS + exposure (no network),64,peer,3.0,5.23907708390813,0.14443952128018117,False,
GraphDML (default),65,direct,2.0,1.6230370432293526,0.19512716290266222,True,1616.0
GraphDML (default),65,peer,3.0,2.9941758202793203,0.19016058931815066,True,1616.0
GraphDML (random-order focal set),65,direct,2.0,1.711251226128787,0.2243235093670309,True,1305.0
GraphDML (random-order focal set),65,peer,3.0,3.027083298808007,0.2375129797155031,True,1305.0
GraphDML (paper mode),65,direct,2.0,1.885235068125395,0.22127694980711385,True,1305.0
GraphDML (paper mode),65,peer,3.0,2.9635584343085566,0.26011465109671805,True,1305.0
"DML + 1-hop aggregates, all nodes (PA)",65,direct,2.0,1.9088937325259125,0.08451999379753461,True,7624.0
"DML + 1-hop aggregates, all nodes (PA)",65,peer,3.0,3.1272803472950916,0.1223360924439935,True,7624.0
"DML, own covariates (i.i.d.)",65,direct,2.0,2.990387014886981,0.10357729632333182,False,7624.0
OLS + exposure (no network),65,direct,2.0,2.582093222528663,0.10110057875111779,False,
OLS + exposure (no network),65,peer,3.0,5.3721052044633035,0.1476235219933243,False,
GraphDML (default),66,direct,2.0,2.028763123445941,0.18908284243058351,True,1613.0
GraphDML (default),66,peer,3.0,3.096440137202126,0.19871179642281245,True,1613.0
GraphDML (random-order focal set),66,direct,2.0,2.2740865555778926,0.2043888122241463,True,1324.0
GraphDML (random-order focal set),66,peer,3.0,3.032820811684374,0.23036874030985172,True,1324.0
GraphDML (paper mode),66,direct,2.0,2.5101113535426713,0.2206575550305578,False,1324.0
GraphDML (paper mode),66,peer,3.0,3.0638394408065603,0.26006639301741513,True,1324.0
"DML + 1-hop aggregates, all nodes (PA)",66,direct,2.0,2.11985498063475,0.08402531264626992,True,7624.0
"DML + 1-hop aggregates, all nodes (PA)",66,peer,3.0,3.1120759679740604,0.13037782672051196,True,7624.0
"DML, own covariates (i.i.d.)",66,direct,2.0,3.2161551849420125,0.10518802495576267,False,7624.0
OLS + exposure (no network),66,direct,2.0,2.811106054859082,0.10158095521011841,False,
OLS + exposure (no network),66,peer,3.0,5.285353540934206,0.14800288692697167,False,
GraphDML (default),67,direct,2.0,2.2682748615626656,0.17835819481808893,True,1614.0
GraphDML (default),67,peer,3.0,2.8547648853752623,0.19971295760422939,True,1614.0
GraphDML (random-order focal set),67,direct,2.0,2.212942829671334,0.19263938911721787,True,1319.0
GraphDML (random-order focal set),67,peer,3.0,2.9074032067814066,0.24530348481847125,True,1319.0
GraphDML (paper mode),67,direct,2.0,2.040391074095234,0.22483625526606546,True,1319.0
GraphDML (paper mode),67,peer,3.0,2.9924792627496886,0.24847974752105934,True,1319.0
"DML + 1-hop aggregates, all nodes (PA)",67,direct,2.0,1.972121325834277,0.08204457611969872,True,7624.0
"DML + 1-hop aggregates, all nodes (PA)",67,peer,3.0,2.936034301030198,0.12433524944126757,True,7624.0
"DML, own covariates (i.i.d.)",67,direct,2.0,3.078400547145933,0.10202411468915087,False,7624.0
OLS + exposure (no network),67,direct,2.0,2.689442198874352,0.09911507258573045,False,
OLS + exposure (no network),67,peer,3.0,5.274320233333273,0.14341298663256083,False,
GraphDML (default),68,direct,2.0,2.406466784910092,0.18228310561019578,False,1613.0
GraphDML (default),68,peer,3.0,3.110552617807379,0.19632703067668936,True,1613.0
GraphDML (random-order focal set),68,direct,2.0,2.413173817335605,0.2053344826169303,False,1300.0
GraphDML (random-order focal set),68,peer,3.0,3.301150997287973,0.2256314812949796,True,1300.0
GraphDML (paper mode),68,direct,2.0,2.2554470810634637,0.21889833924008104,True,1300.0
GraphDML (paper mode),68,peer,3.0,3.079397705777897,0.24716778196323652,True,1300.0
"DML + 1-hop aggregates, all nodes (PA)",68,direct,2.0,1.9499233510120004,0.0834677256572451,True,7624.0
"DML + 1-hop aggregates, all nodes (PA)",68,peer,3.0,3.058307702296447,0.13109520913012002,True,7624.0
"DML, own covariates (i.i.d.)",68,direct,2.0,3.040756515879413,0.10448065118579364,False,7624.0
OLS + exposure (no network),68,direct,2.0,2.7261731531899183,0.10245367441070413,False,
OLS + exposure (no network),68,peer,3.0,5.158743188535003,0.1468726564733248,False,
GraphDML (default),69,direct,2.0,2.0127011072703396,0.18054550940281192,True,1613.0
GraphDML (default),69,peer,3.0,3.214065070374946,0.2028310980739662,True,1613.0
GraphDML (random-order focal set),69,direct,2.0,1.8957489517541035,0.20769466751928514,True,1261.0
GraphDML (random-order focal set),69,peer,3.0,3.0865705865834916,0.23956859501968603,True,1261.0
GraphDML (paper mode),69,direct,2.0,2.1234166320648558,0.2182610536176352,True,1261.0
GraphDML (paper mode),69,peer,3.0,2.900648068582997,0.24960754538808794,True,1261.0
"DML + 1-hop aggregates, all nodes (PA)",69,direct,2.0,1.92428052489046,0.08396616737559565,True,7624.0
"DML + 1-hop aggregates, all nodes (PA)",69,peer,3.0,3.025660942476737,0.12446253358483154,True,7624.0
"DML, own covariates (i.i.d.)",69,direct,2.0,2.929386994581573,0.10427213927868785,False,7624.0
OLS + exposure (no network),69,direct,2.0,2.6054437679095463,0.10027096561035029,False,
OLS + exposure (no network),69,peer,3.0,5.168198338952756,0.14908714045030222,False,
GraphDML (default),70,direct,2.0,2.2119451145514173,0.18548306836184547,True,1612.0
GraphDML (default),70,peer,3.0,3.318734443181802,0.185128661968198,True,1612.0
GraphDML (random-order focal set),70,direct,2.0,1.7888612084605298,0.20199147001455162,True,1299.0
GraphDML (random-order focal set),70,peer,3.0,3.3538668452804252,0.22058158245131282,True,1299.0
GraphDML (paper mode),70,direct,2.0,1.8373254774116143,0.21950276200023905,True,1299.0
GraphDML (paper mode),70,peer,3.0,3.0772689207759036,0.24445907019038565,True,1299.0
"DML + 1-hop aggregates, all nodes (PA)",70,direct,2.0,2.04111285443266,0.08283147234808681,True,7624.0
"DML + 1-hop aggregates, all nodes (PA)",70,peer,3.0,3.097409701858004,0.12211012298921066,True,7624.0
"DML, own covariates (i.i.d.)",70,direct,2.0,3.1614783106571283,0.10368393579453046,False,7624.0
OLS + exposure (no network),70,direct,2.0,2.7082640773819695,0.10068505225279126,False,
OLS + exposure (no network),70,peer,3.0,5.214299054327458,0.14646242885278155,False,
GraphDML (default),71,direct,2.0,2.064152979840599,0.18292762947099092,True,1616.0
GraphDML (default),71,peer,3.0,3.264758479021376,0.1911033923959781,True,1616.0
GraphDML (random-order focal set),71,direct,2.0,2.152316690868892,0.20188924493629518,True,1292.0
GraphDML (random-order focal set),71,peer,3.0,3.1953396949409343,0.2337412672319348,True,1292.0
GraphDML (paper mode),71,direct,2.0,2.287042381190903,0.21439983919031347,True,1292.0
GraphDML (paper mode),71,peer,3.0,3.108542160512244,0.2534770628564384,True,1292.0
"DML + 1-hop aggregates, all nodes (PA)",71,direct,2.0,2.050122427706518,0.08117913998102316,True,7624.0
"DML + 1-hop aggregates, all nodes (PA)",71,peer,3.0,2.985330206614789,0.131163162096557,True,7624.0
"DML, own covariates (i.i.d.)",71,direct,2.0,3.0794279037157417,0.10315121544837928,False,7624.0
OLS + exposure (no network),71,direct,2.0,2.709144124406657,0.09913741703001945,False,
OLS + exposure (no network),71,peer,3.0,5.153301186594462,0.14615370294444607,False,
GraphDML (default),72,direct,2.0,1.7258529240844918,0.1840387952622543,True,1620.0
GraphDML (default),72,peer,3.0,3.057943856851115,0.20651467003874419,True,1620.0
GraphDML (random-order focal set),72,direct,2.0,2.0370585550996267,0.1983951840196533,True,1308.0
GraphDML (random-order focal set),72,peer,3.0,2.850714149593658,0.2443068108521268,True,1308.0
GraphDML (paper mode),72,direct,2.0,2.1143019363279727,0.22237124275165981,True,1308.0
GraphDML (paper mode),72,peer,3.0,2.747675429105296,0.25637651425377656,True,1308.0
"DML + 1-hop aggregates, all nodes (PA)",72,direct,2.0,1.963661200226438,0.08251582757389289,True,7624.0
"DML + 1-hop aggregates, all nodes (PA)",72,peer,3.0,3.0658095147648945,0.12773784242806452,True,7624.0
"DML, own covariates (i.i.d.)",72,direct,2.0,3.041959340442404,0.10167389214224797,False,7624.0
OLS + exposure (no network),72,direct,2.0,2.739992863240559,0.09892725009022897,False,
OLS + exposure (no network),72,peer,3.0,5.045540288697614,0.1475270571239485,False,
GraphDML (default),73,direct,2.0,2.0484015333623082,0.1933985021075623,True,1614.0
GraphDML (default),73,peer,3.0,3.0499370415808125,0.204629286981344,True,1614.0
GraphDML (random-order focal set),73,direct,2.0,1.9451378865674576,0.2073399054224209,True,1301.0
GraphDML (random-order focal set),73,peer,3.0,2.682074790869612,0.23337568832182326,True,1301.0
GraphDML (paper mode),73,direct,2.0,2.0987404610719165,0.2152214777824127,True,1301.0
GraphDML (paper mode),73,peer,3.0,2.6336499322639946,0.2330353681959695,True,1301.0
"DML + 1-hop aggregates, all nodes (PA)",73,direct,2.0,2.100105430144501,0.0830690623655015,True,7624.0
"DML + 1-hop aggregates, all nodes (PA)",73,peer,3.0,2.9887304005379636,0.12798006420032332,True,7624.0
"DML, own covariates (i.i.d.)",73,direct,2.0,3.190255050150988,0.10181229329185014,False,7624.0
OLS + exposure (no network),73,direct,2.0,2.729931205334693,0.10061768549704622,False,
OLS + exposure (no network),73,peer,3.0,5.129561965598178,0.1466564843585093,False,
GraphDML (default),74,direct,2.0,2.2193683176443937,0.185801575260111,True,1613.0
GraphDML (default),74,peer,3.0,3.217343671438984,0.18625120452683094,True,1613.0
GraphDML (random-order focal set),74,direct,2.0,1.8921304545797604,0.20712896755264934,True,1277.0
GraphDML (random-order focal set),74,peer,3.0,2.78839278333457,0.2259724860927556,True,1277.0
GraphDML (paper mode),74,direct,2.0,2.0074311723767813,0.22659706255632972,True,1277.0
GraphDML (paper mode),74,peer,3.0,2.53148164280792,0.2450379862937848,True,1277.0
"DML + 1-hop aggregates, all nodes (PA)",74,direct,2.0,2.0175690629499714,0.0840610976214451,True,7624.0
"DML + 1-hop aggregates, all nodes (PA)",74,peer,3.0,3.097363222321,0.1228349722696583,True,7624.0
"DML, own covariates (i.i.d.)",74,direct,2.0,3.096908450389342,0.1045729005823515,False,7624.0
OLS + exposure (no network),74,direct,2.0,2.6726098764462254,0.10097178760854521,False,
OLS + exposure (no network),74,peer,3.0,5.156148494656507,0.14680383781272466,False,
GraphDML (default),75,direct,2.0,1.9197873729788872,0.18275702418472273,True,1618.0
GraphDML (default),75,peer,3.0,3.155634135679183,0.1883448818412931,True,1618.0
GraphDML (random-order focal set),75,direct,2.0,1.9820430475649287,0.20240885385059693,True,1331.0
GraphDML (random-order focal set),75,peer,3.0,2.8147343332480617,0.24065004691365782,True,1331.0
GraphDML (paper mode),75,direct,2.0,2.1903802519445326,0.21464163274953635,True,1331.0
GraphDML (paper mode),75,peer,3.0,2.7999776896545634,0.23788530429409757,True,1331.0
"DML + 1-hop aggregates, all nodes (PA)",75,direct,2.0,2.0025500130431815,0.08302491027692209,True,7624.0
"DML + 1-hop aggregates, all nodes (PA)",75,peer,3.0,2.9819238365089733,0.12864325130109233,True,7624.0
"DML, own covariates (i.i.d.)",75,direct,2.0,3.183687148906891,0.104309027407056,False,7624.0
OLS + exposure (no network),75,direct,2.0,2.7560971196180732,0.10169782801149004,False,
OLS + exposure (no network),75,peer,3.0,5.2076676306662595,0.1470929557191515,False,
GraphDML (default),76,direct,2.0,1.982027035824003,0.20081632724250262,True,1609.0
GraphDML (default),76,peer,3.0,2.9363425083730497,0.1998099250487345,True,1609.0
GraphDML (random-order focal set),76,direct,2.0,1.7180886979011778,0.22206818441719675,True,1310.0
GraphDML (random-order focal set),76,peer,3.0,2.9213528740030577,0.2504883701402918,True,1310.0
GraphDML (paper mode),76,direct,2.0,1.7176098533703403,0.22596944874627403,True,1310.0
GraphDML (paper mode),76,peer,3.0,3.0254342249671224,0.25090785875944327,True,1310.0
"DML + 1-hop aggregates, all nodes (PA)",76,direct,2.0,2.0361432061683646,0.08395168221921055,True,7624.0
"DML + 1-hop aggregates, all nodes (PA)",76,peer,3.0,2.8860108691134405,0.12645204115732342,True,7624.0
"DML, own covariates (i.i.d.)",76,direct,2.0,3.105876190467793,0.10275377214728272,False,7624.0
OLS + exposure (no network),76,direct,2.0,2.7406030795973115,0.10074736644779468,False,
OLS + exposure (no network),76,peer,3.0,5.073763622138201,0.14863543408055338,False,
GraphDML (default),77,direct,2.0,1.7627618078598193,0.18759091601839198,True,1615.0
GraphDML (default),77,peer,3.0,3.1914190266460425,0.18441173317461707,True,1615.0
GraphDML (random-order focal set),77,direct,2.0,1.9323233792816048,0.22340984915774845,True,1262.0
GraphDML (random-order focal set),77,peer,3.0,3.0556721483472713,0.21471069901853568,True,1262.0
GraphDML (paper mode),77,direct,2.0,1.9351900231437476,0.22434958848857378,True,1262.0
GraphDML (paper mode),77,peer,3.0,2.7701871477568196,0.2343340648644761,True,1262.0
"DML + 1-hop aggregates, all nodes (PA)",77,direct,2.0,2.055237723814663,0.08345492431676987,True,7624.0
"DML + 1-hop aggregates, all nodes (PA)",77,peer,3.0,3.197025749056519,0.13522738708542942,True,7624.0
"DML, own covariates (i.i.d.)",77,direct,2.0,3.1418764490830977,0.10289082465335345,False,7624.0
OLS + exposure (no network),77,direct,2.0,2.782625676799193,0.10162403297914173,False,
OLS + exposure (no network),77,peer,3.0,5.096374750960595,0.1459746023532823,False,
GraphDML (default),78,direct,2.0,1.8560591136393132,0.18199147750833444,True,1613.0
GraphDML (default),78,peer,3.0,3.2509375901309356,0.19083150457573403,True,1613.0
GraphDML (random-order focal set),78,direct,2.0,1.7401812566259067,0.21870208255331494,True,1299.0
GraphDML (random-order focal set),78,peer,3.0,3.1444945840035867,0.24012256258396925,True,1299.0
GraphDML (paper mode),78,direct,2.0,1.827642501297224,0.22835756145330552,True,1299.0
GraphDML (paper mode),78,peer,3.0,3.257798461235332,0.26089402537900824,True,1299.0
"DML + 1-hop aggregates, all nodes (PA)",78,direct,2.0,1.9456329316488468,0.08350104204452098,True,7624.0
"DML + 1-hop aggregates, all nodes (PA)",78,peer,3.0,3.005267731377369,0.1238957515663188,True,7624.0
"DML, own covariates (i.i.d.)",78,direct,2.0,2.982431528405515,0.10340979382272311,False,7624.0
OLS + exposure (no network),78,direct,2.0,2.607229746584036,0.10076972042512064,False,
OLS + exposure (no network),78,peer,3.0,5.078452132881451,0.14410323499088254,False,
GraphDML (default),79,direct,2.0,1.9094003638994137,0.18839665773946201,True,1615.0
GraphDML (default),79,peer,3.0,3.2980192106737816,0.18952660557255255,True,1615.0
GraphDML (random-order focal set),79,direct,2.0,2.0796633684638355,0.21377798611712898,True,1295.0
GraphDML (random-order focal set),79,peer,3.0,3.2337641545382136,0.22296905095503902,True,1295.0
GraphDML (paper mode),79,direct,2.0,2.251951088659641,0.2344768988110744,True,1295.0
GraphDML (paper mode),79,peer,3.0,3.039521555913424,0.2466981970202079,True,1295.0
"DML + 1-hop aggregates, all nodes (PA)",79,direct,2.0,2.0347989439489136,0.08587187376322866,True,7624.0
"DML + 1-hop aggregates, all nodes (PA)",79,peer,3.0,3.1534816275046356,0.12568744212190447,True,7624.0
"DML, own covariates (i.i.d.)",79,direct,2.0,3.075844213960809,0.10439400701364099,False,7624.0
OLS + exposure (no network),79,direct,2.0,2.64136238017962,0.10184736726513341,False,
OLS + exposure (no network),79,peer,3.0,5.275450834042591,0.1446312142312056,False,
GraphDML (default),80,direct,2.0,2.4093178726801123,0.18700893258715764,False,1615.0
GraphDML (default),80,peer,3.0,2.8710511673156858,0.1951599459902002,True,1615.0
GraphDML (random-order focal set),80,direct,2.0,2.0243082844079536,0.20868245220604717,True,1289.0
GraphDML (random-order focal set),80,peer,3.0,2.8795597657270933,0.2225041541186366,True,1289.0
GraphDML (paper mode),80,direct,2.0,2.1238182357903734,0.22735517830429922,True,1289.0
GraphDML (paper mode),80,peer,3.0,2.9468795630181766,0.25278833313990945,True,1289.0
"DML + 1-hop aggregates, all nodes (PA)",80,direct,2.0,2.1404091398654033,0.08423441427338342,True,7624.0
"DML + 1-hop aggregates, all nodes (PA)",80,peer,3.0,2.9499243803158226,0.12596597672591908,True,7624.0
"DML, own covariates (i.i.d.)",80,direct,2.0,3.2355537402760675,0.10447191131382173,False,7624.0
OLS + exposure (no network),80,direct,2.0,2.845492946887419,0.1028587502936812,False,
OLS + exposure (no network),80,peer,3.0,4.98543432262564,0.14810455940014328,False,
GraphDML (default),81,direct,2.0,2.036549050066426,0.18918994197832886,True,1610.0
GraphDML (default),81,peer,3.0,3.216040019435238,0.20216115335914628,True,1610.0
GraphDML (random-order focal set),81,direct,2.0,2.1605226882092117,0.22870060530640768,True,1293.0
GraphDML (random-order focal set),81,peer,3.0,3.0188177497093287,0.24605631573407719,True,1293.0
GraphDML (paper mode),81,direct,2.0,2.4504337318953078,0.22295448071041,False,1293.0
GraphDML (paper mode),81,peer,3.0,2.703262987477574,0.26793479653222163,True,1293.0
"DML + 1-hop aggregates, all nodes (PA)",81,direct,2.0,2.170032524973815,0.08393047782605109,False,7624.0
"DML + 1-hop aggregates, all nodes (PA)",81,peer,3.0,3.1690357064838657,0.1440122249015784,True,7624.0
"DML, own covariates (i.i.d.)",81,direct,2.0,3.3367063382506625,0.10372999726457402,False,7624.0
OLS + exposure (no network),81,direct,2.0,2.881539334510641,0.10064863587505761,False,
OLS + exposure (no network),81,peer,3.0,5.19790557332198,0.14383637789650144,False,
GraphDML (default),82,direct,2.0,2.3769617807458943,0.19154564899036938,False,1611.0
GraphDML (default),82,peer,3.0,2.8309853840262207,0.19383291701269958,True,1611.0
GraphDML (random-order focal set),82,direct,2.0,2.635757948630277,0.21294915074061002,False,1278.0
GraphDML (random-order focal set),82,peer,3.0,2.597164723720431,0.2312513846019118,True,1278.0
GraphDML (paper mode),82,direct,2.0,2.7520734951976267,0.2206212858764204,False,1278.0
GraphDML (paper mode),82,peer,3.0,2.484940732585556,0.24594555724957703,False,1278.0
"DML + 1-hop aggregates, all nodes (PA)",82,direct,2.0,2.140555116342873,0.08362811093200131,True,7624.0
"DML + 1-hop aggregates, all nodes (PA)",82,peer,3.0,2.98253548582183,0.12828636018294284,True,7624.0
"DML, own covariates (i.i.d.)",82,direct,2.0,3.352290768107723,0.10588755760551803,False,7624.0
OLS + exposure (no network),82,direct,2.0,2.8761245604546386,0.10061638554978837,False,
OLS + exposure (no network),82,peer,3.0,5.323910574122933,0.14540256400901114,False,
GraphDML (default),83,direct,2.0,2.124306897794337,0.183364340563577,True,1614.0
GraphDML (default),83,peer,3.0,3.1718873939200414,0.1880985837949406,True,1614.0
GraphDML (random-order focal set),83,direct,2.0,2.2481570066720544,0.19473577423962354,True,1276.0
GraphDML (random-order focal set),83,peer,3.0,3.1377216208025325,0.2339669582616627,True,1276.0
GraphDML (paper mode),83,direct,2.0,2.2243549661897117,0.21782445228181704,True,1276.0
GraphDML (paper mode),83,peer,3.0,2.808254652186083,0.24315535871786997,True,1276.0
"DML + 1-hop aggregates, all nodes (PA)",83,direct,2.0,2.211191891258591,0.08418313009071529,False,7624.0
"DML + 1-hop aggregates, all nodes (PA)",83,peer,3.0,3.0219785323495594,0.12500429853762632,True,7624.0
"DML, own covariates (i.i.d.)",83,direct,2.0,3.25288591341792,0.10437678042986769,False,7624.0
OLS + exposure (no network),83,direct,2.0,2.878356874361278,0.10139645394483172,False,
OLS + exposure (no network),83,peer,3.0,4.973539381804869,0.14684510845867343,False,
GraphDML (default),84,direct,2.0,1.7972256942170945,0.19161225967204157,True,1610.0
GraphDML (default),84,peer,3.0,3.224326910891724,0.18886504366072634,True,1610.0
GraphDML (random-order focal set),84,direct,2.0,1.6840765007777696,0.20691916774099575,True,1268.0
GraphDML (random-order focal set),84,peer,3.0,2.8492613574461663,0.22941422193374741,True,1268.0
GraphDML (paper mode),84,direct,2.0,1.7689392653467435,0.22756215625639625,True,1268.0
GraphDML (paper mode),84,peer,3.0,2.834778692794433,0.2558180563397708,True,1268.0
"DML + 1-hop aggregates, all nodes (PA)",84,direct,2.0,1.8981004638050367,0.08331833274554315,True,7624.0
"DML + 1-hop aggregates, all nodes (PA)",84,peer,3.0,2.9225761151657093,0.12429048143790213,True,7624.0
"DML, own covariates (i.i.d.)",84,direct,2.0,3.203441993108374,0.10333006241790134,False,7624.0
OLS + exposure (no network),84,direct,2.0,2.6823178323336987,0.10168615926495413,False,
OLS + exposure (no network),84,peer,3.0,5.168680249628873,0.1459553761396327,False,
GraphDML (default),85,direct,2.0,1.9276186862845506,0.18685710399793168,True,1613.0
GraphDML (default),85,peer,3.0,3.2505962594154894,0.18975236746294372,True,1613.0
GraphDML (random-order focal set),85,direct,2.0,2.0994471315327337,0.2127150389284285,True,1296.0
GraphDML (random-order focal set),85,peer,3.0,3.1625807025955264,0.2298579999079736,True,1296.0
GraphDML (paper mode),85,direct,2.0,2.4400780053046804,0.2230123111417376,False,1296.0
GraphDML (paper mode),85,peer,3.0,2.8634026459269193,0.24474260984654253,True,1296.0
"DML + 1-hop aggregates, all nodes (PA)",85,direct,2.0,2.085547157036535,0.08140276483874549,True,7624.0
"DML + 1-hop aggregates, all nodes (PA)",85,peer,3.0,3.115702248903722,0.11643444375869767,True,7624.0
"DML, own covariates (i.i.d.)",85,direct,2.0,3.1944930226832646,0.10135629957457155,False,7624.0
OLS + exposure (no network),85,direct,2.0,2.733645962093385,0.09914958608599042,False,
OLS + exposure (no network),85,peer,3.0,5.123958699152632,0.14569160422336833,False,
GraphDML (default),86,direct,2.0,1.9181378854446076,0.18679737545420297,True,1616.0
GraphDML (default),86,peer,3.0,3.055561384503119,0.19288904280503502,True,1616.0
GraphDML (random-order focal set),86,direct,2.0,2.305749325019893,0.21545060359453314,True,1275.0
GraphDML (random-order focal set),86,peer,3.0,3.1971834641531767,0.25062813304595455,True,1275.0
GraphDML (paper mode),86,direct,2.0,2.544351554794048,0.22832659596186927,False,1275.0
GraphDML (paper mode),86,peer,3.0,2.9631135197672482,0.24077836734081204,True,1275.0
"DML + 1-hop aggregates, all nodes (PA)",86,direct,2.0,2.164252243134778,0.08461018784737226,True,7624.0
"DML + 1-hop aggregates, all nodes (PA)",86,peer,3.0,3.0422229732946393,0.12587589290109896,True,7624.0
"DML, own covariates (i.i.d.)",86,direct,2.0,3.2835405543146234,0.10393986424409386,False,7624.0
OLS + exposure (no network),86,direct,2.0,2.889781890727177,0.10020077453473247,False,
OLS + exposure (no network),86,peer,3.0,5.231722486507365,0.14827688874572953,False,
GraphDML (default),87,direct,2.0,1.9132799007182406,0.18497559022109322,True,1611.0
GraphDML (default),87,peer,3.0,3.12823503025075,0.19101520505487327,True,1611.0
GraphDML (random-order focal set),87,direct,2.0,1.8624677339655262,0.1980522424642338,True,1268.0
GraphDML (random-order focal set),87,peer,3.0,3.3584230006391858,0.24485549641012203,True,1268.0
GraphDML (paper mode),87,direct,2.0,1.996429437112137,0.22465022942519372,True,1268.0
GraphDML (paper mode),87,peer,3.0,2.989448566363127,0.2582026968246425,True,1268.0
"DML + 1-hop aggregates, all nodes (PA)",87,direct,2.0,1.8938390252099515,0.08341306615933644,True,7624.0
"DML + 1-hop aggregates, all nodes (PA)",87,peer,3.0,3.1640035249072,0.11931314383655471,True,7624.0
"DML, own covariates (i.i.d.)",87,direct,2.0,3.0589148296559174,0.1035192021703047,False,7624.0
OLS + exposure (no network),87,direct,2.0,2.6573802660539907,0.10190784958176217,False,
OLS + exposure (no network),87,peer,3.0,5.126233516117157,0.14520375502838373,False,
GraphDML (default),88,direct,2.0,1.8656268102052265,0.1870549217252028,True,1615.0
GraphDML (default),88,peer,3.0,3.2032121518278074,0.1947428323795521,True,1615.0
GraphDML (random-order focal set),88,direct,2.0,2.2397782823398242,0.21595242822178048,True,1261.0
GraphDML (random-order focal set),88,peer,3.0,3.3646039997341,0.2310484863962686,True,1261.0
GraphDML (paper mode),88,direct,2.0,2.5131578468882054,0.2259735673444227,False,1261.0
GraphDML (paper mode),88,peer,3.0,3.1329191213742873,0.24318108132819438,True,1261.0
"DML + 1-hop aggregates, all nodes (PA)",88,direct,2.0,2.0268400245345664,0.08557885301423154,True,7624.0
"DML + 1-hop aggregates, all nodes (PA)",88,peer,3.0,3.105276380986632,0.12886995804813384,True,7624.0
"DML, own covariates (i.i.d.)",88,direct,2.0,3.1215239377219013,0.10371900242207091,False,7624.0
OLS + exposure (no network),88,direct,2.0,2.7313098476774416,0.10288068390329558,False,
OLS + exposure (no network),88,peer,3.0,5.1141343378117154,0.14907859318739686,False,
GraphDML (default),89,direct,2.0,1.8403952237477559,0.196363400847808,True,1611.0
GraphDML (default),89,peer,3.0,3.0117857337223426,0.19333724296316773,True,1611.0
GraphDML (random-order focal set),89,direct,2.0,2.252341254359417,0.2128960103735321,True,1311.0
GraphDML (random-order focal set),89,peer,3.0,3.227959754271137,0.23147122150498822,True,1311.0
GraphDML (paper mode),89,direct,2.0,2.2254275161668917,0.22489614843965708,True,1311.0
GraphDML (paper mode),89,peer,3.0,2.98165181605767,0.23872753414017958,True,1311.0
"DML + 1-hop aggregates, all nodes (PA)",89,direct,2.0,1.9431119403728894,0.08347476402796745,True,7624.0
"DML + 1-hop aggregates, all nodes (PA)",89,peer,3.0,3.0702534037324902,0.12206507588752102,True,7624.0
"DML, own covariates (i.i.d.)",89,direct,2.0,3.003286399782574,0.1059529385169468,False,7624.0
OLS + exposure (no network),89,direct,2.0,2.6228164500575915,0.10235645487520263,False,
OLS + exposure (no network),89,peer,3.0,5.356567855471636,0.1468245791824328,False,
GraphDML (default),90,direct,2.0,2.166889616697463,0.18492118443683137,True,1610.0
GraphDML (default),90,peer,3.0,2.919311867619716,0.1789452561289193,True,1610.0
GraphDML (random-order focal set),90,direct,2.0,2.1116295418314475,0.22265305671676708,True,1284.0
GraphDML (random-order focal set),90,peer,3.0,3.231817595862735,0.2180546820469905,True,1284.0
GraphDML (paper mode),90,direct,2.0,2.273952279913011,0.22063412787162542,True,1284.0
GraphDML (paper mode),90,peer,3.0,2.9131489144777376,0.24673008244261774,True,1284.0
"DML + 1-hop aggregates, all nodes (PA)",90,direct,2.0,2.033446877310273,0.08149696417016251,True,7624.0
"DML + 1-hop aggregates, all nodes (PA)",90,peer,3.0,3.0168802047823995,0.11852458436848838,True,7624.0
"DML, own covariates (i.i.d.)",90,direct,2.0,3.181040314778511,0.10268210818288552,False,7624.0
OLS + exposure (no network),90,direct,2.0,2.7866383931724186,0.09977628784464657,False,
OLS + exposure (no network),90,peer,3.0,5.468901945121161,0.14537085000415748,False,
GraphDML (default),91,direct,2.0,1.913528994953211,0.18764655574330744,True,1616.0
GraphDML (default),91,peer,3.0,3.1344341122590893,0.19268535763191055,True,1616.0
GraphDML (random-order focal set),91,direct,2.0,2.133061093274795,0.2083763463350276,True,1315.0
GraphDML (random-order focal set),91,peer,3.0,3.0828644624124153,0.2372791325413924,True,1315.0
GraphDML (paper mode),91,direct,2.0,2.1431800687711884,0.22419714664729223,True,1315.0
GraphDML (paper mode),91,peer,3.0,3.001655199725286,0.24355716236869338,True,1315.0
"DML + 1-hop aggregates, all nodes (PA)",91,direct,2.0,2.009804020685984,0.0830993409681706,True,7624.0
"DML + 1-hop aggregates, all nodes (PA)",91,peer,3.0,2.9935306069311354,0.11523922973905651,True,7624.0
"DML, own covariates (i.i.d.)",91,direct,2.0,3.077414351758763,0.1028716023688169,False,7624.0
OLS + exposure (no network),91,direct,2.0,2.71950040537509,0.100652568234241,False,
OLS + exposure (no network),91,peer,3.0,5.3211270890595195,0.1482155674586208,False,
GraphDML (default),92,direct,2.0,2.014249231585727,0.18475215563342956,True,1613.0
GraphDML (default),92,peer,3.0,3.032417371850936,0.19961960777154747,True,1613.0
GraphDML (random-order focal set),92,direct,2.0,2.039995851824532,0.20799815945846975,True,1294.0
GraphDML (random-order focal set),92,peer,3.0,3.1161151697895,0.26662266949503965,True,1294.0
GraphDML (paper mode),92,direct,2.0,2.0762098777879374,0.23865768199087178,True,1294.0
GraphDML (paper mode),92,peer,3.0,2.955939093241101,0.2699337384396149,True,1294.0
"DML + 1-hop aggregates, all nodes (PA)",92,direct,2.0,1.9785626236989144,0.08221389163275226,True,7624.0
"DML + 1-hop aggregates, all nodes (PA)",92,peer,3.0,2.9551495488072197,0.11921322818609056,True,7624.0
"DML, own covariates (i.i.d.)",92,direct,2.0,3.018672775533945,0.1030193802756322,False,7624.0
OLS + exposure (no network),92,direct,2.0,2.7192911136637994,0.10104458054884437,False,
OLS + exposure (no network),92,peer,3.0,5.250106746546636,0.14678218471711546,False,
GraphDML (default),93,direct,2.0,2.3409954613754356,0.18145552647409874,True,1613.0
GraphDML (default),93,peer,3.0,2.7623470242001154,0.18594981564787885,True,1613.0
GraphDML (random-order focal set),93,direct,2.0,2.3526177585225385,0.207592726038639,True,1271.0
GraphDML (random-order focal set),93,peer,3.0,2.7787411252966314,0.24035053663650932,True,1271.0
GraphDML (paper mode),93,direct,2.0,2.5259283357840743,0.230830929424848,False,1271.0
GraphDML (paper mode),93,peer,3.0,2.667714728087107,0.26848985567780964,True,1271.0
"DML + 1-hop aggregates, all nodes (PA)",93,direct,2.0,2.0851559182858366,0.08154472596237224,True,7624.0
"DML + 1-hop aggregates, all nodes (PA)",93,peer,3.0,3.067174883889765,0.11853733321355495,True,7624.0
"DML, own covariates (i.i.d.)",93,direct,2.0,3.154742347211163,0.10292230532502541,False,7624.0
OLS + exposure (no network),93,direct,2.0,2.87298179508582,0.09991803191478905,False,
OLS + exposure (no network),93,peer,3.0,5.050924104610406,0.1443999406985708,False,
GraphDML (default),94,direct,2.0,1.822640970329165,0.1826982599811427,True,1614.0
GraphDML (default),94,peer,3.0,3.1740180040786146,0.18978572889572481,True,1614.0
GraphDML (random-order focal set),94,direct,2.0,1.7604779426538364,0.21643719322160218,True,1299.0
GraphDML (random-order focal set),94,peer,3.0,3.494286658888932,0.23368339719884787,False,1299.0
GraphDML (paper mode),94,direct,2.0,1.7990597502993033,0.2401841074422981,True,1299.0
GraphDML (paper mode),94,peer,3.0,3.4154213738894215,0.258775399741522,True,1299.0
"DML + 1-hop aggregates, all nodes (PA)",94,direct,2.0,2.0029740669428806,0.08382486857594489,True,7624.0
"DML + 1-hop aggregates, all nodes (PA)",94,peer,3.0,3.19011993244811,0.1264313765833004,True,7624.0
"DML, own covariates (i.i.d.)",94,direct,2.0,3.0319068989033706,0.10603542407906459,False,7624.0
OLS + exposure (no network),94,direct,2.0,2.6728066545244276,0.10036904566616,False,
OLS + exposure (no network),94,peer,3.0,5.464249183815113,0.1466806669250655,False,
GraphDML (default),95,direct,2.0,1.8592868686700246,0.1719862087491541,True,1614.0
GraphDML (default),95,peer,3.0,2.996868906330439,0.18448610933795836,True,1614.0
GraphDML (random-order focal set),95,direct,2.0,1.7657731765285005,0.20498917851098056,True,1308.0
GraphDML (random-order focal set),95,peer,3.0,3.0054132553532713,0.2305921994851744,True,1308.0
GraphDML (paper mode),95,direct,2.0,1.7312671470524237,0.21649618910407725,True,1308.0
GraphDML (paper mode),95,peer,3.0,2.7698157330888677,0.23800782712951796,True,1308.0
"DML + 1-hop aggregates, all nodes (PA)",95,direct,2.0,1.96362017194361,0.08153100422517584,True,7624.0
"DML + 1-hop aggregates, all nodes (PA)",95,peer,3.0,2.9989412500402635,0.12577072270321246,True,7624.0
"DML, own covariates (i.i.d.)",95,direct,2.0,2.988715366994926,0.10443070081316509,False,7624.0
OLS + exposure (no network),95,direct,2.0,2.5978791921926923,0.10107142685702093,False,
OLS + exposure (no network),95,peer,3.0,5.272461448832289,0.14961387639157864,False,
GraphDML (default),96,direct,2.0,1.8837530489249854,0.19185779416812082,True,1615.0
GraphDML (default),96,peer,3.0,2.872768316078433,0.18512067622953784,True,1615.0
GraphDML (random-order focal set),96,direct,2.0,1.8084776283934305,0.21836519506120142,True,1245.0
GraphDML (random-order focal set),96,peer,3.0,2.5647222758237906,0.23019530183593254,True,1245.0
GraphDML (paper mode),96,direct,2.0,1.76744231832369,0.23236920477322398,True,1245.0
GraphDML (paper mode),96,peer,3.0,2.586716418864777,0.24638092096697337,True,1245.0
"DML + 1-hop aggregates, all nodes (PA)",96,direct,2.0,1.9564189998547756,0.08326408921105774,True,7624.0
"DML + 1-hop aggregates, all nodes (PA)",96,peer,3.0,2.778013666415984,0.1303187673880504,True,7624.0
"DML, own covariates (i.i.d.)",96,direct,2.0,3.154998103682971,0.1027697965231894,False,7624.0
OLS + exposure (no network),96,direct,2.0,2.700760021609978,0.10065985646055942,False,
OLS + exposure (no network),96,peer,3.0,4.85827526098258,0.14588886294311365,False,
GraphDML (default),97,direct,2.0,2.4670983296105313,0.17527113164482055,False,1610.0
GraphDML (default),97,peer,3.0,2.978722111189471,0.19209874693364273,True,1610.0
GraphDML (random-order focal set),97,direct,2.0,2.4409734679580595,0.19608288383623726,False,1281.0
GraphDML (random-order focal set),97,peer,3.0,2.993008640580264,0.2366132950823751,True,1281.0
GraphDML (paper mode),97,direct,2.0,2.5108347771423225,0.20698129100556864,False,1281.0
GraphDML (paper mode),97,peer,3.0,2.3885026825801163,0.23395142620360926,False,1281.0
"DML + 1-hop aggregates, all nodes (PA)",97,direct,2.0,2.2149888325306395,0.08051744301315686,False,7624.0
"DML + 1-hop aggregates, all nodes (PA)",97,peer,3.0,2.9531981989793654,0.1251220943637619,True,7624.0
"DML, own covariates (i.i.d.)",97,direct,2.0,3.1088936651612187,0.10262606759767047,False,7624.0
OLS + exposure (no network),97,direct,2.0,2.819103797359662,0.09957502140443797,False,
OLS + exposure (no network),97,peer,3.0,4.890697752968694,0.14206883039050497,False,
GraphDML (default),98,direct,2.0,2.2559501287470645,0.1863904374005443,True,1613.0
GraphDML (default),98,peer,3.0,3.057393300729853,0.18811297290753023,True,1613.0
GraphDML (random-order focal set),98,direct,2.0,2.0351395439522335,0.2207845243184541,True,1290.0
GraphDML (random-order focal set),98,peer,3.0,2.6553187745213322,0.22680606369947093,True,1290.0
GraphDML (paper mode),98,direct,2.0,2.2165967315324573,0.2360223957330327,True,1290.0
GraphDML (paper mode),98,peer,3.0,2.46569274236682,0.2489795979322667,False,1290.0
"DML + 1-hop aggregates, all nodes (PA)",98,direct,2.0,2.0901536875754614,0.08346362019342958,True,7624.0
"DML + 1-hop aggregates, all nodes (PA)",98,peer,3.0,2.92420458949646,0.12817021295420783,True,7624.0
"DML, own covariates (i.i.d.)",98,direct,2.0,3.2648404518593304,0.10295988851829074,False,7624.0
OLS + exposure (no network),98,direct,2.0,2.9454450899119773,0.10234767442549386,False,
OLS + exposure (no network),98,peer,3.0,4.874235098399341,0.1480318526760502,False,
GraphDML (default),99,direct,2.0,1.9835376189278227,0.19951634464633766,True,1607.0
GraphDML (default),99,peer,3.0,2.896819569603192,0.18824637478942896,True,1607.0
GraphDML (random-order focal set),99,direct,2.0,2.033122896083401,0.21687914744885228,True,1287.0
GraphDML (random-order focal set),99,peer,3.0,2.9213832808782993,0.23604136211510743,True,1287.0
GraphDML (paper mode),99,direct,2.0,2.2457037459567792,0.2335431278256357,True,1287.0
GraphDML (paper mode),99,peer,3.0,2.597023007188198,0.23911621273445974,True,1287.0
"DML + 1-hop aggregates, all nodes (PA)",99,direct,2.0,1.9431894449161673,0.08276802945913145,True,7624.0
"DML + 1-hop aggregates, all nodes (PA)",99,peer,3.0,3.0062880058392847,0.12103185528977886,True,7624.0
"DML, own covariates (i.i.d.)",99,direct,2.0,3.0157006499667722,0.10183646867077574,False,7624.0
OLS + exposure (no network),99,direct,2.0,2.6113525884277258,0.09907148992043797,False,
OLS + exposure (no network),99,peer,3.0,5.110620021611259,0.14633174760406292,False,
